,,,h1,h2,h3,h4,h5,h6,h7,h8,h9,h10,h11,h12,h13,h14,h15,h16,h17,h18,h19,h20,h21,h22,h23,h24,h25,h26,h27,h28,h29,h30,h31,h32,h33,h34,h35,h36,h37,h38,h39,h40,h41,h42,h43,h44,h45,h46,h47,h48,h49,h50,h51,h52,h53,h54,h55,h56,h57,h58,h59,h60,h61,h62,h63,h64,h65,h66,h67,h68,h69,h70,h71,h72,h73,h74,h75,h76,h77,h78,h79,h80,h81,h82,h83,h84,h85,h86,h87,h88,h89,h90,h91,h92,h93,h94,h95,h96
Anhui,AH,y1,39058.79163,35611.19098,37101.81825,43616.69597,46618.71989,45352.5862,45842.67804,45678.04867,32926.08963,29577.51995,31000.68508,37220.11135,40086.26654,38877.39513,39345.22329,39139.26518,32862.45931,30767.53012,31668.17489,35604.3866,37418.17516,36653.18617,36949.2876,36841.04725,33022.42144,31278.47421,32027.73484,35303.89957,36813.62582,36176.67954,36423.10299,36332.0839,33614.73883,31934.83516,32657.17522,35814.51365,37269.65011,36655.90448,36893.46187,36807.69622,36971.25764,34933.50906,35823.04529,39710.20597,41501.74834,40746.23725,41038.71041,40957.01795,44460.64612,41177.78819,42587.94247,48750.53781,51590.28075,50392.58633,50856.22905,50687.11149,43936.76847,40842.46364,42165.03392,47944.7171,50608.10276,49484.71834,49919.54841,49750.49437,37943.81711,35792.34061,36708.09404,40710.61145,42555.06926,41777.18122,42078.29885,41940.99729,34243.33291,32399.9904,33190.72032,36647.18501,38239.90635,37568.11634,37828.11598,37727.85483,34902.3217,32756.29802,33679.53228,37713.43604,39572.29118,38788.15231,39091.82965,38981.6429,38929.50806,35989.26211,37263.13438,42830.22876,45395.44456,44313.39105,44732.37425,44602.9607
Anhui,AH,y2,41147.66412,37515.68507,39086.03129,45949.3253,49111.89833,47778.05171,48294.35341,48120.91985,34686.98316,31159.33091,32658.60734,39210.65051,42230.08731,40956.56588,41449.41371,41232.44067,34619.95027,32412.98402,33361.79592,37508.51608,39419.30674,38613.40549,38925.34318,38811.31291,34788.4666,32951.25421,33740.58445,37191.95978,38782.42593,38111.41529,38371.01718,38275.13075,35412.46124,33642.71658,34403.68689,37729.88032,39262.83869,38616.26971,38866.53158,38776.1792,38948.488,36801.75973,37738.86921,41833.91613,43721.27072,42925.35465,43233.46865,43147.40735,46838.40981,43379.98388,44865.55431,51357.72666,54349.33961,53087.59195,53576.03021,53397.86756,46286.51558,43026.72732,44420.0285,50508.81065,53314.6344,52131.17183,52589.25488,52411.16028,39973.05968,37706.52227,38671.25007,42887.82255,44830.92235,44011.43364,44328.65395,44184.01084,36074.67346,34132.74817,34965.76712,38607.08387,40284.98549,39577.26697,39851.17154,39745.5485,36768.90507,34508.11159,35480.72013,39730.35874,41688.62477,40862.55061,41182.46797,41066.38923,41011.46562,37913.97499,39255.97445,45120.79828,47823.20255,46683.28023,47124.66941,46988.33667
Anhui,AH,y3,43346.6034,39520.53092,41174.79674,48404.86705,51736.44822,50331.31995,50875.21335,50692.5109,36540.66353,32824.49158,34403.88968,41306.07598,44486.87206,43145.29362,43664.47826,43435.91043,36470.0471,34145.14129,35144.65612,39512.97892,41525.88299,40676.91412,41005.52144,40885.39707,36647.56904,34712.17468,35543.68774,39179.50527,40854.96633,40148.09743,40421.57205,40320.56128,37304.91069,35440.58913,36242.22664,39746.17324,41361.05204,40679.93087,40943.56661,40848.38557,41029.90312,38768.45355,39755.64213,44069.52932,46057.74447,45219.29374,45543.87329,45453.21404,49341.46388,45698.21902,47263.17823,54102.29368,57253.78011,55924.60396,56439.14477,56251.46103,48760.07654,45326.08356,46793.84372,53208.01135,56163.7795,54917.07199,55399.63556,55212.02307,42109.22835,39721.56634,40737.84996,45179.75742,47226.6963,46363.4138,46697.58642,46545.21279,38002.51133,35956.80847,36834.34489,40670.25479,42437.82251,41692.28389,41980.8256,41869.55841,38733.84251,36352.23188,37376.8175,41853.55659,43916.47296,43046.2528,43383.26789,43260.98581,43203.12675,39940.10596,41353.8215,47532.06266,50378.88385,49178.04441,49643.02168,49499.40257
Anhui,AH,y4,45637.10389,41608.85707,43350.53538,50962.65336,54470.28061,52990.90361,53563.53747,53371.18096,38399.67664,34517.52363,36168.21054,43381.8995,46706.24235,45304.09771,45846.71815,45609.32651,38461.58039,36049.78296,37086.399,41616.88298,43704.53409,42824.0697,43164.85283,43039.35957,38601.52583,36562.36693,37438.36239,41268.76767,43033.87049,42289.18296,42577.323,42469.09096,39321.02905,37359.0032,38202.99984,41892.09961,43592.3122,42875.19947,43152.76575,43054.35934,43556.22796,41114.83064,42177.68717,46822.26214,48962.89342,48060.1504,48409.59334,48298.99237,52003.16159,48160.57887,49813.13837,57034.92275,60362.7502,58959.22086,59502.56878,59318.87788,51237.88965,47625.8222,49173.84835,55938.79267,59056.21709,57741.32048,58250.24858,58055.69236,44048.30235,41593.95021,42634.79904,47184.25298,49280.73273,48396.54049,48738.81521,48575.41852,39970.56385,37811.80186,38737.34245,42783.05322,44647.25583,43860.94912,44165.3026,44049.37693,40825.44842,38306.56848,39390.34508,44125.66976,46307.73252,45387.27538,45743.73021,45614.63575,45629.10731,42164.7702,43665.85826,50225.93667,53248.74039,51973.65394,52467.37994,52314.78262
Anhui,AH,y5,48097.78055,43852.33707,45687.92516,53710.47617,57407.22871,55848.08563,56451.59455,56248.86683,40545.84909,36422.35131,38174.86626,45833.59408,49363.03422,47874.40612,48450.49831,48196.87753,40467.49212,37887.75574,38996.82665,43843.95703,46077.49334,45135.46905,45500.09587,45366.80602,40664.4725,38516.94139,39439.59621,43473.93228,45333.03896,44548.69044,44852.14089,44740.05788,41393.86501,39325.19737,40214.70118,44102.71202,45894.59607,45138.81787,45431.35028,45325.73648,45527.14966,43017.82505,44113.21842,48899.94621,51106.08714,50175.73531,50535.89256,50435.29438,54749.73207,50707.15592,52443.64836,60032.39257,63529.30905,62054.44424,62625.38286,62417.1276,54104.62077,50294.23062,51922.8705,59040.08845,62319.83431,60936.47724,61471.93474,61263.75828,46724.77877,44075.40833,45203.08495,50131.86526,52403.16672,51445.26049,51816.06259,51646.98741,42167.92859,39897.99927,40871.72069,45128.08038,47089.39014,46262.13366,46582.3031,46458.83905,42979.42017,40336.76381,41473.6526,46441.08399,48730.11366,47764.51004,48138.4647,48002.77876,47938.57824,44317.90043,45886.57162,52742.00434,55900.86264,54568.40027,55084.3434,54924.98251
Anhui,AH,y6,50662.30489,46190.49903,48123.95949,56574.26407,60468.12365,58825.84901,59461.53688,59247.99959,42707.71187,38364.35437,40210.30993,48277.39392,51995.02095,50427.02114,51033.82926,50766.68525,42625.17755,39907.8928,41076.09858,46181.67232,48534.29878,47542.04778,47926.11427,47785.71729,42832.66023,40570.62514,41542.47575,45791.91872,47750.15054,46923.98191,47243.61093,47125.55278,43600.94359,41421.97778,42358.90886,46454.22273,48341.64942,47545.57312,47853.70386,47742.45924,47954.61123,45311.49095,46465.29091,51507.24113,53831.01199,52851.05493,53230.41496,53124.45332,57668.93272,53410.80923,55239.88995,63233.25869,66916.62752,65363.12317,65964.50492,65745.14484,56989.42391,52975.86819,54691.34472,62188.04605,65642.66508,64185.54788,64749.55571,64530.27925,49216.09653,46425.4638,47613.26742,52804.84495,55197.25034,54188.26979,54578.84243,54400.75331,44416.27893,42025.31894,43050.95934,47534.26365,49600.14888,48728.7827,49066.02458,48935.97656,45271.03943,42487.47881,43684.98663,48917.27475,51328.35415,50311.26542,50705.15831,50562.23886,50494.6148,46680.88612,48333.19765,55554.15464,58881.44015,57477.93187,58021.38445,57853.52687
Anhui,AH,y7,52168.20986,47563.48233,49554.41298,58255.89725,62265.49951,60574.40947,61228.99272,61009.10801,43977.17108,39504.71016,41405.53682,49712.4091,53540.54,51925.93159,52550.77823,52275.69339,43892.18444,41094.12879,42297.05876,47554.3926,49976.94898,48955.20432,49350.68695,49206.11678,44105.83494,41776.56157,42777.29987,47153.05359,49169.49335,48318.76675,48647.89694,48526.33033,44896.95372,42653.21895,43618.00077,47835.04513,49778.57432,48958.8351,49276.12454,49161.57297,49380.03167,46658.34705,47846.44194,53038.26147,55431.10411,54422.01884,54812.65564,54703.54406,59383.1044,54998.41231,56881.86024,65112.82677,68905.68116,67306.00097,67925.25716,67699.3782,58683.39772,54550.54067,56317.01045,64036.5461,67593.85117,66093.42265,66674.19497,66448.40092,50679.01461,47805.43054,49028.54156,54374.43516,56837.9536,55798.98148,56201.16382,56017.78014,45736.52481,43274.49641,44330.62159,48947.18945,51074.48165,50177.21544,50524.4798,50390.56829,46616.69236,43750.39132,44983.494,50371.31015,52854.05679,51806.73582,52212.33727,52065.16881,51995.53531,48068.44537,49769.87109,57205.46651,60631.65408,59186.42635,59746.03416,59573.18632
Anhui,AH,y8,53689.66241,48950.6394,50999.63471,59954.89329,64081.43168,62341.02184,63014.69602,62788.39853,45175.20752,40608.05783,42550.00589,51036.53238,54947.44604,53297.89747,53936.26239,53656.98307,45248.03535,42410.68123,43630.20497,48960.08328,51416.09487,50380.27457,50781.18735,50633.55148,45412.67254,43013.70847,44044.27104,48550.54438,50627.09414,49751.00866,50089.99006,49962.66059,46259.13124,43950.91167,44943.82861,49283.86093,51284.07127,50440.42605,50766.96836,50651.19898,51241.62016,48369.44497,49619.83981,55083.93892,57602.2796,56540.25025,56951.35076,56821.23399,61178.9948,56658.39725,58602.5477,67098.59854,71013.61359,69362.4357,70001.65495,69785.55174,60278.6931,56029.28457,57850.45695,65809.05959,69476.54615,67929.6391,68528.36549,68299.4814,51820.52011,48933.10227,50157.60847,55509.80122,57976.20066,56935.99431,57338.66245,57146.43481,47023.27474,44483.60404,45572.45366,50332.02088,52525.15788,51600.10933,51958.16516,51821.78446,48029.00163,45065.66974,46340.67773,51911.53943,54478.6223,53395.75145,53815.10182,53663.22994,53680.25509,49604.64472,51370.59529,59088.18429,62644.35443,61144.28071,61725.12468,61545.60196
Anhui,AH,y9,55313.25766,50430.9262,52541.88328,61767.95165,66019.27854,64226.23892,64920.2846,64687.1442,46628.40867,41886.31806,43901.73892,52709.40404,56768.31998,55056.37296,55718.88899,55427.22016,46538.29812,43571.55684,44847.0074,50421.28815,52989.89265,51906.55017,52325.87501,52172.58945,46764.82792,44295.13248,45356.19961,49995.75351,52133.75672,51231.74412,51580.71598,51451.82096,47603.64149,45224.63983,46247.58334,50718.86059,52779.55788,51910.40027,52246.81727,52125.36045,52356.98913,49471.22245,50730.94422,56235.76128,58772.86111,57702.94074,58117.12713,58001.43741,62963.11382,58314.08264,60311.0782,69038.26196,73059.77428,71363.65432,72020.24464,71780.74731,62221.22369,57839.21185,59712.17498,67897.0956,71668.8587,70077.9747,70693.7599,70454.35326,53734.28192,50687.46059,51984.30805,57652.48914,60264.52365,59162.91485,59589.34443,59394.90558,48493.82702,45883.37106,47003.16636,51898.05142,54153.59162,53202.23287,53570.43228,53428.44749,49427.05633,46387.95848,47695.3993,53408.02832,56040.45181,54929.99086,55360.04541,55204.00459,55130.1719,50966.33179,52770.33001,60654.19327,64286.93333,62754.57934,63347.92274,63164.65453
Anhui,AH,y10,56954.95391,51927.71437,54101.32513,63601.22304,67978.73005,66132.47285,66847.11751,66607.0568,48012.33874,43129.50265,45204.74131,54273.81805,58453.20331,56690.44537,57372.62411,57072.2991,47919.55353,44864.75945,46178.06588,51917.79164,54562.63166,53447.13584,53878.9067,53721.07165,48152.80785,45609.80945,46702.37106,51479.62682,53681.0861,52752.30107,53111.63139,52978.90872,49016.51617,46566.90672,47620.21048,52224.19541,54346.05482,53451.09991,53797.50221,53672.44007,53910.94335,50939.52752,52236.63745,57904.83836,60517.23814,59415.56281,59842.04261,59722.91967,64831.85855,60044.84396,62101.11037,71087.31605,75228.18747,73481.72696,74157.80389,73911.19854,64067.94822,59555.8785,61484.43084,69912.27944,73795.9891,72157.88765,72791.94845,72545.43719,55329.11509,52191.86382,53527.20179,59363.61323,62053.17376,60918.8698,61357.95512,61157.74437,49933.12392,47245.18844,48398.21969,53438.38574,55760.86909,54781.27379,55160.40142,55014.20187,50894.05062,47764.75038,49110.99692,54993.17706,57703.73104,56560.3121,57003.13032,56842.45752,56766.43436,52479.01166,54336.55303,62454.40917,66194.96891,64617.13358,65228.08845,65039.38047
Anhui,AH,y11,58644.52919,53468.15574,55706.2461,65487.9594,69995.32534,68094.29819,68830.14349,68582.96104,49436.62934,44408.94426,46545.74415,55883.85612,60187.22231,58372.17294,59074.58904,58765.35467,49341.09091,46195.676,47547.94219,53457.93822,56181.23793,55032.65007,55477.22959,55314.71228,49581.26425,46962.82962,48087.80112,53006.77436,55273.5405,54317.20228,54687.19187,54550.53398,50470.59587,47948.31662,49032.86904,53773.43083,55958.23524,55036.73174,55393.41027,55264.63799,55510.21689,52450.65323,53786.24217,59622.58976,62312.48753,61178.13092,61617.26228,61494.60626,66755.10163,61826.07942,63943.34497,73196.12824,77459.83923,75661.56863,76357.70255,76103.78125,65968.53032,61322.6096,63308.37345,71986.2342,75985.15384,74298.45756,74951.32935,74697.50449,56970.4584,53740.13995,55115.09127,61124.64014,63893.98771,62726.03391,63178.14414,62971.9949,51414.39447,48646.72074,49833.95759,55023.6394,57415.02078,56406.3647,56796.73982,56646.20379,52403.82724,49181.69684,50567.88,56624.55439,59415.51814,58238.17867,58694.13302,58528.69516,58450.41559,54035.80619,55948.45275,64307.12501,68158.64924,66534.00755,67163.08523,66968.78036
Anhui,AH,y12,59323.23491,54086.95392,56350.94677,66245.86763,70805.39636,68882.36905,69626.73008,69376.68755,49915.37198,44868.99918,47014.71095,56391.71663,60712.99666,58890.36387,59595.71066,59287.12781,49995.84165,46860.76846,48208.2555,54097.38855,56811.10563,55666.59805,56109.57983,55946.45216,50177.75431,47527.07052,48665.76871,53644.87662,55939.31709,54971.30487,55345.85426,55205.16448,51113.02995,48562.60989,49659.7141,54455.14028,56665.22943,55733.06145,56093.86761,55965.95097,56618.32326,53444.7762,54826.37339,60863.81067,63646.39699,62472.93035,62927.16733,62783.39789,67598.41258,62603.47554,64751.62168,74139.15046,78464.96108,76640.52874,77346.81906,77108.04141,66603.64247,61908.35038,63920.6155,72714.30118,76766.61206,75057.39016,75718.94053,75466.04037,57257.96736,54067.57745,55420.5672,61334.35837,64059.55287,62910.20053,63355.11956,63142.72102,51957.3545,49151.19978,50354.30106,55613.28232,58036.5409,57014.42839,57410.054,57259.36497,53068.60953,49794.34303,51203.13278,57358.53542,60194.97951,58998.48458,59461.83728,59294.0293,59312.84035,54809.58144,56760.83102,65288.21486,69217.52783,67560.05572,68201.84569,68003.48635
Anhui,AH,y13,60072.46523,54770.05269,57062.63891,67082.52665,71699.64277,69752.32686,70506.08989,70252.89018,50640.36211,45490.25779,47679.08797,57244.57374,61652.72197,59793.47819,60512.99678,60196.23311,50542.49835,47320.49628,48705.68788,54759.58607,57549.19575,56372.64044,56828.04541,56661.57033,50788.51923,48106.32814,49258.69208,54297.43676,56619.39686,55639.77337,56018.77237,55878.78563,51699.50567,49115.81223,50226.77099,55082.76109,57320.7624,56376.82212,56742.18461,56610.27699,56861.83602,53727.77435,55095.88371,61074.34146,63829.7358,62667.75824,63117.58173,62991.93897,68380.52228,63331.48312,65500.30224,74978.38231,79345.9098,77503.85337,78216.93658,77956.83327,67574.79826,62815.75384,64849.87028,73739.0282,77835.31768,76107.55212,76776.31965,76516.31436,58357.63214,55048.65913,56457.08986,62612.96487,65449.74239,64253.35122,64716.46969,64505.3016,52666.28458,49831.22115,51047.36505,56363.4114,58813.01975,57779.80443,58179.6843,58025.48266,53679.80907,50379.22219,51799.15808,58003.3071,60862.22664,59656.22253,60123.27711,59953.8101,59873.62574,55351.52556,57310.74155,65872.93981,69818.24331,68154.04465,68798.43992,68599.40346
Anhui,AH,y14,60798.08941,55431.62809,57751.90602,67892.82639,72565.7129,70594.87639,71357.74318,71101.484,51252.05531,46039.74112,48255.00998,57936.03872,62397.43425,60515.73067,61243.94159,60923.35169,51153.00875,47892.08742,49294.01067,55421.03525,58244.33996,57053.57329,57514.47903,57345.99321,51402.00165,48687.4119,49853.69381,54953.30281,57303.31107,56311.8531,56695.43098,56553.75379,52323.9909,49709.0893,50833.4672,55748.11374,58013.1484,57057.80667,57427.58232,57294.08096,57548.67734,54376.76035,55761.3946,61812.06766,64600.74449,63424.73144,63879.98743,63752.82737,69206.5005,64096.47328,66291.48985,75884.05594,80304.34031,78440.03448,79161.7304,78898.48464,68391.04451,63574.51517,65633.20006,74629.73258,78775.50233,77026.86702,77703.71229,77440.56711,59062.54308,55713.60021,57139.04276,63369.27565,66240.31949,65029.47666,65498.18874,65284.46985,53302.44802,50433.1398,51663.97405,57044.23361,59523.43131,58477.73501,58882.44556,58726.38049,54328.21564,50987.76004,52424.84804,58703.93706,61597.39057,60376.81742,60849.51495,60678.00143,60596.84795,56020.1243,58003.00587,66668.62925,70661.58862,68977.28727,69629.46634,69428.02448
Anhui,AH,y15,61531.57704,56100.37316,58448.64428,68711.90722,73441.16846,71446.55564,72218.62546,71959.27504,51870.37593,46595.17987,48837.17476,58634.99767,63150.21733,61245.81271,61982.80848,61658.35125,51770.13495,48469.87348,49888.70987,56089.65221,58947.019,57741.88677,58208.352,58037.83485,52022.13227,49274.79179,50455.14544,55616.27777,57994.63648,56991.21848,57379.42289,57236.03525,52955.24481,50308.79567,51446.73887,56420.67701,58713.03799,57746.16985,58120.40697,57985.29579,58242.96371,55032.7795,56434.11842,62557.7881,65380.10841,64189.90813,64650.6566,64521.96196,70041.42967,64869.75411,67091.25142,76799.54591,81273.15762,79386.35989,80116.76402,79850.34172,69216.13709,64341.49812,66425.02084,75530.09036,79725.87526,77956.14325,78641.15508,78374.83472,59775.09226,56385.74759,57828.38685,64133.78385,67039.46436,65814.01325,66288.38085,66072.08289,53945.506,51041.58099,52287.26506,57732.43278,60241.54042,59183.23023,59592.82268,59434.87505,54983.64874,51602.89357,53057.31804,59412.16085,62340.52201,61105.22246,61583.62307,61410.04091,61327.90878,56695.96887,58702.77357,67472.94004,71514.07312,69809.45209,70469.49878,70265.62758
Anhui,AH,y16,62240.09096,56746.3488,59121.65948,69503.09984,74286.8169,72269.23687,73050.1964,72787.85997,52369.65499,47075.1562,49326.37119,59164.43309,63698.18466,61785.9353,62525.96319,62202.20787,52454.07931,49164.85903,50578.60002,56757.29433,59604.44325,58403.66141,58868.42325,58697.27474,52644.9366,49863.92253,51058.60837,56282.53374,58689.78918,57674.1814,58067.14716,57919.53947,53626.19893,50950.37857,52101.42515,57132.63685,59451.39301,58473.39219,58851.93886,58717.73278,59402.18162,56072.59386,57522.12359,63856.41421,66775.81738,65544.65261,66021.22428,65870.38506,70922.14904,65681.61715,67935.38487,77784.48809,82322.99385,80408.85572,81149.87445,80899.35532,69878.46714,64952.31372,67063.5179,76289.58032,80541.13885,78747.87619,79441.95545,79176.61785,60073.27614,56726.01913,58145.53366,64350.09863,67209.28795,66003.42222,66470.21905,66247.37727,54512.0375,51567.90765,52830.16457,58347.72257,60890.13167,59817.76213,60232.84129,60074.74185,55677.93295,52242.67286,53720.7322,60178.78925,63154.69732,61899.37339,62385.50782,62209.44883,62229.18441,57504.50648,59551.69667,68498.36038,72620.87458,70881.90653,71555.2526,71347.14003
Anhui,AH,y17,62998.99106,57438.26314,59842.53706,70350.55959,75192.60674,73150.42447,73940.90747,73675.37198,53107.38938,47706.38907,50001.85101,60033.33488,64656.2332,62706.4132,63460.98431,63128.78968,53004.75749,49625.79014,51078.46404,57427.28769,60352.79742,59118.92503,59596.5148,59421.9306,53262.76405,50449.90589,51658.40803,56942.62405,59377.70187,58350.35456,58747.8169,58601.01051,54218.13001,51508.56787,52673.64891,57766.20716,60113.23593,59123.30995,59506.47271,59368.1381,59631.9524,56345.21067,57779.96908,64049.6762,66939.30396,65720.71882,66192.45625,66060.69258,71711.79009,66416.77782,68691.25571,78631.07459,83211.37405,81279.57809,82027.40166,81754.62627,70866.81419,65875.92508,68009.13541,77331.34384,81627.19087,79815.25514,80516.60245,80243.93073,61200.61815,57730.44286,59207.48696,65663.25669,68638.23275,67383.5573,67869.23699,67647.7811,55232.00677,52258.82868,53534.21955,59109.24564,61678.19063,60594.64079,61014.0013,60852.28783,56294.9081,52833.52794,54322.63845,60829.03158,63827.22779,62562.46963,63052.28035,62874.55627,62790.46659,58048.06416,60102.72687,69082.04576,73219.55267,71474.27965,72150.06712,71941.33371
Anhui,AH,y18,63733.02692,58107.50771,60539.79446,71170.25205,76068.71576,74002.73925,74802.43198,74533.80302,53726.17184,48262.24248,50584.44969,60732.81524,65409.57866,63437.03871,64200.40272,63864.33624,53622.34482,50204.00709,51673.60635,58096.40331,61056.00029,59807.75101,60290.90591,60114.28705,53883.35766,51037.72409,52260.30826,57606.09356,60069.54337,59030.2252,59432.31962,59283.80222,54849.85385,52108.7223,53287.37869,58439.27078,60813.6474,59812.18755,60199.81412,60059.86809,60326.75616,57001.71894,58453.19391,64795.95443,67719.24922,66486.46676,66963.6998,66830.40137,72547.3419,67190.63674,69491.61399,79547.24734,84180.91456,82226.61083,82983.14598,82707.19273,71692.52139,66643.48034,68801.54637,78232.37236,82578.27312,80745.22461,81454.74399,81178.89495,61913.69937,58403.09208,59897.34514,66428.33449,69437.97363,68168.67845,68660.01714,68435.98118,55875.54459,52867.72412,54157.97612,59797.95937,62396.83589,61300.661,61724.90843,61561.31053,56950.82986,53449.11986,54955.58017,61537.78302,64570.91367,63291.41922,63786.93554,63607.14173,63522.0709,58724.41279,60803.01594,69886.95866,74072.67288,72307.06401,72990.7263,72779.56015
Anhui,AH,y19,64475.18483,58784.15751,61244.76786,71999.01483,76954.52007,74864.48627,75673.49144,75401.73348,54351.80267,48824.24533,51173.49417,61440.03641,66171.25911,64175.74977,64948.00316,64608.02298,54246.76509,50788.62228,52275.33528,58772.92316,61766.98356,60504.20017,60992.98068,60814.30579,54510.81699,51632.04736,52868.86823,58276.90436,60769.04051,59717.62013,60124.39501,59974.15068,55488.56915,52715.51635,53907.89818,59119.78496,61521.80998,60508.68792,60900.82831,60759.25293,61029.24843,57665.4922,59133.86922,65550.48818,68507.82591,67260.68708,67743.47778,67608.62694,73392.14019,67973.05593,70300.82799,80473.55826,85161.18318,83184.12287,83949.46772,83670.30016,72527.36558,67419.52931,69602.72602,79143.37248,83539.8793,81685.48548,82403.26757,82124.20687,62634.67218,59083.1842,60594.83779,67201.8789,70246.56424,68962.48798,69459.54955,69232.9041,56526.20342,53483.35819,54788.63318,60494.29368,63123.43429,62014.49385,62443.68255,62278.17867,57614.00972,54071.52169,55595.52551,62254.37743,65322.82767,64028.43442,64529.72131,64347.83336,64261.77235,59408.24615,61511.05484,70700.77699,74935.23379,73149.06435,73840.68745,73627.0632
Anhui,AH,y20,65191.10789,59436.88919,61924.82061,72798.48144,77809.01246,75695.76964,76513.75858,76238.9834,54852.68063,49307.15175,51665.10477,61969.62263,66718.33626,64715.4195,65490.53547,65151.42969,54941.1082,51495.93346,52976.70687,59448.35413,62430.49479,61172.78035,61659.57791,61480.31481,55141.01447,52228.1432,53479.47316,58951.08326,61472.47491,60408.71375,60820.31073,60665.70515,56168.80197,53366.1113,54571.73417,59841.49205,62270.18956,61245.81807,61642.31222,61501.74301,62218.64371,58731.1891,60249.44559,66884.06765,69941.88918,68652.35136,69151.51855,68993.52743,74284.81236,68795.80866,71156.43669,81472.51811,86226.21044,84221.31607,84997.46946,84735.07285,73191.64679,68031.92728,70243.23111,79906.7324,84359.87263,82481.58435,83208.57151,82930.65506,62921.55656,59415.59482,60902.41387,67401.15878,70395.91186,69132.87174,69621.80152,69388.39383,57096.64121,54012.91999,55335.02494,61114.19018,63777.14269,62653.92911,63088.68784,62923.09203,58317.81545,54719.67778,56267.81751,63032.07306,66149.07869,64834.23557,65343.41982,65159.01372,65179.68496,60230.99367,62375.24825,71746.10514,76064.08182,74242.66207,74947.9338,74729.95379
Anhui,AH,y21,65984.20562,60159.98143,62678.181,73684.12879,78755.6157,76616.66517,77444.6051,77166.48692,55623.8894,49966.96211,52371.19404,62878.02078,67719.97549,65677.76341,66468.08998,66120.15409,55516.39343,51977.31369,53498.82248,60148.48532,63212.61983,61920.28106,62420.50268,62237.64489,55786.62642,52840.47931,54106.24694,59640.85642,62191.32055,61115.2911,61531.58873,61377.82533,56787.26119,53949.30644,55169.59519,60503.46433,62961.70798,61924.87449,62326.19306,62181.3039,62457.61844,59015.13319,60517.87896,67084.67813,70111.22989,68834.90228,69328.9929,69190.98524,75109.86011,69563.94466,71946.19776,82357.01633,87154.35316,85131.02038,85914.27787,85628.57759,74224.84577,68997.46285,71231.75561,80995.69698,85495.10415,83597.30925,84331.88981,84046.29775,64100.61653,60466.00769,62013.04082,68774.71651,71890.66236,70576.53359,71085.22755,70853.27798,57849.18208,54735.11973,56070.94427,61910.14396,64600.81834,63465.92463,63905.1573,63735.77981,58962.44789,55337.05051,56896.72147,63711.42153,66851.68757,65526.99993,66040.01847,65853.87442,65765.79921,60798.67706,62950.70112,72355.50573,76689.0689,74861.09477,75568.90547,75350.28141
Anhui,AH,y22,66751.23884,60859.31163,63406.78318,74540.66949,79671.11021,77507.29528,78344.85967,78063.50855,56270.48832,50547.80206,52979.98239,63608.94656,68507.18738,66441.23404,67240.74863,66888.76691,56161.74361,52581.52378,54120.71921,60847.68096,63947.4349,62640.07331,63146.10836,62961.12603,56435.11759,53454.72495,54735.20539,60334.15136,62914.26294,61825.72722,62246.86162,62091.31232,57447.38495,54576.4405,55810.91483,61206.78662,63693.606,62644.71974,63050.70303,62904.13002,63183.65638,59701.15581,61221.36918,67864.50233,70926.23771,69635.07288,70134.90694,69995.29604,75982.97422,70372.59058,72782.5349,83314.37494,88167.47831,86120.62531,86912.98885,86623.96631,75087.67279,69799.52404,72059.7892,81937.23275,86488.94188,84569.08484,85312.20603,85023.29437,64845.75428,61168.89353,62733.91104,69574.18835,72726.35489,71396.95003,71911.55698,71676.91152,58521.64832,55371.38774,56722.74125,62629.81791,65351.77051,64203.68426,64648.02225,64476.6772,59647.85618,55980.31478,57558.11734,64452.03459,67628.8058,66288.7171,66807.70048,66619.39253,66530.29294,61505.4311,63682.47044,73196.60289,77580.54092,75731.3177,76447.3561,76226.18989
Anhui,AH,y23,67526.73434,61566.35699,64143.42483,75406.66087,80596.70505,78407.7516,79255.0466,78970.42695,56924.22198,51135.05096,53595.48782,64347.93547,69303.08265,67213.12841,68021.9311,67665.85993,56814.21388,53192.40036,54749.47812,61554.59087,64690.35795,63367.80662,63879.72127,63692.58945,57090.76318,54075.7449,55371.10274,61035.096,63645.18176,62543.99861,62970.02756,62812.67078,58114.79166,55210.49227,56459.30911,61917.86834,64433.5793,63372.50657,63783.2069,63634.93091,63917.70491,60394.74482,61932.62002,68652.93314,71750.23736,70444.0724,70949.71342,70808.48024,76865.72061,71190.15817,73628.10173,84282.29621,89191.78213,87121.14839,87922.71705,87630.33869,75960.01829,70610.43313,72896.9568,82889.15416,87493.74326,85551.58294,86303.33745,86011.06837,65599.11241,61879.53572,63462.73476,70382.48048,73571.26807,72226.41909,72747.00468,72509.63258,59201.53589,56014.67493,57381.72884,63357.43206,66111.00833,64949.5832,65399.08366,65225.74726,60340.82662,56630.67819,58226.80969,65200.81972,68414.4966,67058.8402,67583.8523,67393.35685,67303.22221,62219.98338,64422.31524,74046.97913,78481.84821,76611.14211,77335.49891,77111.76326
Anhui,AH,y24,68274.73879,62248.33738,64853.9518,76241.95168,81489.48757,79276.2876,80132.9676,79845.19486,57447.28908,51639.44993,54108.93674,64900.87349,69874.20666,67776.55065,68588.32989,68233.18368,57539.9003,53931.76406,55482.57897,62260.34503,65383.54532,64066.3395,64576.16299,64388.42089,57749.26295,54698.60743,56009.12746,61739.55328,64380.20872,63266.13048,63697.19705,63535.27826,58825.66535,55890.40496,57153.05441,62672.07912,65215.65705,64142.83109,64558.08006,64410.86191,65161.67475,61509.25801,63099.32843,70047.77783,73250.23982,71899.70414,72422.48297,72257.01832,77798.5893,72049.94794,74522.23584,85326.28335,90304.83225,88205.10339,89017.9701,88743.16158,76653.71441,71249.93302,73565.83529,83686.43371,88350.21256,86383.08008,87144.45464,86853.39175,65897.83524,62226.03631,63783.18321,70589.32879,73725.73812,72402.95418,72915.01075,72670.56274,59797.39339,56567.80674,57952.4507,64004.97691,66793.89088,65617.54896,66072.87136,65899.44344,61076.33043,57307.99489,58929.36453,66013.57966,69278.02457,67900.9862,68434.2556,68241.12717,68262.77551,63080.00459,65325.6854,75139.79742,79662.02015,77754.44529,78493.07593,78264.78607
Anhui,AH,y25,69103.46311,63003.91219,65641.15487,77167.38282,82478.6134,80238.54862,81105.62755,80814.36285,58253.38503,52329.03864,54846.92677,65850.43996,70921.28833,68782.53361,69610.22335,69245.838,58140.80893,54434.42582,56027.86169,62991.87193,66200.85752,64847.42548,65371.29323,65179.79218,58423.81499,55338.39606,56664.0005,62460.24594,65131.27866,64004.38248,64440.35798,64279.32668,59471.75395,56499.64064,57777.61667,63363.63171,65938.08412,64852.23555,65272.52545,65120.78746,65410.16393,61804.94367,63378.72755,70255.95691,73425.5837,72088.92011,72606.3676,72461.8366,78660.51287,72852.42684,75347.29552,86250.26246,91274.382,89155.4013,89975.68625,89676.47923,77733.66139,72259.1649,74599.07931,84824.59058,89536.69595,87549.18654,88318.49367,88019.4005,67130.83125,63324.40319,64944.57018,72025.88974,75289.13501,73912.88339,74445.6246,74202.70993,60583.87417,57322.60011,58721.57464,64836.80851,67654.67991,66466.13633,66926.13198,66748.74796,61749.76752,57952.98666,59586.38867,66723.23822,70011.95449,68624.64373,69161.91519,68966.97021,68874.73212,63672.80114,65926.55618,75775.9534,80314.37516,78399.98829,79141.25849,78912.29973
Anhui,AH,y26,69904.87204,63734.58318,66402.41013,78062.3112,83435.13678,81169.09357,82046.22767,81751.58447,58928.96345,52935.91059,55482.99865,66614.12277,71743.77899,69580.22079,70417.50781,70048.89784,58815.08111,55065.71462,56677.62939,63722.40396,66968.60452,65599.47612,66129.41913,65935.6967,59101.37001,55980.16963,57321.14532,63184.61249,65886.62062,64746.65594,65187.68749,65024.78906,60161.46176,57154.87992,58447.67631,64098.47487,66702.78289,65604.34229,66029.5062,65876.00836,66168.74108,62521.71041,64113.74576,71070.73135,74277.11637,72924.95199,73448.40012,73302.19295,79572.75717,73697.3129,76221.11551,87250.52639,92332.91332,90189.35661,91019.15485,90716.47848,78635.15665,73097.17167,75464.22201,85808.32051,90575.07403,88564.51423,89342.74353,89040.18258,67909.36319,64058.79073,65697.74709,72861.19114,76162.28004,74770.06755,75308.98795,75063.2555,61286.47898,57987.38535,59402.58172,65588.73578,68439.28692,67236.95913,67702.28885,67522.84933,62465.89364,58625.08114,60277.42563,67497.0441,70823.8985,69420.49994,69964.00112,69766.79662,69673.48786,64411.22918,66691.1216,76654.74429,81245.79959,79309.21102,80059.07803,79827.46421
Beijing,BJ,y1,18004.86402,17345.26823,19320.30349,22435.15154,22608.59065,22598.07137,22303.82733,20675.58968,15673.79511,15174.77316,16629.61572,18924.02969,19051.67534,19043.90124,18827.27314,17617.66935,13248.509,12639.31757,14412.0147,17207.99112,17363.58221,17354.13111,17090.16229,15612.80357,10201.7299,9535.086565,11513.81667,14634.30993,14808.0815,14797.51607,14502.78793,12867.68349,10307.15302,9602.452498,11710.49354,15035.27525,15220.36771,15209.10179,14895.12844,13158.95239,12496.59532,11596.81247,14308.07829,18584.22534,18822.15061,18807.75011,18403.84645,16176.3492,14430.34208,13367.8723,16527.79907,21511.42667,21788.7848,21771.95147,21301.38658,18693.73252,15172.59367,14050.92107,17375.78292,22619.52274,22911.37751,22893.67655,22398.49638,19647.61254,11216.27526,10441.60022,12705.19608,16275.33153,16474.01411,16461.95913,16124.80276,14244.37938,10036.99011,9375.098696,11345.8227,14454.16963,14627.08825,14616.66252,14323.15342,12696.5168,13168.34291,12411.79204,14696.13284,18298.9874,18499.53271,18487.40858,18147.16173,16273.75918,17511.8728,16742.40404,19070.60425,22742.58445,22946.8715,22934.47002,22587.7268,20679.48739
Beijing,BJ,y2,18737.67304,18051.23168,20106.65256,23348.27704,23528.77493,23517.82793,23211.60796,21517.09966,16311.72883,15792.3964,17306.45211,19694.2507,19827.08984,19819.00023,19593.55489,18334.72061,13787.73177,13153.74635,14998.59369,17908.36683,18070.29178,18060.45634,17785.74368,16248.25513,10616.94682,9923.170674,11982.43663,15229.93601,15410.78076,15399.78377,15093.06117,13391.40676,10726.66089,9993.278734,12187.11886,15647.22123,15839.8468,15828.12096,15501.37073,13694.53086,13005.21494,12068.8109,14890.42643,19340.61557,19588.22457,19573.23849,19152.89491,16834.73745,15017.66659,13911.95346,17200.4903,22386.95661,22675.60286,22658.08448,22168.36697,19454.57972,15790.1271,14622.80318,18082.98911,23540.15256,23843.88556,23825.46481,23310.12994,20447.28242,11672.78538,10866.58067,13222.30515,16937.74896,17144.51815,17131.97151,16781.0921,14824.13451,10445.50233,9756.671409,11807.60525,15042.46397,15222.42054,15211.57049,14906.11478,13213.27365,13704.30305,12916.96029,15294.27464,19043.76845,19252.4761,19239.85771,18885.76343,16936.1119,18224.61793,17423.83094,19846.79066,23668.222,23880.8232,23867.91786,23507.0618,21521.1562
Beijing,BJ,y3,19499.56855,18785.21617,20924.21236,24297.64505,24485.48176,24474.09051,24155.41892,22392.00939,16974.98193,16434.53309,18010.15261,20495.04168,20633.28228,20624.86393,20390.25161,19080.23179,14348.35664,13688.59256,15608.45364,18636.5425,18805.05078,18794.81505,18508.9326,16908.92785,11048.64452,10326.65802,12469.65608,15849.20398,16037.40059,16025.95713,15706.76288,13935.91656,11162.81945,10399.61671,12682.66112,16283.45503,16483.91249,16471.71163,16131.67285,14251.36582,13534.02216,12559.54161,15495.88783,20127.0269,20384.70391,20369.10814,19931.67414,17519.25668,15628.30302,14477.6291,17899.88277,23297.23563,23597.61846,23579.3884,23069.75907,20245.62551,16432.17237,15217.38301,18818.2641,24497.32131,24813.40524,24794.23527,24257.94733,21278.69279,12147.41351,11308.4281,13759.93938,17626.45692,17841.63407,17828.57781,17463.43116,15426.90138,10870.22837,10153.38882,12287.71595,15654.10775,15841.38148,15830.09117,15512.21489,13750.5403,14261.53497,13442.17915,15916.15794,19818.11057,20035.30357,20022.17285,19653.67992,17624.7545,18965.65074,18132.30399,20653.78388,24630.59851,24851.84565,24838.41515,24462.88624,22396.23096
Beijing,BJ,y4,20280.91051,19537.93455,21762.64059,25271.24504,25466.60861,25454.76036,25123.32027,23289.25126,17632.82323,17069.67198,18713.49353,21305.96156,21450.20081,21441.42495,21196.64834,19829.73321,14740.82958,14051.36541,16056.3796,19218.77899,19394.74583,19384.03998,19085.49903,17414.48116,11476.80211,10725.71518,12954.59777,16469.54638,16665.30047,16653.39857,16321.39885,14479.48706,11665.45824,10861.26909,13269.3849,17067.46413,17278.90137,17266.04551,16907.36045,14926.49467,14226.10526,13202.6811,16285.05762,21146.46549,21416.95324,21400.5772,20941.40453,18403.98252,16273.6501,15071.7578,18651.69391,24297.76466,24612.00345,24592.93823,24059.81947,21113.33717,17027.51275,15769.47613,19489.29351,25355.89813,25682.39105,25662.58857,25108.61515,22025.10966,12493.10991,11638.60737,14138.02489,18080.10779,18299.50984,18286.17928,17913.9056,15837.75455,11316.62141,10568.00603,12796.75613,16312.11229,16507.67111,16495.89782,16163.91719,14325.09715,15008.76444,14157.63237,16731.44229,20790.86385,21016.82217,21003.14967,20619.79929,18509.21578,19811.86047,18943.84023,21568.03747,25706.8383,25937.08541,25923.11716,25532.29246,23381.50049
Beijing,BJ,y5,21115.13593,20341.59779,22657.81363,26310.73969,26514.13883,26501.80348,26156.7301,24247.21973,18381.38364,17796.15799,19502.31945,22193.08376,22342.78016,22333.66275,22079.61339,20661.05579,15537.13901,14822.71225,16901.63614,20180.60602,20363.07553,20351.99207,20042.42404,18309.85652,11964.04066,11182.23675,13502.78467,17162.33262,17366.1218,17353.73057,17008.09051,15090.52781,12087.67457,11261.24002,13733.43718,17632.56228,17849.62796,17836.4162,17468.20531,15432.11212,14655.33443,13600.11766,16779.74456,21794.5805,22073.60599,22056.71778,21583.04159,18970.75268,16923.12975,15677.12239,19382.91375,25227.44516,25552.71472,25532.97406,24981.12033,21923.00459,17793.60109,16478.16472,20377.38446,26526.96035,26869.23114,26848.47336,26267.75221,23041.66277,13153.84431,12245.34727,14899.96986,19086.83417,19319.83844,19305.70109,18910.30123,16705.04215,11770.8423,10994.61175,13305.77072,16951.07271,17153.86222,17141.63544,16797.42345,14889.79213,15443.12388,14555.88265,17234.83473,21460.06855,21695.25707,21681.03804,21282.0158,19084.99061,20536.98175,19634.59125,22364.97941,26671.2791,26910.85702,26896.31432,26489.67088,24251.79066
Beijing,BJ,y6,21971.1729,21166.27463,23576.39247,27377.41288,27589.05887,27576.22434,27217.16079,25230.23611,19126.59117,18517.63824,20292.9707,23092.82309,23248.58684,23239.10066,22974.75176,21498.68362,16167.03583,15423.64575,17586.85222,20998.75624,21188.62283,21177.09109,20854.97158,19052.16381,12449.07933,11635.58007,14050.20717,17858.11634,18070.16798,18057.2752,17697.62166,15702.31957,12577.72603,11717.78671,14290.21025,18347.41184,18573.27684,18559.52945,18176.39118,16057.75254,15249.4823,14151.48551,17460.01907,22678.16282,22968.50104,22950.92766,22458.048,19739.85367,17609.21694,16312.6945,20168.72353,26250.20071,26588.65702,26568.11738,25993.88953,22811.79377,18514.97887,17146.21246,21203.51204,27602.39983,27958.54757,27936.94807,27332.68405,23975.80388,13687.11976,12741.79034,15504.03603,19860.64087,20103.09158,20088.38048,19676.95101,17382.28808,12248.04856,11440.34897,13845.2058,17638.29364,17849.30362,17836.58242,17478.41522,15493.44481,16069.20931,15145.99907,17933.55837,22330.09012,22574.81326,22560.01762,22144.81815,19858.72239,21369.58025,20430.60499,23271.68729,27752.5698,28001.86042,27986.72779,27563.59982,25234.99224
Beijing,BJ,y7,22457.71292,21634.99097,24098.47956,27983.67142,28200.00455,28186.88431,27819.8704,25788.94592,19550.13956,18927.70209,20742.3476,23604.20225,23763.4153,23753.71832,23483.51569,21974.76078,16525.04608,15765.19453,17976.30408,21463.76262,21657.83459,21646.04573,21316.79412,19474.06443,12724.75719,11893.24376,14361.3416,18253.57517,18470.32252,18457.14412,18089.52658,16050.03849,12856.25378,11977.27056,14606.65912,18753.70494,18984.57272,18970.52034,18578.89815,16413.34206,15587.17432,14464.86324,17846.66186,23180.35877,23477.12602,23459.16441,22955.3697,20176.9823,17999.1635,16673.93008,20615.34963,26831.4975,27177.44943,27156.45418,26569.51033,23316.94826,18924.98293,17525.90697,21673.0523,28213.64153,28577.67543,28555.59704,27937.95101,24506.73584,13990.21378,13023.95084,15847.36475,20300.44405,20548.26394,20533.22684,20112.68766,17767.20877,12519.27548,11693.68929,14151.80016,18028.88413,18244.56751,18231.56329,17865.46559,15836.53855,16425.05278,15481.3987,18330.68741,22824.57832,23074.72017,23059.59788,22635.20391,20298.48277,21842.79766,20883.03073,23787.02597,28367.13656,28621.94719,28606.47868,28173.98054,25793.80775
Beijing,BJ,y8,22942.54353,22102.05922,24618.73129,28587.79971,28808.80234,28795.39903,28420.46169,26345.69298,19946.92449,19309.867,21169.42039,24102.11911,24265.28802,24255.36032,23978.46026,22432.15338,16675.38979,15895.44201,18163.59096,21741.01818,21940.07913,21927.96854,21590.24725,19699.92897,12982.9972,12133.3396,14654.73688,18630.98179,18852.42653,18838.96273,18463.39168,16379.75079,13196.41305,12286.68393,15010.83665,19307.36851,19546.55505,19532.01127,19126.25322,16885.42138,16093.11466,14935.37912,18422.28057,23921.6914,24227.67701,24209.15224,23689.71757,20819.28979,18409.3766,17049.74863,21099.51038,27486.56283,27842.04113,27820.47315,27217.38874,23884.21567,19262.17527,17839.03498,22047.03372,28683.56233,29052.90336,29030.50238,28403.82668,24915.64688,14132.6845,13166.03767,15993.47477,20452.91039,20701.10659,20686.02559,20264.89677,17916.27419,12801.79593,11954.93271,14476.18127,18452.88614,18674.10982,18660.79201,18285.2422,16205.09761,16978.48812,16015.65628,18927.24842,23519.42105,23775.03439,23759.56764,23325.90544,20938.33473,22411.93542,21429.99743,24398.59041,29080.55985,29341.024,29325.22287,28883.10771,26450.04792
Beijing,BJ,y9,23462.34637,22602.81805,25176.51098,29235.50551,29461.51551,29447.80841,29064.37581,26942.59931,20424.70314,19774.42012,21670.24438,24660.12163,24826.45674,24816.32676,24534.03581,22957.78874,17264.28479,16470.43919,18780.46241,22423.93199,22626.6853,22614.36978,22270.38843,20345.22407,13293.99141,12425.28028,15003.78591,19070.13881,19296.58265,19282.81408,18898.75165,16768.02638,13431.36966,12513.0654,15260.07875,19592.64038,19833.83603,19819.1551,19410.01313,17147.58286,16284.45824,15111.94039,18645.02139,24217.31762,24527.36087,24508.59522,23982.26533,21079.58646,18804.34545,17419.82756,21537.56497,28031.78842,28393.21568,28371.28085,27758.0827,24360.01869,19771.58021,18309.91641,22642.58334,29475.76131,29856.08025,29833.01463,29187.73861,25603.02969,14616.05786,13606.56907,16556.28642,21208.57327,21467.47927,21451.76931,21012.41722,18562.01446,13079.31698,12216.79751,14784.87258,18835.39609,19060.72795,19047.14262,18664.66686,16544.97787,17159.819,16173.94877,19150.69954,23845.62213,24106.95375,24091.15405,23647.77551,21206.52375,22819.92351,21817.22023,24851.12494,29636.12258,29902.33208,29886.17231,29434.326,26947.67779
Beijing,BJ,y10,23980.87333,23102.35029,25732.92195,29881.62138,30112.62677,30098.61647,29706.71002,27538.04133,20876.0973,20211.44453,22149.1661,25205.12039,25375.13219,25364.77781,25076.24859,23465.16464,17645.83217,16834.44406,19195.51842,22919.50971,23126.74362,23114.15525,22762.57271,20794.86276,13587.79462,12699.88469,15335.37674,19491.59578,19723.04415,19708.97097,19316.42068,17138.60754,13728.20836,12789.61013,15597.33343,20025.64614,20272.17178,20257.16735,19838.98316,17526.55182,16644.35082,15445.91965,19057.08454,24752.53105,25069.42575,25050.2459,24512.28214,21545.45469,19219.92922,17804.81403,22013.5526,28651.30279,29020.71777,28998.29845,28371.54674,24898.38423,20208.54046,18714.57462,23142.99326,30127.1873,30515.91134,30492.33608,29832.7995,26168.86735,14939.07844,13907.28032,16922.18641,21677.2912,21941.91828,21925.8618,21476.79895,18972.24385,13368.37569,12486.79559,15111.62422,19251.66539,19481.97646,19468.09169,19077.16285,16910.6276,17539.05776,16531.40017,19573.93806,24372.62001,24639.7276,24623.57876,24170.40083,21675.19678,23324.25264,22299.38933,25400.34408,30291.09362,30563.18685,30546.66895,30084.8376,27543.23298
Beijing,BJ,y11,24510.5055,23612.58106,26301.24979,30541.57584,30777.6827,30763.36378,30362.80176,28146.23644,21337.15946,20657.82721,22638.34432,25761.79153,25935.55753,25924.97539,25630.07272,23983.40786,18035.55186,17206.24376,19619.46399,23425.70131,23637.51238,23624.64666,23265.29817,21254.13016,13887.88984,12980.37008,15674.06788,19922.08068,20158.64013,20144.25703,19743.03619,17517.12495,14031.40473,13072.07742,15941.81088,20467.92533,20719.89638,20704.55888,20277.13923,17913.63774,17011.9511,15787.05261,19477.97214,25299.20682,25623.10065,25603.49662,25053.65204,22021.30009,19644.41367,18198.04481,22499.73757,29284.08484,29661.65926,29638.74484,28998.15124,25448.28198,20654.8588,19127.89817,23654.12161,30792.56599,31189.87517,31165.77906,30491.67579,26746.82368,15269.01766,14214.43277,17295.92465,22156.04787,22426.51981,22410.10866,21951.12773,19391.25722,13663.62511,12762.57447,15445.37421,19676.85065,19912.24949,19898.05585,19498.49432,17284.10993,17926.41929,16896.50597,20006.24215,24910.90468,25183.91095,25167.40592,24704.21962,22153.90696,23839.38384,22791.8863,25961.32741,30960.0916,31238.19429,31221.31247,30749.28007,28151.54331
Beijing,BJ,y12,24611.65941,23710.02922,26409.79381,30667.62002,30904.70086,30890.32244,30488.10737,28262.39514,21398.10389,20714.69867,22709.53845,25855.59652,26030.63673,26019.98665,25722.94078,24064.13784,17888.55826,17051.86831,19485.02914,23322.72102,23536.26376,23523.27231,23160.98112,21133.13771,13927.5371,13016.06494,15720.89886,19986.42322,20223.97747,20209.53461,19806.6397,17571.41056,14156.47854,13180.56484,16102.90552,20712.01882,20968.60604,20953.00474,20517.72684,18113.8701,17263.9222,16021.95743,19762.53694,25662.0425,25990.28988,25970.41685,25413.19311,22333.93512,19748.69653,18290.15208,22634.54188,29486.2645,29867.60572,29844.46868,29197.5084,25621.8405,20663.5373,19136.86045,23651.00052,30770.34949,31166.56145,31142.5298,30470.26142,26728.31052,15160.86624,14123.89435,17157.03185,21940.90133,22207.15302,22190.97633,21739.20864,19219.72014,13733.1516,12824.67853,15529.35241,19795.37127,20032.68919,20018.40168,19615.53006,17384.05128,18213.70789,17180.82775,20304.24356,25230.50604,25504.71562,25488.12326,25022.91192,22461.64011,24042.4491,22989.07356,26173.63609,31196.22954,31475.64215,31458.69211,30984.41201,28374.34333
Beijing,BJ,y13,24739.03952,23832.74113,26546.47988,30826.34218,31064.6507,31050.1975,30645.9002,28408.66943,21536.10414,20850.43833,22849.42171,26001.99123,26177.37683,26166.69597,25869.04527,24207.02623,18203.7128,17366.67305,19802.39394,23644.11972,23857.90599,23844.92005,23482.22079,21452.30082,14017.37848,13101.39698,15820.21178,20107.83191,20346.59693,20332.08002,19927.11824,17680.45174,14162.23192,13193.96038,16090.45,20658.76583,20913.08612,20897.60616,20466.20066,18080.66209,17170.56917,15934.24991,19659.58232,25535.09306,25862.00703,25842.21996,25287.24948,22226.62397,19827.5759,18367.72079,22709.52185,29557.12601,29938.22077,29915.09241,29268.52625,25685.5585,20847.44298,19306.24427,23874.66956,31079.67221,31480.68533,31456.36503,30775.97717,26996.20737,15411.38409,14346.96602,17457.18931,22362.62799,22635.62271,22619.0579,22155.7978,19572.05903,13791.02312,12881.57103,15589.38462,19860.31474,20097.90915,20083.58425,19680.29633,17445.26429,18093.56299,17054.04837,20192.7768,25143.17068,25418.72363,25402.06364,24934.55956,22360.46809,24061.6585,23004.39444,26203.38798,31248.75977,31529.45476,31512.416,31035.98166,28414.02486
Beijing,BJ,y14,24853.55963,23943.0667,26669.36646,30969.04224,31208.45279,31193.93355,30787.76532,28540.17681,21635.79804,20946.95729,22955.19411,26122.3578,26298.55649,26287.82656,25988.79632,24319.08491,18287.98017,17447.06585,19894.06149,23753.57213,23968.34755,23955.30156,23590.92313,21551.60661,14082.26692,13162.04606,15893.44595,20200.91318,20440.78344,20426.19919,20019.36307,17762.29724,14227.79073,13255.03651,16164.93508,20754.39882,21009.89613,20994.34433,20560.94235,18164.35949,17250.05439,16008.01094,19750.58933,25653.29888,25981.72602,25961.84754,25404.30731,22329.51362,19919.36029,18452.74748,22814.64749,29693.95002,30076.80984,30053.57349,29404.01487,25804.46115,20943.94844,19395.61513,23985.18856,31223.54437,31626.41387,31601.98101,30918.44276,27121.17616,15482.72512,14413.38002,17538.00071,22466.1471,22740.40537,22723.76423,22258.36021,19662.66041,13854.86295,12941.20093,15661.55015,19952.2515,20190.94383,20176.55292,19771.39809,17526.02178,18177.3203,17132.99309,20286.25264,25259.56218,25536.39093,25519.65444,25049.98458,22463.97715,24173.04367,23110.88516,26324.68657,31393.41461,31675.40952,31658.29139,31179.65274,28545.55688
Beijing,BJ,y15,24968.24421,24053.55015,26792.43128,31111.94616,31352.46258,31337.87618,30929.8333,28671.87333,21735.63518,21043.61621,23061.12013,26242.89781,26419.91007,26409.12892,26108.71996,24431.3029,18372.36894,17527.57367,19985.86185,23863.18109,24078.94729,24065.84145,23699.7831,21651.05502,14147.24926,13222.78056,15966.78441,20294.12941,20535.10692,20520.4544,20111.7413,17844.26084,14293.44367,13316.20147,16239.52689,20850.16817,21106.84428,21091.22133,20655.81826,18248.17725,17329.65339,16081.87962,19841.72688,25771.67416,26101.61676,26081.64713,25521.53367,22432.55214,20011.27711,18537.8968,22919.92439,29830.97085,30215.59711,30192.25415,29539.69747,25923.53301,21040.59254,19485.11516,24095.86677,31367.62288,31772.35198,31747.80563,31061.11471,27246.32593,15554.16939,14479.88856,17618.92957,22569.81633,22845.33914,22828.62139,22361.07022,19753.39282,13918.79573,13000.91787,15733.8196,20044.31976,20284.11396,20269.65656,19862.63249,17606.89421,18261.19856,17212.05259,20379.86164,25376.11988,25654.2262,25637.41261,25165.57621,22567.6357,24284.58846,23217.5285,26446.15984,31538.27715,31821.57269,31804.37659,31323.52871,28677.27836
Beijing,BJ,y16,25069.83474,24151.41942,26901.44382,31238.53387,31480.02937,31465.38221,31055.68001,28788.53332,21796.45417,21100.32843,23132.30402,26336.92906,26515.22874,26504.37926,26201.80442,24512.12089,18221.57553,17369.30912,19847.76586,23756.90123,23974.41936,23961.18614,23592.15079,21526.55601,14186.81479,13258.37469,16013.56249,20358.4942,20600.47164,20585.75955,20175.36426,17898.52216,14420.01748,13425.93619,16402.67991,21097.59772,21358.96075,21343.07004,20899.68851,18451.08122,17585.3113,16320.22594,20130.44135,26139.77195,26474.1306,26453.88681,25886.28987,22749.70833,20116.34136,18630.64655,23055.91037,30035.18702,30423.62631,30400.05927,29741.05487,26098.82153,21048.21409,19493.1164,24091.29085,31343.17602,31746.76394,31722.28537,31037.50239,27225.8902,15443.1031,14386.828,17476.43126,22349.35731,22620.56656,22604.08743,22143.91015,19577.51802,13988.8116,13063.4255,15818.44978,20163.88525,20405.62148,20391.06865,19980.69619,17707.67689,18552.77763,17500.66955,20682.23164,25700.20195,25979.51647,25962.61525,25488.7435,22879.79105,24490.02736,23417.04177,26660.8895,31776.98504,32061.59865,32044.33258,31561.22308,28902.56544
Beijing,BJ,y17,25250.27598,24325.25026,27095.06765,31463.37553,31706.60763,31691.85633,31279.20514,28995.74081,21981.15262,21281.31669,23321.60976,26539.32819,26718.33889,26707.43644,26403.63415,24707.26967,18579.89681,17725.55837,20211.61405,24132.73044,24350.93458,24337.68058,23967.48665,21895.61737,14307.05109,13372.14139,16147.13979,20523.36451,20767.06377,20752.24557,20338.9154,18045.82288,14454.8979,13466.61529,16422.96228,21085.68409,21345.25983,21329.45947,20889.13919,18454.3026,17525.40201,16263.53441,20065.85237,26062.78082,26396.45069,26376.25536,25809.8153,22685.94083,20237.31721,18747.29335,23178.81887,30167.93051,30556.90058,30533.29423,29873.3665,26216.35591,21278.25972,19705.21107,24368.04478,31721.93959,32131.24063,32106.41737,31411.96923,27554.08983,15729.86419,14643.44858,17817.94719,22824.75542,23103.39178,23086.4847,22613.65255,19976.52016,14076.01703,13147.77153,15911.54307,20270.73288,20513.23646,20498.61482,20086.99321,17805.77429,18467.46953,17406.47246,20610.0656,25662.7593,25944.00718,25927.00338,25449.83649,22822.55105,24558.89826,23479.78464,26744.8869,31894.52232,32181.01811,32163.62619,31677.34816,29001.20647
Beijing,BJ,y18,25418.40799,24487.22265,27275.48414,31672.8787,31917.73062,31902.88073,31487.48144,29188.81256,22127.51674,21423.02198,23476.8992,26716.04386,26896.24603,26885.2723,26579.44686,24871.78635,18703.61354,17843.58616,20346.19569,24293.42143,24513.07802,24499.73606,24127.07751,22041.4119,14402.3153,13461.18061,16254.65737,20660.02124,20905.34313,20890.42765,20474.34556,18165.9828,14551.14752,13556.28386,16532.3172,21226.08518,21487.38956,21471.48454,21028.23232,18577.18196,17642.0971,16371.8267,20199.46274,26236.32338,26572.21481,26551.88491,25981.67359,22836.99944,20372.07002,18872.12489,23333.15819,30368.80703,30760.36762,30736.60384,30072.28205,26390.92092,21419.94355,19836.42093,24530.30241,31933.16467,32345.19078,32320.20215,31621.12953,27737.56216,15834.60233,14740.95344,17936.5889,22976.73778,23257.22888,23240.20922,22764.22734,20109.53644,14169.74409,13235.31766,16017.49228,20405.70803,20649.82567,20635.10772,20220.74447,17924.33726,18590.43757,17522.37751,20747.29959,25833.63833,26116.75765,26099.64126,25619.29827,22974.51784,24722.42719,23636.12827,26922.96997,32106.89562,32395.29917,32377.79275,31888.27521,29194.31456
Beijing,BJ,y19,25587.48951,24650.11044,27456.91776,31883.5636,32130.04475,32115.0952,31696.93331,29382.97417,22274.70667,21565.52515,23633.06581,26893.75603,27075.1587,27064.11093,26756.25047,25037.23131,18828.02855,17962.28078,20481.5367,24455.01917,24676.13709,24662.70648,24287.56844,22188.03072,14498.11946,13550.72322,16362.78199,20797.44983,21044.40412,21029.3888,20610.53882,18286.82064,14647.94,13646.46,16642.28896,21367.27857,21630.3224,21614.31056,21168.11022,18700.75591,17759.45195,16480.73116,20333.82782,26410.8452,26748.97092,26728.50587,26154.50141,22988.9085,20507.5831,18997.66084,23488.36804,30570.81774,30964.98256,30941.06214,30272.3204,26566.4708,21562.4274,19968.37128,24693.47546,32145.58161,32560.34864,32535.19371,31831.47078,27922.06996,15939.93332,14839.00876,18055.90206,23129.5778,23411.93433,23394.80096,22915.65337,20243.30353,14264.00058,13323.35803,16124.03869,20541.44501,20787.18666,20772.37103,20355.25153,18043.56809,18714.09975,17638.93445,20885.30919,26005.48218,26290.4846,26273.25476,25789.71538,23127.34244,24886.8782,23793.35448,27102.05997,32320.46888,32610.79044,32593.16631,32100.39372,29388.51264
Beijing,BJ,y20,25743.92292,24800.81264,27624.78,32078.48843,32326.47685,32311.43682,31890.7186,29562.61075,22382.52758,21667.67947,23754.29518,27045.08704,27228.1805,27217.04048,26906.32939,25171.21254,18711.52461,17836.34133,20381.44047,24395.68676,24619.05308,24605.46333,24226.50539,22105.37097,14568.27577,13614.87154,16444.14145,20905.90163,21154.38407,21139.27631,20717.84691,18379.78579,14807.74985,13786.9382,16843.72141,21664.8787,21933.26969,21916.95115,21461.64761,18947.20166,18058.15117,16759.05131,20671.71655,26842.62853,27185.97639,27165.18846,26582.33063,23361.41166,20657.23716,19131.59363,23675.84816,30842.78551,31241.67033,31217.46934,30540.74361,26800.57812,21614.16635,20017.2543,24739.06809,32185.94395,32600.38295,32575.24619,31872.0514,27957.95116,15858.34347,14773.66454,17946.34423,22950.2958,23228.79664,23211.87485,22739.32492,20103.92509,14364.94792,13414.68002,16243.78171,20706.05971,20954.29571,20939.35124,20517.94579,18183.8079,19051.63262,17971.234,21238.34412,26391.24015,26678.06439,26660.70856,26174.0941,23494.99169,25148.52545,24046.68997,27377.75837,32631.41723,32923.68471,32905.95389,32409.85338,29679.70905
Beijing,BJ,y21,25928.51391,24978.64202,27822.85794,32308.50062,32558.26753,32543.1187,32119.38338,29774.58365,22571.57941,21852.94622,23948.04171,27252.19063,27436.00993,27424.81489,27112.85176,25370.92281,19078.96373,18201.67766,20754.51036,24780.94999,25005.01547,24991.40508,24611.26825,22483.74724,14691.34699,13731.32431,16580.86221,21074.63379,21324.87923,21309.66385,20885.23193,18530.54346,14843.16542,13828.33714,16864.09334,21652.05804,21918.60585,21902.3821,21450.23438,18949.99632,17996.14583,16700.38324,20604.83297,26762.84331,27105.47644,27084.73788,26503.08315,23295.29959,20780.90396,19250.85764,23801.41624,30978.2594,31377.67801,31353.43729,30675.78352,26920.54349,21849.80603,20234.50618,25022.58455,32574.01051,32994.30556,32968.815,32255.71287,28294.21025,16152.37679,15036.78062,18296.54768,23437.84273,23723.96317,23706.60208,23221.06812,20513.10158,14454.10778,13500.92802,16338.93724,20815.21654,21064.23387,21049.22097,20626.54187,18284.04888,18963.5182,17874.02246,21163.66402,26352.07721,26640.87893,26623.4189,26133.4355,23435.57889,25218.56532,24110.46627,27463.27012,32751.22886,33045.41946,33027.56113,32528.22119,29780.19657
Beijing,BJ,y22,26100.46464,25144.29285,28007.37223,32522.76113,32774.18406,32758.93593,32332.39107,29972.03978,22721.26844,21997.86818,24106.85922,27432.92023,27617.95784,27606.68824,27292.65678,25539.17555,19205.48988,18322.38681,20892.14895,24945.29136,25170.84153,25157.14163,24774.48322,22632.85224,14788.77626,13822.38732,16690.82157,21214.39514,21466.30049,21450.9839,21023.73697,18653.43345,14941.60071,13920.04275,16975.9312,21795.64901,22063.96368,22047.63219,21592.48641,19075.66788,18115.49041,16811.13442,20741.4783,26940.32705,27285.23265,27264.35614,26678.84456,23449.78779,20918.71646,19378.52416,23959.26035,31183.69869,31585.76542,31561.36462,30879.21685,27099.0732,21994.70858,20368.69494,25188.52813,32790.03223,33213.11483,33187.45586,32469.62425,28481.84809,16259.49546,15136.50025,18417.88453,23593.2768,23881.29412,23863.81726,23375.06398,20649.13894,14549.96351,13590.46337,16447.29214,20953.25819,21203.92605,21188.8128,20763.33246,18405.30372,19089.27826,17992.55774,21304.01534,26526.83784,26817.55432,26799.977,26306.74504,23590.9973,25385.80763,24270.36048,27645.39941,32968.42545,33264.56792,33246.59124,32743.93955,29977.69065
Beijing,BJ,y23,26273.37981,25310.87251,28192.91942,32738.22324,32991.31215,32975.96203,32546.59096,30170.60371,22871.79591,22143.60322,24266.56621,27614.66174,27800.92552,27789.58216,27473.47009,25708.37136,19332.72653,18443.77095,21030.55822,25110.55264,25337.59706,25323.80615,24938.6127,22782.7951,14886.75063,13913.95948,16801.39759,21354.93953,21608.51389,21593.09481,21163.01875,18777.01213,15040.58842,14012.26265,17088.3964,21940.04432,22210.13717,22193.69763,21735.5369,19202.04353,18235.505,16922.50858,20878.88979,27118.80576,27465.99554,27444.98217,26855.59013,23605.14153,21057.30227,19506.90614,24117.98985,31390.28983,31795.02056,31770.45757,31083.79002,27278.60326,22140.42269,20503.63684,25355.40083,33007.26476,33433.14969,33407.3218,32684.73488,28670.5401,16367.21357,15236.77875,18539.90293,23749.58094,24039.50663,24021.91561,23529.92279,20785.9375,14646.35667,13680.49944,16556.25459,21092.07242,21344.4009,21329.18805,20900.88729,18527.23787,19215.74383,18111.75756,21445.15383,26702.57556,26995.21911,26977.52639,26481.02592,23747.28688,25553.98758,24431.15101,27828.54897,33186.84016,33484.94407,33466.84875,32960.86643,30176.29145
Beijing,BJ,y24,26433.30768,25464.94244,28364.5331,32937.50472,33192.13248,33176.68992,32744.70518,30354.25496,22981.89889,22247.91071,24390.40059,27769.31551,27957.31129,27945.87338,27626.84225,25845.2617,19212.59185,18313.97379,20927.22611,25048.9676,25278.31669,25264.36275,24875.25648,22697.3208,14958.39335,13979.45692,16884.49237,21465.73182,21720.87028,21705.35713,21272.64258,18871.96892,15204.27984,14156.133,17294.77202,22245.0332,22520.61135,22503.85569,22036.35966,19454.58048,18541.72298,17207.8332,21225.27561,27561.43526,27913.9792,27892.6339,27294.16755,23986.99686,21210.40888,19643.91116,24309.85334,31668.71052,32078.27637,32053.42661,31358.58254,27518.2581,22192.96193,20553.28822,25401.54541,33047.83684,33473.37466,33447.56501,32725.53893,28706.62423,16283.00748,15169.28339,18426.92223,23564.87137,23850.83108,23833.45594,23348.25045,20642.27995,14749.62022,13773.90609,16678.76689,21260.53889,21515.42253,21500.0778,21067.38641,18670.7437,19561.80721,18452.47811,21807.07606,27097.95922,27392.46434,27374.64381,26874.99993,24124.15355,25821.96683,24690.6247,28110.89597,33505.23934,33805.33288,33787.1282,33277.74354,30474.4891
Beijing,BJ,y25,26622.11538,25646.83224,28567.13375,33172.76916,33429.21686,33413.66351,32978.59344,30571.06873,23175.38041,22437.52299,24588.66405,27981.19999,28169.93634,28158.44255,27838.13478,26049.60765,19589.33553,18688.58259,21309.70402,25443.85341,25673.91191,25659.93803,25269.63186,23085.1988,15084.34819,14098.64414,17024.40834,21638.39128,21895.33017,21879.70816,21443.9217,19026.24524,15240.22662,14198.25196,17315.21627,22231.26147,22504.94012,22488.28133,22024.03914,19456.91774,18477.55152,17147.12703,21156.02184,27478.76252,27830.56032,27809.26781,27212.05415,23918.46095,21336.80385,19765.82755,24438.11601,31806.94345,32217.04711,32192.1579,31496.37579,27640.68131,22434.29948,20775.78841,25691.95195,33445.38188,33876.91926,33850.7471,33118.57068,29051.09422,16584.46147,15439.02194,18785.98924,24064.81775,24358.59123,24340.76551,23842.24381,21061.83682,14840.76287,13862.08511,16776.01129,21372.0345,21627.71291,21612.29808,21178.3122,18773.15587,19470.80146,18352.16207,21729.80289,27057.0093,27353.5351,27335.60889,26832.51734,24062.49286,25893.17451,24755.43387,28197.92751,33627.34051,33929.40153,33911.06554,33398.36701,30576.83184
Beijing,BJ,y26,26797.94329,25816.21888,28755.80821,33391.86233,33650.00275,33634.34715,33196.40343,30772.97847,23328.44443,22585.7143,24751.06223,28166.00458,28355.98785,28344.41785,28021.9939,26221.65445,19718.71563,18812.01264,21450.44582,25611.90006,25843.47806,25829.41167,25436.52673,23237.66734,15183.97383,14191.75993,17136.8473,21781.30421,22039.94072,22024.21402,21585.55066,19151.9061,15340.88221,14292.02561,17429.57629,22378.08966,22653.57557,22636.80758,22169.49821,19585.42275,18599.58757,17260.37648,21295.74863,27660.24873,28014.37038,27992.93686,27391.77823,24076.43263,21477.72451,19896.37254,24599.51957,32017.0159,32429.8268,32404.77412,31704.39639,27823.23678,22582.46898,20913.00416,25861.63679,33666.27418,34100.66299,34074.31761,33337.30429,29242.96435,16693.99454,15540.99008,18910.06269,24223.75557,24519.46936,24501.5269,23999.71272,21200.94152,14938.78007,13953.6386,16886.8101,21513.18813,21770.55484,21755.03802,21318.18626,18897.14517,19599.39831,18473.37024,21873.31913,27235.70965,27534.19509,27516.14886,27009.73567,24221.41492,26064.18864,24918.93329,28384.16276,33849.4351,34153.49106,34135.0337,33618.9496,30778.77928
Chongqing,CQ,y1,17741.40522,15358.255,16013.6508,20746.09555,21656.95057,22490.15927,20823.77112,20255.91152,15395.29391,13353.78079,13910.93062,17933.63487,18707.91534,19416.18396,17999.79427,17496.81666,15092.11715,13371.82452,13843.92698,17252.97843,17909.14865,18509.33037,17309.05707,16892.18428,14819.5029,13308.8427,13723.26614,16715.44928,17291.37197,17818.18102,16764.70169,16398.1759,15449.48515,13713.28544,14189.75225,17629.62024,18291.67394,18897.30707,17685.99697,17267.56021,16216.19103,14422.67195,14920.20707,18512.46237,19203.92631,19836.3342,18571.48716,18154.29371,21625.8199,19130.3197,19816.53261,24770.75958,25724.36199,26596.6546,24852.17351,24246.85439,20645.1837,18137.54437,18825.24635,23789.79501,24745.51295,25619.62313,23871.44739,23271.22196,18353.57845,16298.88789,16856.84855,20885.22773,21660.65063,22369.89125,20951.40884,20433.60367,14915.98705,13341.49923,13773.40052,16891.9612,17492.21702,18041.29496,16943.2283,16561.90938,15836.70617,14010.38821,14512.64874,18138.2103,18836.18476,19474.48734,18197.72774,17761.09543,17368.38236,15117.4826,15736.5804,20207.11586,21067.56698,21854.61763,20280.69684,19734.56723
Chongqing,CQ,y2,18523.26126,16035.08707,16719.36567,21660.36669,22611.36268,23481.2906,21741.46598,21148.58106,16073.7578,13942.27647,14523.97992,18723.96217,19532.36562,20271.84748,18793.03796,18267.89377,15757.22083,13961.11586,14454.02309,18013.30985,18698.39793,19325.02939,18071.85983,17636.61524,15472.59106,13895.35773,14328.04453,17452.09227,18053.39561,18603.42067,17503.51469,17120.83639,16130.33719,14317.62461,14815.08775,18406.55031,19097.78031,19730.10327,18465.41122,18028.53448,16930.83065,15058.2732,15577.73374,19328.29848,20050.23479,20710.51242,19389.92526,18954.3456,22578.86162,19973.38529,20689.83897,25862.39653,26858.02311,27768.75749,25947.39864,25315.40225,21555.00843,18936.85716,19654.86725,24838.2013,25836.03715,26748.66834,24923.45271,24296.77404,19162.41284,17017.17193,17599.7229,21805.63052,22615.22629,23355.72242,21874.72896,21334.10393,15573.32811,13929.45366,14380.38892,17636.38273,18263.09146,18836.36691,17689.909,17291.7863,16534.62246,14627.82005,15152.21524,18937.55242,19666.28685,20332.71953,18999.6934,18543.81884,18133.79974,15783.70327,16430.08415,21097.63489,21996.00617,22817.74154,21174.45772,20604.26161
Chongqing,CQ,y3,19338.83947,16741.11046,17455.51749,22614.07092,23606.93919,24515.17048,22698.7412,22079.751,16781.48521,14556.15439,15163.46956,19548.37763,20392.3738,21164.41509,19620.49395,19072.22838,16451.00918,14575.82234,15090.43249,18806.43481,19521.68654,20175.90842,18867.56238,18413.1547,16153.84966,14507.16995,14958.90814,18220.50674,18848.28502,19422.52773,18274.19385,17874.66575,16840.55495,14948.02821,15467.39579,19216.98981,19938.65422,20598.81843,19278.44168,18822.3297,17676.29456,15721.28777,16263.62122,20179.32182,20933.04508,21622.39546,20243.66178,19788.90444,23573.0072,20852.81126,21600.81176,27001.11549,28040.58056,28991.4145,27089.85973,26430.03762,22504.07416,19770.64663,20520.27018,25931.82604,26973.59608,27926.41044,26020.83016,25366.56031,20006.13233,17766.43681,18374.63669,22765.73095,23610.97201,24384.07331,22837.87244,22273.44366,16259.02049,14542.76654,15013.55644,18412.91139,19067.2143,19665.7308,18468.79516,18053.14229,17262.64092,15271.88232,15819.36668,19771.37259,20532.19235,21227.96734,19836.24942,19360.30212,18932.22969,16478.65902,17153.50053,22026.56251,22964.48921,23822.40485,22106.76782,21511.46506
Chongqing,CQ,y4,20178.85294,17468.28769,18213.72675,23596.34988,24632.34477,25580.02651,23684.69809,23038.82079,17494.62011,15177.99537,15810.26659,20375.27912,21253.92798,22057.67644,20450.35938,19878.61121,17169.39667,15226.10806,15759.3952,19610.53217,20351.80418,21029.83515,19673.89152,19203.69315,16843.70118,15129.1029,15599.35846,18994.49038,19647.96197,20245.69521,19050.35038,18632.61195,17583.79125,15603.65565,16147.41199,20072.9883,20828.54135,21519.70146,20137.32936,19661.88014,18703.91341,16630.91873,17205.82401,21356.74956,22155.74602,22886.48788,21424.96947,20942.44118,24611.84618,21787.87817,22563.11601,28159.90797,29237.20593,30222.64837,28251.86497,27562.9572,23521.72521,20642.7991,21434.04785,27146.34338,28246.00251,29251.74072,27240.29884,26556.79565,20562.5144,18268.02053,18890.43584,23384.05299,24249.02827,25040.18225,23457.87454,22877.31502,16956.33007,15165.30704,15656.51222,19203.52342,19886.24735,20510.79586,19261.86868,18829.48255,18074.54677,15982.22624,16558.04236,20714.28932,21514.40595,22246.1287,20782.47414,20281.12696,19783.45675,17217.06349,17922.68468,23018.1303,23998.87211,24895.93577,23102.01753,22479.46215
Chongqing,CQ,y5,21076.88813,18245.69263,19024.30703,24646.47686,25728.5779,26718.43501,24738.75657,24064.13635,18289.69574,15864.36661,16526.26346,21305.25776,22225.10821,23066.53644,21383.85725,20786.31591,17929.51879,15885.80215,16446.66294,20496.63515,21276.1691,21989.18784,20563.25692,20068.00917,17605.65248,15810.98034,16303.31749,19858.04806,20542.24676,21168.09904,19916.55861,19481.12511,18354.07451,16291.45986,16857.50458,20944.08733,21730.61173,22450.10659,21011.06371,20513.95832,19264.92467,17134.21497,17725.28902,21992.90864,22814.37126,23565.6754,22063.03016,21567.40254,25691.59614,22726.92732,23542.15238,29427.80035,30560.68618,31596.97488,29524.52142,28805.39729,24526.59478,21547.50408,22364.49849,28262.40963,29397.80826,30436.25505,28359.41363,27646.3416,21804.15429,19363.16954,20026.03059,24811.76629,25732.97357,26575.55568,24890.39184,24275.23584,17720.27593,15849.77559,16362.87708,20067.74401,20780.85131,21433.15841,20128.65064,19675.64103,18814.09522,16644.42009,17241.10822,21548.29528,22377.49305,23135.80039,21619.00191,21100.28069,20633.73596,17959.6531,18695.14518,24006.1679,25028.38894,25963.40902,24093.57998,23444.77641
Chongqing,CQ,y6,22002.37074,19046.85718,19859.66072,25728.69953,26858.31504,27891.637,25825.03112,25120.78739,19092.7926,16560.96787,17251.92853,22240.76831,23201.00817,24079.38335,22322.81671,21699.03939,18716.80194,16583.34529,17168.83277,21396.63774,22210.40114,22954.72832,21466.18588,20949.19267,18378.71299,16505.23705,17019.19201,20730.01098,21444.25254,22097.58534,20791.09083,20336.5374,19159.99834,17006.81477,17597.71375,21863.73866,22684.7983,23435.88651,21933.65403,21414.72216,20110.84408,17886.57484,18503.60402,22958.61294,23816.14604,24600.43927,23031.81416,22514.42291,26819.7089,23724.86194,24575.88286,30719.96929,31902.59959,32984.3903,30820.93704,30070.23671,25603.55271,22493.65059,23346.51939,29503.40655,30688.65993,31772.70432,29604.6697,28860.28734,22761.57064,20213.40277,20905.36891,25901.24623,26862.90334,27742.48255,25983.32332,25341.15643,18498.36996,16545.73602,17081.36784,20948.9148,21693.33444,22374.28444,21012.49557,20539.59452,19640.21801,17375.27219,17998.16184,22494.47574,23360.08326,24151.68824,22568.28867,22026.78925,21539.75821,18748.2578,19516.04518,25060.27391,26127.37928,27103.45559,25151.52526,24474.23286
Chongqing,CQ,y7,22533.56678,19506.69987,20339.12537,26349.85865,27506.74612,28565.01403,26448.5171,25727.26978,19553.7435,16960.79398,17668.43624,22777.71953,23761.14273,24660.72322,22861.7508,22222.91171,19168.67441,16983.71182,17583.3342,21913.2102,22746.61958,23508.91769,21984.43538,21454.96128,18822.4239,16903.71814,17430.08102,21230.48862,21961.97403,22631.08084,21293.04282,20827.51555,19622.57191,17417.40498,18022.56963,22391.58791,23232.47038,24001.69126,22463.19234,21931.72999,20596.37383,18318.40447,18950.33055,23512.89457,24391.13101,25194.36005,23587.86405,23057.9808,27467.20723,24297.64225,25169.21043,31461.63106,32672.8136,33780.72263,31565.03599,30796.21223,26221.69005,23036.7075,23910.16658,30215.69745,31429.56616,32539.78266,30319.40436,29557.05155,23311.09566,20701.40841,21410.08029,26526.57167,27511.44517,28412.25996,26610.63091,25952.95954,18944.96994,16945.19505,17493.75743,21454.67691,22217.06977,22914.46004,21519.79226,21035.47566,20114.38511,17794.75852,18432.68592,23037.55285,23924.05817,24734.77423,23113.14725,22558.57488,22059.78674,19200.89185,19987.21421,25665.29516,26758.16444,27757.80596,25758.74923,25065.10587
Chongqing,CQ,y8,23065.03553,19966.77872,20818.83788,26971.33887,28155.51186,29238.73973,27072.32175,26334.06531,19996.87664,17348.90564,18071.61084,23289.55673,24293.87957,25212.58793,23375.37738,22721.85082,19625.13747,17403.9,18013.46236,22415.42821,23262.72405,24037.73383,22487.85025,21950.39877,19252.85773,17293.01869,17830.53656,21711.2741,22458.21236,23141.43948,21775.1248,21297.63653,20098.8031,17835.44807,18456.97798,22944.02833,23807.64973,24597.66693,23017.57445,22474.12045,21379.13523,19009.64094,19666.77632,24411.40711,25324.68382,26159.9442,24489.38455,23937.83994,28132.08146,24904.20014,25790.32127,32187.62348,33419.00645,34545.39769,32292.73112,31505.28964,26886.0388,23595.34112,24499.76169,31029.08723,32286.03091,33435.62008,31136.48055,30355.21624,23503.57209,20880.89651,21592.3373,26728.67616,27717.37064,28621.68251,26813.05674,26149.45876,19381.59528,17334.40167,17895.86479,21950.2051,22730.57924,23444.45638,22016.8963,21522.66536,20659.7512,18268.16482,18926.34104,23677.05615,24591.61325,25427.99387,23754.99336,23181.93873,22613.08604,19679.6216,20486.16727,26310.41621,27431.43339,28456.80343,26406.30153,25694.70155
Chongqing,CQ,y9,23633.72465,20459.0767,21332.14521,27636.34119,28849.7116,29959.64805,27739.81431,26983.35424,20508.4186,17788.87216,18531.0639,23889.79864,24921.23541,25864.73662,23977.93224,23307.90246,20104.5484,17812.90897,18441.80691,22983.08082,23857.18093,24656.69604,23057.78507,22502.45859,19741.39271,17729.00972,18281.07117,22267.02624,23034.22632,23736.00071,22332.63525,21844.37916,20580.60707,18267.77587,18902.48727,23484.81381,24366.75141,25173.52851,23559.91496,23002.50562,21601.95219,19212.76672,19875.54441,24660.86685,25581.98167,26424.42707,24739.49636,24183.74296,28808.24255,25483.92941,26398.04963,32997.68593,34268.00117,35430.0017,33106.13941,32299.77898,27501.91438,24161.43125,25077.53527,31690.92142,32964.05423,34128.47542,31799.69266,31000.11833,24449.21463,21712.11452,22455.38707,27821.68074,28854.63857,29799.43432,27909.84433,27220.0634,19869.92226,17772.51148,18347.85671,22502.16102,23301.77558,24033.21437,22570.45603,22062.49198,21096.43196,18663.55405,19332.62614,24162.31749,25092.10499,25942.40268,24241.60188,23659.95489,23136.81306,20138.33917,20963.0523,26918.35456,28064.58026,29113.02757,27016.37209,26288.86106
Chongqing,CQ,y10,24203.26313,20952.11022,21846.21804,28302.33603,29544.94598,30681.63015,28408.30321,27633.61417,21002.64056,18217.55783,18977.63582,24465.50787,25521.80033,26488.03841,24555.76388,23869.58964,20589.03829,18242.17356,18886.22683,23536.93933,24432.10338,25250.88564,23613.44193,23044.73502,20217.13171,18156.25198,18721.61855,22803.62914,23589.31691,24308.00297,22870.81971,22370.79623,21076.56919,18708.00309,19358.00968,24050.76382,24953.95464,25780.17341,24127.67365,23556.83195,22122.52769,19675.76516,20354.515,25255.15752,26198.46986,27061.21714,25335.68105,24766.53535,29502.47803,26098.05488,27034.20328,33792.88154,35093.80898,36283.81212,33903.94964,33078.15637,28164.66967,24743.68576,25681.86665,32454.62496,33758.44021,34950.92166,32566.01884,31747.17475,25038.4056,22235.34502,22996.52864,28492.14273,29549.99393,30517.55781,28582.43075,27876.02704,20348.75757,18200.80295,18790.01399,23044.43007,23863.31448,24612.37977,23114.3711,22594.16621,21604.82395,19113.31753,19798.51392,24744.59348,25696.78776,26567.57621,24825.78892,24230.12464,23694.3767,20623.64304,21468.23184,27567.04666,28740.89586,29814.60875,27667.42598,26922.38442
Chongqing,CQ,y11,24786.16813,21456.71537,22372.3559,28983.96115,30256.49882,31420.55898,29092.4815,28299.1346,21508.46233,18656.30473,19434.68697,25054.72859,26136.46022,27125.96976,25147.15822,24444.45764,21084.89999,18681.51355,19341.07809,24103.79635,25020.51885,25859.02045,24182.14202,23599.73765,20704.03548,18593.52255,19172.50497,23352.82508,24157.43495,24893.42976,23421.63413,22909.56806,21584.17089,19158.56131,19824.22238,24629.99547,25554.93765,26401.05519,24708.75726,24124.16853,22655.32046,20149.63118,20844.72767,25863.39555,26829.42656,27712.95111,25945.85859,25363.00605,30213.00775,26726.5931,27685.28696,34606.74031,35938.99928,37157.66132,34720.4817,33874.80081,28842.97923,25339.60615,26300.38112,33236.25377,34571.4681,35792.67006,33350.32871,32511.76495,25641.42302,22770.85388,23550.37032,29178.33947,30261.66781,31252.5339,29270.80117,28547.3852,20838.83148,18639.14621,19242.54672,23599.42601,24438.03139,25205.13686,23671.04996,23138.31711,22125.14906,19573.63797,20275.33501,25340.53567,26315.66208,27207.4222,25423.68677,24813.67635,24265.02464,21120.33653,21985.26533,28230.96443,29433.08335,30532.65535,28333.76136,27570.77511
Chongqing,CQ,y12,24937.1136,21587.38515,22508.60207,29160.47135,30440.75837,31611.9069,29269.65083,28471.47484,21619.92695,18757.03195,19538.39576,25179.85738,26265.69599,27258.97118,25272.64432,24566.07301,21218.01474,18816.48975,19475.52752,24234.77963,25150.84691,25988.75987,24313.0795,23732.00736,20815.51792,18696.60961,19277.75505,23473.47319,24281.03624,25019.71722,23542.50635,23026.26224,21730.12534,19283.06506,19955.04182,24806.28534,25740.0011,26594.13986,24885.79878,24298.23552,23114.37593,20552.5614,21263.03245,26392.76254,27380.16571,28283.22001,26477.06892,25880.75914,30415.42606,26925.55306,27883.59656,34800.13634,36131.46481,37349.2794,34913.77614,34062.42077,29068.24877,25510.46062,26488.28859,33547.56763,34906.53149,36149.42666,33663.67768,32819.00186,25411.24362,22575.69768,23344.88261,28898.11329,29967.05445,30944.76606,28989.34341,28271.88434,20954.70563,18741.35198,19348.38512,23731.79744,24575.51022,25347.32849,23803.90078,23269.55586,22336.6033,19750.9047,20462.50101,25598.80722,26587.59592,27491.86075,25683.07111,25063.50411,24448.48084,21276.92155,22148.93056,28445.90491,29657.90913,30766.5045,28549.57416,27780.21548
Chongqing,CQ,y13,25115.17898,21741.53148,22669.32659,29368.6939,30658.1229,31837.63455,29478.65445,28674.77751,21793.96521,18903.94759,19692.66312,25387.30395,26483.39494,27486.03846,25480.96188,24768.93378,21364.77997,18929.49153,19597.81113,24423.75054,25352.64173,26202.2732,24503.13628,23913.00077,20978.86118,18840.33283,19426.99983,23662.80983,24478.10123,25223.86535,23732.53246,23213.66958,21870.6804,19412.87162,20087.36874,24956.93314,25894.15332,26751.50336,25036.7419,24444.39285,22956.04709,20417.09741,21121.42046,26206.70649,27185.56021,28080.81309,26290.2628,25699.67431,30614.05468,27081.36213,28052.78182,35066.10938,36416.05295,37650.89204,35181.36143,34324.45542,29225.84103,25675.96311,26649.4924,33677.43231,35030.36992,36267.78096,33793.02162,32943.32646,25981.78806,23073.11452,23862.9782,29565.65263,30663.36108,31667.38013,29659.34078,28926.32351,21115.44581,18886.56194,19497.97253,23912.68437,24762.42221,25539.7105,23985.26007,23445.45579,22418.8386,19833.45818,20544.47004,25676.90635,26664.9769,27568.5739,25761.1612,25143.05285,24587.11876,21400.68827,22277.09903,28605.70277,29823.77735,30937.94598,28709.8632,27936.74985
Chongqing,CQ,y14,25280.76595,21884.87539,22818.78804,29562.3248,30860.2561,32047.54348,29673.00984,28863.83322,21937.65491,19028.58458,19822.49888,25554.68488,26658.00316,27667.2572,25648.96029,24932.23783,21505.63952,19054.2964,19727.0205,24584.77815,25519.79437,26375.02809,24664.68789,24070.66186,21117.1764,18964.54997,19555.08486,23818.8223,24639.48661,25390.16803,23889.00311,23366.71978,22014.87442,19540.86312,20219.80752,25121.47691,26064.87617,26927.87802,25201.81231,24605.55681,23107.39832,20551.70902,21260.67627,26379.48968,27364.79698,28265.95206,26463.59871,25869.11492,30815.89594,27259.91227,28237.73692,35297.30405,36656.14747,37899.12857,35413.31612,34550.75964,29418.52995,25845.24693,26825.19565,33899.47101,35261.32828,36506.89836,34015.82183,33160.5253,26153.08771,23225.23802,24020.30861,29760.58207,30865.52672,31876.16615,29854.88839,29117.03775,21254.66157,19011.08304,19626.5242,24070.34348,24925.68382,25708.09632,24143.39709,23600.0335,22566.64853,19964.22131,20679.92291,25846.19605,26840.78078,27750.33525,25931.00597,25308.82314,24749.22373,21541.78554,22423.97318,28794.3023,30020.40931,31141.92299,28899.14972,28120.9398
Chongqing,CQ,y15,25447.07121,22028.84232,22968.89781,29756.79605,31063.26511,32258.36357,29868.20929,29053.70919,22081.96893,19153.76131,19952.89822,25722.79285,26833.36903,27849.26205,25817.68948,25096.25077,21647.11107,19179.64086,19856.79292,24746.50571,25687.67184,26548.53244,24826.94063,24229.00757,21256.09299,19089.30513,19683.725,23975.51073,24801.57463,25557.19414,24046.15369,23520.4338,22159.6964,19669.40946,20352.82029,25286.73505,26236.34074,27105.01927,25367.59837,24767.42124,23259.40694,20686.90548,21400.53576,26553.0235,27544.81285,28451.89565,26637.68532,26039.29123,31018.61408,27439.23742,28423.4946,35529.50207,36897.28553,38148.44273,35646.27798,34778.04743,29612.05567,26015.26715,27001.66009,34122.47355,35493.2902,36747.05377,34239.59112,33378.66641,26325.13268,23378.02212,24178.32328,29956.35785,31068.57192,32085.85882,30051.28433,29308.57925,21394.48311,19136.14459,19755.63503,24228.68723,25089.6527,25877.21275,24302.22084,23755.28339,22715.09999,20095.5545,20815.96199,26016.22256,27017.34909,27932.8877,26101.58977,25475.31496,24912.03277,21683.49457,22571.48617,28983.72098,30217.8942,31346.78518,29089.25947,28305.92892
Chongqing,CQ,y16,25600.55948,22161.71262,23107.43901,29936.27997,31250.62809,32452.93449,30048.36354,29228.95133,22195.11921,19256.05885,20058.21065,25849.76162,26964.48826,27984.19001,25945.01609,25219.64803,21782.51557,19317.09862,19993.67093,24879.54051,25819.97963,26680.18523,24959.92427,24363.39167,21369.31066,19194.02864,19790.63575,24097.97957,24927.02833,25685.36172,24168.84938,23638.87071,22308.24994,19796.08643,20485.94152,25466.25112,26424.80877,27301.67127,25547.88002,24944.68542,23729.32892,21099.35751,21828.73016,27094.93603,28108.6089,29035.68858,27181.48502,26569.3103,31224.62111,27641.90197,28625.43319,35725.98674,37092.7341,38342.94807,35842.64905,34968.64421,29841.60333,26189.16071,27193.00356,34440.09338,35835.21264,37111.17524,34559.29231,33692.14385,26087.30399,23176.31975,23965.96771,29666.94077,30764.32088,31768.04382,29760.59752,29024.05127,21512.20032,19239.96126,19863.14476,24363.17622,25229.33672,26021.6896,24437.1965,23888.63783,22930.86256,20276.37275,21006.90006,26279.85677,27294.95198,28223.27448,26366.36304,25730.31311,25098.92661,21842.98923,22738.19793,29202.70285,30446.95108,31585.04053,29309.12899,28519.30183
Chongqing,CQ,y17,25818.53478,22350.40735,23304.18623,30191.17016,31516.7108,32729.25472,30304.2093,29477.82048,22404.31041,19433.35702,20244.15958,26098.28157,27225.06821,28255.79126,26194.56224,25462.59272,21963.10388,19459.61611,20146.65147,25107.74246,26062.64743,26936.07448,25189.35162,24582.68969,21566.37773,19367.95988,19971.05795,24325.49231,25163.6152,25930.26453,24397.16795,23863.7735,22483.17266,19956.53258,20649.92066,25655.85802,26619.32518,27500.6843,25737.90137,25128.963,23598.93609,20988.88173,21712.92985,26940.63078,27946.89765,28867.22127,27026.5276,26419.39919,31471.4077,27839.78062,28838.40642,36048.14209,37435.89264,38705.31382,36166.62246,35285.719,30044.3183,26395.02341,27395.8168,34620.57528,36011.40249,37283.46814,34739.40208,33865.91114,26709.41218,23719.28216,24531.26584,30393.64488,31522.09448,32554.23082,30489.95787,29736.41076,21706.78802,19415.48418,20044.01653,24582.36449,25455.89853,26254.95525,24656.97134,24102.05032,23046.68283,20388.89878,21119.82276,26395.99313,27411.73447,28340.63691,26482.60656,25847.18977,25275.68601,22000.01847,22900.97343,29406.81091,30658.99926,31804.36953,29513.88871,28719.12409
Chongqing,CQ,y18,26024.43407,22528.64867,23490.03347,30431.94047,31768.05143,32990.26542,30545.88145,29712.90193,22582.98139,19588.33515,20405.60458,26306.41139,27442.18384,28481.12638,26403.45884,25665.65254,22138.25684,19614.80377,20307.31859,25307.97251,26270.49293,27150.88467,25390.2326,24778.73288,21738.36676,19522.41713,20130.32381,24519.48364,25364.29131,26137.05425,24591.73045,24054.08314,22662.47217,20115.68412,20814.60003,25860.45989,26831.60968,27719.99807,25943.15633,25329.3627,23787.13457,21156.26481,21886.08815,27155.47886,28169.76926,29097.43444,27242.05997,26630.09005,31722.38753,28061.79899,29068.3888,36335.62158,37734.43838,39013.98205,36455.04719,35567.11743,30283.91611,26605.52032,27614.29507,34896.66927,36298.58825,37580.79891,35016.44306,34135.98677,26922.41575,23908.4392,24726.89904,30636.02939,31773.47896,32813.84701,30733.1109,29973.55359,21879.89617,19570.32044,20203.86493,24778.40459,25658.90517,26464.33367,24853.60768,24294.26046,23230.47646,20551.49725,21288.24976,26606.49731,27630.33824,28566.64971,26693.80154,26053.31673,25477.25579,22175.46546,23083.60417,29641.32565,30903.49974,32058.00493,29749.25786,28948.1544
Chongqing,CQ,y19,26231.7998,22708.16035,23677.20479,30674.42603,32021.18349,33253.13544,30789.27489,29949.65734,22762.9254,19744.41821,20568.19894,26516.02337,27660.84706,28708.06795,26613.8452,25870.15995,22314.65801,19771.0966,20469.12949,25509.62928,26479.8198,27367.2266,25592.54493,24976.17246,21911.58074,19677.97386,20290.7243,24714.85865,25566.3968,26345.31806,24787.68105,24245.7491,22843.05026,20275.96783,20980.45361,26066.51881,27045.40794,27940.87464,26149.87627,25531.19033,23976.67263,21324.84168,22060.47843,27371.85666,28394.2297,29329.28582,27459.12834,26842.28166,31975.15584,28285.39909,29300.00868,36625.14928,38035.11124,39324.85122,36745.52442,35850.52064,30525.22184,26817.51637,27834.32858,35174.73049,36587.81971,37880.24646,35295.45929,34407.98643,27136.93638,24098.94481,24923.92595,30880.14166,32026.65378,33075.31209,30977.9963,30212.38716,22054.23916,19726.25785,20364.85157,24975.84243,25863.35996,26675.20597,25051.64562,24487.84016,23415.58047,20715.25396,21457.87782,26818.50112,27850.5007,28794.27204,26906.50202,26260.91273,25680.26205,22352.16207,23267.53813,29877.51128,31149.74316,32313.44792,29986.30373,29178.81684
Chongqing,CQ,y20,26426.67974,22876.86269,23853.10629,30902.31168,32259.07365,33500.17889,31018.01361,30172.1582,22911.34784,19877.44467,20705.48065,26683.9238,27834.62246,28887.23007,26782.25216,26033.4766,22485.42969,19940.45421,20638.85864,25682.39415,26653.18043,27541.14482,25765.37113,25149.58952,22058.88983,19813.41333,20429.27123,24875.61288,25731.41356,26514.2179,24948.7685,24401.688,23028.12943,20434.89897,21147.01468,26288.03769,27277.52643,28182.68586,26372.30073,25749.64081,24495.06522,21780.22586,22533.13561,27969.27928,29015.6627,29972.659,28058.62189,27426.69231,32232.2283,28533.89504,29549.16586,36878.85028,38289.70286,39580.26102,36999.27763,36097.069,30804.5811,27034.2755,28070.51103,35551.4618,36991.60062,38308.73879,35674.50805,34779.37748,26929.13139,23924.21035,24739.34006,30624.28246,31757.07398,32793.18711,30720.96084,29960.6463,22206.39152,19860.82753,20504.12065,25149.36632,26043.47644,26861.39871,25225.77712,24659.51376,23670.83307,20930.68444,21684.78588,27127.89949,28175.75017,29134.02967,27217.19485,26560.62067,25908.85999,22547.8537,23471.95144,30145.06184,31429.46307,32604.2783,30254.92325,29439.60959
Chongqing,CQ,y21,26650.96788,23071.02301,24055.55271,31164.58503,32532.86277,33784.50074,31281.26869,30428.23489,23126.66278,20059.92169,20896.86572,26939.73368,28102.85007,29166.80507,27039.11945,26283.55012,22671.23279,20087.0266,20796.2146,25917.25813,26902.95107,27804.53807,26001.49881,25375.27645,22261.71423,19992.41636,20614.95851,25109.78739,25974.93227,26766.30054,25183.77286,24633.18189,23208.06761,20599.96605,21315.70857,26483.04592,27477.57692,28387.35318,26567.73407,25939.16308,24359.80536,21665.59908,22412.99164,27809.24208,28847.95195,29797.95008,27897.90928,27271.20549,32486.0992,28737.38293,29768.2051,37210.39598,38642.88897,39953.23872,37332.69692,36423.39014,31012.99637,27246.04432,28279.10507,35736.80059,37172.47112,38485.55054,35859.4592,34957.80497,27570.5691,24484.03182,25322.19508,31373.5877,32538.41976,33603.83524,31473.00633,30695.16327,22406.65233,20041.47137,20690.26949,25374.94158,26276.63985,27101.45965,25451.95399,24879.1411,23789.74638,21046.2709,21800.76182,27247.04438,28295.53512,29254.38771,27336.45203,26680.54596,26090.6162,22709.33615,23639.33968,30354.93567,31647.49752,32829.79643,30465.46664,29645.07792
Chongqing,CQ,y22,26862.78765,23254.3892,24246.74381,31412.2786,32791.43046,34053.0169,31529.88952,30670.07577,23310.47184,20219.35624,21062.95289,27153.84782,28326.2093,29398.62031,27254.02339,26492.44908,22851.42056,20246.67687,20961.4998,26123.24651,27116.77347,28025.5265,26208.15653,25576.95706,22438.64858,20151.31411,20778.80387,25309.35795,26181.37855,26979.03607,25383.93154,24828.96392,23392.52311,20763.69243,21485.12371,26693.53079,27695.96677,28612.97322,26778.89163,26145.32503,24553.4152,21837.79546,22591.128,28030.26759,29077.23341,30034.78119,28119.63958,27487.95469,32744.29632,28965.7846,30004.79957,37506.14142,38950.01852,40270.78279,37629.41382,36712.87955,31259.48467,27462.5932,28503.86427,36020.83451,37467.91485,38791.42995,36144.46674,35235.64687,27789.69752,24678.6286,25523.45321,31622.94182,32797.03228,33870.91504,31723.14939,30939.12541,22584.73848,20200.75952,20854.7142,25576.61856,26485.48473,27316.85937,25654.24458,25076.87752,23978.8254,21213.54539,21974.0318,27463.60109,28520.42486,29486.89823,27553.71851,26892.60144,26297.98302,22889.82817,23827.2227,30596.19493,31899.02815,33090.72511,30707.60414,29880.69331
Chongqing,CQ,y23,27076.10856,23439.05554,24439.28974,31661.72742,33051.83208,34323.43621,31780.27264,30913.63135,23495.58411,20379.92049,21230.21646,27369.48047,28551.15188,29632.07917,27470.45162,26702.82869,23032.88802,20407.4578,21127.95852,26330.69453,27332.11112,28248.08015,26416.27885,25780.06836,22616.83714,20311.33899,20943.81128,25510.34255,26389.28884,27193.28023,25585.50825,25026.13459,23578.28645,20928.57961,21655.74035,26905.5082,27915.90432,28840.19261,26991.54759,26352.94861,24748.39641,22011.21211,22770.52689,28252.85976,29308.13956,30273.29101,28342.94083,27706.23956,33004.32286,29195.80502,30243.07226,37803.98235,39259.32582,40590.57855,37928.23333,37004.42138,31507.72138,27680.67741,28730.21748,36306.88066,37765.45162,39099.47765,36431.4951,35515.45736,28010.37927,24874.60429,25726.13917,31874.06435,33057.47806,34139.88843,31975.06768,31184.81688,22764.08658,20361.17687,21020.32453,25779.72655,26695.80925,27533.78633,25857.9693,25276.01746,24169.24364,21382.00418,22148.53005,27681.69457,28746.90964,29721.05814,27772.52716,27106.15839,26506.81882,23071.59952,24016.43783,30839.16294,32152.34303,33353.5025,30951.45602,30117.98004
Chongqing,CQ,y24,27276.54046,23612.5642,24620.20407,31896.10563,33296.49922,34577.51785,32015.52818,31142.47025,23648.15905,20516.68807,21371.35262,27542.05761,28729.7614,29816.21932,27643.54837,26870.69308,23208.54263,20581.72298,21302.58766,26508.31874,27510.32521,28426.84576,26593.96576,25958.37952,22768.28703,20450.59647,21086.26064,25675.59273,26558.91564,27366.89504,25751.10201,25186.42708,23768.69553,21092.06938,21827.08646,27133.43965,28154.74972,29089.01883,27220.41341,26577.72836,25282.80792,22480.66057,23257.78325,28868.7492,29948.78436,30936.55664,28960.96494,28308.71202,33268.79099,29451.52342,30499.44354,38064.84445,39521.06893,40853.13025,38189.14496,37257.92257,31795.2307,27903.67608,28973.23656,36694.76961,38181.22148,39540.71765,36821.77186,35897.85512,27795.15076,24693.59447,25534.93881,31609.13446,32778.35681,33847.79015,31708.92224,30924.15738,22920.53058,20499.53556,21163.51624,25958.15041,26881.01446,27725.24056,26037.01708,25452.54541,24432.0682,21603.79739,22382.15101,28000.31088,29081.85921,30070.95712,28092.47908,27414.78852,26742.0678,23272.9742,24226.79026,31114.50344,32440.20948,33652.80537,31227.8972,30386.36326
Chongqing,CQ,y25,27507.29046,23812.31774,24828.48214,32165.93427,33578.17644,34870.03097,32286.36739,31405.92454,23869.74627,20704.46707,21568.30389,27805.33391,29005.82304,30103.96383,27907.91329,27128.06709,23399.68215,20732.44369,21464.41742,26750.00567,27767.37035,28697.9258,26836.95235,26190.6092,22977.00568,20634.79215,21277.33765,25916.58928,26809.53339,27626.32864,25992.95322,25424.67063,23953.76657,21261.86335,22000.60414,27333.97244,28360.45955,29299.46777,27421.38223,26772.61473,25142.51037,22361.73668,23133.14375,28702.78067,29774.86573,30755.38756,28794.29701,28147.45676,33529.91112,29660.74298,30724.68743,38406.00328,39884.52293,41236.97541,38532.2332,37593.70959,32009.47575,28121.48716,29187.74053,36885.0601,38366.85987,39722.13004,37011.65947,36081.03372,28456.43992,25270.72792,26135.82336,32381.65176,33583.9123,34683.56008,32484.26575,31681.4296,23126.60035,20685.4251,21355.06888,26190.26321,27120.93487,27972.25669,26269.75141,25678.5327,24554.13528,21722.50785,22501.24147,28122.51858,29204.69923,30194.36026,28214.79941,27537.81863,26928.93476,23439.0097,24398.89432,31330.26966,32664.36347,33884.65035,31444.35145,30597.60332
Chongqing,CQ,y26,27725.16911,24000.92986,25025.14119,32420.71282,33844.13989,35146.22697,32542.10017,31654.68264,24058.81141,20868.4619,21739.14009,28025.57351,29235.57106,30342.40917,28128.96358,27342.94154,23585.02506,20896.65897,21634.4306,26961.88483,27987.30847,28925.23508,27049.52195,26398.05918,23159.00062,20798.23558,21445.8705,26121.86896,27021.88464,27845.15015,26198.8367,25626.05277,24143.49739,21430.27257,22174.864,27550.47768,28585.09502,29531.54102,27638.57992,26984.67319,25341.6579,22538.85838,23316.37525,28930.12854,30010.70546,30998.99329,29022.36897,28370.40509,33795.49132,29895.67827,30968.04878,38710.20734,40200.43841,41563.60296,38837.43742,37891.48029,32263.01305,28344.23017,29418.9287,37177.21765,38670.75461,40036.75887,37304.81932,36366.8232,28681.83503,25470.89089,26342.83773,32638.13966,33849.92158,34958.27862,32741.56492,31932.36983,23309.7802,20849.2682,21524.21687,26397.70961,27335.75244,28193.8172,26477.82803,25881.92559,24748.622,21894.56703,22679.46854,28345.27006,29436.02122,30433.5219,28438.28187,27755.93854,27142.23126,23624.66432,24592.15199,31578.42902,32923.08939,34153.04332,31693.41592,30839.9589
Fujian,FJ,y1,34717.45029,31187.45231,33196.90918,42439.07426,43001.63085,43403.50143,41796.1349,41284.06075,28141.08683,24920.94672,26731.29278,35057.90381,35564.65462,35926.74884,34478.56693,33987.98013,33623.00155,30349.4545,32211.10723,40773.46553,41294.65332,41667.05041,40177.8742,39708.13824,35266.25591,32199.53712,33936.52702,41925.92593,42412.07518,42759.54586,41370.17425,40920.4288,38279.44884,35193.5473,36949.76701,45027.62989,45519.20216,45870.47829,44465.70942,44026.49578,38242.85949,35241.9819,36943.48703,44769.75164,45246.00797,45586.39466,44225.19191,43787.11519,42344.93401,39276.28828,41016.22155,49019.23633,49506.40349,49854.35512,48462.69204,48014.47562,43838.07004,40513.77023,42388.14713,51008.9558,51533.53047,51908.44122,50409.27739,49907.1756,39249.80372,36256.99406,37947.65385,45723.67577,46197.00626,46535.10881,45182.74881,44741.35263,36183.75525,33234.57196,34900.73862,42563.97561,43030.19641,43363.38802,42030.79563,41590.62717,35720.19199,32448.5626,34300.1364,42816.22993,43334.60823,43705.00592,42223.87722,41741.90249,35642.94014,32165.80965,34135.80745,43196.19604,43747.63423,44141.5833,42565.94762,42064.94327
Fujian,FJ,y2,36502.63718,32791.12596,34903.91019,44621.31164,45212.79562,45635.32856,43945.31139,43406.90603,29588.11505,26202.39397,28105.82903,36860.59763,37393.40628,37774.11954,36251.47141,35735.65807,35351.9126,31910.03753,33867.41761,42870.05637,43418.04322,43809.58966,42243.83911,41749.95072,37079.66325,33855.25263,35681.55897,44081.77715,44592.92425,44958.2618,43497.44776,43024.57649,40247.79634,37003.21661,38849.741,47342.97155,47859.82181,48229.16015,46752.15709,46290.35826,40209.32557,37054.14069,38843.13808,47071.83375,47572.57863,47930.46764,46499.27267,46038.6696,44522.33025,41295.8938,43125.2958,51539.82862,52052.04639,52417.88921,50954.66638,50483.40294,46092.24375,42597.0064,44567.76615,53631.86047,54183.41009,54577.5985,53001.34601,52473.42568,41268.04672,38121.34615,39898.93951,48074.80933,48572.47808,48927.9658,47506.06717,47041.9737,38044.34041,34943.50985,36695.35038,44752.63571,45242.82918,45593.15405,44192.0394,43729.23716,37556.94147,34117.08252,36063.86587,45017.86097,45562.89465,45952.33772,44395.04884,43888.29125,37475.71714,33819.79167,35891.087,45417.36486,45997.15878,46411.36477,44754.70932,44227.94287
Fujian,FJ,y3,38378.16397,34475.95181,36697.29242,46913.97966,47535.8537,47980.09762,46203.24662,45637.17736,31108.36976,27548.68671,29549.92211,38754.51518,39314.70129,39714.97558,38114.09243,37571.77637,37168.31248,33549.59236,35607.54369,45072.7438,45648.88709,46060.55059,44414.35179,43895.0854,38984.83645,35594.75445,37514.89792,46346.72324,46884.1335,47268.24143,45732.37112,45235.20318,42315.74994,38904.46176,40845.86259,49775.47985,50318.88616,50707.20134,49154.30911,48668.78296,42275.30371,38958.0024,40838.92089,49490.41055,50016.8835,50393.16192,48888.43121,48404.16207,46809.91199,43417.70035,45341.09736,54187.97297,54726.50848,55111.14933,53572.74563,53077.26751,48460.4889,44785.66511,46857.68125,56387.49522,56967.38372,57381.82592,55724.58489,55169.53949,43388.42188,40080.04128,41948.96947,50544.91917,51068.15928,51441.91163,49946.95502,49459.01644,39999.08021,36738.92616,38580.77762,47052.05082,47567.43132,47935.75568,46462.65018,45976.06897,39486.63682,35870.03679,37916.84742,47330.90476,47903.94169,48313.39446,46676.09119,46143.29585,39401.24051,35557.47016,37735.19051,47750.93358,48360.51916,48796.00686,47054.23146,46500.39923
Fujian,FJ,y4,40327.12333,36226.74495,38560.89317,49296.41416,49949.86962,50416.67301,48549.58801,47954.77209,32727.85554,28987.64153,31091.26065,40766.78889,41355.64447,41776.39531,40093.60614,39524.71725,39257.98461,35460.13181,37619.02701,47548.4365,48152.80341,48584.6529,46857.73625,46312.7293,40994.29168,37441.08068,39453.17887,48708.02542,49271.21956,49673.7265,48064.28804,47539.42877,44701.52025,41105.35674,43153.08993,52571.81767,53144.9806,53554.58589,51916.60759,51405.88944,44483.47263,40999.71326,42974.31724,52056.66109,52609.33572,53004.34019,51424.70272,50915.03951,49245.16498,45676.60312,47699.4499,57003.81916,57570.22059,57974.76356,56356.77504,55840.9389,50713.34125,46837.3959,49022.39575,59071.79942,59683.29805,60120.30119,58372.73014,57780.90737,45567.55446,42111.24784,44065.84461,53055.82801,53603.04207,53993.94272,52430.45617,51925.18371,41934.08304,38507.09372,40442.48011,49343.95041,49885.50327,50272.53163,48724.61855,48213.73422,41478.50668,37667.19029,39824.74054,49748.00844,50352.05594,50783.67657,49057.80499,48496.25311,41401.76243,37360.30847,39649.7363,50179.34304,50820.1967,51278.01035,49446.87196,48864.47344
Fujian,FJ,y5,42418.3981,38105.38326,40560.57382,51852.81648,52540.15742,53031.16919,51067.26082,50441.5995,34383.28107,30448.85565,32660.76878,42834.37013,43453.52875,43895.94176,42126.52722,41527.1196,41081.18156,37081.5032,39356.1039,49817.74518,50454.54098,50909.54281,49090.04126,48516.1103,43088.93854,39341.96695,41464.25212,51225.84234,51819.82857,52244.37399,50546.81529,49997.30851,46770.51113,43000.10209,45145.88246,55015.55841,55616.17143,56045.366,54328.99471,53792.35535,46725.80679,43059.27886,45138.20965,54700.47951,55282.37644,55698.26674,54035.12621,53499.87685,51737.79303,47988.46785,50114.34833,59892.57421,60487.80379,60912.93761,59212.57843,58664.94042,53562.13393,49500.445,51790.59179,62323.64979,62964.58513,63422.65737,61590.95143,60977.47435,47956.10832,44299.44044,46365.11807,55866.00125,56444.32336,56857.42298,55205.08652,54665.77986,44209.95544,40606.59166,42642.34177,52005.42259,52575.05928,52982.15912,51353.97389,50816.16819,43643.56579,39646.22933,41908.51626,52313.63175,52946.99545,53399.55318,51589.88396,51000.99869,43549.178,39300.75907,41707.73668,52777.88006,53451.63775,53932.97169,52007.83245,51395.69609
Fujian,FJ,y6,44592.74679,40058.64938,42639.69171,54510.76927,55233.34393,55749.52351,53684.94669,53027.21384,36145.75327,32009.6516,34334.94693,45030.0411,45680.93756,46146.02869,44285.91452,43655.78141,43186.98448,38982.28436,41373.47983,52371.3815,53040.81973,53519.14457,51606.37548,51003.02459,45297.65952,41358.62076,43589.69165,53851.6566,54476.09014,54922.39712,53137.82349,52560.14867,49167.94797,45204.26866,47460.04147,57835.63248,58467.03247,58918.22785,57113.87579,56549.72801,49120.95147,45266.47937,47451.97419,57504.40275,58116.12716,58553.33599,56804.94412,56242.25691,54389.84988,50448.33658,52683.18905,62962.64208,63588.38306,64035.30876,62247.7902,61672.08006,56307.7056,52037.81604,54445.35625,65518.33291,66192.12266,66673.67587,64748.07713,64103.15319,50414.31794,46570.21081,48741.77404,58729.66805,59337.6357,59771.91036,58034.87468,57467.9246,46476.13891,42688.06661,44828.1703,54671.19845,55270.03419,55698.00256,53986.35663,53420.98302,45880.7165,41678.47855,44056.72872,54995.20549,55661.03558,56136.79172,54234.35963,53615.2884,45781.49068,41315.29942,43845.65759,55483.25238,56191.54608,56697.5534,54673.73178,54030.21779
Fujian,FJ,y7,45863.7593,41200.4274,43855.03699,56064.47267,56807.64207,57338.53516,55215.11198,54538.63243,37176.00439,32922.01194,35313.58483,46313.51896,46982.96778,47461.3138,45548.18267,44900.08857,44417.92978,40093.38455,42552.73584,53864.10612,54552.62534,55044.58429,53077.29565,52456.74803,46588.76427,42537.45102,44832.11528,55386.57326,56028.80425,56487.83333,54652.39395,54058.25381,50569.36616,46492.71295,48812.77945,59484.10325,60133.50011,60597.55495,58741.77449,58161.54679,50521.03027,46556.6957,48804.48398,59143.43158,59772.59279,60222.26384,58424.03771,57845.3125,55940.10647,51886.24995,54184.80199,64757.2466,65400.82253,65860.48666,64022.01921,63429.89987,57912.62657,53521.03323,55997.1945,67385.78099,68078.77564,68574.05407,66593.57106,65930.26541,51851.26105,47897.58711,50131.04477,60403.62086,61028.91723,61475.57014,59689.02481,59105.91483,47800.83349,43904.79284,46105.89336,56229.47427,56845.37859,57285.54333,55525.11225,54943.62434,47188.4411,42866.4272,45312.46415,56562.71696,57247.52489,57736.84112,55780.18494,55143.46802,47086.38568,42492.89473,45095.37596,57064.67345,57793.15603,58313.58473,56232.07919,55570.22388
Fujian,FJ,y8,47145.34493,42351.70472,45080.49357,57631.10067,58395.03662,58940.76423,56758.00535,56062.62236,38261.24772,33888.6644,36347.9491,47659.34594,48347.76015,48839.65005,46872.34692,46207.27506,45895.44446,41455.47796,43979.38388,55587.58693,56294.13645,56798.99988,54780.10789,54142.95455,47925.31357,43771.3514,46123.64075,56943.23138,57601.64538,58072.20602,56190.65483,55577.05556,52259.33387,48055.15764,50449.10551,61460.28526,62130.35511,62609.21373,60694.29678,60097.23036,52004.42053,47931.6518,50240.10845,60858.0298,61504.14684,61965.93626,60119.22487,59523.39055,57571.18691,53399.27658,55764.13269,66641.61892,67303.78276,67776.72356,65885.17552,65282.12639,59287.59165,54756.32857,57310.75218,69059.23712,69774.12336,70285.0133,68241.97461,67550.09107,53271.79175,49231.11672,51516.18355,62026.12832,62665.86281,63122.85346,61295.02316,60704.32336,49023.99801,45017.59789,47280.20608,57686.67293,58319.78843,58772.2536,56962.62931,56365.36792,48491.39656,44035.68923,46558.02294,58159.04724,58865.22219,59369.81798,57352.14833,56695.65261,48401.67686,43676.92194,46353.43047,58663.30714,59412.51324,59947.72994,57806.99687,57126.12998
Fujian,FJ,y9,48513.41382,43580.66958,46388.64235,59303.44464,60089.54888,60651.11238,58405.01437,57689.45344,39323.74737,34823.99187,37353.73016,48989.15581,49697.27997,50203.262,48179.60437,47494.0681,46984.0548,42409.6705,45011.10429,56975.95785,57704.25482,58224.63503,56143.69287,55487.29455,49280.30291,44994.93667,47422.16836,58586.38198,59265.71692,59751.26391,57809.78627,57181.32143,53490.87381,49178.70128,51632.80489,62920.63508,63607.54905,64098.41374,62135.42022,61521.67208,53439.74612,49246.38138,51624.02988,62560.28268,63225.79128,63701.44044,61799.32693,61187.16727,59171.8934,54883.83562,57315.18139,68498.41989,69179.17703,69665.39665,67720.71666,67094.38943,61258.37095,56613.06518,59232.27949,71278.81063,72011.84191,72535.73347,70440.83351,69739.20661,54846.82683,50664.73958,53027.22972,63893.27599,64554.69653,65027.15348,63137.39539,62520.59678,50562.39644,46441.27169,48769.53593,59477.9784,60129.46595,60595.0604,58732.92426,58117.84296,49914.62404,45342.91746,47930.26912,59830.47352,60554.84434,61072.42937,59002.73274,58329.23147,49806.67425,44947.80663,47700.63897,60361.42921,61131.99832,61682.49317,59480.73448,58780.64217
Fujian,FJ,y10,49894.0253,44820.90397,47708.78739,60991.12338,61799.59828,62377.14293,60067.12483,59331.19881,40442.83599,35815.02556,38416.75618,50383.30573,51111.58315,51631.96431,49550.71646,48845.67185,48321.14361,43616.57952,46292.04625,58597.39977,59346.42272,59881.61216,57741.44938,57066.3713,50682.73869,46275.41866,48771.72554,60253.65416,60952.32072,61451.68648,59454.95756,58808.60819,55013.13529,50578.24674,53102.19001,64711.25318,65417.71489,65922.54951,63903.69245,63272.47872,54960.55231,50647.85246,53093.16441,64340.64462,65025.09385,65514.27945,63558.03409,62928.45435,60855.82901,56445.74006,58946.27634,70447.7714,71147.90257,71647.96016,69647.93762,69003.78568,63001.6834,58224.18013,60917.93302,73307.28868,74061.17992,74599.98076,72445.46349,71723.87006,56407.67658,52106.57428,54536.29761,65711.57264,66391.8175,66877.71905,64934.18156,64299.83095,52001.31854,47762.91395,50157.4371,61170.62458,61840.65063,62319.49621,60404.36713,59771.78092,51335.11176,46633.30286,49294.28429,61533.15078,62278.13625,62810.45062,60681.85312,59989.18484,51224.08979,46226.94838,49058.12089,62079.21683,62871.71453,63437.87594,61173.45861,60453.44194
Fujian,FJ,y11,51313.18539,46095.76653,49065.79109,62725.92324,63557.39486,64151.36656,61775.64289,61018.78566,41593.17057,36833.72931,39509.46233,51816.38377,52565.37386,53100.55712,50960.11143,50235.01227,49695.56482,44857.18799,47608.75295,60264.11442,61034.44174,61584.85367,59383.8171,58689.53711,52124.3323,47591.65283,50158.96277,61967.47806,62686.01791,63199.58631,61146.06361,60481.32982,56577.90165,52016.86809,54612.60099,66551.86662,67278.42361,67797.61726,65721.33522,65072.1668,56523.82226,52088.45446,54603.31899,66170.71722,66874.63348,67377.7333,65365.84548,64718.35875,62586.78013,58051.25328,60622.91445,72451.55196,73171.59658,73685.87701,71628.96681,70966.49289,64793.67097,59880.27848,62650.65059,75392.40328,76167.73835,76721.86442,74506.06452,73763.94708,58012.10746,53588.66671,56087.49962,67580.63933,68280.23229,68779.9551,66781.13723,66128.74275,53480.41737,49121.45752,51584.08904,62910.52981,63599.61365,64092.07973,62122.4773,61471.8988,52795.26139,47959.71573,50696.38623,63283.36781,64049.54245,64596.99789,62407.85746,61695.48692,52681.0814,47541.80309,50453.50374,63844.96611,64660.00547,65242.26987,62913.44464,62172.94811
Fujian,FJ,y12,51845.4609,46573.92073,49574.75415,63376.58352,64216.68093,64816.81472,62416.44701,61651.73841,42075.67069,37267.16619,39971.62535,52410.70382,53167.75019,53708.67779,51545.24527,50813.8694,50470.95175,45588.34588,48363.87042,61129.34438,61906.33352,62461.52851,60241.36465,59540.69099,52703.18732,48135.09864,50721.89737,62620.13727,63344.19356,63861.66568,61792.53446,61117.76412,57469.28437,52845.97537,55478.58538,67587.51589,68324.38905,68850.98683,66745.16329,66088.57277,57188.95641,52710.15633,55248.75359,66925.21912,67635.75109,68143.57834,66112.7601,65457.5258,63310.69727,58722.87402,61323.48988,73285.39747,74013.57734,74533.66734,72453.54294,71790.37323,65198.21841,60215.21361,63024.29928,75944.04016,76730.19721,77292.01981,75045.3017,74284.4403,58582.67771,54139.17174,56652.04498,68209.77099,68913.28364,69415.83377,67405.77959,66756.18899,53911.40356,49505.59015,51993.76569,63437.6963,64133.92992,64631.50333,62641.47008,61984.66518,53325.70526,48425.79016,51199.58433,63957.16307,64733.74164,65288.64312,63069.82186,62347.87748,53227.04128,48031.25622,50974.59627,64511.69556,65335.59436,65924.16879,63570.01591,62821.2706
Fujian,FJ,y13,52437.96271,47106.17914,50141.30563,64100.86584,64950.56342,65557.55498,63129.75663,62356.30843,42504.88709,37641.11909,40375.50417,52952.19077,53717.59917,54264.51322,52077.14905,51336.15695,50784.88473,45840.44963,48652.33084,61585.09467,62372.30753,62934.7851,60685.50142,59976.00331,53266.88966,48634.85501,51258.44032,63325.79578,64060.08633,64584.91221,62486.3772,61807.072,57818.08031,53157.06941,55809.70094,68010.67424,68753.15608,69283.7301,67161.9373,66498.53959,57762.81567,53230.22446,55800.21483,67621.17014,68340.51581,68854.64291,66798.65526,66136.97502,63958.67309,59323.72737,61951.75896,74039.67979,74775.50778,75301.06081,73199.06277,72522.068,66213.9388,61192.84637,64023.9445,77044.99364,77837.32376,78403.59606,76139.22637,75380.84155,59283.72481,54763.32298,57316.92953,69061.99732,69776.92484,70287.6011,68244.9684,67578.27314,54652.70034,50198.19229,52714.80481,64289.51942,64993.70856,65496.96864,63484.19299,62819.35374,53952.52431,49010.98665,51807.6441,64670.53047,65453.49931,66012.95542,63775.82768,63047.84351,53835.84311,48583.91273,51559.43668,65244.43768,66077.34261,66672.3712,64292.49772,63535.77
Fujian,FJ,y14,53008.40405,47618.61822,50686.76325,64798.18095,65657.12113,66270.71617,63816.50707,63034.6452,42967.27116,38050.59456,40814.72411,53528.2261,54301.96106,54854.82375,52643.665,51894.61142,51337.34305,46339.1209,49181.58959,62255.04188,63050.81877,63619.41514,61345.66309,60628.44567,53846.34836,49163.92365,51816.05033,64014.6792,64756.95721,65287.4935,63166.12802,62479.43355,58447.04863,53735.33298,56416.82146,68750.52117,69501.07998,70037.42686,67892.55167,67221.93741,58391.18316,53809.28425,56407.23289,68356.78037,69083.95096,69603.67154,67525.31835,66856.43939,64654.4421,59969.07495,62625.69513,74845.11263,75588.94525,76120.21636,73995.35234,73310.99249,66934.24018,61858.52595,64720.42181,77883.11964,78684.06966,79256.5016,76967.49885,76200.86412,59928.6371,55359.05852,57940.44618,69813.28097,70535.98502,71052.21704,68987.36466,68313.41777,55247.23472,50744.26908,53288.25748,64988.8861,65700.73605,66209.47053,64174.79914,63502.72732,54539.44236,49544.14737,52371.22795,65374.04154,66165.52847,66731.06976,64469.60688,63733.70253,54421.49114,49112.4274,52120.32172,65954.19248,66796.15865,67397.65909,64991.89847,64226.93802
Fujian,FJ,y15,53584.26628,48135.92837,51237.40319,65502.12216,66370.39388,66990.65465,64509.78346,63719.42834,43434.05128,38463.96116,41258.12001,54109.73391,54891.87524,55450.74521,53215.56418,52458.37384,51895.05098,46842.53091,49715.87855,62931.3554,63735.77644,64310.54937,62012.09765,61287.08936,54431.31392,49698.0215,52378.95898,64710.10822,65460.4504,65996.74958,63852.33933,63158.18435,59081.99332,54319.09286,57029.71077,69497.39923,70256.11176,70798.2839,68630.10929,67952.20943,59025.52075,54393.84651,57020.01763,69099.37985,69834.45155,70359.81799,68258.88636,67582.7407,65356.82039,60620.5551,63306.0357,75658.19947,76410.11304,76947.15517,74799.20812,74107.41303,67661.38657,62530.53215,65423.51905,78729.20992,79538.8613,80117.51248,77803.64303,77028.67927,60579.67634,55960.458,58569.88768,70571.70375,71302.26039,71824.10095,69736.81488,69055.54597,55847.41767,51295.53384,53867.15886,65694.90026,66414.4822,66928.74382,64871.96847,64192.59593,55131.93698,50082.37507,52940.16667,66084.23835,66884.32428,67456.00995,65169.97863,64426.07948,55012.70387,49645.9647,52686.53526,66670.69246,67521.80538,68129.84082,65697.94316,64924.67368
Fujian,FJ,y16,54136.96366,48632.42915,51765.89491,66177.74704,67054.97562,67681.63405,65175.17386,64376.66642,43935.36226,38914.32697,41738.32078,54727.19038,55517.6956,56082.53237,53823.47845,53059.77716,52701.70338,47603.29305,50501.49168,63831.18192,64642.5133,65222.24712,62903.95588,62172.31281,55032.60008,50262.60864,52963.74037,65387.86783,66143.92432,66684.26816,64523.68577,63819.08988,60009.3533,55181.69886,57930.66864,70574.79793,71344.23839,71894.1111,69695.21355,69009.60251,59716.63559,55039.87938,57690.67683,69883.22872,70625.16401,71155.43662,69034.85865,68350.66316,66108.9478,61318.3492,64033.91085,76524.51756,77284.88048,77827.9587,75655.89687,74963.4153,68079.89482,62876.64865,65809.89258,79300.66951,80121.57237,80708.22614,78362.20635,77567.71668,61171.95645,56532.05375,59155.99321,71224.55567,71959.16128,72483.92313,70385.02755,69706.72696,56294.21896,51693.6724,54291.824,66241.56095,66968.56673,67488.13184,65410.14237,64724.30769,55682.63334,50566.14871,53462.54191,66783.9874,67594.8891,68174.31597,65857.42702,65103.57416,55579.60755,50154.17559,53227.60843,67363.03053,68223.34321,68837.93199,66379.72908,65597.89052
Fujian,FJ,y17,54753.47414,49186.2547,52355.40299,66931.37815,67818.59561,68452.3909,65917.38698,65109.78516,44381.78197,39303.24426,42158.37133,55290.40896,56089.61569,56660.68012,54376.72772,53603.01472,53027.40096,47864.63376,50800.67853,64304.51745,65126.49167,65713.80567,63365.20047,62624.37247,55619.00422,50782.43213,53521.86716,66122.08384,66888.79726,67436.79798,65245.59792,64536.29634,60371.16284,55504.33538,58274.09802,71013.83217,71789.09972,72343.10213,70127.61791,69434.92599,60313.45769,55580.72078,58264.19486,70607.12797,71358.2385,71895.06834,69748.29423,69057.39611,66782.90689,61943.29618,64687.37278,77309.06165,78077.3819,78626.1419,76431.32513,75724.43646,69137.75741,63894.94797,66851.0596,80447.08237,81274.39879,81865.67533,79501.31867,78709.44589,61901.5253,57181.5158,59847.88183,72111.57807,72858.07439,73391.30183,71258.4719,70562.33748,57066.00794,52414.80314,55042.53962,67128.36214,67863.64627,68389.1282,66287.47418,65593.2778,56334.91519,51175.1719,54095.32172,67526.19704,68343.74074,68927.90025,66591.98705,65831.85685,56213.08102,50729.24062,53836.15564,68125.44609,68995.1303,69616.4331,67131.47221,66341.32913
Fujian,FJ,y18,55347.37388,49719.76801,52923.29235,67657.36966,68554.21054,69194.8794,66632.37951,65816.01966,44863.18288,39729.5576,42615.65495,55890.133,56698.00908,57275.26745,54966.5424,54184.43747,53602.5795,48383.81258,51351.70347,65002.01563,65832.90635,66426.59153,64052.51099,63303.64832,56222.29358,51333.25838,54102.40914,66839.2966,67614.32771,68168.2721,65953.30466,65236.30881,61025.99703,56106.37968,58906.18641,71784.10521,72567.78302,73127.79504,70888.27876,70188.0741,60967.66597,56183.59394,58896.17528,71372.99087,72132.24868,72674.90089,70504.84146,69806.44881,67507.28832,62615.18236,65389.0246,78147.6175,78924.27131,79478.98419,77260.36168,76545.80554,69887.68126,64588.00427,67576.18036,81319.67574,82155.96613,82753.65719,80363.65347,79563.19172,62572.95972,57801.7519,60497.04108,72893.75891,73648.35256,74187.36282,72031.39958,71327.71514,57684.99228,52983.33557,55639.57662,67856.49046,68599.75008,69130.93186,67006.4821,66304.75572,56945.96965,51730.25885,54682.08345,68258.6401,69085.05145,69675.5476,67314.29792,66545.92251,56822.81313,51279.49038,54420.10667,68864.39064,69743.50741,70371.54988,67859.63465,67060.92162
Fujian,FJ,y19,55947.34444,50258.73362,53496.98467,68390.78116,69297.34324,69944.95727,67354.67975,66529.46955,45349.50349,40160.2301,43077.61199,56495.98602,57312.61924,57896.13557,55562.38337,54771.80022,54183.63469,48908.29716,51908.36029,65706.64298,66546.53993,67146.65988,64746.84467,63989.86402,56831.74692,51889.7156,54688.88247,67563.83889,68347.27212,68907.2218,66668.24206,65943.47476,61687.52258,56714.57648,59544.73349,72562.24957,73354.42173,73920.50473,71656.71277,70948.9166,61628.55971,56792.62825,59534.61381,72146.67847,72914.16685,73462.70172,71269.11799,70563.15492,68239.07227,63293.9351,66097.84602,78994.74351,79779.81607,80340.54213,78097.86926,77375.56641,70645.26838,65288.14204,68308.71032,82201.18636,83046.54302,83650.71274,81234.80136,80425.66173,63251.25565,58428.32735,61152.83313,73683.93265,74446.70613,74991.55966,72812.22502,72100.91237,58310.30243,53557.67864,56242.71306,68592.05946,69343.37631,69880.31642,67732.83685,67023.5037,57563.2677,52291.01813,55274.84078,68998.56889,69833.93842,70430.83526,68043.98973,67267.28506,57438.77657,51835.36347,55010.02398,69610.88482,70499.53224,71134.38237,68595.23763,67787.86598
Fujian,FJ,y20,56523.57695,50776.37718,54047.98128,69095.17583,70011.0764,70665.36011,68048.40421,67214.69437,45872.24148,40629.85337,43578.3438,57139.82313,57965.17789,58554.9149,56196.27257,55398.90333,55025.04373,49701.8719,52727.83625,66645.16345,67492.26064,68097.55202,65677.05943,64913.16216,57458.6984,52478.4216,55298.63279,68270.47463,69059.86131,69624.02618,67368.19557,66632.53798,62654.84989,57614.37055,60484.52631,73686.06874,74489.42945,75063.5437,72767.70911,72051.87265,62349.22705,57466.29741,60233.95559,72964.01115,73738.65494,74292.30465,72078.24233,71363.8842,69023.344,64021.5523,66856.82784,79898.08133,80691.9639,81258.98315,78991.16598,78268.15656,71081.17914,65648.54881,68711.10333,82796.61755,83653.70981,84266.22715,81816.7835,80987.26878,63868.70552,59024.25422,61763.87021,74364.47031,75131.46197,75679.35807,73487.93321,72779.72955,58775.93513,53972.57475,56685.26448,69161.80325,69920.85742,70463.32814,68293.73024,67577.66155,58137.38657,52795.34354,55819.42379,69728.14195,70574.79117,71179.76244,68760.73388,67973.64828,58029.81993,52365.20821,55574.13295,70332.71233,71230.95035,71872.63359,69306.06155,68489.7552
Fujian,FJ,y21,57165.71913,51353.22775,54661.9977,69880.13887,70806.44459,71468.16199,68821.47431,67978.29299,46337.08705,41034.80639,44015.72077,57726.30939,58560.72729,59156.95049,56772.37516,55964.57465,55363.6012,49973.38059,53038.77742,67137.54758,67995.73568,68608.92457,66156.8486,65383.38259,58069.38139,53019.72754,55879.85241,69035.18877,69835.68162,70407.82615,68120.08838,67379.5379,63030.90341,57949.66122,60841.45103,74142.45162,74951.87433,75530.2846,73217.19351,72493.98466,62970.65589,58029.41122,60831.10998,73717.82939,74502.03133,75062.51226,72821.15821,72099.82167,69725.12627,64672.29914,67537.27095,80715.02684,81517.19517,82090.13192,79798.62085,79060.5881,72183.72284,66709.93381,69796.28149,83991.29665,84855.06224,85472.38939,83003.8662,82177.1061,64628.68874,59700.73177,62484.56951,75288.56013,76067.9459,76624.664,74397.86931,73671.06647,59580.13603,54724.01367,57467.52127,70085.80108,70853.4791,71402.11214,69207.86687,68483.08575,58816.83383,53429.76894,56478.57154,70501.16342,71354.72461,71964.62041,69525.79532,68732.17622,58689.63095,52964.19108,56207.98648,71126.81381,72034.81317,72683.48822,70089.04824,69264.09501
Fujian,FJ,y22,57784.24099,51908.85869,55253.4292,70636.22739,71572.55488,72241.43235,69566.10842,68713.80428,46838.44438,41478.79402,44491.96177,58350.89588,59194.34157,59797.01666,57386.64058,56570.1011,55962.62448,50514.08373,53612.6465,67863.96288,68731.43504,69351.25877,66872.65198,66090.81666,58697.68017,53593.3888,56484.46003,69782.13506,70591.28905,71169.62441,68857.13389,68108.57032,63712.88354,58576.66383,61499.74176,74944.65703,75762.83896,76347.50686,74009.38848,73278.35423,63651.98503,58657.27744,61489.28998,74515.44144,75308.1277,75874.67223,73609.06825,72879.92773,70479.5376,65372.03884,68268.0105,81588.34587,82399.19461,82978.33021,80662.02481,79916.00782,72964.73631,67431.72272,70551.46274,84900.06469,85773.17645,86397.18344,83901.9515,83066.24584,65327.95797,60346.68135,63160.63894,76103.16747,76890.98444,77453.72665,75202.83965,74468.17197,60224.78,55316.11626,58089.30841,70844.11481,71620.09873,72174.66852,69956.68138,69224.05869,59453.21876,54007.86836,57089.65779,71263.97068,72126.76802,72743.26269,70278.04934,69475.84336,59324.64048,53537.25244,56816.14634,71896.39079,72814.21493,73469.90911,70847.39764,70013.51794
Fujian,FJ,y23,58409.06073,52470.14875,55850.88565,71400.01628,72346.46858,73022.57866,70318.32681,69456.80702,47344.90907,41927.3046,44973.05336,58981.84464,59834.40981,60443.60122,58007.16177,57181.79326,56567.7481,51060.29154,54192.3596,68597.77547,69474.6283,70101.15423,67595.74621,66805.45687,59332.37838,54172.89371,57095.22684,70536.6897,71354.59344,71939.18123,69601.68631,68845.02882,64401.81191,59210.05318,62164.73909,75755.03376,76582.06142,77173.05264,74809.65163,74070.71244,64340.25503,59291.5379,62154.17432,75321.1769,76122.43469,76695.10512,74405.00373,73667.97772,71241.63221,66078.90775,69006.19169,82470.56115,83290.17658,83875.5749,81534.2241,80780.1401,73753.70357,68160.86047,71314.3358,85818.08911,86700.64188,87331.39607,84809.18204,83964.44053,66034.34951,60999.20905,63843.59501,76926.07054,77722.40729,78291.23483,76016.00797,75273.397,60875.99015,55914.24904,58717.42777,71610.15202,72394.52706,72955.09325,70713.12257,69972.57881,60096.08634,54591.85534,57706.96768,72034.54888,72906.67388,73529.83508,71037.96701,70227.08673,59966.1182,54116.15144,57430.49949,72673.80731,73601.55427,74264.33809,71613.47074,70770.57472
Fujian,FJ,y24,59009.09125,53009.16968,56424.63565,72133.50148,73089.67597,73772.73157,71040.69946,70170.32855,47889.38264,42416.47319,45494.61657,59652.43619,60514.08437,61129.75321,58667.39448,57834.9615,57444.66234,51887.41384,55046.44045,69575.7547,70460.10089,71092.00931,68565.07964,67767.5912,59985.33218,54786.05814,57730.2827,71272.53584,72096.6349,72685.60791,70330.58035,69562.57357,65409.97373,60147.84989,63144.21539,76926.26997,77764.95786,78364.31698,75967.52631,75220.21296,65090.91322,59993.26522,62882.62558,76172.4619,76981.16837,77559.16349,75247.74237,74501.97208,72058.51111,66836.77557,69796.7257,83411.44302,84240.23608,84832.1884,82464.6496,81709.84723,74206.83509,68535.31562,71732.5403,86437.43785,87332.21913,87971.66931,85414.51611,84548.52543,66677.20763,61619.73049,64479.81525,77634.50277,78435.22084,79007.20929,76719.42139,75980.07602,61360.4913,56345.9135,59177.88824,72203.05853,72995.49124,73561.81608,71296.81504,70549.25693,60693.86521,55116.91633,58273.97416,72794.30088,73678.17989,74309.75361,71784.35388,70962.65742,60581.56747,54667.86675,58017.89724,73425.45538,74363.19288,75033.09288,72353.66055,71501.4589
Fujian,FJ,y25,59677.83913,53609.92034,57064.09328,72950.9878,73917.99886,74608.79525,71845.80128,70965.56709,48373.34842,42838.06239,45949.97078,60263.06503,61134.15015,61756.57377,59267.20959,58423.91185,57796.52853,52169.43762,55369.54169,70087.87625,70983.77508,71623.91085,69064.07959,68256.62436,60621.21348,55349.65287,58335.46537,72068.90711,72904.57827,73501.86499,71113.59322,70340.49897,65800.76629,60496.23076,63515.09854,77400.60605,78245.59926,78849.42746,76434.68797,75679.69779,65737.87153,60579.48701,63504.30425,76957.32418,77775.98784,78361.09848,76021.24905,75268.21399,72789.16337,67514.29144,70505.16393,84262.00896,85099.42945,85697.54364,83305.33176,82534.86796,75355.80335,69641.46939,72863.44496,87682.25409,88583.9773,89228.43233,86651.43207,85788.34008,67468.76481,62324.2515,65230.42354,78597.07989,79410.71487,79991.89869,77667.24879,76908.5065,62198.35665,57128.83484,59992.90339,73165.68799,73967.10139,74539.8439,72249.17396,71492.54265,61401.51066,55777.71537,58960.49522,73599.30267,74490.37412,75127.07148,72581.07329,71752.57859,61268.71853,55291.67724,58678.02072,74252.44791,75200.34772,75877.52865,73169.07796,72307.87263
Fujian,FJ,y26,60321.91525,54188.50741,57679.96047,73738.31571,74715.76244,75414.01448,72621.20044,71731.46603,48895.41989,43300.39392,46445.88843,60913.45608,61793.94319,62423.08495,59906.8541,59054.45465,58420.30025,52732.4778,55967.11934,70844.30228,71749.87112,72396.91585,69809.45674,68993.2867,61275.47068,55947.01662,58965.05397,72846.71427,73691.40383,74295.13669,71881.09101,71099.65315,66510.92402,61149.1398,64200.58765,78235.9555,79090.06776,79700.41283,77259.6132,76496.47419,66447.35044,61233.29304,64189.67727,77787.889,78615.38846,79206.81372,76841.71149,76080.54918,73574.74443,68242.94355,71266.09491,85171.41088,86017.86954,86622.43916,84204.4093,83425.62957,76169.08357,70393.079,73649.82795,88628.56819,89540.02405,90191.43495,87586.62108,86714.2141,68196.92465,62996.88858,65934.42612,79445.34301,80267.75816,80855.21404,78505.47593,77738.54552,62869.63441,57745.39987,60640.37935,73955.33314,74765.39447,75344.31879,73028.9256,72264.12895,62064.19022,56379.69844,59596.82838,74393.62583,75294.31518,75937.88352,73364.40827,72526.97174,61929.96338,55888.41419,59311.30493,75053.82071,76011.95069,76696.44133,73958.76016,73088.25933
Gansu,GS,y1,20095.58742,19838.84535,20972.13876,21749.87423,21720.29626,21964.70809,22283.25771,21447.85676,19140.7068,18914.69366,19876.32899,20536.333,20511.1771,20718.6345,20988.86322,20273.05728,18919.2021,18715.33424,19612.21096,20227.68196,20204.27861,20397.71119,20649.79708,19989.08086,18790.31921,18574.73406,19512.68073,20156.55188,20131.99217,20334.33354,20597.95641,19904.18257,18996.63263,18775.74673,19744.91214,20410.11802,20384.60631,20593.73687,20866.13231,20151.2224,19923.44468,19681.04333,20756.25556,21494.08808,21465.92241,21697.80832,21999.89367,21209.14842,19574.83761,19310.22355,20459.42825,21248.03798,21218.03706,21465.92057,21788.86982,20939.07342,19351.34368,19086.25865,20240.80151,21033.15801,21003.02029,21251.96618,21576.44707,20721.72167,18756.29224,18504.97284,19595.43569,20343.78412,20315.33747,20550.49793,20856.98761,20050.50754,19618.80819,19354.19436,20532.88506,21341.83473,21311.01409,21565.31386,21896.51411,21030.58003,21317.82691,21034.26648,22277.68489,23131.09042,23098.45961,23366.70593,23716.23447,22798.97549,20952.64893,20664.34232,21934.17474,22805.62988,22772.41339,23046.38623,23403.20427,22467.55936
Gansu,GS,y2,21028.09257,20759.43711,21945.31965,22759.14344,22728.19424,22983.94691,23317.27912,22443.11226,20028.9031,19792.40208,20798.65998,21489.29001,21462.96785,21680.05211,21962.8203,21213.79727,19797.11956,19583.79103,20522.28593,21166.31725,21141.82834,21344.2361,21608.01982,20916.64379,19662.25645,19436.66699,20418.13799,21091.88626,21066.18727,21277.91761,21553.77414,20827.80624,19878.14344,19647.00775,20661.14576,21357.21942,21330.52347,21549.35902,21834.39414,21086.30936,20847.96253,20594.31193,21719.41918,22491.48852,22462.01613,22704.6619,23020.76503,22193.32766,20483.17854,20206.28494,21408.81728,22234.02102,22202.62814,22462.01468,22799.94942,21910.71992,20249.31288,19971.92783,21180.04596,22009.17036,21977.6339,22238.13211,22577.66952,21683.28205,19626.65117,19363.66882,20504.73278,21287.80693,21258.03997,21504.11306,21824.82462,20980.92115,20529.19027,20252.29725,21485.68253,22332.16996,22299.91958,22566.02024,22912.589,22006.47268,22307.04823,22010.33128,23311.44784,24204.45446,24170.30861,24451.00322,24816.7501,23856.92817,21924.92447,21623.2406,22951.99813,23863.89173,23829.13327,24115.81814,24489.19439,23510.1331
Gansu,GS,y3,22003.03472,21721.92282,22962.78741,23814.34382,23781.95957,24049.57009,24398.35651,23483.65895,20957.51795,20710.05226,21762.96473,22485.61499,22458.07221,22685.2208,22981.09897,22197.34865,20714.98949,20491.76933,21473.77675,22147.66725,22122.04246,22333.83509,22609.84877,21886.41799,20573.87249,20337.8234,21364.79958,22069.78691,22042.89527,22264.44179,22553.08802,21793.4617,20799.76966,20557.91697,21619.07332,22347.42058,22319.48617,22548.46871,22846.71921,22063.95025,21814.55275,21549.14229,22726.41325,23534.27885,23503.44021,23757.33607,24088.09461,23222.29342,21432.85666,21143.12505,22401.4108,23264.87406,23232.0254,23503.43795,23857.04098,22926.5836,21188.14785,20897.90147,22162.03276,23029.59861,22996.59925,23269.17532,23624.45581,22688.6007,20536.61603,20261.44146,21455.40964,22274.78986,22243.64345,22501.12416,22836.70601,21953.6752,21481.00037,21191.26995,22481.83972,23367.57417,23333.82783,23612.26581,23974.90274,23026.77517,23341.28756,23030.81269,24392.25411,25326.66394,25290.93518,25584.64303,25967.34842,24963.0244,22941.44766,22625.77516,24016.13867,24970.31189,24933.94151,25233.9197,25624.6062,24600.151
Gansu,GS,y4,23010.09421,22716.11653,24013.77449,24904.3055,24870.43845,25150.2965,25515.04721,24558.48533,21893.01875,21634.46233,22733.42715,23487.67318,23458.89709,23696.01163,24004.80547,23186.89894,21687.42701,21455.25954,22478.91227,23181.40608,23154.71216,23375.45202,23663.19592,22908.26888,21501.03741,21253.71892,22330.40832,23069.5279,23041.33463,23273.61354,23576.24203,22780.44838,21762.97564,21509.25508,22623.60017,23388.42607,23359.09226,23599.56147,23912.73038,23091.89495,22854.7283,22575.51964,23812.09318,24660.66629,24628.27369,24894.93697,25242.37829,24331.78194,22398.03133,22095.76925,23411.64601,24314.6292,24280.29449,24564.12935,24933.91697,23960.89008,22131.14686,21826.31436,23148.94665,24056.68859,24022.16243,24307.35228,24679.08466,23699.71885,21461.33995,21174.71957,22421.32445,23276.78985,23244.27183,23513.08903,23863.45507,22942.21654,22526.55096,22222.2573,23575.82027,24504.80261,24469.40743,24761.44097,25141.78707,24147.64263,24427.23782,24103.59525,25523.956,26498.80093,26461.50811,26767.95918,27167.21106,26118.62546,23996.61637,23665.27427,25124.29191,26125.57035,26087.41651,26402.19572,26812.17872,25737.48186
Gansu,GS,y5,24087.85683,23780.10943,25138.5479,26070.79029,26035.33845,26328.30426,26710.13866,25708.77271,22943.27662,22672.36284,23825.03936,24616.16331,24586.00998,24834.68209,25158.59493,24300.58369,22677.7663,22433.39804,23508.45101,24246.19471,24218.14144,24450.00124,24752.16833,23960.19059,22523.27909,22264.86539,23389.14814,24160.93342,24131.49422,24374.0335,24690.02975,23858.42646,22770.58007,22505.81326,23667.51559,24464.87365,24434.29356,24684.97156,25011.48166,24154.5444,23881.5154,23590.95727,24879.77646,25764.18861,25730.42909,26008.38094,26370.47947,25422.64256,23463.65354,23146.4692,24523.98054,25469.2587,25433.29618,25730.4263,26117.53319,25098.91363,23195.75867,22878.01074,24261.9209,25211.6897,25175.5642,25473.96747,25862.91114,24838.3818,22482.49283,22181.24462,23488.34323,24385.36077,24351.26341,24633.14149,25000.51999,24033.82075,23516.35975,23199.17691,24612.02965,25581.68869,25544.74507,25849.56529,26246.56291,25208.59893,25552.91091,25213.01792,26703.45908,27726.40565,27687.29159,28008.82928,28427.79539,27328.31113,25115.18565,24769.60331,26291.70647,27336.28891,27296.47213,27624.87376,28052.57829,26931.05509
Gansu,GS,y6,25201.7606,24879.78131,26301.03852,27276.39185,27239.29875,27545.81363,27945.30586,26897.63275,24004.25131,23720.80867,24926.78953,25754.49704,25722.94989,25983.12085,26322.01232,25424.3245,23726.46295,23470.7929,24595.56136,25367.42033,25338.07024,25580.65107,25896.79169,25068.19005,23564.83161,23294.46781,24470.74193,25278.21605,25247.41591,25501.17067,25831.77875,24961.72112,23823.56834,23546.55732,24761.98056,25596.21125,25564.21772,25826.48743,26168.09695,25271.5323,24985.87678,24681.88349,26030.30076,26955.61189,26920.29008,27211.09525,27589.93924,26598.27153,24548.69181,24216.84044,25658.05132,26647.04231,26609.41742,26920.28791,27325.29573,26259.57149,24268.40761,23935.96732,25383.87405,26377.56239,26339.76757,26651.96902,27058.89796,25986.99241,23522.15795,23206.98117,24574.52404,25513.02263,25477.34739,25772.26129,26156.62836,25145.22533,24603.83452,24271.98351,25750.17291,26764.67147,26726.01949,27044.93634,27460.29249,26374.32953,26734.56372,26378.95341,27938.31613,29008.56748,28967.64517,29304.05181,29742.39274,28592.06388,26276.59605,25915.03246,27507.52404,28600.41075,28558.75281,28902.34031,29349.82418,28176.43778
Gansu,GS,y7,25845.0856,25514.88746,26972.42535,27972.67551,27934.63713,28248.9752,28658.66524,27584.24849,24617.00671,24326.33,25563.09475,26411.93136,26379.57885,26646.39106,26993.93395,26073.33021,24332.12762,24069.93321,25223.41114,26014.97326,25984.8747,26233.64988,26557.85859,25708.10686,24166.36974,23889.10527,25095.40567,25923.49352,25891.90617,26152.13811,26491.1871,25598.91764,24431.71292,24147.62934,25394.07906,26249.60624,26216.79454,26485.75994,26836.09012,25916.63819,25623.69153,25311.93674,26694.77668,27643.70685,27607.4844,27905.71365,28294.22697,27277.24486,25175.34491,24835.02326,26313.02344,27327.26054,27288.67571,27607.48173,28022.82861,26929.89945,24887.90739,24546.97995,26031.84676,27050.90278,27012.14168,27332.31327,27749.63011,26650.36183,24122.6082,23799.38475,25201.83702,26164.29342,26127.70802,26430.14926,26824.32746,25787.1073,25231.89623,24891.57421,26407.49701,27447.89291,27408.25474,27735.3119,28161.27092,27047.58604,27417.01631,27052.32864,28651.49781,29749.06983,29707.10068,30052.09581,30501.62635,29321.93334,26947.35891,26576.56529,28209.70784,29330.49318,29287.77209,29640.12976,30099.03607,28895.69641
Gansu,GS,y8,26490.41774,26151.97503,27645.90624,28671.1322,28632.14303,28954.33152,29374.25019,28273.00638,25204.38269,24906.71885,26171.90453,27040.23143,27007.10339,27280.08171,27635.58113,26693.96562,24967.69425,24700.41168,25878.89303,26687.64157,26656.9103,26911.03753,27242.30223,26373.19176,24753.11226,24468.38736,25707.92877,26558.84071,26526.38254,26793.7945,27142.1968,26226.037,25054.66989,24762.57348,26045.46492,26925.97282,26892.20246,27169.04326,27529.57987,26584.59119,26311.55271,25990.1131,27413.72022,28390.64181,28353.35098,28660.34721,29060.33915,28012.01342,25785.77994,25437.79999,26952.7056,27992.26674,27952.73761,28279.50478,28705.22197,27585.02364,25478.52859,25127.58888,26650.27237,27695.31208,27655.56332,27983.88924,28411.84647,27284.35029,24707.41183,24377.43918,25812.59535,26797.4518,26760.01451,27069.49196,27472.85097,26412.27379,25933.73732,25583.41766,27141.71035,28211.20383,28170.45608,28506.65914,28944.5332,27800.02204,28121.90814,27749.31232,29384.50645,30506.79737,30463.86433,30816.66803,31276.30722,30069.12046,27626.15391,27244.69485,28924.39211,30077.11696,30033.19213,30395.5808,30867.57521,29630.32792
Gansu,GS,y9,27180.25173,26832.99605,28365.83057,29417.75407,29377.74976,29708.32743,30139.18248,29009.26047,25888.73081,25583.03592,26883.69416,27776.38139,27742.35673,28022.95395,28388.44979,27420.28812,25589.13443,25313.39272,26526.4617,27358.9171,27327.26176,27588.88899,27929.84764,27036.19564,25414.81278,25123.22509,26391.8432,27262.70921,27229.49143,27503.16749,27859.72985,26921.36763,25693.86343,25395.10364,26705.94768,27605.66966,27571.1641,27854.02427,28222.45193,27255.50094,26947.41972,26619.56049,28073.83734,29071.79104,29033.69596,29347.33232,29755.9175,28686.39697,26475.91271,26118.00954,27672.36407,28738.99733,28698.4186,29033.69366,29470.4976,28321.10803,26173.62547,25815.08575,27376.66191,28448.36248,28407.59918,28744.31057,29183.18649,28027.12914,25368.79103,25028.86822,26503.77253,27515.94976,27477.47435,27795.54044,28210.08205,27119.27889,26535.38563,26177.48248,27771.71835,28865.86086,28824.17551,29168.12844,29616.09214,28444.87462,28833.38873,28449.86197,30131.64452,31285.91689,31241.78001,31604.59836,32077.35099,30836.71524,28339.46896,27949.52048,29667.03139,30845.71645,30800.78888,31171.34988,31653.96387,30388.45848
Gansu,GS,y10,27872.88031,27516.77583,29088.67091,30167.40006,30126.37567,30465.3787,30907.21179,29748.49712,26548.44621,26234.96275,27568.76566,28484.20081,28449.30971,28737.05567,29111.86651,28119.03266,26241.21624,25958.44835,27202.42996,28056.09746,28023.63677,28291.93014,28641.57763,27725.1532,26062.45384,25763.43436,27064.38107,27957.4391,27923.37476,28204.02501,28569.67442,27607.39803,26348.61447,26042.24215,27386.4883,28309.13845,28273.75473,28563.82231,28941.63823,27950.04711,27634.11575,27297.90092,28789.23707,29812.62091,29773.55598,30095.18379,30514.18099,29417.40624,27150.59191,26783.56895,28377.53229,29471.34625,29429.73345,29773.55317,30221.48778,29042.80846,26840.60174,26472.92613,28074.2948,29173.30538,29131.50282,29476.79514,29926.85458,28741.33804,26015.25845,25666.67434,27179.16297,28217.13312,28177.67629,28503.84775,28928.95349,27810.35341,27211.5811,26844.55735,28479.4186,29601.44373,29558.69515,29911.41321,30370.79275,29169.72919,29568.14442,29174.8428,30899.48216,32083.16979,32037.90788,32409.97036,32894.77159,31622.51968,29061.63692,28661.75181,30423.02941,31631.75068,31585.67843,31965.68195,32460.59438,31162.84101
Gansu,GS,y11,28582.74551,28217.57213,29829.4999,30935.70167,30893.63306,31241.26813,31694.35556,30506.13018,27224.5818,26903.11379,28270.88555,29209.63493,29173.85509,29468.92945,29853.28628,28835.16653,26909.52735,26619.55724,27895.2192,28770.62929,28737.34132,29012.46812,29371.01976,28431.25659,26726.21125,26419.57657,27753.65489,28669.45829,28634.52517,28922.32359,29297.28546,28310.50287,27019.65935,26705.48514,28083.96595,29030.11565,28993.82854,29291.28443,29678.72241,28661.87755,28337.90082,27993.12174,29522.44105,30571.88741,30531.827,30861.64668,31291.3145,30166.60725,27842.06277,27465.69233,29100.25118,30221.92144,30179.24914,30531.82435,30991.16746,29782.46856,27524.17701,27147.13746,28789.28997,29916.28967,29873.42381,30227.50935,30689.03097,29473.32157,26677.81362,26320.35169,27871.35999,28935.7659,28895.30459,29229.78281,29665.71482,28518.62631,27904.60396,27528.23338,29204.73201,30355.3312,30311.49409,30673.19601,31144.27431,29912.62235,30321.18424,29917.86704,31686.42887,32900.26197,32853.84782,33235.38621,33732.53321,32427.88118,29801.77715,29391.70822,31197.84155,32437.34684,32390.10044,32779.78303,33287.29918,31956.49462
Gansu,GS,y12,28795.68233,28427.78693,30051.72385,31166.1665,31123.78601,31474.01091,31930.47311,30733.39617,27397.73318,27074.16548,28449.44967,29393.3429,29357.3313,29654.06457,30040.50128,29016.94234,27140.44772,26849.90483,28130.94118,29010.06896,28976.66297,29252.9051,29612.99789,28668.2548,26907.19245,26597.68973,27945.09811,28870.05906,28834.77766,29125.45967,29504.18116,28508.29598,27234.99261,26917.47628,28312.00961,29269.13996,29232.43079,29533.36341,29925.27437,28898.05119,28601.25154,28251.83899,29799.33284,30861.26978,30820.7314,31154.44484,31589.24517,30449.6916,28029.72528,27651.4626,29298.19881,30428.22545,30385.25753,30740.45959,31203.22436,29985.54382,27695.73592,27314.25647,28969.44685,30105.42952,30062.22192,30419.11893,30884.31852,29658.7047,26857.51432,26498.82658,28058.87431,29129.43442,29088.73964,29425.1481,29863.60982,28710.73782,28190.55853,27809.75323,29503.65246,30666.21562,30621.92203,30987.38235,31463.3612,30219.25166,30569.14884,30164.12959,31941.62263,33161.57844,33114.90953,33498.41404,33998.05167,32685.81316,30030.25325,29615.5982,31441.4673,32694.50454,32646.75731,33040.68325,33553.75168,32208.83539
Gansu,GS,y13,29040.50193,28669.4781,30307.22181,31431.13971,31388.39794,31741.59968,32201.94298,30994.6879,27660.58573,27333.96984,28723.64556,29677.42996,29641.07816,29940.87773,30331.38947,29296.96498,27340.48557,27045.87174,28341.96536,29231.3937,29197.57306,29477.10466,29841.39896,28886.58517,27154.2343,26842.68841,28198.13245,29128.60212,29093.10988,29385.51702,29766.4842,28763.89772,27452.38193,27133.1761,28533.73375,29495.03552,29458.1678,29760.38777,30154.03035,29120.90039,28791.73368,28441.43489,29995.24454,31061.49814,31020.79749,31355.89878,31792.44761,30649.72844,28287.95588,27905.55677,29566.29326,30705.92874,30662.57329,31020.79455,31487.49442,30259.43872,27964.97971,27581.90122,29250.35345,30395.40185,30351.84848,30711.60554,31180.51829,29945.33938,27105.06143,26741.87529,28317.72276,29399.17484,29358.06532,29697.90017,30140.81418,28975.35491,28351.49909,27969.10038,29672.44751,30841.47517,30796.936,31164.42899,31643.05279,30391.67511,30806.78112,30397.0037,32193.88969,33427.16255,33380.00571,33767.65393,34272.76341,32947.21673,30279.05576,29862.41945,31697.47776,32956.83331,32908.83198,33304.75463,33820.39869,32468.2813
Gansu,GS,y14,29271.47951,28897.50597,30548.27548,31681.13423,31638.05254,31994.06344,32458.06767,31241.21099,27880.58933,27551.37572,28952.10472,29913.47596,29876.83336,30179.01869,30572.6362,29529.98407,27557.94331,27260.98688,28567.38725,29463.89135,29429.80055,29711.55771,30078.74852,29116.34026,27370.20967,27056.187,28422.41088,29360.28182,29324.50838,29619.24024,30003.23668,28992.67781,27670.72924,27348.98461,28760.68271,29729.62911,29692.46862,29997.09205,30393.86608,29352.51931,29020.7349,28667.64953,30233.81786,31308.55192,31267.52689,31605.29375,32045.31511,30893.50741,28512.94991,28127.50942,29801.4546,30950.15394,30906.45317,31267.52427,31737.93579,30500.11241,28187.40424,27801.27917,29483.00107,30637.15735,30593.25794,30955.87569,31428.51841,30183.51479,27320.64684,26954.57126,28542.95313,29633.00679,29591.57083,29934.10817,30380.54499,29205.81552,28576.99829,28191.55794,29908.45301,31086.77924,31041.88571,31412.3024,31894.7323,30633.40187,31051.8094,30638.77151,32449.94903,33693.03192,33645.50008,34036.23196,34545.35856,33209.26804,30519.88648,30099.93583,31949.58995,33218.96256,33170.57769,33569.64951,34089.39528,32726.52366
Gansu,GS,y15,29503.86389,29126.92112,30790.79657,31932.64734,31889.22435,32248.06158,32715.7503,31489.23326,28101.93161,27770.10348,29181.95386,30150.95621,30114.02349,30418.6076,30815.35011,29764.42068,27776.72379,27477.40954,28794.18179,29697.80287,29663.44157,29947.43508,30317.54116,29347.49381,27587.50072,27270.98311,28648.05517,29593.37094,29557.31239,29854.38442,30241.43043,29222.84772,27890.40601,27566.10517,28989.01169,29965.65042,29928.19492,30235.23542,30635.16042,29585.54549,29251.12885,28895.24011,30473.84168,31557.10914,31515.75799,31856.20704,32299.72046,31138.7693,28739.31165,28350.81114,30038.04659,31195.86477,31151.81658,31515.75543,31989.90093,30742.25103,28411.18199,28021.99191,29717.06529,30880.38351,30836.13476,31201.63225,31678.0269,30423.14003,27537.54353,27168.56177,28769.55389,29868.26091,29826.49584,30171.75339,30621.73448,29437.67816,28803.8699,28415.36885,30145.89366,31333.57446,31288.32447,31661.6816,32147.94278,30876.59787,31298.32625,30882.01132,32707.56789,33960.51847,33912.60932,34306.44285,34819.61114,33472.91452,30762.18156,30338.89774,32203.23506,33482.68546,33433.91646,33836.15669,34360.02914,32986.33802
Gansu,GS,y16,29721.94081,29342.21247,31018.38648,32168.67773,32124.93273,32486.4233,32957.56784,31721.985,28279.02478,27945.04992,29364.57269,30338.82684,30301.6568,30607.93433,31006.80233,29950.31774,28013.46351,27713.57532,29035.8181,29943.22417,29908.74406,30193.87127,30565.54741,29590.41461,27772.70541,27453.24573,28843.99748,29798.711,29762.29434,30062.32757,30453.22973,29425.31025,28111.04884,27783.32014,29222.71052,30210.62861,30172.73861,30483.35171,30887.86906,29827.60273,29521.25663,29160.60513,30757.87616,31853.97167,31812.13011,32156.57833,32605.36418,31429.15482,28931.34582,28540.91613,30240.62248,31406.99814,31362.6478,31729.27619,32206.92573,30950.07639,28586.6123,28192.86283,29901.29588,31073.81908,31029.22191,31397.59864,31877.76216,30612.72417,27721.42882,27351.20306,28961.43281,30066.42983,30024.42575,30371.6551,30824.21983,29634.26453,29097.3524,28704.29848,30452.68493,31652.64362,31606.92412,31984.14085,32475.43127,31191.30227,31552.45465,31134.40699,32969.07567,34228.27405,34180.10277,34575.94367,35091.65356,33737.2051,30996.22366,30568.23114,32452.83212,33746.17616,33696.89278,34103.48988,34633.06221,33244.88442
Gansu,GS,y17,30002.12486,29618.81548,31310.79102,32471.92519,32427.76806,32792.66684,33268.25207,32021.02228,28576.516,28239.08474,29674.77776,30660.14511,30622.58834,30932.31654,31335.75854,30267.08198,28245.81674,27941.44765,29280.45732,30199.33781,30164.39727,30453.1862,30829.54325,29843.1134,28053.39735,27731.53524,29131.86304,30093.14296,30056.47578,30358.56518,30752.14745,29716.36228,28361.41787,28031.6426,29478.57628,30471.70938,30433.62192,30745.8471,31152.5266,30085.18584,29745.1204,29383.2219,30988.48304,32090.04434,32047.99537,32394.19358,32845.19744,31664.63942,29224.66069,28829.59949,30545.32894,31722.69978,31677.90842,32047.99271,32530.14529,31261.4257,28890.99011,28495.2268,30218.92649,31401.89039,31356.89539,31728.56501,32213.0049,30936.92476,28002.59612,27627.38443,29255.41269,30372.67525,30330.20462,30681.29322,31138.8729,29934.82171,29290.30801,28895.24668,30654.99777,31862.73454,31816.72071,32196.38351,32690.85557,31398.04082,31826.89239,31403.54646,33259.93206,34534.04252,34485.32469,34885.80966,35407.64458,34038.20448,31281.69209,30851.25976,32747.08334,34048.13998,33998.54797,34407.58119,34940.29982,33543.41023
Gansu,GS,y18,30268.74471,29882.03034,31589.04015,32760.49422,32715.94445,33084.08573,33563.89783,32305.58405,28830.46731,28490.0381,29938.48879,30932.61262,30894.72213,31207.20145,31614.23055,30536.05538,28496.82861,28189.75506,29540.66485,30467.7105,30432.45942,30723.81426,31103.51629,30108.32004,28302.69887,27977.97687,29390.74892,30360.5714,30323.57875,30628.35311,31025.43249,29980.4433,28613.45742,28280.74993,29740.54418,30742.50322,30704.07585,31019.07777,31429.36977,30352.54482,30009.45662,29644.34157,31263.86878,32375.21837,32332.79652,32682.07046,33137.08261,31946.03299,29484.37056,29085.7991,30816.7758,32004.60968,31959.41992,32332.79286,32819.23077,31539.23604,29147.73487,28748.45472,30487.47331,31680.95027,31635.55446,32010.52709,32499.27296,31211.85184,28251.44714,27872.90011,29515.39766,30642.58795,30599.74041,30953.94854,31415.59517,30200.84334,29550.60166,29152.0298,30927.41944,32145.88954,32099.46697,32482.50294,32981.36954,31677.06623,32109.72785,31682.62073,33555.50385,34840.93553,34791.78508,35195.82885,35722.30153,34340.69161,31559.68327,31125.42529,33038.0962,34350.71571,34300.68197,34713.3502,35250.80461,33841.50048
Gansu,GS,y19,30537.53027,30147.38179,31869.55072,33051.40629,33006.46107,33377.8713,33861.94474,32592.45636,29086.48135,28743.029,30204.34179,31207.29354,31169.06587,31484.32106,31894.96443,30807.21523,28749.87902,28440.07929,29802.98423,30738.26357,30702.69867,30996.64157,31379.71419,30375.68138,28554.0263,28226.4216,29651.73881,30630.1736,30592.85209,30900.33185,31300.93749,30246.66831,28867.5438,28531.88265,30004.63899,31015.49543,30976.72702,31294.52602,31708.46152,30622.07371,30275.93996,29907.58344,31541.49057,32662.71081,32619.9108,32972.28615,33431.33893,32229.71341,29746.19231,29344.08072,31090.42823,32288.80974,32243.21954,32619.90715,33110.66527,31819.30358,29406.5656,29003.74036,30758.20026,31962.27539,31916.47794,32294.7793,32787.86482,31489.01278,28502.31966,28120.41011,29777.49325,30914.69342,30871.46523,31228.81841,31694.56425,30469.02513,29813.01047,29410.899,31202.0537,32431.34475,32384.50877,32770.94733,33274.24273,31958.35755,32394.86246,31963.96092,33853.47564,35150.32294,35100.73545,35508.36685,36039.51459,34645.63602,31839.93204,31401.81823,33331.47277,34655.7488,34605.27198,35021.60463,35563.83009,34142.012
Gansu,GS,y20,30792.22944,30398.8271,32135.35898,33327.07214,33281.75244,33656.25986,34144.37053,32864.29425,29297.35324,28951.35158,30421.99158,31431.32814,31392.81951,31710.1271,32123.35781,31028.83025,29022.22904,28711.54098,30081.39819,31021.48013,30985.75852,31281.15378,31666.21307,30655.96574,28772.80115,28441.8388,29882.67047,30871.76356,30834.03426,31144.87143,31549.85101,30484.91651,29123.32793,28783.79882,30275.02032,31298.51463,31259.25916,31581.05762,32000.14158,30901.69563,30584.31836,30210.67913,31865.46772,33001.03338,32957.68511,33314.53677,33779.48428,32560.9199,29973.16479,29568.67538,31329.58891,32537.96469,32492.01779,32871.848,33366.69846,32064.5896,29616.01769,29208.08866,30978.04241,32192.78819,32146.58496,32528.22743,33025.68078,31715.0889,28719.6788,28336.12073,30004.33505,31149.12297,31105.60652,31465.3397,31934.20114,30701.39501,30145.14824,29737.94117,31549.28672,32792.45565,32745.09028,33135.89066,33644.87165,32314.50174,32688.65937,32255.55746,34156.29292,35460.83425,35410.92925,35821.02393,36355.30488,34952.08213,32112.39934,31668.99387,33621.45905,34961.37588,34910.31876,35331.55739,35880.19939,34442.03339
Gansu,GS,y21,31081.66091,30684.56004,32437.41497,33640.32933,33594.58405,33972.61241,34465.31068,33173.20201,29604.75668,29255.18345,30742.53475,31763.35666,31724.45018,32045.3226,32463.28149,31356.15112,29262.15627,28946.83657,30334.02658,31285.9706,31249.77278,31548.95269,31938.85102,30916.9271,29062.81493,28729.37119,30180.08509,31175.95384,31137.96726,31450.92707,31858.67093,30785.6163,29381.91772,29040.27577,30539.2746,31568.1427,31528.68379,31852.145,32273.45529,31167.71098,30815.40926,30440.488,32103.51051,33244.70866,33201.1456,33559.80048,34027.03226,32803.99611,30276.22195,29866.94608,31644.40989,32864.14613,32817.74158,33201.14267,33700.64427,32386.27322,29930.5444,29520.54041,31306.26405,32531.79303,32485.17853,32870.22189,33372.09282,32050.09723,29010.18553,28621.47142,30308.07944,31465.5448,31421.5462,31785.26693,32259.31136,31011.93566,30344.23133,29934.9552,31758.0249,33009.21965,32961.54973,33354.874,33867.13825,32527.80543,32972.08726,32533.50712,34456.69189,35776.64614,35726.17453,36141.0695,36681.68184,35262.96582,32407.27024,31961.34894,33925.38838,35273.25967,35221.88278,35645.63388,36197.52072,34750.36826
Gansu,GS,y22,31357.03603,30956.41739,32724.80205,33938.37447,33892.22315,34273.60031,34770.66415,33467.1078,29867.04596,29514.377,31014.90581,32044.77267,32005.5202,32329.23548,32750.89694,31633.95745,29521.41217,29203.29756,30602.77769,31563.15663,31526.6372,31828.4682,32221.82089,31190.84287,29320.30364,28983.90547,30447.47232,31452.16501,31413.84262,31729.57412,32140.93006,31058.36856,29642.23495,29297.56476,30809.84425,31847.82812,31808.01818,32134.34588,32559.38998,31443.84774,31088.42557,30710.1831,32387.93884,33539.24718,33495.29937,33857.13141,34328.50267,33094.63057,30544.46172,30131.55918,31924.77055,33155.31281,33108.49912,33495.2965,33999.22335,32673.20731,30195.7214,29782.08513,31583.62789,32820.01692,32772.9893,33161.44314,33667.76111,32334.05244,29267.20891,28875.05041,30576.60194,31744.32098,31699.93253,32066.87645,32545.12089,31286.69358,30613.07314,30200.17086,32039.39255,33301.6728,33253.58,33650.38832,34167.1922,32815.99268,33264.21172,32821.74715,34761.96766,36093.61762,36042.69931,36461.27024,37006.67155,35575.38679,32694.39002,32244.51841,34225.95793,35585.77096,35533.93973,35961.4446,36518.2217,35058.24775
Gansu,GS,y23,31634.6381,31230.47323,33014.51358,34238.82922,34192.26894,34577.02334,35078.48717,33763.39065,30131.45844,29775.66631,31289.47975,32328.46334,32288.86303,32615.44394,33040.84063,31914.01176,29782.7635,29461.83369,30873.70323,31842.58284,31805.74119,32110.2446,32507.07922,31466.97485,29579.87487,29240.49885,30717.02309,31730.61058,31691.94739,32010.47395,32425.47235,31333.32695,29904.65609,29556.93501,31082.60246,32129.77592,32089.61447,32418.83077,32847.63689,31722.21975,31363.65045,30982.05867,32674.66819,33836.16883,33791.83158,34156.86677,34632.41197,33387.6159,30814.8712,30398.31202,32207.39977,33448.83568,33401.60673,33791.82855,34300.21716,32962.46133,30463.04282,30045.74441,31863.23671,33110.56966,33063.12717,33455.02003,33965.82074,32620.3045,29526.30959,29130.68061,30847.2959,32025.35258,31980.57083,32350.76253,32833.24073,31563.67285,30884.08999,30467.5312,32323.03572,33596.49168,33547.97267,33948.2938,34469.67215,33106.51118,33558.69807,33112.31597,35069.7138,36413.15363,36361.78441,36784.05957,37334.29047,35890.33443,32983.83122,32529.97766,34528.95915,35900.8109,35848.52083,36279.81044,36841.5159,35368.61696
Gansu,GS,y24,31897.64543,31490.11947,33288.99232,34523.48741,34476.53977,34864.49284,35370.12622,34044.09656,30349.1054,29990.68122,31514.11644,32559.68822,32519.79743,32848.49606,33276.5607,32142.74136,30064.1041,29742.26321,31161.29775,32135.12667,32098.12224,32404.12242,32803.0042,31756.49076,29805.72237,29462.87838,30955.43414,31980.03516,31940.95153,32262.94742,32682.46631,31579.30005,30168.83291,29817.11383,31361.87015,32422.10592,32381.44262,32714.79186,33148.9211,32011.04203,31682.27064,31295.21904,33009.41244,34185.74486,34140.83978,34510.50185,34992.14108,33729.8303,31049.17686,30630.16669,32454.29553,33706.05274,33658.45504,34051.92099,34564.53545,33215.68255,30679.20979,30256.63649,32090.12889,33348.48297,33300.62051,33695.96501,34211.27698,32853.63537,29750.69171,29353.36518,31081.46608,32267.35144,32222.27265,32594.91984,33080.61319,31803.55098,31227.33569,30805.50856,32681.88048,33969.67907,33920.61317,34325.44241,34852.69586,33474.56643,33862.1558,33413.50639,35382.4763,36733.84974,36682.15299,37106.97012,37660.43111,36206.83402,33265.20851,32805.88578,34828.44333,36216.46164,36163.57161,36599.93079,37168.26953,35678.47517
Gansu,GS,y25,32196.58844,31785.24269,33600.97413,34847.03865,34799.65168,35191.23999,35701.61234,34363.15432,30666.7054,30304.59319,31845.2982,32902.73873,32862.43459,33194.81688,33627.76847,32480.92434,30311.81689,29985.18517,31422.13493,32408.22646,32370.72975,32680.64192,33084.52706,32025.9455,30105.32358,29759.91924,31262.67174,32294.2639,32254.91483,32579.09999,33001.46938,31889.92395,30435.87465,30081.97633,31634.74586,32700.52007,32659.64559,32994.71004,33431.13364,32285.72479,31920.7858,31532.41646,33255.0931,34437.22509,34392.10051,34763.62055,35247.61235,33980.70444,31362.25678,30938.29955,32779.52327,34043.0116,33994.94395,34392.09678,34909.51731,33547.99744,31004.18037,30579.46909,32429.24654,33698.73743,33650.45116,34049.30587,34569.18086,33199.76274,30050.80842,29648.14975,31395.2593,32594.24181,32548.66446,32925.43292,33416.48178,32124.36154,31432.70639,31008.74874,32897.21406,34193.29007,34143.91003,34551.3422,35081.98127,33694.60604,34154.82547,33700.51417,35692.68344,37059.98627,37007.70496,37437.48235,37997.48649,36527.88057,33569.74715,33107.83139,35142.32187,36538.54226,36485.32293,36924.27502,37495.95903,35996.89529
Gansu,GS,y26,32480.96578,32065.98712,33897.75625,35154.82702,35107.021,35502.06811,36016.94869,34666.66886,30937.57017,30572.25896,32126.57364,33193.35308,33152.69311,33488.01061,33924.78817,32767.81343,30579.54698,30250.03051,31699.67203,32694.47341,32656.64517,32969.29506,33376.74721,32308.81542,30371.22993,30022.77481,31538.80133,32579.50506,32539.80762,32866.85636,33292.95632,32171.5928,30704.70058,30347.67698,31914.16112,32989.34944,32948.11369,33286.13706,33726.41543,32570.88938,32202.72706,31810.92727,33548.81982,34741.39506,34695.87125,35070.67148,35558.93935,34280.84057,31639.26583,31211.5635,33069.04958,34343.69799,34295.20555,34695.86721,35217.85707,33844.31156,31278.02587,30849.56348,32715.67999,33996.38365,33947.67047,34350.04735,34874.51353,33493.00147,30316.23267,29910.01838,31672.55917,32882.13191,32836.15243,33216.24836,33711.63367,32408.10156,31710.33649,31282.63507,33187.77938,34495.30403,34445.48773,34856.51919,35391.84536,33992.21557,34456.49927,33998.17465,36007.94049,37387.3202,37334.57653,37768.15023,38333.10139,36850.51452,33866.25324,33400.25752,35452.71787,36861.27155,36807.58182,37250.41014,37827.14309,36314.83994
Guangdong,GD,y1,88718.23431,79318.02764,85653.94292,110737.7115,110270.3954,114269.211,104973.235,102255.4625,62127.4322,55300.77236,59820.46522,77713.9953,77380.57716,80233.16507,73601.73689,71569.55222,86525.48752,77844.50663,83687.68301,106820.8408,106389.8418,110077.6244,101504.6059,98987.27729,93672.92193,84559.19951,90659.848,114812.1104,114362.1237,118212.4291,109261.6665,106601.5849,110043.5641,100314.471,106871.113,132828.8125,132345.1286,136483.3954,126863.327,124083.1365,114929.391,105137.4024,111681.9906,137591.8043,137109.009,141239.5758,131637.3431,128753.9508,121561.1999,112462.0686,118526.3004,142534.5191,142087.1954,145914.563,137017.0835,134328.1417,121076.3702,111688.4853,117965.1666,142814.2869,142351.2586,146312.6741,137103.5941,134349.3528,109421.2439,98765.46467,105888.3861,134088.2332,133562.6354,138058.2681,127607.4554,124485.5064,98641.17658,89591.58317,95598.82312,119381.6187,118938.4791,122729.9864,113915.9922,111215.8814,96118.9057,87004.00846,93097.34125,117221.3528,116771.8221,120617.6785,111677.2972,109022.4875,95983.04236,86650.26686,92899.1621,117638.6241,117177.5602,121121.5876,111953.1928,109226.1505
Guangdong,GD,y2,93030.85117,83173.69859,89817.60431,116120.7,115630.6781,119823.8649,110076.0111,107226.1283,65147.46347,57988.95784,62728.35441,81491.69215,81142.06603,84133.32061,77179.53753,75048.56831,90731.51464,81628.54902,87755.76321,112013.4305,111561.4791,115428.535,106438.7721,103799.0742,98226.38841,88669.64439,95066.8498,120393.1535,119921.2982,123958.7744,114572.9064,111783.5158,115392.8083,105190.7807,112066.1481,139285.6532,138778.4554,143117.8853,133030.1913,130114.8536,120516.1366,110248.1594,117110.882,144280.1784,143773.913,148105.2706,138036.279,135012.7167,127470.3285,117928.8804,124287.8995,149463.1638,148994.1045,153007.5013,143677.5243,140857.8698,126961.9237,117117.6892,123699.4866,149756.5337,149270.9942,153424.9763,143768.2394,140880.1105,114740.2477,103566.4862,111035.6467,140606.3066,140055.1539,144769.3216,133810.4899,130536.7817,103436.1557,93946.65411,100245.9093,125184.7891,124720.1115,128695.9274,119453.4719,116622.1125,100791.2709,91233.29664,97622.82853,122919.5118,122448.1252,126480.9281,117105.964,114322.0975,100648.8065,90862.35985,97415.0172,123357.0656,122873.5897,127009.3452,117395.2774,114535.6673
Guangdong,GD,y3,97549.40199,87213.48279,94180.08741,121760.741,121246.8982,125643.7679,115422.4541,112434.1543,68311.70629,60805.50806,65775.09925,85449.78082,85083.17556,88219.71476,80928.18205,78693.7105,95138.38495,85593.28524,92018.1005,117453.983,116980.0733,121034.94,111608.5539,108840.6429,102997.2868,92976.37004,99684.28702,126240.7062,125745.9316,129979.5024,120137.767,117212.8882,120997.5035,110299.9509,117509.2502,146050.8234,145518.9943,150069.1907,139491.5279,136434.588,126369.6577,115602.9609,122799.012,151287.9413,150757.0849,155298.804,144740.7564,141570.3497,133661.6105,123656.7404,130324.6183,156722.6633,156230.8069,160439.1507,150656.0024,147699.4074,133128.5206,122806.1522,129707.6323,157030.267,156521.1575,160876.8949,150751.1178,147722.7184,120313.2305,108596.7562,116428.6993,147435.6158,146857.7014,151800.8352,140309.7272,136877.012,108460.0944,98509.68627,105114.8957,131265.0681,130777.8216,134946.7529,125255.3817,122286.4999,105686.7488,95664.5396,102364.4131,128889.7691,128395.4998,132624.173,122793.8483,119874.7802,105537.3617,95275.58575,102146.5095,129348.578,128841.6236,133178.2535,123097.2134,120098.7186
Guangdong,GD,y4,102229.2905,91397.51003,98698.33424,127602.1605,127063.6738,131671.4725,120959.7945,117828.1234,72047.51927,64121.43923,69375.46198,90176.22217,89788.64089,93104.69799,85395.84569,83043.08612,100360.8334,90371.72304,97083.48685,123655.3691,123160.3095,127396.29,117548.8844,114654.6016,108130.4834,97605.98917,104653.927,132556.4641,132036.5755,136484.7602,126144.152,123017.3812,128040.7993,116748.1267,124372.5668,154557.7216,153995.2669,158807.4665,147620.7131,144433.7988,132287.9628,121042.1083,128548.5728,158266.3758,157712.6385,162450.2732,151436.7755,148106.5631,139723.7121,129336.905,136255.5095,163646.15,163135.7767,167502.3721,157351.3922,154328.9826,139384.5324,128373.0044,135736.7924,164889.8148,164346.615,168994.1476,158190.0278,154925.4808,126127.0144,113888.2034,122070.2452,154463.1021,153859.3519,159023.4405,147018.6771,143436.1276,112830.6098,102528.7075,109362.11,136415.7645,135911.6822,140224.6416,130198.4623,127142.8104,110927.6631,100359.2653,107439.2374,135469.3133,134946.972,139415.5274,129027.5551,125932.4091,110595.0534,99852.86714,107036.8599,135478.389,134948.3637,139482.5941,128942.2107,125808.2997
Guangdong,GD,y5,107243.2675,95880.22838,103539.1277,133860.5783,133295.685,138129.4861,126892.4414,123607.171,75100.10773,66847.98931,72311.42941,93941.26206,93538.22309,96986.45355,88970.33511,86513.81364,104592.6605,94099.02554,101162.299,129125.8407,128604.8429,133062.6653,122699.5273,119656.5655,113232.5316,102215.7958,109590.3041,138785.7362,138241.795,142896.0813,132076.3233,128860.7887,133021.4865,121260.881,129186.6027,160564.4699,159979.7837,164982.1473,153353.3461,149992.6299,138927.5105,127090.8859,135002.0345,166322.0089,165738.4103,170731.4559,159124.2133,155638.7427,146944.0967,135945.0029,143275.4899,172296.8066,171756.0786,176382.6229,165627.2817,162376.8674,146358.022,135009.8757,142597.1746,172634.9786,172075.2778,176863.8606,165731.8523,162402.5107,132269.2276,119388.4363,127998.6757,162086.8687,161451.5237,166885.8807,154252.8545,150479.0187,119238.1937,108298.9777,115560.5757,144309.3991,143773.7314,148356.9396,137702.5025,134438.5816,116189.2584,105171.1007,112536.7651,141698.0533,141154.6491,145803.5557,134996.3554,131787.2017,116025.0216,104743.4941,112297.2083,142202.4591,141645.1171,146412.6995,135329.8665,132033.3976
Guangdong,GD,y6,112439.183,100525.6065,108555.5806,140346.0931,139753.8437,144821.8271,133040.343,129595.9149,78738.69291,70086.76109,75814.90449,98492.69834,98070.13267,101685.425,93280.92905,90705.39126,109660.1512,98658.10392,106063.5932,135381.9676,134835.7172,139509.519,128644.2991,125453.9021,118718.6303,107168.1308,114899.9332,145509.8761,144939.5836,149819.3571,138475.3961,135104.0741,139466.3578,127135.9511,135445.6768,168343.7782,167730.7769,172975.5035,160783.2822,157259.7444,145658.5198,133248.4119,141542.8578,174380.2824,173768.3963,179003.3682,166833.7538,163179.4154,154063.5084,142531.5092,150217.1556,180644.5536,180077.6276,184928.3182,173651.8929,170243.9929,153449.0401,141551.0834,149505.9844,180999.1109,180412.2886,185432.8868,173761.5212,170270.8782,138677.6457,125172.7853,134200.1879,169939.9409,169273.8189,174971.4689,161726.3706,157769.6994,125015.2607,113546.0414,121159.4609,151301.1596,150739.5373,155544.8048,144374.1591,140952.1121,121818.6017,110266.6195,117989.1517,148563.2975,147993.5677,152867.7117,141536.9045,138172.2625,121646.4149,109818.2954,117737.9855,149092.135,148507.8006,153506.3615,141886.5728,138430.3904
Guangdong,GD,y7,115456.5858,103223.2983,111468.7642,144112.4052,143504.2556,148708.2552,136610.6006,133073.7353,80851.71565,71967.60058,77849.4609,101135.8343,100701.9301,104414.2432,95784.20266,93139.54754,112602.9818,101305.6813,108909.902,139015.0522,138454.1529,143253.3769,132096.5888,128820.5676,121904.5443,110044.0808,117983.3749,149414.7677,148829.165,153839.9039,142191.5086,138729.7212,143209.0654,130547.7534,139080.4807,172861.4351,172231.9843,177617.4498,165098.0521,161479.9519,149567.3914,136824.2469,145341.2771,179059.9315,178431.6251,183807.0796,171310.8744,167558.4761,158197.9298,146356.4631,154248.3643,185492.3016,184910.1696,189891.0262,178311.9835,174812.644,157566.9799,145349.7267,153518.1133,185856.3818,185253.8102,190409.1344,178424.5685,174840.242,142399.189,128531.9045,137801.5659,174500.4304,173816.4313,179666.982,166066.4366,162003.5796,128370.1616,116593.1498,124410.8859,155361.4549,154784.7642,159718.9876,148248.5693,144734.6887,125087.7155,113225.7209,121155.4949,152550.1258,151965.1058,156970.0442,145335.1667,141880.2411,124910.8957,112765.3653,120897.5888,153093.1511,152493.1316,157625.8387,145694.2188,142145.2902
Guangdong,GD,y8,118490.4862,105935.7418,114397.8779,147899.3123,147275.174,152615.9218,140200.3798,136570.5669,83507.82629,74320.97698,80410.73478,104520.1859,104070.9558,107914.4834,98979.41675,96252.414,116324.8208,104746.7868,112526.1626,143324.7378,142750.9206,147660.6968,136246.9105,132892.2408,125330.3574,113131.7772,121300.8009,153641.6725,153039.1017,158194.8334,146209.3982,142585.2605,148407.7345,135318.7784,144156.0104,179142.5963,178490.6733,184068.332,171102.1374,167408.2956,153330.4727,140295.7848,148996.2783,183441.1669,182799.3581,188290.5787,175525.214,171665.2682,161948.9939,149910.0011,157929.1142,189676.681,189085.1182,194146.2927,182380.6396,178877.4679,161555.8647,148792.7853,157327.8997,191118.1723,190488.5652,195875.3594,183352.681,179568.8533,146189.5228,132003.9347,141487.4527,179032.9289,178333.1343,184318.6595,170404.3396,166251.9246,130778.1172,118837.5321,126757.8999,158114.8628,157530.5994,162529.6041,150908.5926,147366.8942,128572.4762,116323.0034,124529.1544,157017.8718,156412.4367,161591.7968,149551.4496,145963.965,128186.9574,115736.057,124062.773,157028.3926,156414.0449,161669.5234,149452.5201,145820.1218
Guangdong,GD,y9,121731.2584,108833.1309,117526.7096,151944.4251,151303.2134,156790.0362,144034.924,140305.8369,85245.72868,75878.79291,82080.31443,106632.2211,106174.7356,110088.7952,100989.7477,98201.3632,118722.5636,106811.297,114828.7771,146570.0504,145978.6586,151038.714,139275.5773,135821.5211,128529.6372,116024.6004,124395.3684,157534.9468,156917.5153,162200.5637,149919.1279,146269.2012,150991.9804,137642.5695,146639.0215,182255.8596,181592.1982,187270.353,174070.5557,170255.8187,157695.8777,144260.183,153240.0806,188791.2254,188128.7619,193796.3635,180621.0437,176664.7095,166795.4584,154310.4287,162631.2315,195573.1793,194959.4007,200210.959,188002.6273,184313.1122,166130.2058,153248.9839,161861.2849,195957.036,195321.7184,200757.2151,188121.3273,184342.2039,150138.0943,135517.1756,145290.6071,183983.9329,183262.7514,189431.2549,175091.5831,170807.9214,135346.6341,122929.5887,131172.1884,163804.8236,163196.7794,168399.16,156305.377,152600.5181,131885.8025,119379.1489,127739.8781,160840.6936,160223.8871,165500.8262,153233.6348,149590.9426,131699.3825,118893.7793,127467.9566,161413.2401,160780.6088,166192.2614,153612.1951,149870.3935
Guangdong,GD,y10,124992.6356,111748.9463,120675.4381,156015.2609,155356.879,160990.6972,147893.8456,144064.8573,87529.5993,77911.70886,84279.37801,109489.0686,109019.3232,113038.258,103695.426,100832.3386,121903.3357,109672.9445,117905.231,150496.9013,149889.6744,155085.2777,143006.9999,139460.4017,131973.1583,119133.0865,127728.1163,161755.5556,161121.5952,166546.1776,153935.7007,150187.9957,155037.2964,141330.2462,150567.7196,187138.7884,186457.334,192287.6346,178734.188,174817.2594,161920.7921,148125.1409,157345.6342,193849.2407,193169.0369,198988.4796,185460.1737,181397.8386,171264.1727,158444.6599,166988.3815,200812.8966,200182.6704,205574.9365,193039.5313,189251.1619,170581.1052,157354.7715,166197.8118,201207.0396,200554.7022,206135.8216,193161.4059,189281.0332,154160.5386,139147.8956,149183.178,188913.1591,188172.6629,194506.4282,179782.571,175384.1504,138972.7863,126223.0777,134686.5076,168193.4217,167569.0892,172910.851,160493.0421,156688.9312,135419.2331,122577.5109,131162.2372,165149.8788,164516.5435,169934.8627,157339.0209,153598.7293,135227.8239,122079.13,130883.0315,165737.7601,165088.1858,170644.8205,157727.7308,153885.6749
Guangdong,GD,y11,128339.5285,114741.2235,123906.7396,160192.8441,159516.8305,165301.5001,151853.9638,147922.448,89873.35905,79997.93323,86536.10622,112420.8349,111938.5141,116065.0543,106472.0502,103532.2987,125167.5139,112609.6327,121062.3518,154526.712,153903.2277,159237.9657,146836.2636,143194.707,135506.9731,122323.0875,131148.2707,166086.8487,165435.9118,171005.7529,158057.6032,154209.5427,159188.6975,145114.617,154599.439,192149.7604,191450.0675,197436.4707,183520.1163,179498.3042,166256.5157,152091.455,161558.8368,199039.9024,198341.4905,204316.741,190426.201,186255.089,175850.0722,162687.301,171459.7997,206190.0166,205542.9259,211079.5683,198208.5038,194318.6887,175148.7169,161568.2265,170648.0601,206594.722,205924.901,211655.4754,198333.65,194349.3685,158288.4495,142873.833,153177.8195,193971.6466,193211.3165,199714.6816,184596.5665,180080.3671,142694.0379,129602.9208,138292.9803,172697.0981,172056.0524,177540.8382,164790.5275,160884.5598,139045.3171,125859.7426,134674.3406,169572.0594,168921.7677,174485.1648,161552.045,157711.6043,138848.7857,125348.0208,134387.6597,170175.6871,169508.7077,175214.1331,161951.1606,158006.2294
Guangdong,GD,y12,129460.6689,115743.5621,124989.1438,161592.2344,160910.3118,166745.5227,153180.5131,149214.6464,91239.20914,81201.81655,87855.38051,114196.9505,113706.1264,117905.4992,108143.2072,105163.7306,127094.4938,114444.5313,122944.143,156594.1339,155967.2024,161331.529,148861.0252,145195.7705,136933.7865,123605.8306,132531.1602,167866.2463,167207.8834,172840.9516,159745.8626,155786.1875,162147.732,147846.97,157502.3668,195728.1074,195015.8267,201109.8718,186943.2449,182907.4113,167526.2268,153284.7585,162790.7554,200424.6502,199723.4222,205723.0457,191775.8212,187558.51,176942.6884,163789.0944,172550.6325,207237.4681,206591.1402,212120.8913,199265.9353,195438.4264,176513.1553,162568.4252,171893.7367,208812.4198,208124.5184,214010.0399,200327.9768,196193.828,159724.1602,144225.2269,154586.7585,195608.2834,194843.7108,201383.3796,186180.8476,181643.9889,142885.9077,129839.8342,138493.4896,172753.578,172115.2129,177577.0444,164880.1234,161010.529,140476.0645,127092.5065,136058.4007,171555.011,170893.5206,176552.4021,163397.332,159477.7087,140054.8594,126451.2195,135548.8523,171566.514,170895.2859,176637.334,163289.2503,159320.5485
Guangdong,GD,y13,130727.967,116876.5882,126212.676,163174.0816,162485.4757,168377.8077,154680.0077,150675.3246,91545.92517,81486.71547,88146.56479,114513.0157,114021.7176,118225.0584,108453.5281,105459.0619,127496.9162,114705.327,123315.3507,157402.4957,156767.4001,162201.4217,149568.9227,145859.5872,138028.7925,124599.5503,133588.9685,169177.7694,168514.7148,174188.2109,160999.0948,157079.4038,162151.2441,147815.229,157476.5727,195725.7181,195013.0033,201110.8049,186935.4681,182838.8022,169350.5909,154921.9192,164565.4903,202744.0874,202032.6677,208119.1386,193970.0716,189721.3393,179122.6857,165714.9511,174650.709,210027.2683,209368.1279,215007.8187,201897.2141,197935.0121,178408.2719,164575.0542,173823.8726,210439.5043,209757.2174,215594.4411,202024.685,197966.2638,161234.2397,145532.7489,156028.4981,197581.5069,196807.0276,203431.4277,188031.9573,183431.7152,145349.6076,132014.8673,140866.638,175911.0368,175258.0655,180844.9235,167857.324,163878.6546,141632.986,128202.0277,137180.6617,172727.8412,172065.446,177732.3767,164558.5745,160646.656,141432.8019,127680.772,136888.6416,173342.6986,172663.3132,178474.9223,164965.1144,160946.765
Guangdong,GD,y14,131935.9126,117956.5436,127378.897,164681.8301,163986.876,169933.6489,156109.2762,152067.5851,92391.82213,82239.66403,88961.05419,115571.132,115075.2971,119317.4785,109455.6579,106433.5219,128675.0033,115765.2236,124454.809,158856.923,158215.9636,163700.1896,150950.9537,147207.357,139304.199,125750.8678,134823.3561,170741.0022,170071.8166,175797.7315,162486.7539,158530.85,163649.5473,149181.071,158931.6776,197534.2621,196814.9504,202969.1103,188662.7867,184528.2611,170915.4162,156353.4191,166086.0943,204617.4689,203899.4878,210042.1928,195762.3874,191474.3918,180777.813,167246.1824,176264.499,211967.9516,211302.7192,216994.5174,203762.7722,199763.9625,180056.7908,166095.751,175430.0235,212383.9853,211695.412,217586.5704,203891.4267,199795.4979,162724.0788,146877.5007,157470.2336,199407.1891,198625.5616,205311.1732,189769.4033,185126.6489,146692.6589,133234.6945,142168.274,177536.474,176877.4751,182515.9589,169408.3542,165392.9223,142941.7017,129386.6367,138448.2413,174323.8721,173655.362,179374.6596,166079.1172,162131.0609,142739.6557,128860.5709,138153.5137,174944.408,174258.7427,180124.0567,166489.4163,162433.9342
Guangdong,GD,y15,133153.0698,119044.7406,128554.0165,166201.0793,165499.708,171501.3482,157549.4511,153470.4682,93244.1749,82998.35658,89781.75457,116637.3179,116136.9086,120418.2181,110465.422,107415.4112,129862.0794,116833.2003,125602.9504,160322.4327,159675.5618,165210.3941,152343.5445,148565.4062,140589.3304,126910.9702,136067.1482,172316.1535,171640.7859,177419.5406,163985.7458,159993.3558,165159.2712,150557.3175,160397.8866,199356.5854,198630.6462,204841.5754,190403.2711,186230.6089,172492.1791,157795.8382,167618.3013,206505.14,205780.5405,211979.9132,197568.3718,193240.8234,182445.5629,168789.0897,177890.6118,213923.4378,213252.0714,218996.3721,205642.5706,201606.8606,181717.8942,167628.0424,177048.429,214343.3114,213648.3769,219593.8898,205772.4019,201638.69,164225.2605,148232.4949,158922.9505,201246.7913,200457.9544,207205.2453,191520.0972,186834.5163,148045.9527,134463.8443,143479.8283,179174.3187,178509.2324,184199.7427,170971.2073,166918.7383,144260.3963,130580.2643,139725.4729,175932.0758,175257.3843,181029.4596,167611.2611,163626.7851,144056.4837,130049.3552,139428.0285,176558.3378,175866.3561,181785.7706,168025.346,163932.4542
Guangdong,GD,y16,134308.4684,120077.7192,129669.5132,167643.247,166935.7856,172989.5047,158916.538,154802.1628,94655.76914,84242.51328,91145.23096,118473.1936,117963.9871,122320.6169,112192.759,109101.7076,131853.7,118730.0423,127547.9286,162457.9831,161807.5703,167372.7847,154435.2977,150632.7942,142061.4306,128234.3947,137493.9539,174152.2033,173469.1724,179313.1779,165727.7269,161619.7859,168219.5345,153383.2651,163400.2331,203057.3692,202318.4317,208640.6765,193943.5601,189756.604,173799.4587,159024.6798,168886.6418,207929.7813,207202.297,213426.5829,198957.0912,194581.8587,183568.5092,169922.3641,179011.991,214997.7211,214327.1922,220064.0129,206727.6874,202756.8516,183122.89,168655.9935,178330.5012,216631.6413,215917.9922,222023.8889,207829.4909,203540.5388,165705.217,149625.9063,160375.4356,202933.0696,202139.8621,208924.4176,193152.6092,188445.8553,148236.4451,134701.8486,143679.5479,179222.5255,178560.2719,184226.6212,171054.2534,167039.7515,145736.3591,131851.639,141153.2772,177979.088,177292.8357,183163.6187,169515.9273,165449.5375,145299.3763,131186.3326,140624.6355,177991.0221,177294.6648,183251.7165,169403.8011,165286.4904
Guangdong,GD,y17,135690.4354,121313.2513,131003.7433,169368.2058,168653.4701,174769.4707,160551.6999,156394.9902,95021.03002,84579.9707,91492.63285,118859.9567,118350.0062,122712.9079,112570.4521,109462.3193,132336.7263,119059.5687,127996.4344,163377.5358,162718.3368,168358.6389,155246.5999,151396.461,143268.3956,129329.3806,138660.0406,175599.8017,174911.5702,180800.4377,167110.6547,163042.1837,168306.5382,153426.3441,163454.4243,203155.5142,202415.7456,208745.0296,194031.5873,189779.412,175779.177,160802.7866,170812.4346,210440.3017,209701.8826,216019.3855,201333.2269,196923.2103,185922.2306,172005.5359,181280.4917,217999.9573,217315.7946,223169.5655,209561.2789,205448.6689,185180.6935,170822.3614,180422.2652,218427.835,217719.6577,223778.4577,209693.5937,205481.1086,167354.7266,151057.2092,161951.3816,205081.745,204277.8744,211153.7334,195169.701,190394.8208,150867.1074,137026.1849,146213.9775,182588.6601,181910.8982,187709.8482,174229.2308,170099.5293,147009.4049,133068.604,142388.0807,179284.6314,178597.0889,184479.1465,170805.2506,166744.8459,146801.619,132527.5729,142084.9749,179922.8372,179217.6613,185249.8802,171227.2279,167056.3448
Guangdong,GD,y18,137013.26,122495.9196,132280.876,171019.3562,170297.647,176473.2781,162116.8995,157919.6691,95947.37869,85404.53054,92384.58338,120018.7072,119503.7836,123909.2214,113667.8869,110529.4493,133626.8573,120220.2648,129244.2555,164970.2793,164304.6614,169999.9375,156760.0733,152872.3996,144665.0957,130590.2046,140011.8213,177311.7038,176616.7551,182563.0395,168739.7996,164631.6568,169947.3411,154922.0751,165047.9213,205136.0577,204389.0652,210780.0619,195923.1722,191629.5428,177492.8323,162370.442,172477.6706,212491.8486,211746.2426,218125.3428,203296.0012,198842.9852,187734.7571,173682.3899,183047.765,220125.2081,219434.3839,225345.2099,211604.2751,207451.5698,186986.0025,172487.696,182181.1793,220557.2573,219842.1855,225960.0478,211737.8696,207484.3163,168986.258,152529.8505,163530.2248,207081.0577,206269.3551,213212.2506,197072.3857,192250.9516,152337.8936,138362.0241,147639.3978,184368.6919,183684.3182,189539.7979,175927.7666,171757.8114,148442.5952,134365.8729,143776.2046,181032.4543,180338.2071,186277.6123,172470.4174,168370.4225,148232.7614,133819.5704,143470.1362,181676.8695,180964.826,187055.85,172896.5025,168684.9518
Guangdong,GD,y19,138348.0661,123689.2916,133569.5785,172685.4508,171956.7065,178192.4997,163696.2719,159458.1479,96882.1118,86236.55337,93284.60438,121187.9448,120668.017,125116.3637,114775.2553,111606.2473,134928.6721,121391.4613,130503.3727,166577.4479,165905.3361,171656.1001,158287.255,154361.7058,146074.4517,131862.4232,141375.8344,179039.0947,178337.387,184341.5958,170383.6916,166235.5293,171602.9907,156431.3383,166655.8377,207134.5205,206380.2611,212833.5065,197831.8902,193496.429,179221.9903,163952.265,174157.9592,214561.978,213809.0984,220250.3438,205276.5455,200780.1499,189563.7063,175374.4311,184831.051,222269.7019,221572.1414,227540.5567,213665.7525,209472.5949,188807.6408,174168.0859,183956.0107,222705.967,221983.9163,228161.3876,213800.6555,209505.6629,170632.5471,154015.8143,165123.3569,209098.4773,208278.8601,215289.3909,198992.2933,194123.8938,153821.9969,139709.97,149077.7147,186164.8375,185473.8023,191386.3262,177641.682,173431.0965,149888.7423,135674.8815,145176.8825,182796.1046,182095.0888,188092.3561,174150.641,170010.7177,149676.8785,135123.2529,144867.8384,183446.7913,182727.8196,188878.1739,174580.8874,170328.3111
Guangdong,GD,y20,139621.1764,124827.5126,134798.7147,174274.539,173539.0907,179832.2675,165202.6364,160925.5135,98399.97063,87574.81009,94750.56866,123159.5161,122630.1734,127159.1245,116630.6465,113417.3296,137069.3,123426.5266,132593.2144,168884.1709,168208.0198,173993.3706,160544.1381,156591.2288,147680.8117,133306.8293,142932.6486,181040.9539,180330.917,186406.0909,172283.2472,168012.8169,174873.6258,159450.4899,169863.69,211089.5078,210321.3293,216893.6598,201615.184,197262.5997,180674.2588,165315.0568,175567.1234,216154.6572,215398.3864,221868.876,206827.0301,202278.7321,190829.7388,176643.8028,186092.9819,223502.1732,222805.1133,228768.8616,214905.0086,210777.1017,190366.5002,175327.3399,185384.5485,225200.7213,224458.8302,230806.2646,216050.3853,211591.7801,172259.8488,155544.4995,166719.2445,210960.2844,210135.6989,217188.6367,200792.9418,195900.0131,154100.0748,140030.107,149362.9282,186311.8525,185623.3998,191513.8837,177820.4689,173647.178,151501.1024,137067.1533,146736.7322,185019.2343,184305.8172,190408.838,176221.3008,171994.0583,151046.8373,136375.5391,146187.1764,185031.6319,184307.7223,190500.4169,176104.7361,171824.5542
Guangdong,GD,y21,141053.9877,126108.501,136182.0367,176062.9617,175319.9805,181677.7317,166897.9668,162576.9581,98777.00728,87923.23755,95109.13743,123558.2346,123028.129,127563.485,117020.1178,113789.1226,137567.7135,123765.7356,133055.8608,169835.4962,169150.2407,175013.4867,161383.1622,157380.8331,148931.486,134441.4917,144140.9751,182540.8879,181825.4435,187947.0922,173716.19,169486.8922,174959.3317,159490.9481,169915.4208,211185.8126,210416.8012,216996.273,201701.2445,197280.9898,182727.3439,167158.9751,177564.2775,218758.5529,217990.9467,224558.1781,209291.494,204707.1559,193271.3411,178804.5407,188446.1209,226617.0272,225905.8185,231990.9799,217844.7898,213569.6162,192500.4889,177574.6017,187553.9682,227061.8144,226325.6565,232623.9432,217982.3206,213603.3385,173969.9084,157028.1747,168352.974,213188.183,212352.5382,219500.1866,202884.3375,197920.7189,156830.5638,142442.5287,151993.4987,189805.9941,189101.4418,195129.6082,181116.1281,176823.1988,152820.3805,138328.5205,148016.3765,186371.3734,185656.6499,191771.2132,177556.8222,173335.9129,152604.3731,137766.1039,147701.2867,187034.7895,186301.7444,192572.3975,177995.477,173659.7221
Guangdong,GD,y22,142425.2942,127334.5141,137505.9882,177774.6307,177024.4144,183443.9727,168520.5294,164157.5112,99737.30753,88778.01417,96033.77944,124759.4514,124224.1941,128803.6406,118157.7716,114895.3759,138905.1359,124968.9793,134349.4148,171486.6228,170794.6992,176714.9529,162952.1125,158910.8763,150379.3769,135748.5167,145542.2884,184315.5276,183593.1362,189774.2978,175405.0397,171134.6345,176660.2719,161041.5017,171567.3202,213238.9466,212462.4451,219105.8762,203662.1494,199198.9263,184503.8125,168784.0709,179290.5408,220885.3023,220110.2242,226741.3007,211326.208,206697.3009,195150.301,180542.8554,190278.1714,228820.1696,228102.0508,234246.3591,219962.6491,215645.9216,194371.9571,179300.9558,189377.3387,229269.2921,228525.9596,234885.4863,220101.5262,215679.9567,175661.2226,158554.7865,169989.6745,215260.7789,214416.9992,221634.1411,204856.7537,199844.8818,158355.2594,143827.3333,153471.1606,191651.2658,190939.8663,197026.63,182876.928,178542.2537,154306.0857,139673.3337,149455.3713,188183.2444,187461.5835,193635.584,179283.0068,175021.0648,154087.9763,139105.4484,149137.2119,188853.1187,188112.9457,194444.5703,179725.9191,175348.0153
Guangdong,GD,y23,143808.9706,128571.5864,138841.8712,179501.7325,178744.2232,185226.1566,170157.7186,165752.3118,100706.2687,89640.50316,96966.75914,125971.5048,125431.0464,130054.9821,119305.6909,116011.5913,140254.6141,126183.055,135654.6288,173152.6321,172453.9885,178431.7556,164535.2071,160454.7058,151840.3299,137067.3227,146956.2518,186106.1732,185376.7563,191617.9724,177109.1162,172797.2191,178376.5496,162606.0401,173234.111,215310.58,214526.5459,221234.5245,205640.7558,201134.1754,186296.2818,170423.8395,181032.3734,223031.2237,222248.6175,228944.1262,213379.2555,208705.3885,197046.2065,182296.847,192126.7449,231043.1863,230318.0856,236522.0903,222099.6195,217740.9389,196260.2994,181042.8913,191217.1602,231496.6588,230746.1093,237167.4193,222239.8339,217775.3161,177367.7929,160095.1648,171641.1465,217352.0589,216500.0857,223787.3421,206846.9593,201786.396,159893.6963,145224.6321,154962.1502,193513.1766,192794.8647,198940.7691,184653.5929,180276.8106,155805.1862,141030.2767,150907.3447,190011.4681,189282.7968,195516.7841,181024.7622,176721.4097,155584.959,140456.8715,150586.1,190687.8528,189940.4879,196333.6154,181471.9801,177051.5436
Guangdong,GD,y24,145128.4969,129751.3091,140115.8257,181148.7636,180384.3064,186925.7152,171719.0208,167273.1932,102281.3342,91029.17807,98487.98264,128017.5165,127467.2899,132174.8926,121231.1119,117891.0472,142475.9696,128295.0591,137823.3227,175545.7616,174842.9601,180856.5101,166876.7638,162767.9371,153506.0488,138565.0895,148570.6121,188182.077,187444.0256,193758.8367,179078.9312,174640.0451,181771.4791,165739.9814,176563.9176,219415.8958,218617.4102,225448.9857,209567.8529,205043.5874,187800.9226,171835.8773,182492.3381,224680.8238,223894.7317,230620.4496,214985.2807,210257.5787,198356.974,183611.4816,193433.3821,232318.1639,231593.6124,237792.5923,223381.8857,219091.1545,197875.4589,182243.093,192697.003,234083.7085,233312.5627,239910.3716,224572.452,219937.9741,179054.6082,161679.9268,173295.4494,219281.564,218424.4533,225755.5865,208713.1837,203627.2532,160178.5258,145553.56,155254.5139,193660.8907,192945.2739,199068.1108,184834.5675,180496.652,157477.0294,142473.743,152524.731,192317.2787,191575.7297,197919.4644,183172.3094,178778.3266,157004.8462,141754.8442,151953.5152,192330.154,191577.7039,198014.6636,183051.1403,178602.1448
Guangdong,GD,y25,146613.8165,131079.2404,141549.8359,183002.7347,182230.4565,188838.8127,173476.4781,168985.1481,102670.4415,91388.84886,98857.99744,128428.4526,127877.4621,132591.5752,121632.62,118274.2809,142990.137,128644.1314,138300.4345,176529.7982,175817.5308,181911.8893,167744.2933,163584.2114,154801.8403,139740.691,149822.4888,189735.9862,188992.3564,195355.282,180563.4581,176167.4547,181855.5954,165777.5067,176612.8737,219509.9963,218710.6625,225549.4818,209651.5684,205057.0867,189929.7995,173747.7761,184563.2179,227381.2186,226583.3514,233409.4404,217541.0144,212775.9783,200889.3997,185852.3648,195873.9791,235549.4502,234810.2094,241135.2206,226431.445,221987.7621,200088.1607,184573.9489,194946.6611,236011.772,235246.5884,241793.1268,226574.3995,222022.8066,180827.1689,163217.6618,174988.8327,221591.29,220722.7026,228152.0864,210881.3017,205722.0387,163012.2563,148057.0958,157984.5318,197287.4645,196555.1379,202820.9129,188255.0734,183792.9231,158844.0037,143780.9295,153850.6373,193717.4512,192974.5686,199330.1452,184555.4647,180168.1907,158619.4841,143196.3479,153523.1351,194407.0271,193645.079,200162.8994,185011.4157,180504.761
Guangdong,GD,y26,148035.1852,132350.0112,142922.1146,184776.8825,183997.1158,190669.5398,175158.2759,170623.4011,103665.798,92274.83389,99816.39614,129673.5291,129117.186,133877.006,122811.814,119420.9092,144376.3787,129891.2916,139641.2111,178241.1955,177522.0264,183675.4629,169370.5292,165170.1161,156302.578,141095.4366,151274.9683,191575.4067,190824.5706,197249.1952,182313.9469,177875.3365,183618.6303,167384.6694,178325.0813,221638.0752,220830.9954,227736.1053,211684.0835,207045.0531,191771.1131,175432.2075,186352.5024,229585.6099,228780.0114,235672.2778,219650.0049,214838.7696,202836.9481,187654.1441,197772.9237,237833.0176,237086.6176,243472.9443,228626.6146,224139.8576,202027.9511,186363.3366,196836.6023,238299.8277,237527.2302,244137.2444,228770.9654,224175.2436,182580.2329,164799.9988,176685.2907,223739.5421,222862.54,230363.9459,212925.7299,207716.4468,164592.6151,149492.4584,159516.1365,199200.0994,198460.6723,204787.1961,190080.152,185574.7435,160383.9525,145174.8387,155342.1685,195595.4815,194845.3842,201262.5718,186344.6665,181914.8544,160157.2503,144584.5781,155011.4932,196291.7305,195522.4098,202103.4246,186805.0304,182254.6896
Guangxi,GX,y1,28333.60119,25605.61579,28745.97362,35214.88429,35872.97495,37302.11268,36267.8546,35486.54047,25638.21818,23216.72411,25963.19752,31620.81414,32196.49451,33446.33401,32541.87428,31834.83025,26040.79471,23853.65504,26359.17189,31520.29962,32045.47217,33185.73113,32360.46543,31734.41803,26455.1648,24419.75856,26749.17962,31547.41468,32035.6367,33095.74277,32328.58962,31743.77876,28316.47318,26407.99623,28597.8879,33108.533,33567.48313,34563.94229,33842.69897,33299.70163,28960.42363,27136.17187,29218.07501,33506.59563,33942.86301,34890.3147,34204.68195,33676.72935,30546.48918,28783.72587,30802.01398,34959.2969,35382.28114,36300.7524,35636.12927,35129.49389,30601.90905,28764.22556,30871.08253,35210.89872,35652.48308,36611.22049,35917.38635,35390.7114,29273.83782,27340.10335,29552.27802,34109.38357,34572.96111,35579.72268,34851.12339,34293.2621,28088.72144,25954.81804,28388.11904,33400.4028,33910.3439,35017.59407,34216.30618,33600.12735,28701.07242,26360.14457,29046.06232,34578.50133,35141.47767,36363.77465,35479.16235,34810.21612,30421.8116,27608.10301,30837.09367,37488.33193,38165.02249,39634.46097,38571.02078,37773.46428
Guangxi,GX,y2,29797.91268,26928.942,30231.59691,37034.82871,37726.92939,39229.92694,38142.21711,37320.52404,26963.22863,24416.58963,27305.00411,33255.0133,33860.44444,35174.87699,34223.67324,33480.08858,27386.6118,25086.43793,27721.44272,33149.30402,33701.61792,34900.80683,34032.88946,33374.48789,27822.39694,25681.79867,28131.60717,33177.81996,33691.2738,34806.16719,33999.36661,33384.33239,29779.89923,27772.79014,30075.85782,34819.61838,35302.28776,36350.24583,35591.7266,35020.66692,30457.12994,28538.5998,30728.09722,35238.25403,35697.06758,36693.48455,35972.41724,35417.17873,32125.16533,30271.30053,32393.89632,36766.03188,37210.87615,38176.8145,37477.84294,36945.02431,32183.44819,30250.79172,32466.53417,37030.63652,37495.04224,38503.32921,37773.63651,37219.74151,30786.74226,28753.06992,31079.57249,35872.19501,36359.73046,37418.52145,36652.26745,36065.57567,29540.3774,27296.19217,29855.24841,35126.57211,35662.86774,36827.34341,35984.64192,35336.61979,30184.37508,27722.46602,30547.19417,36365.55651,36957.62769,38243.09426,37312.76388,36609.24649,31994.04427,29034.9198,32430.7885,39425.77043,40137.4322,41682.81298,40564.41325,39725.63813
Guangxi,GX,y3,31336.71265,28319.58448,31792.79087,38947.34949,39675.19202,41255.80747,40111.9257,39247.79996,28355.64138,25677.49088,28715.06612,34972.34076,35609.03779,36991.34912,35991.02443,35209.03987,28800.88776,26381.93091,29153.01083,34861.17231,35442.00908,36703.12508,35790.3874,35097.98525,29259.17754,27008.03681,29584.35558,34891.16068,35431.1308,36603.59746,35755.13342,35108.33803,31317.76796,29207.00939,31629.01081,36617.74423,37125.33967,38227.41419,37429.72497,36829.17507,32029.97155,30012.36642,32314.93216,37057.99772,37540.50563,38588.37891,37830.07525,37246.16387,33784.14649,31834.54669,34066.7546,38664.67265,39132.4896,40148.30993,39413.24317,38852.90838,33845.4398,31812.97784,34143.14368,38942.94167,39431.32979,40491.68608,39724.31072,39141.81308,32376.60611,30237.91209,32684.55848,37724.67768,38237.38861,39350.85867,38545.03382,37928.04428,31065.87655,28705.79992,31397.00805,36940.54942,37504.53947,38729.14988,37842.93121,37161.44384,31743.13156,29154.08698,32124.68703,38243.51594,38866.16303,40218.01124,39239.63894,38499.79052,33646.25385,30534.31683,34105.55179,41461.76254,42210.17699,43835.36214,42659.20711,41777.11621
Guangxi,GX,y4,32936.24755,29765.11439,33415.60825,40935.35982,41700.35386,43361.64893,42159.3786,41251.14543,29772.48958,26967.30281,30148.9086,36702.91268,37369.80621,38817.68006,37769.90772,36951.35013,30327.06181,27787.73919,30697.36045,36690.78317,37300.6594,38624.82373,37666.45385,36939.33323,30768.89291,28404.70806,31110.25186,36683.26183,37250.31805,38481.54936,37590.55545,36911.04879,33023.57765,30810.5218,33351.71909,38586.01317,39118.57941,40274.9044,39437.96917,38808.47446,33601.81987,31477.25826,33901.91479,38896.46856,39404.55509,40508.02484,39709.47554,39098.59042,35526.80897,33482.16245,35821.67362,40640.66197,41130.97884,42195.6174,41425.21672,40834.75554,35622.21114,33489.48041,35932.72075,40965.38291,41477.46851,42589.28298,41784.66799,41170.61812,34005.66361,31748.97016,34328.85939,39643.47568,40184.1057,41358.19066,40508.51807,39857.60364,32586.65167,30103.56985,32938.78511,38778.93014,39373.08705,40663.2389,39729.56019,39014.83155,33445.00959,30709.9998,33848.16871,40312.21032,40969.98257,42398.10985,41364.55489,40582.51524,35396.06124,32111.07343,35881.00791,43646.49758,44436.55448,46152.14297,44910.55805,43979.87652
Guangxi,GX,y5,34652.83636,31316.42848,35157.17921,43068.84893,43873.71337,45621.59293,44356.6618,43401.09342,31356.3018,28394.74335,31753.7612,38673.19509,39377.26876,40905.85875,39799.67819,38934.94134,31848.66527,29173.72776,32238.04969,38550.26262,39192.56431,40587.13479,39577.8097,38812.1354,32355.45235,29866.09008,32715.04145,38583.4249,39180.53487,40477.07485,39538.82556,38823.58397,34631.88696,32297.76322,34976.06567,40492.71865,41054.02908,42272.72764,41390.62526,40726.52402,35419.4576,33188.34476,35734.57344,40979.5617,41513.12893,42671.89135,41833.3412,41187.63965,37359.26376,35203.3519,37671.77785,42756.25779,43273.58101,44396.89694,43584.04459,42964.41374,37427.04263,35179.50158,37756.2505,43063.97468,43604.04504,44776.61016,43928.02981,43283.891,35802.77269,33437.75785,36143.31372,41716.78938,42283.75771,43515.05765,42623.9583,41941.67852,34353.34054,31743.51364,34719.51281,40849.68399,41473.35808,42827.55733,41847.55792,41093.95356,35102.26389,32239.24019,35524.19633,42290.53371,42979.0703,44473.97562,43392.06885,42573.92785,37206.77849,33765.52891,37714.6814,45849.34307,46676.95501,48474.12194,47173.50345,46198.06821
Guangxi,GX,y6,36438.15498,32929.85585,36968.4821,45287.76329,46134.09376,47972.02487,46641.92439,45637.12442,32971.78349,29857.64465,33389.72014,40665.64395,41405.99141,43013.33568,41850.16424,40940.87632,33489.51269,30676.76324,33898.95961,40536.3784,41211.77118,42678.19027,41616.86468,40811.74244,34022.40985,31404.79606,34400.52569,40571.24849,41199.1223,42562.46235,41575.87116,40823.78221,36416.12677,33961.7489,36778.03802,42578.91034,43169.13873,44450.62589,43523.07712,42824.76078,37244.27289,34898.21258,37575.62393,43090.83533,43651.89197,44870.35415,43988.60202,43309.63397,39284.01879,37017.03461,39612.63346,44959.06667,45503.04245,46684.23244,45829.50129,45177.94681,39355.29071,36991.95472,39701.45816,45282.6371,45850.53226,47083.50724,46191.20932,45513.88299,37647.33778,35160.47682,38005.42282,43866.04534,44462.22349,45756.96037,44819.95234,44102.52032,36123.22955,33378.94418,36508.26717,42954.26615,43610.07134,45034.03987,44003.55113,43211.12025,36910.73755,33900.21096,37354.40849,44469.34906,45193.35899,46765.28119,45627.63485,44767.34385,39123.67745,35505.13453,39657.74733,48211.50778,49081.75981,50971.51713,49603.88959,48578.20002
Guangxi,GX,y7,37482.37299,33873.53513,38027.89822,46585.58648,47456.17157,49346.77193,47978.55521,46944.95986,33916.66412,30713.28257,34346.57789,41831.01019,42592.57408,44245.97934,43049.47498,42114.1296,34449.23125,31555.87484,34870.41075,41698.03985,42392.78852,43901.2306,42809.48985,41981.29573,34997.39899,32304.77122,35386.35054,41733.91004,42379.77726,43782.18506,42767.32295,41993.67939,37459.71356,34935.00001,37831.99666,43799.10481,44406.24849,45724.45987,44770.32971,44052.00174,38311.59286,35898.30044,38652.43868,44325.70102,44902.8358,46156.2155,45249.19448,44550.76965,40409.79187,38077.84174,40747.82315,46247.47108,46807.03586,48022.07523,47142.84926,46472.62343,40483.10559,38052.04273,40839.19398,46580.31367,47164.48309,48432.79321,47514.92239,46818.18679,38726.20801,36168.07978,39094.55427,45123.12657,45736.38977,47068.22892,46104.36946,45366.37768,37158.423,34335.49338,37554.49419,44185.21828,44859.81614,46324.59304,45264.5719,44449.43333,37968.49848,34871.69886,38424.88415,45743.71861,46488.47754,48105.44614,46935.19755,46050.25251,40244.85584,36522.61449,40794.23011,49593.11924,50488.30909,52432.2222,51025.40134,49970.31836
Guangxi,GX,y8,38535.54659,34825.30786,39096.39923,47894.54055,48789.58633,50733.30826,49326.64825,48264.01152,34833.93617,31551.85543,35274.34798,42942.56013,43722.82814,45416.84768,44190.94779,43233.23227,35482.78799,32511.77074,35916.03786,42928.36776,43641.92705,45191.20461,44069.90725,43219.17344,35999.73271,33233.62575,36399.12336,42919.56799,43583.02737,45023.57321,43981.10566,43186.08056,38637.7224,36048.43804,39021.64916,45145.79503,45768.90074,47121.80464,46142.58721,45406.07609,39314.26736,36828.52236,39665.37987,45509.03005,46103.49282,47394.55572,46460.24957,45745.51258,41566.51403,39174.26876,41911.5063,47549.74234,48123.41599,49369.04614,48467.67648,47776.83271,41678.13425,39182.82969,42041.4316,47929.6676,48528.80991,49829.63745,48888.23515,48169.79361,39786.76742,37146.4265,40164.90791,46383.03074,47015.5699,48389.25376,47395.13359,46633.56143,38126.51724,35221.30142,38538.51448,45371.50761,46066.67543,47576.15834,46483.74987,45647.51435,39130.7997,35930.82648,39602.49765,47165.45333,47935.04949,49605.96561,48396.70071,47481.71126,41413.5384,37570.08965,41980.92793,51066.58242,51990.95308,53998.19864,52545.53864,51456.6386
Guangxi,GX,y9,39659.73394,35841.2576,40236.94905,49291.75587,50212.91222,52213.33854,50765.64263,49672.00496,35886.8928,32497.42567,36341.78022,44260.9847,45066.78866,46816.24009,45550.23072,44560.55068,36450.3964,33388.96438,36896.04168,44120.29096,44855.39607,46451.46477,45296.30505,44419.99992,37030.40805,34181.36338,37441.953,44158.24369,44841.62922,46325.50408,45251.68817,44433.10319,39635.75821,36964.38356,40029.66712,46343.407,46985.81925,48380.60484,47371.04948,46610.99321,40537.12385,37983.64228,40897.76905,46900.59131,47511.25386,48837.44138,47877.73232,47138.7347,42757.20664,40289.79336,43114.87544,48933.99945,49526.0685,50811.69062,49881.39019,49172.23028,42834.78011,40262.49629,43211.55356,49286.17666,49904.282,51246.26751,50275.07749,49537.86855,40975.82213,38269.0928,41365.56797,47744.34117,48393.22818,49802.43444,48782.58408,48001.72247,39316.96545,36330.05113,39736.04517,46751.94945,47465.73611,49015.60133,47894.00413,47031.51297,40174.09884,36897.40466,40656.99548,48400.9832,49189.00515,50899.90413,49661.67684,48725.32421,42582.68947,38644.22266,43163.97813,52473.99672,53421.18709,55478.02339,53989.48065,52873.1072
Guangxi,GX,y10,40794.51556,36866.78161,41388.246,50702.13773,51649.65094,53707.31657,52218.19496,51093.26683,36913.72115,33427.27255,37381.62556,45527.42166,46356.28102,48155.79121,46853.55704,45835.55853,37493.34973,34344.32088,37951.74507,45382.70202,46138.84094,47780.57759,46592.36516,45690.98656,38089.95604,35159.39304,38513.27677,45421.74106,46124.67979,47651.01215,46546.47177,45704.4649,40769.85275,38022.04265,41175.03327,47669.42804,48330.22165,49764.91672,48726.47438,47944.67154,41697.00945,39070.46483,42067.97454,48242.55551,48870.6901,50234.82339,49247.65568,48487.51251,43980.61644,41442.60186,44348.51822,50334.14402,50943.15441,52265.56091,51308.64322,50579.19155,44060.40816,41414.52454,44447.96227,50696.39868,51332.18852,52712.57235,51713.59473,50955.29229,42148.26143,39364.0846,42549.158,49110.44668,49777.90047,51227.42761,50178.3968,49375.19308,40441.93835,37369.56208,40873.0098,48089.65964,48823.8698,50418.08109,49264.39116,48377.22245,41323.59706,37953.14729,41820.31177,49785.87735,50596.447,52356.30049,51082.64243,50119.49917,43801.10545,39749.94778,44399.02627,53975.43134,54949.72398,57065.4113,55534.2776,54385.96184
Guangxi,GX,y11,41961.15919,37921.09988,42571.86921,52152.12022,53126.73078,55243.24028,53711.53469,52554.43457,37969.38212,34383.22742,38450.66679,46829.41726,47681.98055,49532.95296,48193.47816,47146.36687,38565.58592,35326.50158,39037.09231,46680.55778,47458.3226,49147.00859,47924.81619,46997.66016,39179.25497,36164.88354,39614.68193,46720.71499,47443.75608,49013.73911,47877.60987,47011.52369,41935.79203,39109.39953,42352.55874,49032.68132,49712.37184,51188.09662,50119.95756,49315.79613,42889.4631,40187.80513,43271.03691,49622.19883,50268.29707,51671.44208,50656.04202,49874.16074,45238.37671,42627.78009,45616.79981,51773.60353,52400.02961,53760.25496,52775.97073,52025.65907,45320.45064,42598.90039,45719.08922,52146.21739,52800.18925,54220.04996,53192.50238,52412.51431,43353.62042,40489.82063,43765.98101,50514.91056,51201.45225,52692.43346,51613.4017,50787.22724,41598.50017,38438.25827,42041.89937,49464.93026,50220.13813,51859.9406,50673.25739,49760.7168,42505.37223,39038.5341,43016.29102,51209.65705,52043.4066,53853.5888,52543.50668,51552.81953,45053.73217,40886.71997,45668.75212,55519.02396,56521.18005,58697.37141,57122.45063,55941.29466
Guangxi,GX,y12,42402.79783,38320.21723,43019.93544,52701.01786,53685.88599,55824.67227,54276.8459,53107.56761,38329.71134,34718.256,38814.32005,47252.07886,48110.65224,49974.67489,48625.75016,47571.92137,39043.67842,35774.50369,39520.40866,47236.46283,48021.63167,49726.3877,48492.5621,47556.45265,39612.50216,36568.80133,40051.97425,47226.77996,47956.82044,49541.93233,48394.84929,47520.03805,42515.22854,39666.09508,42937.68366,49676.42142,50362.05903,51850.73497,50773.24699,49962.82333,43259.66948,40524.46502,43646.01731,50076.10822,50730.22872,52150.85716,51122.78926,50336.32318,45737.94051,43105.61929,46117.55377,52321.61804,52952.86258,54323.49844,53331.67092,52571.49812,45860.76217,43115.03974,46260.51809,52739.67045,53398.9402,54830.31213,53794.43501,53003.89404,43779.58588,40874.27158,44195.67523,51037.81995,51733.83765,53245.38033,52151.49339,51313.49332,41952.71978,38755.95083,42406.06464,49924.78631,50689.71714,52350.68463,51148.64675,50228.49083,43057.78811,39536.68056,43576.82426,51898.76277,52745.59258,54584.1939,53253.57259,52246.75889,45569.61212,41340.45307,46193.94203,56191.39234,57208.52781,59417.21194,57818.76945,56620.59185
Guangxi,GX,y13,42893.83357,38763.974,43518.11741,53311.30901,54307.58175,56471.13551,54905.38465,53722.56525,38813.33047,35147.46582,39305.31278,47870.29794,48741.81152,50633.92429,49264.677,48194.29214,39422.78532,36111.7064,39904.77247,47718.13016,48513.18127,50239.40257,48990.0439,48042.27995,40050.09506,36968.72265,40495.20071,47759.17911,48498.29142,50103.16965,48941.78879,48056.4517,42867.90154,39978.68632,43293.93263,50122.53329,50817.33168,52325.85727,51233.97633,50411.9414,43842.76968,41081.06218,44232.82502,50725.15471,51385.6133,52819.94688,51781.97722,50982.71765,46243.89253,43575.27051,46630.72722,52924.37885,53564.72857,54955.18755,53949.02512,53182.0369,46327.79127,43545.74881,46735.289,53305.27461,53973.78325,55425.20245,54374.81615,53577.49075,44317.24362,41389.79067,44738.77036,51637.70824,52339.51023,53863.63148,52760.61584,51916.07859,42523.11295,39292.62772,42976.3671,50564.39089,51336.38366,53012.63495,51799.57464,50866.75235,43450.14182,39906.24595,43972.41685,52347.89719,53200.17934,55050.59601,53711.39485,52698.68722,46055.14429,41795.51123,46683.83451,56753.04842,57777.47992,60002.04251,58392.11519,57184.70556
Guangxi,GX,y14,43366.96634,39191.55443,43998.13612,53899.35088,54906.61302,57094.0317,55511.00888,54315.14382,39241.45393,35535.15434,39738.86402,48398.32398,49279.45002,51192.43403,49808.08272,48725.89094,39857.63219,36510.03007,40344.93574,48244.47731,49048.29785,50793.56075,49530.42089,48572.20329,40491.86046,37376.50001,40941.8758,48285.97795,49033.2439,50655.82428,49481.63308,48586.53069,43340.7491,40419.66444,43771.47891,50675.40185,51377.86456,52903.02876,51799.10415,50968.00191,44326.37038,41534.20015,44720.72798,51284.67059,51952.41378,53402.5684,52353.15016,51545.07371,46753.97745,44055.92015,47145.07902,53508.1518,54155.56572,55561.36191,54544.10042,53768.65227,46838.80234,44026.07239,47250.79493,53893.24979,54569.132,56036.56173,54974.58847,54168.46854,44806.07824,41846.33411,45232.25387,52207.28933,52916.83278,54457.76613,53342.58309,52488.73078,42992.15688,39726.03844,43450.41068,51122.13311,51902.64201,53597.38125,52370.94152,51427.82889,43929.41142,40346.42551,44457.44751,52925.31243,53786.99555,55657.82372,54303.84999,53279.97232,46563.14815,42256.52972,47198.77271,57379.05399,58414.78509,60663.88433,59036.1997,57815.47208
Guangxi,GX,y15,43844.67605,39623.26909,44482.79904,54493.07905,55511.43797,57722.95295,56122.4926,54913.4536,39673.7198,35926.59287,40176.60819,48931.45576,49822.28929,51756.34574,50356.74499,49262.63256,40296.68533,36912.208,40789.35612,48775.91568,49588.59091,51353.07792,50076.02456,49107.25041,40937.8998,37788.22247,41392.87237,48817.8742,49573.37115,51213.82528,50026.69953,49121.73693,43818.17014,40864.90861,44253.64463,51233.61902,51943.81852,53485.78432,52369.69872,51529.44144,44814.64892,41991.72069,45213.34973,51849.59851,52524.69772,53990.82561,52929.84803,52112.87029,47268.99781,44541.22005,47664.40736,54097.57196,54752.11755,56173.3996,55144.93324,54360.94242,47354.75648,44511.04241,47771.28783,54486.91222,55170.23977,56653.83334,55580.16269,54765.16236,45299.64058,42307.2936,45730.51123,52782.37975,53499.73943,55057.64615,53930.17979,53066.92137,43465.73825,40163.64194,43929.04025,51685.26959,52474.37589,54187.78572,52947.83489,51994.33391,44413.3168,40790.86319,44947.16948,53508.31241,54379.48715,56270.92266,54902.03517,53866.87803,47076.06594,42722.00761,47718.69214,58011.1152,59058.25447,61332.12855,59686.51481,58452.33972
Guangxi,GX,y16,44303.57202,40037.98361,44948.37483,55063.42708,56092.44421,58327.10396,56709.8934,55488.20054,40047.90291,36274.55867,40554.2352,49370.23073,50267.29029,52214.87109,50805.47906,49704.41109,40793.87538,37378.15385,41291.97513,49353.91421,50174.2789,51955.4537,50666.31949,49688.24792,41388.19612,38208.05649,41847.36892,49343.79729,50106.56314,51762.73056,50564.22697,49650.20118,44421.04356,41444.19202,44862.43563,51903.24723,52619.61952,54175.02894,53049.24039,52202.4882,45198.8547,42341.03991,45602.52159,52320.8514,53004.29337,54488.60509,53414.45099,52592.73123,47788.218,45037.8996,48184.84808,54667.01946,55326.56137,56758.63685,55722.34974,54928.10014,47916.54523,45047.74174,48334.22093,55103.81133,55792.63472,57288.16983,56205.8585,55379.87995,45742.0763,42706.52706,46176.81859,53325.67425,54052.89172,55632.18942,54489.26963,53613.7034,43833.31954,40493.24975,44306.98536,52162.74613,52961.96556,54697.38867,53441.46822,52480.06509,44987.92308,41308.97614,45530.22645,54225.20933,55109.99921,57031.02,55640.75139,54588.80623,47612.3443,43193.60588,48264.66144,58710.26283,59772.99306,62080.68451,60410.59017,59158.70176
Guangxi,GX,y17,44812.61454,40498.01378,45464.82456,55696.09728,56736.93823,58997.27386,57361.48167,56125.7514,40549.57764,36719.72662,41063.56811,50011.69268,50922.19175,52898.94598,51468.44687,50350.1806,41186.29575,37727.10079,41689.84387,49852.71768,50683.33497,52486.7748,51181.52946,50191.36843,41841.66615,38622.45463,42306.68281,49895.60224,50667.77912,52344.4493,51131.11514,50206.17402,44785.52347,41767.06402,45230.61113,52364.67869,53090.55786,54666.56504,53525.83979,52667.03225,45803.99983,42918.7523,46211.50367,52994.25728,53684.26015,55182.75527,54098.35544,53263.34051,48312.53359,45524.53481,48716.67164,55291.85846,55960.85389,57413.51333,56362.34204,55561.0428,48400.18484,45493.69094,48825.91092,55689.79467,56388.20652,57904.55331,56807.18032,55974.1873,46299.69965,43241.29075,46740.08182,53947.63171,54680.82662,56273.12749,55120.77084,54238.4542,44425.31015,41050.31579,44898.84034,52826.30224,53632.82796,55384.06286,54116.73927,53142.18756,45393.8079,41691.38244,45939.4467,54689.58916,55579.99691,57513.1894,56114.08181,55056.07202,48115.34147,43665.16113,48772.15488,59291.79797,60362.05549,62686.13057,61004.18614,59742.76532
Guangxi,GX,y18,45303.25092,40941.412,45962.60252,56305.8932,57358.13074,59643.21254,57989.51218,56740.25101,40993.53984,37121.75744,41513.15806,50559.2525,51479.72005,53478.11734,52031.95621,50901.44632,41637.22972,38140.1606,42146.28983,50398.53807,51238.2483,53061.43424,51741.89695,50740.89572,42299.77542,39045.31707,42769.88297,50441.89177,51222.5217,52917.54926,51690.93062,50755.86347,45275.86271,42224.35695,45725.8243,52937.99983,53671.82606,55265.08807,54111.87442,53243.6641,46305.49131,43388.65409,46717.45631,53574.47198,54272.0293,55786.93147,54690.65781,53846.50203,48841.48933,46022.96686,49250.05305,55897.22938,56573.54868,58042.11218,56979.43252,56169.36052,48930.10106,45991.78557,49360.48852,56299.52141,57005.58063,58538.52908,57429.14059,56587.0272,46806.61809,43714.7244,47251.82146,54538.28365,55279.50864,56889.24157,55724.26822,54832.29125,44911.70663,41499.76057,45390.42102,53404.67667,54220.03455,55990.44285,54709.2433,53724.02245,45890.80916,42147.84681,46442.42112,55288.36619,56188.52252,58142.87977,56728.4543,55658.86031,48642.13877,44143.23484,49306.14222,59940.96301,61022.9377,63372.45628,61672.09724,60396.86653
Guangxi,GX,y19,45798.95388,41389.38838,46465.52044,56921.98677,57985.73614,60295.82321,58624.02648,57361.09828,41442.08763,37527.94048,41967.39026,51112.46601,52043.00609,54063.26907,52601.2842,51458.40514,42092.81998,38557.48673,42607.45038,50949.9926,51798.89144,53642.02624,52308.05045,51296.09634,42762.61563,39472.54683,43237.86648,50993.8217,51782.99241,53496.56752,52256.52761,51311.22875,45771.26733,42686.37035,46226.15171,53517.24184,54259.0975,55869.79251,54703.96083,53826.25087,46812.16119,43863.40838,47228.63415,54160.67712,54865.86823,56397.34614,55289.07671,54435.6844,49375.90792,46526.54458,49788.94172,56508.85114,57192.57134,58677.20343,57602.89584,56783.95926,49465.48862,46495.02335,49900.58549,56915.54475,57629.32971,59179.05109,58057.5235,57206.19715,47318.77053,44193.04551,47768.84664,55135.03676,55884.37042,57511.7178,56333.99669,55432.26009,45403.12585,41953.84596,45887.07742,53989.02622,54813.30371,56603.08413,55307.86589,54311.86512,46392.94097,42609.02415,46950.58951,55893.32569,56803.3311,58779.0727,57349.17008,56267.87337,49174.37609,44626.24577,49845.64653,60596.82935,61690.64374,64065.87103,62346.9076,61057.72243
Guangxi,GX,y20,46275.32485,41819.89348,46948.82408,57514.05168,58588.86565,60922.98034,59233.79502,57957.72962,41830.25481,37888.97591,42359.12167,51567.47663,52504.46001,54538.71947,53066.60087,51916.52974,42609.42641,39041.68693,43129.69435,51550.4352,52407.31047,54267.75715,52921.24896,51899.64814,43230.19828,39908.5258,43709.8065,51539.86722,52336.57967,54066.45613,52814.61216,51859.90831,46398.02384,43288.68608,46859.06012,54213.22666,54961.48124,56586.1153,55410.22204,54525.78555,47210.45115,44225.44887,47632.08353,54649.41642,55363.27574,56913.64588,55791.68783,54933.39569,49915.05616,47042.33345,50329.33783,57100.00261,57788.89684,59284.70882,58202.30067,57372.70259,50049.09499,47052.61386,50485.35914,57556.23356,58275.71349,59837.80828,58707.32685,57844.58855,47777.85062,44607.20316,48231.94069,55698.95872,56458.54243,58108.12705,56914.34013,55999.80733,45784.14316,42295.422,46278.88905,54484.27487,55319.06373,57131.72224,55819.90633,54815.71515,46990.13335,43147.45226,47556.57109,56638.52879,57562.69707,59569.21252,58117.06951,57018.30715,49731.35534,45115.95818,50412.7037,61323.19258,62433.21887,64843.61671,63099.19253,61791.58904
Guangxi,GX,y21,46805.75519,42299.25317,47486.97386,58173.30548,59260.43908,61621.30897,59912.76076,58622.0697,42353.10984,38352.91807,42889.96221,52236.07341,53187.06966,55251.74388,53757.62077,52589.61659,43018.14777,39405.0968,43544.09204,52070.02836,52937.58873,54821.24195,53457.94093,52423.74173,43702.66739,40340.27335,44188.3669,52114.82134,52921.34058,54672.58489,53405.28483,52439.20519,46777.45895,43624.74709,47242.34307,54693.7147,55451.87789,57097.98084,55906.52054,55009.51462,47841.23433,44827.65879,48266.86319,55351.29465,56071.98681,57637.13147,56504.49984,55632.34636,50461.34034,47549.33944,50883.45366,57751.08631,58449.83734,59967.10642,58869.18122,58032.24357,50552.89071,47517.12457,50997.55221,58166.72058,58896.19777,60479.98647,59333.80501,58463.76325,48358.98104,45164.54372,48818.95056,56347.07228,57112.87884,58776.00056,57572.3894,56650.83049,46401.22393,42876.11902,46895.81659,55175.8683,56018.26713,57847.39205,56523.70128,55505.80526,47412.79934,43545.69974,47982.70592,57122.03068,58052.0418,60071.21648,58609.87943,57504.8135,50255.37828,45607.26568,50941.40432,61928.93265,63046.79188,65474.23444,63717.48143,62399.95752
Guangxi,GX,y22,47316.94926,42761.22916,48005.6083,58808.65204,59907.65895,62294.31366,60567.10561,59262.31684,42815.67375,38771.79391,43358.38802,52806.57636,53767.95791,55855.18362,54344.74015,53163.97974,43487.97549,39835.46419,44019.66395,52638.71715,53515.75195,55419.97807,54041.78808,52996.29368,44179.97151,40780.85511,44670.97524,52683.99889,53499.32653,55269.6978,53988.55634,53011.92611,47288.34463,44101.20002,47758.30644,55291.05746,56057.5026,57721.58258,56517.10953,55610.30874,48363.73848,45317.24965,48794.01487,55955.82002,56684.38354,58266.62162,57121.61932,56239.94154,51012.45971,48068.65545,51439.18351,58381.82135,59088.20332,60622.04326,59512.12828,58666.04903,51105.00957,48036.08944,51554.52837,58801.99515,59539.43894,61140.52548,59981.82574,59102.28136,48887.13874,45657.81374,49352.13297,56962.47396,57736.64325,59417.92954,58201.17246,57269.54865,46908.00055,43344.39604,47407.994,55778.47827,56630.07706,58479.17932,57141.03112,56112.01728,47930.62353,44021.28884,48506.75383,57745.89543,58686.06312,60727.29063,59249.99387,58132.85776,50804.24852,46105.37074,51497.76726,62605.29629,63735.36526,66189.31873,64413.37935,63081.46495
Guangxi,GX,y23,47833.40535,43227.96058,48529.58103,59450.53754,60561.54049,62974.24405,61228.18462,59909.15417,43283.00017,39194.98134,43831.63784,53382.95051,54354.8258,56464.8319,54937.9033,53744.25557,43962.63926,40270.26168,44500.13044,53213.26035,54099.86736,56024.87652,54631.64467,53574.73839,44662.18739,41225.97059,45158.55079,53259.03514,54083.26289,55872.95666,54577.83212,53590.54116,47804.48807,44582.55611,48279.57938,55894.54981,56669.35982,58351.60474,57133.98411,56217.28489,48891.61998,45811.87923,49326.59255,56566.568,57303.0833,58902.59234,57745.09233,56853.79091,51569.25222,48593.31662,52000.63309,59019.04963,59733.14143,61283.72326,60161.69276,59306.37947,51662.81158,48560.39378,52117.23642,59443.80949,60189.30163,61807.86297,60636.51666,59747.37272,49420.73443,46156.16133,49890.80252,57584.20889,58366.82848,60066.46544,58836.42865,57894.63603,47419.99339,43817.49192,47925.44408,56387.29021,57248.18394,59117.46956,57764.71551,56724.47095,48453.77744,44501.77339,49036.19768,58376.18204,59326.61138,61390.11821,59896.698,58767.36821,51358.76791,46608.60304,52059.85643,63288.62207,64431.02498,66911.7635,65116.44038,63769.98781
Guangxi,GX,y24,48329.6607,43676.43641,49033.05815,60067.31641,61189.84481,63627.5801,61863.40611,60530.69115,43687.25666,39571.00997,44239.60187,53856.75167,54835.33057,56959.89761,55422.42678,54221.30007,44501.01962,40774.89455,45044.38397,53838.95207,54733.86714,56676.90597,55270.62258,54203.66798,45149.35041,41680.21556,45650.25004,53827.9153,54659.9966,56466.66849,55159.25098,54162.16414,48457.80646,45210.43401,48939.31014,56619.95597,57401.4283,59098.18472,57870.09053,56946.38988,49306.30141,46188.78218,49746.65074,57075.50856,57821.0602,59440.25674,58268.49002,57372.09597,52130.97329,49130.71891,52563.64666,59634.88607,60354.36353,61916.57912,60786.11956,59919.69256,52270.96215,49141.45602,52726.59468,60111.37153,60862.79055,62494.23359,61313.56738,60412.52746,49898.88891,46587.48364,50373.13802,58171.64515,58964.94915,60687.76608,59440.98271,58485.8502,47816.67341,44173.07386,48333.38306,56903.03691,57774.8857,59668.01435,58297.9627,57249.19101,49076.20177,45062.93049,49667.78753,59152.92593,60118.12156,62213.71417,60697.10542,59549.56457,51939.11738,47118.82489,52650.71294,64045.55916,65204.86538,67722.26754,65900.40346,64534.74974
Guangxi,GX,y25,48882.30289,44175.86868,49593.74445,60754.17685,61889.54169,64355.15205,62570.80413,61222.85051,44232.11514,40054.45383,44792.78376,54553.53837,55546.72603,57703.00013,56142.5885,54922.76714,44926.65755,41153.31324,45475.93494,54380.12745,55286.17666,57253.39737,55829.6144,54749.53214,45641.54646,42129.97964,46148.79295,54426.90667,55269.20884,57098.14583,55774.62214,54765.68219,48852.75137,45560.16874,49338.26079,57120.21214,57912.01307,59631.14636,58386.82552,57450.02515,49963.7218,46816.4481,50408.2325,57806.96668,58559.63272,60194.21445,59011.33387,58100.48754,52700.06819,49658.87722,53140.91027,60313.22624,61042.97768,62627.56055,61480.92605,60606.85693,52795.68161,49625.23331,53260.06959,60747.30072,61509.14037,63163.19449,61966.16153,61057.52161,50504.43781,47168.2799,50984.81453,58846.92283,59646.70401,61383.61117,60126.60161,59164.15677,48459.82559,44778.32784,48976.35889,57623.75746,58503.53,60413.80404,59031.38746,57968.33197,49516.27906,45477.61412,50111.46928,59656.26307,60627.53318,62736.28883,61210.12058,60056.02699,52484.96923,47630.64268,53201.43194,64676.42329,65843.87701,68379.01434,66544.32235,65168.34543
Guangxi,GX,y26,49414.84428,44657.13669,50134.03584,61416.05552,62563.78918,65056.25979,63252.47378,61889.83445,44713.99579,40490.82143,45280.77259,55147.8649,56151.87194,58331.63787,56754.22652,55521.11553,45416.10522,41601.65196,45971.36666,54972.56484,55888.48398,57877.13725,56437.84258,55345.99347,46138.78156,42588.95814,46651.55508,55019.85331,55871.33037,57720.19431,56382.25128,55362.31963,49384.9708,46056.51735,49875.76939,57742.5006,58542.92643,60280.78869,59022.91319,58075.90601,50508.04464,47326.48361,50957.39839,58436.73717,59197.6031,60849.99365,59654.22509,58733.4561,53274.20269,50199.87945,53719.84579,60970.30152,61708.00191,63309.84818,62150.72224,61267.13065,53370.85643,50165.868,53840.30462,61409.10318,62179.2436,63851.31689,62641.24488,61722.70416,51054.65223,47682.14735,51540.26196,59488.02257,60296.51688,62052.34652,60781.64213,59808.71319,48987.76414,45266.15962,49509.92566,58251.53247,59140.88891,61071.97464,59674.49733,58599.85997,50055.72694,45973.06419,50657.40197,60306.18018,61288.03134,63419.76081,61876.96585,60710.29854,53056.75928,48149.54747,53781.02687,65381.03133,66561.20438,69123.95998,67269.27964,65878.31289
Guizhou,GZ,y1,22484.0757,21496.04224,26332.42321,32206.22627,30103.48131,30580.08288,31715.62395,28458.58892,19176.15228,18317.65805,22436.42477,27438.63294,25647.87126,26053.75777,27020.69873,24232.65917,19707.66615,18923.05712,22772.97201,27448.61184,25774.71991,26154.16858,27058.07036,24469.74258,19357.90299,18619.23378,22223.41751,26600.78269,25033.69022,25388.82897,26235.13145,23807.67306,18545.14658,17858.23381,21197.53061,25253.02484,23801.1414,24130.15919,24914.31534,22662.84228,18236.10802,17576.4937,20795.43405,24704.90276,23305.31057,23622.589,24378.37355,22210.64616,19492.54659,18796.03249,22226.99571,26393.90114,24902.15197,25240.27394,26045.75705,23741.53281,20366.71118,19677.76311,23037.09072,27116.9109,25656.34681,25987.39932,26776.06174,24513.0133,19721.45121,18997.23567,22504.17372,26763.34668,25238.58435,25584.17629,26407.44498,24038.91835,20030.95662,19224.34307,23203.61926,28036.29124,26306.27366,26698.36659,27632.60914,24961.71639,21780.82932,20828.37324,25500.10633,31173.90073,29142.74358,29603.14807,30700.05533,27557.74001,23590.73846,22485.52289,27926.16219,34533.7521,32168.32093,32704.40941,33981.70191,30329.48367
Guizhou,GZ,y2,23600.28957,22563.20602,27639.68637,33805.09242,31597.9587,32098.21975,33290.13385,29871.40513,20128.14567,19227.03164,23550.27277,28800.81423,26921.15007,27347.18718,28362.13209,25435.68095,20686.04662,19862.48518,23903.52798,28811.28792,27054.29676,27452.58249,28401.35954,25684.53396,20318.91891,19543.57835,23326.69066,27921.36914,26276.47862,26649.24772,27537.5645,24989.59584,19465.81388,18744.79949,22249.87438,26506.70217,24982.74026,25328.09223,26151.17854,23787.93153,19141.43271,18449.07188,21827.81502,25931.36843,24462.29465,24795.32368,25588.62964,23313.28601,20460.24662,19729.15381,23330.44668,27704.2172,26138.41117,26493.31842,27338.78868,24920.1722,21377.80969,20654.65864,24180.75839,28463.11997,26930.04669,27277.53357,28105.35002,25729.95296,20700.51555,19940.34555,23621.38508,28092.00267,26491.54425,26854.29301,27718.4319,25232.32206,21025.38638,20178.72904,24355.55465,29428.1436,27612.23874,28023.79717,29004.41938,26200.93169,22862.13079,21862.38994,26766.05033,32721.51825,30589.52365,31072.78435,32224.14815,28925.83378,24761.89322,23601.80869,29312.54621,36248.16796,33765.30558,34328.00802,35668.71015,31835.18014
Guizhou,GZ,y3,24770.97667,23682.4491,29010.74723,35481.98758,33165.36844,33690.4459,34941.48441,31353.17038,21126.59824,20180.78429,24718.47971,30229.47197,28256.56896,28703.73808,29769.0295,26697.41267,21712.1731,20847.76028,25089.2571,30240.46555,28396.31973,28814.36253,29810.20232,26958.60984,21326.83451,20513.0333,24483.80667,29306.40254,27579.9178,27971.17869,28903.56022,26229.19991,20431.41139,19674.63116,23353.57486,27821.56083,26222.00452,26584.48692,27448.40217,24967.92565,20090.93908,19364.23383,22910.57927,27217.68871,25675.7421,26025.2904,26857.94758,24469.73651,21475.17247,20707.81502,24487.74903,29078.47842,27435.00092,27807.51308,28694.92439,26156.33262,22438.25095,21679.22923,25380.24007,29875.02702,28265.90559,28630.62985,29499.50968,27006.28162,21727.35999,20929.48377,24793.11904,29485.50162,27805.65188,28186.39529,29093.39944,26483.96576,22068.34661,21179.68958,25563.70714,30887.92033,28981.93781,29413.91238,30443.17657,27500.62269,23996.20185,22946.86893,28093.77433,34344.66212,32106.91092,32614.14444,33822.62037,30360.69391,25990.20069,24772.57071,30766.58841,38046.25043,35440.22591,36030.84258,37438.04888,33414.35741
Guizhou,GZ,y4,25984.95986,24843.08493,30432.51437,37220.89841,34790.74642,35341.55672,36653.90698,32889.73552,22121.46851,21134.37441,25868.75162,31618.56279,29560.15666,30026.71478,31138.17058,27933.30312,22833.99306,21926.46736,26381.52858,31792.19122,29855.15911,30294.26306,31340.2479,28344.3757,22371.95385,21520.53765,25675.27404,30721.25834,28914.80467,29324.16097,30299.7526,27501.04043,21398.78833,20607.06215,24455.97523,29130.38887,27456.91708,27836.15423,28740.0035,26145.48907,21070.52245,20305.55631,24042.29662,28580.61417,26955.93437,27324.25248,28201.55069,25687.6034,22616.13791,21812.70609,25769.84068,30575.8346,28855.26296,29245.2476,30174.30112,27515.25185,23523.17519,22725.31854,26616.87125,31343.08805,29651.11699,30034.60421,30948.2261,28326.99149,22693.81535,21853.54185,25917.23732,30852.4903,29085.70672,29486.15322,30440.09321,27695.918,23266.39105,22331.86714,26945.61174,32548.87094,30542.96539,30997.60818,32080.81684,28983.93374,25222.0366,24118.14579,29530.71923,36104.22271,33751.00783,34284.41489,35555.24776,31913.48829,27305.58689,26021.74065,32343.45288,40021.1356,37272.62276,37895.52032,39379.68046,35137.08968
Guizhou,GZ,y5,27286.31763,26087.2563,31956.61099,39084.96517,36533.10834,37111.50355,38489.57788,34536.89195,23271.87417,22230.01907,27228.48932,33299.08986,31125.84994,31618.42707,32791.89138,29408.37107,23916.91092,22964.72289,27636.91792,33311.19935,31279.79204,31740.2844,32837.24521,29696.09084,23492.44357,22596.00634,26969.98685,32282.28837,30380.48917,30811.47985,31838.5389,28892.61459,22506.09631,21672.46905,25724.98719,30646.67087,28884.68762,29283.97865,30235.61786,27503.26662,22131.05105,21330.5532,25237.00822,29981.47882,28282.95647,28667.99893,29585.20861,26954.48815,23655.84465,22810.56595,26974.32949,32031.22006,30220.85739,30631.19622,31608.71799,28812.34745,24716.71787,23880.6227,27957.4482,32908.65369,31136.13457,31537.89488,32495.00445,29748.6048,23933.64003,23054.74321,27310.7087,32479.57285,30629.14645,31048.55084,32047.65561,29173.25023,24309.25156,23330.35795,28159.54441,34024.39945,31924.87608,32400.71374,33534.49574,30293.14354,26432.86923,25276.98318,30946.52436,37832.15126,35367.17051,35925.91116,37257.10011,33443.63637,28629.34687,27288.07359,33890.74728,41909.61388,39038.96397,39689.55389,41239.65428,36807.38026
Guizhou,GZ,y6,28636.55449,27378.15927,33537.952,41019.04666,38340.91317,38947.93011,40394.19627,36245.91654,24423.46088,23330.04987,28575.86428,34946.86214,32666.082,33183.03281,34414.56583,30863.61464,25100.41625,24101.1091,29004.50417,34959.5712,32827.64153,33310.92047,34462.16431,31165.57315,24654.94453,23714.14704,28304.56995,33879.74591,31883.83728,32336.15572,33414.03823,30322.33563,23619.7874,22744.90958,26997.96282,32163.19032,30314.01814,30733.06723,31731.79816,28864.23856,23226.18484,22386.07495,26485.83665,31465.08175,29682.50982,30086.60665,31049.20255,28288.30479,24826.43169,23939.32555,28309.12824,33616.25257,31716.30725,32146.95082,33172.84386,30238.0975,25939.80068,25062.33192,29340.89466,34537.1055,32676.87625,33098.5168,34102.98704,31220.68498,25117.9729,24195.58412,28662.15127,34086.79208,32144.79805,32584.95636,33633.5023,30616.85959,25512.17036,24484.83816,29552.99113,35708.06332,33504.64724,34004.03211,35193.916,31792.17001,27740.87331,26527.78917,32477.88311,39704.23813,37117.28053,37703.66915,39100.73092,35098.56137,30046.04178,28638.397,35567.79733,43983.46888,40970.76807,41653.5516,43280.35787,38628.75742
Guizhou,GZ,y7,29422.61005,28129.67211,34458.5487,42144.99424,39393.34762,40017.02612,41502.99307,37240.84447,25093.86969,23970.44517,29360.25415,35906.13192,33562.74491,34093.88727,35359.22465,31710.80325,25789.40682,24762.66878,29800.65967,35919.19012,33728.74047,34225.28481,35408.12914,32021.04924,25331.7079,24365.08625,29081.51314,34809.72349,32759.02953,33223.76326,34331.23305,31154.66519,24268.13678,23369.24369,27739.0399,33046.05038,31146.11949,31576.67126,32602.81646,29656.54378,23863.72909,23000.55896,27212.8566,32328.77915,30497.27667,30912.46571,31901.48504,29064.80056,25507.90118,24596.44508,29086.19605,34538.99828,32586.90066,33029.36521,34083.41883,31068.11527,26651.83214,25750.27684,30146.28459,35485.12732,33573.83618,34007.0512,35039.09317,32077.67355,25807.44673,24859.73841,29448.90958,35022.45386,33027.1531,33479.394,34556.72128,31457.27329,26212.46424,25156.93113,30364.20298,36688.22734,34424.32916,34937.42153,36159.96793,32664.84539,28502.34382,27255.96175,33369.38055,40794.09536,38136.12692,38738.61122,40174.02162,36061.99612,30870.78656,29424.50328,36544.11223,45190.78858,42095.39095,42796.91567,44468.37709,39689.09293
Guizhou,GZ,y8,30213.80173,28886.09559,35385.15953,43278.29864,40452.65835,41093.1088,42619.03331,38242.27257,25721.55816,24573.82172,30078.68116,36764.22778,34370.83238,34913.31861,36205.65624,32479.22149,26550.04002,25494.82203,30674.9086,36966.11255,34713.84354,35224.40935,36440.62008,32957.19272,26012.80864,25022.83093,29853.71654,35720.89351,33620.45482,34096.43047,35230.79288,31976.61166,24881.26773,23960.69468,28435.98702,33871.12323,31925.30666,32366.26256,33417.20617,30400.45614,24499.57896,23610.12169,27954.98696,33231.87765,31342.79415,31771.0526,32791.12537,29868.05344,26296.73138,25362.54748,29963.67339,35551.80407,33551.22292,34004.6736,35084.92427,31993.13558,27351.38187,26423.67895,30948.55204,36443.92115,34476.59639,34922.49312,35984.79943,32936.98024,26387.05068,25410.02786,30135.05784,35873.48283,33819.16999,34284.78607,35393.97075,32203.20368,27052.80685,25966.1974,31330.7917,37845.93614,35513.58561,36042.21733,37301.7101,33700.83372,29326.71827,28043.17887,34336.6047,41979.89318,39243.71207,39863.92474,41341.57672,37107.15087,31749.34978,30256.56868,37607.08877,46534.2516,43338.43955,44062.71071,45788.40444,40855.36709
Guizhou,GZ,y9,31058.70784,29693.87515,36374.67979,44488.54455,41583.88715,42242.24684,43810.84332,39311.69111,26489.26116,25303.36531,30992.88482,37902.75881,35429.06325,35989.74065,37325.43985,33474.13972,27223.47421,26139.64376,31457.78022,37916.54327,35604.28848,36128.44509,37377.06371,33801.63908,26740.32344,25719.95128,30698.64398,36745.38261,34580.65567,35071.2324,36240.28416,32887.07861,25617.61157,24668.73377,29281.51979,34883.63739,32878.0569,33332.55028,34415.75651,31305.65121,25190.71566,24279.54767,28726.07764,34126.48124,32193.13403,32631.40956,33675.4248,30681.00293,26926.31513,25964.17558,30703.58758,36459.6029,34398.95514,34866.02309,35978.68867,32795.71513,28133.85642,27182.16836,31822.62351,37458.34293,35440.7708,35898.07576,36987.50695,33861.41184,27242.5174,26242.11009,31086.47038,36969.94199,34863.6895,35341.07766,36478.31188,33206.51406,27670.05654,26555.82823,32052.66047,38728.34374,36338.55772,36880.18121,38170.70933,34481.23396,30087.26834,28771.57896,35224.94736,43062.52632,40256.75616,40892.74331,42407.97249,38067.28983,32587.41383,31060.70758,38576.21446,47703.70549,44436.18251,45176.71824,46941.12273,41896.07826
Guizhou,GZ,y10,31909.87568,30507.63942,37371.53127,45707.75738,42723.49838,43399.90082,45011.48329,40389.03103,27215.20102,25996.80715,31842.24872,38941.48803,36400.00152,36976.04384,38348.34709,34391.50289,27969.53653,26856.00373,32319.88402,38955.65011,36580.02827,37118.54876,38401.38532,34727.97584,27473.14478,26424.80933,31539.9438,37752.3927,35528.34259,36032.36298,37233.45367,33788.35169,26319.66492,25344.78361,30083.98351,35839.62694,33779.08331,34246.03199,35358.92372,32163.58581,25881.0702,24944.93102,29513.31882,35061.72088,33075.38946,33525.67749,34598.3046,31521.81887,27664.23389,26675.72586,31545.02188,37458.78207,35341.66247,35821.53055,36964.68906,33694.48512,28904.86765,27927.09828,32694.72666,38484.89408,36412.02953,36881.86615,38001.15319,34789.38745,27989.10101,26961.27739,31938.39919,37983.10655,35819.13343,36309.6035,37478.00264,34116.5416,28428.35751,27283.59441,32931.06683,39789.69862,37334.41934,37890.88678,39216.7821,35426.19641,30911.81325,29560.06757,36190.29113,44242.65875,41359.99789,42013.41351,43570.16676,39110.52773,33480.47542,31911.9286,39633.3992,49011.03126,45653.96063,46414.7907,48227.54844,43044.24495
Guizhou,GZ,y11,32783.89532,31343.25026,38395.14645,46959.70396,43893.70539,44588.63397,46244.36022,41495.29678,27960.63281,26708.86609,32714.41592,40008.10462,37397.00697,37988.82588,39398.71726,35333.49431,28735.62912,27591.59632,33205.13355,40022.65466,37581.96482,38135.23568,39453.2092,35679.18332,28225.64113,27148.59215,32403.83044,38786.44118,36501.47189,37019.29793,38253.28676,34713.82429,27040.56573,26038.9826,30907.99115,36821.28302,34704.30042,35184.03939,36327.41341,33044.55385,26589.95831,25628.17876,30321.6959,36022.06954,33981.33316,34443.95356,35545.96018,32385.2091,28421.96393,27406.38033,32409.048,38484.78726,36309.67869,36802.69078,37977.16066,34617.38468,29696.57943,28692.02857,33590.24314,39539.00365,37409.36427,37892.06961,39042.0141,35742.27759,28755.72931,27699.75465,32813.19943,39023.47349,36800.22787,37304.13257,38504.53602,35051.00147,29207.01743,28030.8982,33833.05785,40879.54731,38357.01847,38928.72703,40290.93963,36396.52791,31758.49645,30369.72553,37181.55176,45454.47653,42492.85834,43164.17146,44763.56431,40181.77568,34397.5146,32786.00499,40718.96829,50353.45486,46904.43514,47686.10316,49548.51465,44223.23737
Guizhou,GZ,y12,33090.04269,31635.94424,38753.69429,47398.23114,44303.60002,45005.01856,46676.20547,41882.79439,28170.15463,26913.15858,32942.05935,40264.04453,37642.80779,38236.93711,39652.2993,35571.12206,29077.50393,27921.83416,33595.04593,40485.14833,38018.47088,38577.64144,39909.6301,36094.59468,28489.12922,27404.91091,32695.67887,39121.3886,36820.99565,37342.28304,38584.63119,35020.66607,27249.87106,26241.66342,31142.98658,37095.52737,34964.47742,35447.4096,36598.40005,33294.46634,26831.84691,25857.71603,30616.19611,36395.42761,34326.51107,34795.53797,35912.71736,32711.38035,28800.08288,27776.96741,32816.10324,38936.202,36745.17289,37241.79163,38424.87793,35038.76305,29955.13018,28939.11451,33894.73728,39913.2471,37758.63945,38246.98352,39410.41708,36072.45762,28898.99872,27828.96806,33003.80276,39288.50417,37038.62937,37548.56935,38763.34436,35268.82793,29628.13336,28438.08278,34313.36602,41448.72815,38894.34661,39473.3015,40852.69274,36909.02759,32118.51209,30712.78439,37605.32048,45976.22165,42979.5667,43658.82193,45277.13925,40639.61222,34771.7696,33136.88005,41187.14244,50964.13808,47464.09703,48257.31478,50147.28963,44744.64437
Guizhou,GZ,y13,33433.92791,31964.71908,39156.4392,47890.81291,44764.02212,45472.72951,47161.28308,42318.05825,28515.03131,27238.44474,33363.07122,40801.37854,38138.50696,38742.06188,40179.90822,36034.08113,29305.39371,28138.67708,33863.51892,40816.21802,38327.13243,38891.37387,40235.47986,36386.62415,28785.29362,27686.889,33046.32712,39555.4907,37225.21655,37753.30977,39011.76674,35402.12289,27576.72244,26555.27918,31520.82903,37551.36822,35392.41068,35881.66253,37047.708,33699.75569,27117.17929,26136.32928,30922.90849,36736.30849,34655.10917,35126.90232,36250.7593,33027.33764,28985.50987,27949.79005,33051.64863,39247.8571,37029.62041,37532.40739,38730.16603,35303.77274,30285.39821,29260.92886,34256.26442,40322.97663,38151.11015,38643.38661,39816.13238,36450.96872,29325.89285,28248.97971,33463.81328,39797.22408,37529.89624,38043.79268,39267.99562,35745.98663,29786.12901,28586.68997,34503.89261,41690.09977,39117.55395,39700.59923,41089.82132,37118.19185,32388.19704,30971.89062,37918.78127,46355.73947,43335.39873,44020.02194,45651.12758,40978.49094,35079.54178,33436.08007,41526.33627,51351.85417,47834.44783,48631.61436,50530.95301,45100.08763
Guizhou,GZ,y14,33763.02372,32279.35252,39541.86179,48362.20962,45204.64091,45920.32469,47625.49966,42734.60046,28795.70825,27506.55815,33691.4685,41202.99282,38513.90988,39123.40619,40575.40635,36388.76956,29593.85153,28415.65095,34196.84292,41217.97524,38704.39221,39274.1875,40631.52459,36744.78344,29068.63172,27959.41542,33371.60791,39944.84194,37591.63079,38124.92097,39395.76407,35750.59162,27848.16363,26816.66726,31831.09365,37920.99256,35740.78466,36234.85016,37412.373,34031.46712,27384.0987,26393.59339,31227.28842,37097.90989,34996.22428,35472.66184,36607.58052,33352.4309,29270.81824,28224.90468,33376.98183,39634.1793,37394.10846,37901.84521,39111.39196,35651.2734,30583.50103,29548.94837,34593.45422,40719.88115,38526.63744,39023.76004,40208.04884,36809.76084,29614.55184,28527.03906,33793.20311,40188.95398,37899.30817,38418.26323,39654.51724,36097.84008,30079.31738,28868.07437,34843.52031,42100.46199,39502.59507,40091.37764,41494.27384,37483.55168,32706.99924,31276.75091,38292.02081,46812.0253,43761.95531,44453.31854,46100.47882,41381.84871,35424.83545,33765.19628,41935.08672,51857.31826,48305.28911,49110.30361,51028.33689,45544.01414
Guizhou,GZ,y15,34094.85873,32596.60507,39930.49295,48837.53055,45648.92806,46371.64685,48093.58138,43154.61256,29078.72341,27776.90153,34022.60132,41607.95031,38892.43913,39507.92508,40974.19607,36746.41135,29884.71022,28694.9298,34532.94094,41623.08241,39084.79346,39660.18853,41030.86579,37105.92458,29354.3276,28234.20987,33699.59709,40337.43442,37961.09413,38499.62669,39782.96028,36101.96161,28121.8662,27080.22922,32143.94113,38293.69413,36092.057,36590.98057,37780.07557,34365.94013,27653.23867,26652.99847,31534.20117,37462.52149,35340.17982,35821.3,36967.37338,33680.22972,29558.50244,28502.30866,33705.02277,40023.7183,37761.6317,38274.35802,39495.79291,36001.66629,30884.08695,29839.36629,34933.45051,41120.09163,38905.29096,39407.29913,40603.22761,37171.5403,29905.61472,28807.41097,34125.33499,40583.94576,38271.79686,38795.85165,40044.25618,36452.62301,30374.94866,29151.79991,35185.97452,42514.24056,39890.84067,40485.4101,41902.09488,37851.95393,33028.45598,31584.14995,38668.36855,47272.11081,44192.06301,44890.22194,46553.57262,41788.56488,35773.00289,34097.05349,42347.24056,52366.99093,48780.05137,49592.97699,51529.86104,45991.63772
Guizhou,GZ,y16,34411.25549,32899.09806,40301.04423,49290.73824,46072.54569,46801.97021,48539.88439,43555.08246,29294.9271,27987.74117,34257.3633,41871.70015,39145.80128,39763.65307,41235.52804,36991.39865,30238.50489,29036.69029,34936.42173,42101.63159,39536.46641,40117.96103,41503.13547,37535.77235,29626.63844,28499.12951,34001.14547,40683.42142,38291.17844,38833.27823,40125.23145,36418.96363,28337.89956,27289.43476,32386.45753,38576.67091,36360.5314,36862.74681,38059.69334,34623.84075,27903.18434,26890.15779,31838.63379,37848.6169,35697.094,36184.84803,37346.63377,34017.47291,29950.00607,28886.03942,34126.37788,40490.83963,38212.32796,38728.77386,39959.09924,36437.78363,31151.17333,30094.58942,35248.07993,41506.89434,39266.25902,39774.10195,40983.98903,37512.75104,30052.87228,28940.11706,34321.57238,40857.20791,38517.50023,39047.80145,40311.07965,36677.03468,30811.11975,29573.55288,35683.4229,43103.68422,40447.31166,41049.38434,42483.85087,38382.7238,33400.93402,31939.07877,39106.81928,47811.95172,44695.64531,45402.02318,47084.95618,42262.26309,36160.12974,34459.96272,42831.65433,52999.0244,49359.23497,50184.12328,52149.55975,46531.20032
Guizhou,GZ,y17,34779.24179,33250.91464,40732.01524,49817.84263,46565.2359,47302.46054,49058.95917,44020.85087,29662.41942,28334.4655,34705.53364,42443.14373,39673.12306,40300.96437,41796.66751,37484.01906,30484.58396,29270.92071,35226.11828,42458.57975,39869.33878,40456.28396,41854.47424,37850.74841,29943.55642,28800.95386,34376.04607,41147.12441,38723.08484,39272.4274,40581.51946,36826.63392,28686.35417,27623.81064,32789.16395,39062.36007,36816.5306,37325.46815,38538.43206,35055.76546,28208.32034,27188.00258,32167.18507,38214.50474,36049.56034,36540.33784,37709.41689,34356.29063,30151.82867,29074.43281,34381.58108,40827.11121,38519.61788,39042.63683,40288.58914,36724.32517,31504.02089,30438.33017,35634.66708,41945.49196,39686.23402,40198.31861,41418.2525,37917.68304,30505.90708,29385.66203,34810.33012,41398.58424,39040.02326,39574.59804,40848.06092,37184.33371,30984.66313,29736.9615,35892.2599,43367.62586,40691.56609,41298.07185,42743.19324,38611.7532,33691.43363,32218.13644,39444.55542,48221.00067,45079.12754,45791.29942,47488.03767,42627.38334,36491.07209,34781.48084,43197.27356,53418.15017,49759.2089,50588.45218,52564.21621,46914.82457
Guizhou,GZ,y18,35132.35669,33588.51056,41145.56743,50323.64325,47038.01262,47782.7229,49557.05474,44467.79466,29963.58117,28622.14467,35057.89911,42874.06885,40075.92493,40710.14012,42221.02908,37864.59392,30794.09434,29568.10781,35583.76918,42889.66056,40274.13271,40867.03707,42279.42374,38235.04705,30247.57231,29093.36956,34725.06476,41564.89089,39116.24066,39671.15931,40993.54405,37200.53399,28977.60661,27904.27535,33122.07238,39458.9603,37190.32859,37704.43368,38929.71259,35411.68697,28494.71953,27464.04204,32493.77792,38602.49517,36415.57145,36911.33248,38092.27956,34705.11067,30457.95839,29369.6261,34730.65734,41241.62877,38910.70819,39439.03654,40697.63896,37097.18778,31823.88205,30747.37053,35996.46632,42371.36396,40089.16755,40606.4529,41838.7729,38302.66026,30815.63411,29684.0134,35163.75984,41818.90346,39436.39703,39976.39799,41262.79243,37561.86599,31299.24919,30038.87925,36256.67406,43807.93776,41104.70708,41717.37079,43177.16383,39003.77767,34033.50249,32545.24709,39845.03629,48710.58854,45536.81557,46256.21796,47970.18437,43060.17945,36861.56547,35134.61733,43635.85449,53960.50394,50264.41425,51102.07759,53097.90091,47391.15063
Guizhou,GZ,y19,35488.81853,33929.30947,41563.0414,50834.24126,47515.27231,48267.53833,50059.87358,44918.97722,30267.59968,28912.55297,35413.60545,43309.08036,40482.54633,41123.19586,42649.41475,38248.77857,31106.53951,29868.11371,35944.81211,43324.83094,40682.76466,41281.6851,42708.40227,38622.98947,30554.47307,29388.55864,35077.39448,41986.61894,39513.12396,40073.67378,41409.47683,37577.98044,29271.62132,28187.39783,33458.13783,39859.32111,37567.67194,38086.99283,39324.70404,35770.98353,28783.8342,27742.69971,32823.46781,38994.16643,36785.05369,37285.84484,38478.77365,35057.23691,30766.99343,29667.61737,35083.04356,41660.0781,39305.50554,39839.19533,41110.56888,37473.58546,32146.77529,31059.3414,36361.69664,42801.27571,40495.92303,41018.45578,42263.28024,38691.28918,31128.29708,29985.19597,35520.54047,42243.20951,39836.52814,40382.00977,41681.45512,37942.97816,31616.8198,30343.6633,36624.54355,44252.42446,41521.76643,42140.6453,43615.25063,39399.52148,34378.81573,32875.46042,40249.31441,49204.81887,45998.84478,46725.54667,48456.90299,43497.07866,37235.57219,35491.1015,44078.59562,54508.00183,50774.41052,51620.57219,53636.64648,47871.99287
Guizhou,GZ,y20,35829.72749,34255.23889,41962.3008,51322.56135,47971.7107,48731.20332,50540.75634,45350.47512,30502.49852,29141.42948,35669.49177,43597.70091,40759.43885,41402.75724,42935.30537,38516.22779,31484.97137,30233.61779,36376.54283,43837.11037,41166.20583,41771.67176,43213.94294,39083.04214,30847.88388,29673.89794,35402.71407,42360.43951,39869.58631,40434.03168,41779.24163,37920.19684,29506.0204,28414.3385,33721.46549,40166.84663,37859.35607,38382.27301,39628.55883,36051.07652,29053.38694,27998.60288,33151.05995,39408.78256,37168.56974,37676.42985,38886.10588,35419.71366,31184.58044,30076.75668,35533.10832,42159.92016,39787.48442,40325.2211,41606.26004,37939.7918,32435.26203,31335.12468,36701.04715,43217.85825,40884.86063,41413.63703,42673.39793,39059.07217,31291.68777,30133.06256,35736.34825,42541.39063,40105.23743,40657.39794,41972.75015,38188.90568,32081.1906,30792.60903,37154.33577,44880.46954,42114.59873,42741.48836,44235.08608,39964.90519,34777.76033,33255.64508,40718.84915,49782.81621,46538.05332,47273.54767,49025.85324,44004.36313,37650.69366,35880.44359,44597.22584,55183.70656,51393.881,52252.77301,54299.22654,48449.27273
Guizhou,GZ,y21,36211.90378,34620.61956,42409.8893,51869.98903,48483.39753,49250.99135,51079.84624,45834.20326,30884.30254,29501.64752,36135.15902,44191.5049,41307.37952,41961.08261,43518.3979,39028.09867,31740.3366,30476.6776,36677.18882,44207.57559,41511.67744,42122.79978,43578.5875,39409.93466,31177.02115,29987.35222,35792.09847,42842.09898,40318.20492,40890.17623,42253.19498,38343.63308,29868.03161,28761.71781,34139.84857,40671.45575,38333.11402,38863.01698,40125.94588,36499.81769,29370.30651,28307.95932,33492.24747,39788.674,37534.55054,38045.54494,39262.78067,35771.53041,31393.87258,30272.09628,35797.86259,42508.90256,40106.35654,40650.92081,41948.19717,38237.11039,32801.76677,31692.17624,37102.56669,43673.35308,41321.02933,41854.20824,43124.39591,39479.62571,31762.53685,30596.14509,36244.27249,43103.91618,40648.19951,41204.79523,42530.71614,38716.06779,32261.01371,30961.9163,37370.77003,45154.06945,42367.77473,42999.26372,44503.91312,40202.28815,35079.2846,33545.29909,41069.39568,50207.36822,46936.07226,47677.58137,49444.21359,44383.33401,37994.24855,36214.23477,44976.69844,55618.60451,51808.94068,52672.34315,54729.49423,48847.38674
Guizhou,GZ,y22,36578.58553,34971.18787,42839.33253,52395.22558,48974.34092,49749.70675,51597.0796,46298.32,31197.03706,29800.37918,36501.06351,44638.98788,41725.65826,42385.98061,43959.06615,39423.29765,32061.73913,30785.28494,37048.58223,44655.22177,41932.02494,42549.33632,44019.86343,39808.99986,31492.71974,30291.00364,36154.52873,43275.91825,40726.46672,41304.23044,42681.05169,38731.90058,30170.47466,29052.95828,34485.54767,41083.29608,38721.27507,39256.54291,40532.26137,36869.41496,29667.70941,28594.6047,33831.39053,40191.57465,37914.62567,38430.79463,39660.35526,36133.75228,31711.76623,30578.63221,36160.35085,42939.34848,40512.47384,41062.55119,42372.96604,38624.29949,33133.91736,32013.09044,37478.2676,44115.58935,41739.44652,42278.02372,43561.07338,39879.39666,32084.16567,30905.96179,36611.28212,43540.3862,41059.80253,41622.03489,42961.38105,39108.10723,32587.68824,31275.43656,37749.18666,45611.2994,42796.78978,43434.67375,44954.56006,40609.37595,35434.49757,33884.97826,41485.26405,50715.76926,47411.34643,48160.3642,49944.88628,44832.75864,38378.97877,36580.93848,45432.1324,56181.79827,52333.55795,53205.70334,55283.6862,49342.01621
Guizhou,GZ,y23,36948.73245,35325.06874,43272.83297,52925.42383,49469.92233,50253.13595,52119.20204,46766.82276,31512.72675,30101.93589,36870.42599,45090.69917,42147.88912,42814.89365,44403.89594,39822.23047,32386.17825,31096.80749,37423.48446,45107.09733,42356.34437,42979.90189,44465.31027,40211.83607,31811.40141,30597.52398,36520.38532,43713.83597,41138.58708,41722.19678,43112.95173,39123.83689,30475.77578,29346.95182,34834.51494,41499.02658,39113.10421,39653.78877,40942.41515,37242.50477,29967.92375,28883.95906,34173.73778,40598.28132,38298.29126,38819.68443,40061.68685,36499.39799,32032.66491,30888.06358,36526.26521,43373.86092,40922.42808,41478.07213,42801.74629,39015.14735,33469.20635,32337.03833,37857.51687,44562.00425,42161.81663,42705.8446,44001.87724,40282.94476,32408.83175,31218.70597,36981.75873,43980.98041,41475.29595,42043.216,43396.11808,39503.84996,32917.45046,31591.91917,38131.17888,46072.84962,43229.85963,43874.19834,45409.46506,41020.31106,35793.06665,34227.86693,41905.06197,51228.97208,47891.11286,48647.70882,50450.28912,45286.43141,38767.34426,36951.11008,45891.87018,56750.31368,52863.13207,53744.10332,55843.11289,49841.3177
Guizhou,GZ,y24,37302.68144,35663.46473,43687.36338,53432.42088,49943.81856,50734.53381,52618.47642,47214.82443,31756.44978,30339.42798,37135.85877,45389.99368,42435.05095,43104.81796,44700.36787,40099.62304,32779.31227,31476.51647,37871.97477,45639.24527,42858.54061,43488.89703,44990.45975,40689.73836,32116.03461,30893.78536,36858.11177,44101.86926,41508.61779,42096.26764,43496.7781,39479.08894,30719.00825,29582.44623,35107.74921,41818.09863,39415.74748,39960.16097,41257.68136,37533.12989,30247.76559,29149.61987,34513.89482,41028.86931,38696.56227,39225.30132,40484.70574,36875.81174,32466.5727,31313.2069,36993.86734,43893.10634,41423.14099,41982.98298,43316.68581,39499.49009,33768.66941,32623.3053,38209.82078,44994.53558,42565.62954,43116.14389,44427.69274,40664.7832,32578.08352,31371.82804,37205.46227,44290.25911,41753.95589,42328.81603,43698.2429,39758.84443,33400.04235,32058.48699,38681.74411,46725.49763,43845.9211,44498.58263,46053.58168,41607.85479,36207.46752,34622.77808,42392.79244,51829.37814,48451.22396,49216.9546,51041.29743,45813.3747,39198.5068,37355.48212,46430.60992,57452.29836,53506.6732,54400.87414,56531.45761,50441.01226
Guizhou,GZ,y25,37699.53815,36042.88258,44152.14501,54000.87933,50475.16143,51274.28951,53178.27605,47717.13461,32153.07158,30713.6147,37619.64026,46006.95186,43004.34284,43684.90151,45306.19278,40631.42601,33044.2721,31728.70159,38183.93721,46023.68316,43217.03418,43853.26261,45368.85447,41028.94891,32457.8164,31219.27301,37262.48675,44602.11052,41974.53219,42570.0008,43989.01481,39918.84249,31095.05111,29943.28841,35542.3599,42342.295,39907.89106,40459.56241,41774.37439,37999.2799,30576.87747,29470.88779,34868.15436,41423.24805,39076.52181,39608.50757,40875.7498,37241.0732,32683.57568,31515.71575,37268.48644,44255.22659,41753.98019,42320.91502,43671.48628,39807.94275,34149.30844,32994.1339,38626.79079,45467.51348,43018.55341,43573.63635,44896.00457,41101.50156,33067.38585,31853.07522,37733.2368,44874.68473,42318.0821,42897.54378,44277.93618,40306.57688,33586.34066,32233.87397,38906.01219,47009.0594,44108.30029,44765.73135,46332.1946,41853.85249,36520.3902,34923.38482,42756.5825,52269.95556,48864.26977,49636.24065,51475.44926,46206.66166,39555.1043,37701.96343,46824.40196,57903.49239,53937.32189,54836.19439,56977.85713,50854.10416
Guizhou,GZ,y26,38080.25815,36406.87054,44598.02809,54546.22127,50984.89872,51792.09674,53715.31089,48199.01923,32477.77851,31023.78413,37999.55236,46471.56578,43438.63324,44126.06567,45763.73016,41041.75389,33377.97848,32049.12308,38569.54872,46488.46551,43653.47245,44296.12702,45827.02457,41443.29019,32785.60023,31534.5497,37638.79196,45052.5373,42398.42267,42999.90538,44433.24951,40321.97287,31409.0726,30245.68015,35901.29341,42769.8997,40310.91149,40868.15349,42196.2446,38383.02725,30885.66741,29768.50796,35220.28023,41841.57149,39471.14588,40008.50457,41288.5434,37617.16238,33013.63931,31833.98591,37644.85232,44702.15037,42175.64523,42748.30481,44112.51424,40209.9545,34494.17437,33327.33354,39016.87429,45926.67933,43452.9882,44013.67605,45349.39847,41516.57755,33401.32621,32174.75391,38114.29599,45327.86355,42745.44291,43330.75584,44725.08756,40713.62364,33925.52116,32559.39617,39298.9156,47483.79358,44553.73904,45217.81048,46800.09243,42276.52501,36889.20149,35276.06792,43188.37107,52797.81842,49357.74013,50137.50579,51995.28838,46673.29198,39954.56277,38082.70769,47297.27116,58488.24609,54482.02297,55389.97314,57553.2632,51367.66871
Hainan,HI,y1,5419.170168,4361.463519,4909.428613,6542.299587,5564.746528,5919.283835,6467.216741,5759.474093,5146.189488,4143.792603,4665.173288,6218.851154,5288.77995,5626.015383,6147.253951,5470.651167,5383.851273,4480.642882,4951.439044,6354.568463,5514.616421,5819.264334,6289.932051,5681.759575,5709.41402,4874.427909,5309.364901,6605.719131,5829.597919,6111.05505,6546.008531,5983.177185,6519.047731,5836.59478,6193.346538,7256.653631,6620.046237,6850.814735,7207.598658,6748.500552,6424.382077,5791.692244,6119.892989,7098.061742,6512.463832,6724.891533,7053.059148,6627.540626,6307.663762,5659.438465,5996.019475,6999.6165,6398.761273,6616.628218,6953.353572,6515.54963,5944.493312,5243.008815,5607.992554,6695.514174,6044.384449,6280.480558,6645.367995,6173.239995,5993.772869,5282.1046,5653.235362,6759.281897,6097.093246,6337.212307,6708.342963,6229.265635,5947.349617,5137.822119,5558.857329,6813.554141,6062.501171,6334.92723,6755.817892,6210.725219,5989.760201,5055.549356,5540.877976,6987.528457,6121.534591,6435.574734,6920.886771,6292.640794,5825.570698,4796.186479,5331.972093,6929.187133,5972.944231,6319.650719,6855.628799,6156.96851
Hainan,HI,y2,5737.313429,4617.511924,5197.646331,6926.378296,5891.43611,6266.787179,6846.887662,6097.595419,5448.306819,4387.062177,4939.051635,6583.941254,5599.268331,5956.301835,6508.140769,5791.816574,5699.921078,4743.687923,5242.123066,6727.626025,5838.36297,6160.895856,6659.195042,6015.31858,6044.596599,5160.590883,5621.061765,6993.521033,6171.836041,6469.81664,6930.305068,6334.431588,6901.761528,6179.243757,6556.939353,7682.669905,7008.689142,7253.005449,7630.735122,7144.684791,6801.538224,6131.705052,6479.173598,7514.76762,6894.791039,7119.68969,7467.123059,7016.62358,6677.967745,5991.687151,6348.02774,7410.542967,6774.41327,7005.070581,7361.564129,6898.058009,6293.476622,5550.810001,5937.220979,7088.587668,6399.232106,6649.18873,7035.49763,6535.652347,6345.649343,5592.201121,5985.119814,7156.09907,6455.035273,6709.250956,7102.169661,6594.967102,6296.50065,5439.448322,5885.201191,7213.557439,6418.41242,6706.831752,7152.431661,6575.338263,6341.400993,5352.345486,5866.16629,7397.745223,6480.911514,6813.387911,7327.19123,6662.062796,6167.572441,5077.756167,5644.996213,7335.979003,6323.597868,6690.658429,7258.102187,6518.425683
Hainan,HI,y3,6073.903212,4888.406522,5502.575654,7332.726804,6237.067735,6634.439529,7248.572588,6455.321839,5767.941509,4644.437068,5228.80994,6970.200014,5927.759412,6305.739005,6889.952528,6131.60396,6034.317162,5021.984917,5549.661659,7122.314352,6180.881009,6522.335819,7049.868728,6368.218094,6399.213625,5463.346228,5950.831436,7403.808469,6533.917928,6849.380095,7336.883822,6706.052346,7306.665764,6541.760127,6941.613952,8133.38754,7419.866573,7678.516124,8078.405864,7563.840532,7200.562706,6491.432521,6859.285923,7955.635014,7299.286362,7537.379127,7905.195231,7428.266402,7069.74272,6343.200183,6720.446211,7845.295694,7171.846377,7416.035646,7793.443525,7302.744998,6662.694743,5876.458337,6285.53865,7504.452431,6774.654572,7039.275326,7448.247674,6919.078167,6717.928221,5920.277648,6336.247639,7575.924393,6833.731558,7102.861181,7518.831248,6981.872755,6665.896106,5758.563388,6230.467111,7636.75381,6794.960194,7100.300085,7572.041874,6961.092313,6713.430671,5666.35042,6210.31546,7831.747194,6861.125787,7213.107577,7757.054011,7052.904666,6529.404144,5375.652007,5976.169992,7766.357326,6694.58301,7083.177855,7683.911804,6900.840808
Hainan,HI,y4,6426.585359,5172.252684,5822.08354,7758.502723,6599.224104,7019.669244,7669.462101,6830.151067,6101.410731,4915.661605,5532.458595,7370.379944,6270.129218,6669.081255,7285.674887,6485.289166,6403.920889,5335.338392,5892.341688,7552.485651,6558.709499,6919.115545,7476.023844,6756.391449,6778.021416,5791.588201,6305.334266,7836.641763,6919.839375,7252.321113,7766.106328,7101.359305,7771.65235,6966.23342,7387.230495,8642.058095,7890.798102,8163.134107,8584.150243,8042.84656,7599.354239,6842.913176,7235.468897,8405.447367,7705.029436,7959.110125,8351.646213,7843.189905,7454.938755,6689.672807,7086.920712,8271.204611,7562.15282,7819.265028,8216.608004,7699.738543,7049.527052,6216.83853,6650.128831,7941.303268,7168.235158,7448.544723,7881.77794,7321.197102,7126.509788,6283.52672,6723.06009,8032.870484,7248.702888,7533.046691,7972.560417,7403.892455,7045.625959,6083.096816,6583.619549,8075.425593,7182.431449,7506.338309,8006.746813,7359.104453,7091.664805,5975.566183,6555.501709,8284.119545,7249.33217,7624.583393,8204.459944,7454.036043,6913.763175,5691.851637,6327.908699,8223.927474,7088.793861,7500.364854,8136.638254,7307.00715
Hainan,HI,y5,6806.700676,5478.177556,6166.444118,8217.397339,6989.550409,7434.86391,8123.090222,7234.136227,6463.825624,5204.773872,5859.649445,7811.132776,6642.925038,7066.506696,7721.203646,6871.362747,6762.338618,5627.871721,6219.21104,7981.599271,6926.584932,7309.235241,7900.41336,7136.523613,7171.258752,6122.481903,6668.780607,8297.054819,7322.214653,7675.736363,8222.055874,7515.116602,8188.192103,7331.003085,7779.097959,9114.655273,8315.050205,8604.90504,9053.040228,8476.394169,8069.288045,7274.603638,7686.837273,8915.457442,8179.922369,8446.740243,8858.932286,8324.463494,7922.685101,7108.487446,7531.247019,8791.806119,8037.107219,8310.757111,8733.69802,8183.798185,7466.52796,6585.434632,7043.869274,8409.841058,7591.995381,7888.541736,8346.855455,7753.843181,7528.425167,6634.54057,7100.696043,8489.935973,7658.199868,7959.799204,8425.954587,7824.213825,7470.11562,6453.316015,6982.153367,8558.104179,7614.750833,7956.929015,8485.58503,7800.92624,7523.385041,6349.977894,6959.570625,8776.623044,7688.899178,8083.346458,8692.918328,7903.815539,7317.156281,6024.20752,6697.176199,8703.344002,7502.263593,7937.741148,8610.951638,7733.405707
Hainan,HI,y6,7205.198736,5798.897231,6527.458504,8698.484646,7398.753529,7870.137763,8598.656357,7657.658646,6842.250054,5509.487133,6202.702527,8268.435441,7031.834972,7480.215098,8173.241443,7273.646491,7158.239576,5957.355351,6583.314604,8448.881847,7332.101696,7737.154208,8362.942849,7554.331227,7591.099932,6480.922498,7059.204175,8782.805719,7750.893439,8125.112139,8703.41594,7955.088974,8667.569658,7760.196513,8234.525052,9648.272541,8801.854642,9108.679035,9583.050279,8972.644499,8541.704342,7700.495103,8136.863,9437.412708,8658.815767,8941.254466,9377.578289,8811.818979,8386.518428,7524.653695,7972.163688,9306.522216,8507.63947,8797.310219,9245.012196,8662.918569,7903.655676,6970.978836,7456.252336,8902.195065,8036.468591,8350.376308,8835.521862,8207.791863,7969.176699,7022.959643,7516.406085,8986.97909,8106.548924,8425.805462,8919.251931,8282.282209,7907.453456,6831.125174,7390.923434,9059.138258,8060.55624,8422.767303,8982.373465,8257.631304,7963.841515,6721.737076,7367.018535,9290.450238,8139.045648,8556.585775,9201.845018,8366.544178,7745.539129,6376.89457,7089.262237,9212.881148,7941.483323,8402.455999,9115.079664,8186.157744
Hainan,HI,y7,7441.705899,5989.243327,6741.719121,8984.00819,7641.614059,8128.47125,8880.903016,7909.01748,7066.84361,5690.333495,6406.303141,8539.842734,7262.651497,7725.749527,8441.524119,7512.400465,7393.205299,6152.90258,6799.408714,8726.212301,7572.774375,7991.122647,8637.452367,7802.298541,7840.274148,6693.655587,7290.919135,9071.097,8005.31284,8391.815047,8989.101418,8216.21094,8952.078467,8014.921233,8504.819401,9964.972459,9090.771275,9407.667012,9897.609298,9267.167211,8822.08163,7953.260143,8403.951566,9747.191181,8943.03719,9234.746815,9685.392834,9101.062761,8661.801827,7771.646804,8233.846101,9612.004228,8786.898699,9086.077698,9548.475183,8947.274642,8163.089409,7199.797799,7701.000359,9194.405287,8300.261783,8624.473392,9125.543607,8477.208653,8230.761055,7253.48486,7763.128528,9281.972384,8372.642557,8702.3785,9212.022113,8554.144114,8167.011764,7055.353543,7633.526822,9356.500036,8325.140052,8699.240599,9277.215509,8528.684025,8225.250639,6942.374942,7608.837302,9595.404772,8406.205839,8837.451511,9503.891089,8641.172074,7999.782646,6586.213116,7321.963865,9515.289428,8202.158736,8678.262507,9414.277738,8454.864362
Hainan,HI,y8,7681.796286,6182.473122,6959.225992,9273.8575,7888.154011,8390.718584,9167.425915,8164.184591,7293.110015,5875.765858,6613.032768,8809.928488,7494.781833,7971.655344,8708.679129,7751.965808,7654.704971,6377.411884,7043.206608,9027.602212,7839.726311,8270.525218,8936.206196,8076.018573,8101.87319,6922.774456,7536.862958,9367.258292,8271.390457,8668.810961,9282.946424,8488.363891,9289.575454,8326.846012,8830.070338,10329.98479,9431.992282,9757.519723,10260.76675,9613.738138,9083.625003,8179.439301,8648.667189,10047.16044,9209.940169,9513.646694,9982.851088,9375.085425,8911.002872,7996.268842,8471.105319,9886.697884,9039.15754,9346.487624,9821.437807,9203.615864,8426.408048,7431.082606,7949.00117,9492.361916,8568.301696,8903.359993,9421.210467,8751.139384,8518.426655,7510.795961,8036.17705,9601.813554,8664.485951,9004.366499,9529.724107,8849.986466,8421.744992,7271.219105,7869.501773,9652.680389,8585.270753,8972.441576,9570.587683,8796.450649,8476.775999,7142.686075,7835.891928,9902.135387,8665.238084,9113.781703,9806.9171,8909.923908,8264.127357,6803.557689,7563.846478,9830.18693,8473.344276,8965.30136,9725.848814,8734.177927
Hainan,HI,y9,7937.923333,6388.609702,7191.261072,9583.06733,8151.161455,8670.482693,9473.087017,8436.395479,7538.065072,6069.768369,6833.47935,9109.284684,7746.929423,8240.907132,9004.410032,8013.331851,7886.188698,6563.181845,7252.797367,9308.081427,8077.731585,8523.975509,9213.402876,8322.560468,8363.068382,7139.992562,7777.082072,9675.963248,8539.111974,8951.386385,9588.500085,8764.07279,9549.008473,8549.360964,9071.925799,10629.44289,9696.949414,10034.97589,10557.58782,9885.107525,9410.343295,8483.588378,8964.332117,10397.13981,9539.364325,9850.525319,10331.22054,9707.927073,9239.375996,8289.864845,8782.88391,10252.93851,9372.814341,9691.942833,10185.17338,9543.884259,8707.409102,7679.884566,8214.507604,9807.493715,8853.728143,9199.55844,9734.040369,9042.473959,8779.593201,7737.151649,8280.778617,9900.899819,8930.935344,9282.658316,9826.285214,9124.539644,8711.593001,7525.808907,8142.535072,9980.397192,8880.265453,9279.311119,9895.825877,9097.381843,8773.71539,7405.296696,8116.19921,10235.23207,8966.736682,9426.73811,10137.61634,9217.370522,8533.212953,7025.385795,7810.196814,10149.77478,8749.08365,9256.934325,10042.02739,9018.639868
Hainan,HI,y10,8198.128485,6598.028264,7426.990632,9897.200254,8418.356537,8954.701058,9783.61484,8712.940581,7785.162738,6268.735321,7057.480857,9407.887025,8000.873818,8511.044123,9299.574632,8276.008894,8144.697895,6778.323068,7490.544092,9613.200278,8342.519612,8803.391373,9515.41822,8595.373956,8637.209711,7374.041633,8032.01481,9993.141372,8819.024146,9244.812793,9902.811136,9051.359153,9862.024877,8829.609028,9369.303617,10977.87591,10014.81544,10363.92237,10903.66561,10209.14137,9718.814403,8761.680277,9258.183013,10737.95808,9852.06464,10173.42557,10669.87798,10026.15282,9542.242868,8561.606773,9070.786875,10589.02988,9680.055234,10009.64475,10519.04332,9856.732843,8992.838077,7931.631259,8483.77923,10128.98337,9143.953503,9501.120026,10053.12223,9338.886218,9067.388324,7990.775426,8552.222545,10225.45128,9223.691377,9586.943751,10148.39098,9423.641997,8997.159008,7772.50485,8409.447345,10307.55463,9171.360605,9583.486937,10220.211,9395.594047,9061.317729,7648.042447,8382.248187,10570.74297,9260.666341,9735.746628,10469.92732,9519.515955,8812.93167,7255.677942,8066.215028,10482.48436,9035.878629,9560.3766,10371.20515,9314.270896
Hainan,HI,y11,8466.74075,6814.213155,7670.336479,10221.48257,8694.184564,9248.102407,10104.17571,8998.420681,8040.244212,6474.130858,7288.719687,9716.137137,8263.023097,8789.909121,9604.275825,8547.172918,8411.559541,7000.415196,7735.972273,9928.177422,8615.86288,9091.835144,9827.191633,8877.001956,8920.20847,7615.652474,8295.184342,10320.56725,9107.979936,9547.71969,10227.27741,9347.927442,10185.15483,9118.911839,9676.289488,11337.56684,10342.95154,10703.49707,11260.92491,10543.6446,10037.25196,9048.75738,9561.527927,11089.78798,10174.86822,10506.75848,11019.47728,10354.66052,9854.894986,8842.128265,9367.991858,10935.98011,9997.222895,10337.6114,10863.70046,10179.68932,9287.488996,8191.511643,8761.750754,10460.86021,9443.555658,9812.424751,10382.51351,9644.875549,9364.481855,8252.593749,8832.436767,10560.48899,9525.906287,9901.060744,10480.90373,9732.408373,9291.951577,8027.171505,8684.983508,10645.28229,9471.860786,9897.490516,10555.07693,9703.441311,9358.212441,7898.631027,8656.893159,10917.09416,9564.092735,10054.73904,10812.9753,9831.423576,9101.688076,7493.410746,8330.505166,10825.9436,9331.939779,9873.623048,10711.01842,9619.453574
Hainan,HI,y12,8590.513725,6913.828186,7782.467115,10370.9078,8821.282545,9383.297944,10251.88584,9129.966234,8155.847893,6570.839124,7395.321053,9852.098287,8381.376523,8914.661623,9738.871666,8668.98396,8560.217735,7131.827362,7876.382206,10095.52171,8767.126102,9248.88639,9993.313952,9031.370523,9060.283666,7741.703497,8428.435554,10475.35741,9249.853909,9694.287165,10381.07176,9492.494219,10388.48516,9311.869538,9874.622752,11551.96952,10547.74909,10911.78476,11474.56329,10750.99447,10158.17167,9147.025427,9671.760559,11235.6885,10299.42935,10639.06283,11163.77167,10484.11043,9965.12925,8942.18691,9473.194026,11056.24406,10108.444,10452.12963,10983.26396,10292.35685,9423.209327,8310.141978,8889.327679,10615.26014,9581.888251,9956.582248,10535.69168,9786.354661,9526.113303,8399.284987,8986.815963,10737.65931,9689.450652,10069.53737,10657.04202,9896.894894,9417.994688,8131.367443,8800.423756,10794.54343,9600.864693,10033.83591,10702.73957,9837.026183,9479.535591,7987.62963,8762.838173,11073.50762,9690.291724,10191.89579,10967.02556,9963.922629,9241.731614,7608.384065,8458.61117,10993.04814,9475.69792,10025.85104,10876.36721,9767.386858
Hainan,HI,y13,8725.198489,7022.225491,7904.48298,10533.50609,8959.585232,9530.412192,10412.61806,9273.108643,8285.682625,6671.761732,7511.216902,10012.73424,8515.262037,9058.231926,9897.458166,8808.085947,8668.332819,7214.111583,7972.122341,10231.24741,8878.872689,9369.374641,10127.17884,9147.983531,9192.508889,7848.129707,8548.40501,10635.61541,9386.012339,9839.17563,10539.47774,9633.284524,10496.06928,9397.277743,9971.670194,11683.66016,10658.6829,11030.23456,11604.67853,10865.50241,10343.6516,9324.981808,9853.405431,11428.31745,10485.46864,10827.49031,11355.86055,10670.74939,10155.72787,9112.045227,9653.961278,11269.8145,10302.40046,10653.17979,11195.32847,10490.4371,9571.001035,8441.567756,9029.214073,10780.19091,9731.831933,10111.96122,10699.4526,9939.297328,9650.344206,8504.514312,9102.057785,10882.86095,9816.696308,10203.30285,10800.84625,10029.5021,9575.599887,8272.210827,8950.103404,10970.24265,9761.001061,10199.62376,10877.28369,9999.650859,9643.883489,8139.746524,8921.155521,11250.3519,9856.048483,10361.67238,11143.05468,10131.53997,9379.52829,7722.156268,8584.804075,11156.41895,9616.808758,10175.02753,11037.98546,9913.099355
Hainan,HI,y14,8857.177375,7128.444794,8024.047556,10692.83774,9095.10949,9674.570899,10570.12121,9413.375291,8411.013273,6772.67995,7624.832792,10164.18852,8644.0654,9195.24832,10047.1689,8941.318596,8799.451573,7323.23346,8092.710076,10386.00708,9013.176087,9511.097416,10280.36423,9286.357532,9331.556394,7966.841765,8677.709712,10796.49159,9527.98677,9988.004674,10698.89972,9778.999289,10654.83471,9539.422639,10122.50339,11860.38917,10819.90796,11197.07978,11780.21301,11029.85586,10500.1115,9466.033136,10002.44979,11601.18438,10644.07371,10991.26886,11527.63109,10832.15689,10309.34518,9249.875716,9799.988918,11440.28342,10458.23648,10814.32182,11364.67069,10649.11717,9715.773709,8569.256315,9165.79157,10943.2539,9879.037291,10264.91643,10861.29436,10089.64085,9796.31702,8633.155153,9239.737118,11047.47696,9965.185432,10357.63978,10964.22159,10181.21006,9720.442036,8397.337765,9085.484217,11136.1805,9908.647733,10353.90503,11041.81544,10150.90737,9789.758492,8262.869755,9056.098527,11420.52682,10005.13275,10518.4048,11311.60645,10284.79139,9521.404751,7838.963014,8714.659353,11325.17291,9762.274266,10328.93686,11204.94792,10063.04654
Hainan,HI,y15,8991.020955,7236.165079,8145.301228,10854.42055,9232.548433,9820.766308,10729.84956,9555.623515,8538.114767,6875.024046,7740.05406,10317.78277,8774.68858,9334.200571,10198.99473,9076.433578,8932.422771,7433.897009,8215.001427,10542.95306,9149.376881,9654.822514,10435.7139,9426.686373,9472.568444,8087.231289,8808.841288,10959.64069,9671.967113,10138.93656,10860.57402,9926.772743,10815.84316,9683.575832,10275.46765,12039.61538,10983.41091,11366.28235,11958.22719,11196.53133,10658.78187,9609.077301,10153.59989,11776.49328,10804.91961,11157.36122,11701.82844,10995.84484,10465.1329,9389.653432,9948.079474,11613.16121,10616.27391,10977.74015,11536.40587,10810.03914,9862.591682,8698.749035,9304.298623,11108.62083,10028.32246,10420.03284,11025.42265,10242.10851,9944.352105,8763.613427,9379.361548,11214.41889,10115.77242,10514.15726,11129.90551,10335.06157,9867.330575,8524.232613,9222.777684,11304.46279,10058.38027,10510.36614,11208.67171,10304.30094,9937.694524,8387.73252,9192.947922,11593.1057,10156.32335,10677.35169,11482.53965,10440.20806,9665.285513,7957.419839,8846.349384,11496.31119,9909.795058,10485.02068,11374.26928,10215.11256
Hainan,HI,y16,9121.929916,7341.52328,8263.896684,11012.46049,9366.974143,9963.756263,10886.07574,9694.753259,8660.375137,6977.316517,7852.8015,10461.55702,8899.855197,9466.129812,10341.32617,9205.254221,9089.759651,7573.007984,8363.621618,10720.03882,9309.467576,9821.029998,10611.5084,9590.058374,9620.760151,8220.61144,8949.825357,11123.37144,9822.057253,10293.98354,11023.25319,10079.70755,11031.12517,9887.909273,10485.47482,12266.58408,11200.24124,11586.79638,12184.38903,11416.05963,10786.56436,9712.867757,10270.0634,11930.73722,10936.56032,11297.2037,11854.37152,11132.66593,10581.58028,9495.357618,10059.21343,11740.19268,10733.76044,11098.70669,11662.69744,10929.05051,10006.13663,8824.214011,9439.228721,11271.92864,10174.63171,10572.50446,11187.43805,10391.74643,10115.40633,8918.87159,9542.747676,11401.89956,10288.84787,10692.44698,11316.29518,10509.12479,10000.59936,8634.380273,9344.825084,11462.30253,10194.7819,10654.53708,11364.81969,10445.55244,10065.94721,8481.750722,9304.914414,11758.52376,10289.74098,10822.37467,11645.45468,10580.29893,9813.432609,8079.044832,8981.867625,11673.08702,10061.87221,10646.05828,11549.18812,10371.60524
Hainan,HI,y17,9251.792423,7446.039502,8381.54407,11169.23728,9500.325234,10105.60343,11041.05331,9832.770771,8785.750375,7074.424169,7964.54312,10617.03511,9029.185714,9604.925475,10494.80189,9339.682383,9191.49476,7649.506456,8453.265731,10848.73625,9414.741383,9934.846641,10738.38676,9700.093942,9747.306569,8321.789684,9064.328982,11277.50908,9952.488633,10433.00171,11175.56935,10214.68445,11129.54102,9964.433973,10573.49268,12388.80633,11301.96891,11695.94468,12305.05808,11521.27061,10967.92451,9887.774686,10448.09028,12118.05353,11118.30059,11480.96432,12041.22369,11314.76358,10768.65905,9661.98663,10236.60914,11949.9846,10924.18361,11296.13369,11871.0026,11123.56898,10148.64193,8951.043691,9574.156382,11430.81029,10319.17946,10722.25075,11345.19901,10539.1661,10232.77379,9017.789328,9651.396396,11539.67671,10409.16573,10819.10518,11452.71221,10634.81503,10153.51828,8771.465538,9490.271127,11632.33238,10350.10909,10815.20408,11533.76304,10603.16214,10225.92309,8631.006522,9459.576146,11929.34697,10450.89292,10987.0328,11815.57403,10743.01114,9945.613204,8188.213326,9102.924879,11829.74486,10197.21433,10789.12349,11704.16359,10511.38694
Hainan,HI,y18,9378.483018,7548.002624,8496.317778,11322.18457,9630.419052,10243.98572,11192.24528,9967.416976,8906.059116,7171.29865,8073.606496,10762.42069,9152.827832,9736.451702,10638.51362,9467.576419,9317.359617,7754.255956,8569.021603,10997.29467,9543.663345,10070.89069,10885.43417,9832.923255,9880.782421,8435.745208,9188.4525,11431.93903,10088.77418,10575.86735,11328.60331,10354.5604,11281.94471,10100.88316,10718.28207,12558.45396,11456.73345,11856.10489,12473.55938,11679.03821,11118.11504,10023.17413,10591.16254,12283.99364,11270.55039,11638.1805,12206.11088,11469.70324,10916.12073,9794.294206,10376.78555,12113.62318,11073.77545,11450.81878,12033.56021,11275.89065,10287.61359,9073.615796,9705.261245,11587.33936,10460.48637,10869.07721,11500.55591,10683.48541,10372.8975,9141.275514,9783.558944,11697.69675,10551.70493,10967.2578,11609.54119,10780.44411,10292.55677,8891.578633,9620.227144,11791.62103,10491.83951,10963.30326,11691.70194,10748.35785,10365.95289,8749.196244,9589.111963,12092.70281,10594.00339,11137.48502,11977.37193,10890.1219,10081.8046,8300.33967,9227.57675,11991.73705,10336.85102,10936.86554,11864.43579,10655.32586
Hainan,HI,y19,9506.8449,7651.311099,8612.605746,11477.14973,9762.229282,10384.19373,11345.4319,10103.83955,9027.955026,7269.451194,8184.108865,10909.72467,9278.101277,9869.713177,10784.12148,9597.157888,9444.884931,7860.387291,8686.304546,11147.81314,9674.286036,10208.72957,11034.42155,9967.505076,10016.0193,8551.204012,9314.213513,11588.40644,10226.85785,10720.61776,11483.65641,10496.28188,11436.3593,10239.13246,10864.9818,12730.3395,11613.54042,12018.37752,12644.28354,11838.88773,11270.28681,10160.35992,10736.12209,12452.12257,11424.80878,11797.47041,12373.1747,11626.68799,11065.52824,9928.347273,10518.81104,12279.42076,11225.34056,11607.54426,12198.2613,11430.22221,10428.41868,9197.805095,9838.09579,11745.93392,10603.65761,11017.84073,11657.96239,10829.70874,10514.86986,9266.390819,9917.465097,11857.80144,10696.12455,11117.36512,11768.43935,10927.99458,10433.42951,9013.276416,9751.897904,11953.01128,10635.43986,11113.35647,11851.7246,10895.46909,10507.83031,8868.945314,9720.356809,12258.21445,10739.00208,11289.92222,12141.30477,11039.17343,10219.79281,8413.945227,9353.873365,12155.86599,10478.33006,11086.55691,12026.82259,10801.1638
Hainan,HI,y20,9631.810867,7751.886377,8725.816948,11628.015,9890.55221,10520.69221,11494.5658,10236.65291,9144.45703,7367.321731,8291.743101,11046.31802,9397.323065,9995.250253,10919.36678,9719.792779,9597.842489,7996.310246,8831.116001,11319.24802,9829.831244,10369.98798,11204.65121,10126.10602,10158.52378,8680.112341,9450.086322,11745.1254,10371.07267,10869.37791,11639.41103,10643.12465,11647.72283,10440.60556,11071.57288,12952.23852,11826.29198,12234.4543,12865.4499,12054.174,11389.49206,10255.7799,10844.12087,12597.61969,11547.87241,11928.67444,12516.98559,11754.93938,11173.05034,10026.11181,10621.48483,12396.42382,11333.73657,11719.08195,12314.59763,11539.94235,10565.4414,9317.453829,9966.845407,11901.98684,10743.35459,11163.46693,11812.77294,10972.60527,10680.81878,9417.40234,10076.15076,12039.22197,10863.95516,11290.11406,11948.83291,11096.54468,10559.59476,9117.009165,9867.16507,12103.00131,10764.6312,11250.0849,12000.06986,11029.41895,10628.59515,8955.848186,9825.023655,12415.78035,10864.89822,11427.30406,12296.3911,11171.69721,10361.96597,8530.632501,9483.91968,12325.56789,10624.29234,11241.1322,12194.74382,10951.33831
Hainan,HI,y21,9768.667892,7862.031869,8849.800874,11793.2357,10031.08561,10670.17926,11657.89048,10382.10401,9276.589178,7469.655269,8409.503017,11210.18335,9533.624591,10141.52963,11081.12123,9861.468059,9705.001494,8076.866098,8925.529424,11454.8291,9940.720492,10489.8828,11338.3147,10242.01491,10291.86507,8786.708176,9570.731293,11907.55651,10508.51024,11015.86865,11799.9216,10785.35431,11751.32233,10521.12297,11164.20846,13080.93957,11933.3825,12349.36925,12992.51283,12164.93667,11580.67625,10440.18087,11031.80028,12795.06058,11739.45379,12122.37862,12713.93773,11946.89224,11370.27825,10201.77872,10808.5041,12617.60099,11534.49155,11927.22144,12534.20713,11745.01582,10715.6222,9451.116916,10109.04154,12069.42226,10895.6872,11321.27708,11979.02853,11127.96412,10804.45427,9521.59166,10190.59676,12184.37046,10990.70091,11423.54281,12092.54782,11228.95667,10720.77105,9261.506296,10020.46982,12282.20262,10928.34483,11419.42353,12178.12659,11195.53542,10797.22084,9113.200184,9988.06004,12595.81145,11034.75919,11600.85214,12475.68235,11343.19748,10501.25061,8645.669269,9611.483352,12490.64445,10766.90813,11391.88582,12358.04668,11098.63288
Hainan,HI,y22,9902.171704,7969.478497,8970.746847,11954.4084,10168.1757,10816.00354,11817.21329,10523.99135,9403.367936,7571.739567,8524.431717,11363.38779,9663.916101,10280.12915,11232.56163,9996.240055,9837.635199,8187.248788,9047.510454,11611.37681,10076.57563,10633.24306,11493.27008,10381.9876,10432.51924,8906.792004,9701.529951,12070.29151,10652.12509,11166.4171,11961.18582,10932.75267,11911.92127,10664.91008,11316.78441,13259.71059,12096.4705,12518.14259,13170.07592,12331.18907,11738.94344,10582.862,11182.56644,12969.92401,11899.89086,12288.04926,12887.69261,12110.16434,11525.67037,10341.20133,10956.21874,12790.0399,11692.12808,12090.22523,12705.50597,11905.52944,10862.06747,9580.280911,10247.197,12234.36929,11044.59345,11475.99979,12142.73977,11280.04456,10952.11364,9651.718714,10329.86688,12350.88907,11140.90562,11579.6627,12257.81136,11382.41753,10867.28674,9388.078907,10157.41475,12450.05796,11077.69736,11575.48761,12344.55908,11348.53945,10944.78131,9237.745983,10124.56203,12767.95223,11185.56601,11759.39554,12646.18107,11498.21945,10644.76631,8763.825405,9742.838931,12661.34826,10914.05439,11547.57352,12526.93897,11250.31251
Hainan,HI,y23,10037.43244,8078.339385,9093.284781,12117.70229,10307.07011,10963.74705,11978.63315,10667.74611,9531.815223,7675.167322,8640.873042,11518.60817,9795.922452,10420.55277,11385.99527,10132.78583,9972.01441,8299.084307,9171.096846,11769.98518,10214.21873,10778.49014,11650.26486,10523.8026,10575.02448,9028.45623,9834.049996,12235.16785,10797.62998,11318.94722,12124.57202,11082.09096,12074.63461,10810.58984,11471.36868,13440.83477,12261.70506,12689.13739,13349.97432,12499.62918,11899.29414,10727.42084,11335.31705,13147.08921,12062.44015,12455.90036,13063.73544,12275.58662,11683.10775,10482.45935,11105.87769,12964.74807,11851.83942,12255.37461,12879.05958,12068.15569,11010.44029,9711.144776,10387.17079,12401.48753,11195.45951,11632.75852,12308.6063,11434.12686,11101.71642,9783.558345,10470.96988,12519.59824,11293.08719,11737.83788,12425.24915,11537.8983,11015.73079,9516.317418,10296.16208,12620.12227,11229.01561,11733.60544,12513.18265,11503.55733,11094.28397,9363.930926,10262.86072,12942.35901,11338.35768,11920.0254,12818.92439,11655.28166,10790.17079,8883.536814,9875.923316,12834.29872,11063.13728,11705.31031,12698.05324,11403.98878
Hainan,HI,y24,10169.10435,8184.311623,9212.571204,12276.66332,10442.27913,11107.57043,12135.76971,10807.6864,9654.564388,7778.294757,8754.283312,11662.51781,9921.536132,10552.81766,11528.48417,10261.99424,10133.24113,8442.370177,9323.744208,11950.67238,10378.17096,10948.45937,11829.68267,10690.97296,10725.19902,9164.316952,9977.242702,12400.30622,10949.60467,11475.70685,12288.69494,11236.83243,12297.47011,11023.01639,11689.18103,13674.75613,12486.00081,12916.93167,13583.126,12726.59474,12024.83491,10827.88041,11449.04084,13300.35596,12192.04997,12594.09396,13215.22378,12410.66761,11796.31906,10585.40055,11213.9857,13087.93641,11965.9691,12372.81031,13001.54586,12183.6778,11154.81603,9837.211516,10522.82837,12565.91759,11342.65365,11786.20112,12471.7279,11584.69281,11276.62927,9942.735417,10638.23093,12710.80893,11469.98153,11919.91276,12615.37731,11715.54619,11148.64301,9625.585416,10417.58741,12778.1461,11365.11711,11877.65107,12669.47261,11644.67565,11221.49256,9455.43433,10373.09512,13108.37205,11470.97736,12064.75607,12982.32315,11794.89096,10939.98999,9006.498694,10012.96339,13013.12775,11216.94975,11868.19919,12875.00515,11562.23925
Hainan,HI,y25,10313.31397,8300.374485,9343.216014,12450.7603,10590.36259,11265.08846,12307.86825,10960.95187,9793.799646,7886.121254,8878.369633,11835.20035,10065.16594,10706.96436,11698.94206,10411.28803,10246.09786,8527.18678,9423.166803,12093.48589,10494.95916,11074.7397,11970.47564,10813.05204,10865.68175,9276.605697,10104.3415,12571.45473,11094.40566,11630.05149,12457.81907,11386.6853,12406.5093,11107.7217,11786.66165,13810.25911,12598.72113,13037.90078,13716.90226,12843.18464,12226.34966,11022.26661,11646.87154,13508.44086,12393.97907,12798.25429,13422.79556,12612.98401,12004.2206,10770.57229,11411.12521,13321.08735,12177.58979,12592.21615,13233.04413,12399.85188,11313.06472,9978.058141,10672.66497,12742.34559,11503.16959,11952.48815,12646.91107,11748.39647,11406.84996,10052.46204,10758.76719,12863.70329,11603.48058,12060.45521,12766.7603,11855.02015,11318.50097,9777.875796,10579.15485,12966.98974,11537.64795,12056.10678,12857.11084,11819.73555,11399.21322,9621.301042,10544.9381,13298.08325,11649.99521,12247.65034,13171.25591,11975.63026,11086.74154,9127.703213,10147.36569,13187.05366,11367.21046,12027.03337,13047.06239,11717.43017
Hainan,HI,y26,10453.97926,8413.585055,9470.650102,12620.57864,10734.80675,11418.73545,12475.7387,11110.45052,9927.379339,7993.681547,8999.463442,11996.62303,10202.44673,10852.99867,11858.50655,10553.28943,10385.84646,8643.490637,9551.691246,12258.4312,10638.10202,11225.79035,12133.74274,10960.53346,11013.88103,9403.131069,10242.1566,12742.92007,11245.72457,11788.67618,12627.73384,11541.99073,12575.72454,11259.22214,11947.42242,13998.62043,12770.55729,13215.72793,13903.98986,13018.35605,12393.10705,11172.60155,11805.72541,13692.68533,12563.02352,12972.8121,13605.87136,12785.01423,12167.94889,10917.47429,11566.76368,13502.77634,12343.68236,12763.96418,13413.53138,12568.97663,11467.36626,10114.15085,10818.2314,12916.14106,11660.06334,12115.5099,12819.40479,11908.63492,11562.43032,10189.56965,10905.50827,13039.15422,11761.74278,12224.94988,12940.88828,12016.71327,11472.87625,9911.238312,10723.44611,13143.84806,11695.01224,12220.54237,13032.47156,11980.94744,11554.68937,9752.527938,10688.76264,13479.45746,11808.89217,12414.69866,13350.90073,12138.96851,11237.95579,9252.197786,10285.76767,13366.91356,11522.25022,12191.07227,13225.01373,11877.24677
Hebei,HE,y1,57358.43259,55353.91997,59974.84926,67690.85745,68434.96325,69632.31474,68978.01625,65508.62402,47792.3421,46113.47047,49920.48048,56276.00862,56885.48306,57875.25676,57337.47948,54459.09049,49037.37286,47179.36868,51402.81518,58484.96522,59220.80932,60264.24146,59642.65151,56497.81302,50962.01421,49320.46311,53143.24768,59506.2179,60082.14153,61108.95098,60584.18825,57705.95084,50714.48607,49174.43065,52790.87399,58797.29458,59317.14626,60311.2577,59825.50882,57093.91323,53087.90108,51241.70368,55575.6808,62799.26769,63471.0239,64618.11059,64015.36253,60778.43274,58034.08206,55753.38489,61009.62442,69788.81648,70638.41473,71997.68386,71251.90472,67317.61618,58990.58329,56881.35538,61845.48837,70069.46258,70744.51074,72144.44111,71493.83965,67715.86233,51994.37317,50391.15564,54158.32123,60390.65754,60886.83696,61963.867,61477.04408,58596.53112,50670.58081,48778.60597,53204.01503,60567.85328,61231.38296,62422.92302,61816.7852,58486.81464,54755.42722,52788.71098,57400.0424,65074.68223,65768.56275,67007.91802,66375.46499,62913.85723,60057.40717,57950.54132,62886.52886,71108.3905,71863.67674,73178.84863,72496.50723,68806.42897
Hebei,HE,y2,60100.03422,57999.71027,62841.50953,70926.32534,71705.99727,72960.57896,72275.00701,68639.78603,50076.7068,48317.58849,52306.56533,58965.87371,59604.47848,60641.56107,60078.07882,57062.10949,51381.24711,49434.43504,53859.75192,61280.41244,62051.4282,63144.73419,62493.43366,59198.27895,53397.88132,51677.86748,55683.3739,62350.47852,62953.92963,64029.81776,63479.97406,60464.16237,53138.52251,51524.85596,55314.15613,61607.66868,62152.36968,63193.99762,62685.03123,59822.87142,55625.38156,53690.94011,58232.07042,65800.92839,66504.79405,67706.70803,67075.14966,63683.50211,60807.978,58418.26789,63925.74353,73124.56131,74014.76892,75439.0065,74657.58215,70535.2438,61810.19858,59600.15344,64801.56037,73418.62179,74125.93602,75592.77966,74911.08175,70952.52494,54479.58466,52799.73601,56746.96408,63277.19216,63797.08696,64925.59682,64415.50489,61397.31046,53092.51813,51110.1112,55747.04427,63462.85715,64158.10163,65406.59465,64771.48534,61282.34992,57372.61151,55311.89033,60143.63241,68185.10199,68912.14818,70210.7422,69548.05992,65920.9956,62928.01316,60720.44346,65892.35992,74507.20754,75298.59622,76676.62919,75961.67387,72095.21802
Hebei,HE,y3,62970.28722,60769.65622,65842.68918,74313.61872,75130.52612,76445.02473,75726.71032,71917.8793,52468.26649,50625.13633,54804.61815,61781.9606,62451.06451,63537.67574,62947.28289,59787.27778,53835.10783,51795.32033,56431.98129,64207.03777,65014.87523,66160.39519,65477.98999,62025.46576,55948.05265,54145.89496,58342.69624,65328.20768,65960.47881,67087.74888,66511.64481,63351.80431,55676.30813,53985.57589,57955.84525,64549.92351,65120.63779,66212.01183,65678.73765,62679.88716,58281.93323,56255.10751,61013.11276,68943.4435,69680.9243,70940.2392,70278.51953,66724.89391,63712.04137,61208.20339,66978.7044,76616.83756,77549.56113,79041.81705,78223.07302,73903.85998,64762.12482,62446.53235,67896.34855,76924.94218,77666.03634,79202.93333,78488.6788,74341.07049,57081.41628,55321.3423,59457.0812,66299.17907,66843.90332,68026.30905,67491.85553,64329.51878,55628.10621,53551.02417,58409.4068,66493.71175,67222.1595,68530.27762,67864.83728,64209.06711,60112.6083,57953.47192,63015.96747,71441.48113,72203.24906,73563.86215,72869.5299,69069.24509,65933.3247,63620.32657,69039.2416,78065.51688,78894.70008,80338.54571,79589.44564,75538.33583
Hebei,HE,y4,65940.12137,63635.70343,68947.99348,77818.43321,78673.86831,80050.36195,79298.16955,75309.70439,54957.99638,53030.13248,57402.94584,64703.6559,65404.86201,66540.6866,65922.50634,62615.51303,56417.93262,54270.79249,59147.33572,67326.11252,68178.5783,69380.78892,68661.89822,65032.98018,58634.78014,56772.03231,61119.41879,68351.09272,68997.44316,70173.032,69579.88609,66301.63017,58317.23845,56538.36661,60723.24606,67671.92647,68269.99534,69423.53721,68862.88531,65705.69815,61320.39359,59171.9689,64205.52023,72598.48896,73385.18484,74711.47584,74008.69811,70249.85585,66795.64012,64162.53078,70241.36925,80392.51448,81371.26805,82946.75798,82085.89071,77537.49954,67658.78439,65255.52669,70903.98189,80261.94218,81030.61557,82622.99202,81882.44091,77578.24081,59532.84903,57701.07863,62009.48684,69136.49882,69702.67851,70935.61861,70379.41185,67086.75693,58321.55752,56136.20723,61244.86102,69745.49689,70511.20193,71886.95306,71187.36045,67343.16717,63124.01123,60855.44403,66168.83237,75014.35871,75818.46852,77242.30941,76511.60578,72523.65299,69173.14122,66750.57844,72429.34502,81887.85541,82755.64499,84269.80182,83485.26833,79240.66153
Hebei,HE,y5,69120.64315,66705.07538,72273.5958,81571.88797,82468.58258,83911.46932,83122.99649,78942.15418,57592.8823,55569.7326,60157.42753,67816.25256,68550.70779,69743.45006,69095.39258,65626.74727,59093.22467,56854.20876,61943.73606,70478.18945,71364.92843,72622.33257,71873.27612,68083.54056,61412.54277,59434.36705,64041.07186,71708.86303,72402.88949,73640.26117,73007.88944,69539.42494,61114.25522,59258.38914,63616.43721,70854.56387,71481.02093,72678.98984,72093.63009,68801.87996,63974.37574,61749.58742,66972.31083,75677.20336,76486.71446,77869.02716,77142.67711,73241.96541,69934.84508,67186.45559,73520.566,84100.06397,85123.8865,86761.89227,85863.18067,81122.10748,71087.49157,68545.73409,74527.83721,84438.261,85251.73774,86938.7452,86154.72848,81602.02003,62656.60268,60724.62061,65264.30039,72774.67115,73372.59914,74670.49064,74083.83771,70612.6315,61061.34601,58781.39439,64114.29869,72988.20376,73787.79945,75223.683,74493.24766,70480.41657,65983.85362,63613.83128,69170.785,78419.2254,79255.39652,80748.90133,79986.75421,75815.29201,72373.08294,69834.17271,75782.35907,85690.23591,86600.40683,88185.27412,87363.00773,82916.22302
Hebei,HE,y6,72413.36772,69882.72873,75716.51949,85457.7569,86397.16818,87908.78949,87082.75613,82702.75072,60336.45452,58216.9277,63023.16842,71046.83975,71816.28304,73065.84369,72386.91482,68753.03217,61908.26982,59562.59375,64894.57184,73835.58325,74764.56501,76081.86758,75297.12928,71326.86056,64338.07427,62265.66164,67091.81855,75124.8842,75851.97119,77148.2882,76485.79055,72852.09856,64025.57674,62081.30097,66646.95632,74229.88832,74886.18688,76141.22503,75527.98039,72079.41952,67021.94551,64691.17399,70162.69473,79282.26498,80130.33895,81578.50184,80817.54972,76731.01914,73266.35586,70387.04119,77022.89125,88106.36811,89178.96295,90894.99906,89953.47587,84986.54983,74473.91225,71811.07195,78078.14602,88460.67655,89312.90549,91080.27648,90258.91296,85489.32456,65641.39725,63617.38115,68373.31862,76241.46384,76867.87487,78227.59564,77612.99583,73976.43175,63970.14838,61581.58382,67168.53521,76465.16898,77302.85547,78807.14071,78041.90945,73837.91694,69127.14953,66644.22596,72465.89957,82154.91105,83030.91478,84595.56571,83797.11144,79426.93209,75820.74507,73160.88832,79392.4292,89772.2918,90725.82052,92386.18687,91524.75041,86866.13221
Hebei,HE,y7,74321.74397,71724.41334,77711.94593,87709.90366,88674.07243,90225.53086,89377.72822,84882.29187,61926.55647,59751.17189,64684.07552,72919.20249,73708.92418,74991.41525,74294.5927,70564.94398,63539.79609,61132.30162,66604.79859,75781.44052,76734.90397,78086.92389,77281.5038,73206.60253,66033.63461,63906.60736,68859.95136,77104.72017,77850.96786,79181.44896,78501.49188,74772.03758,65712.90214,63717.38781,68403.36462,76186.13718,76859.7321,78147.84427,77518.43931,73978.99524,68788.23653,66396.04011,72011.75659,81371.66366,82242.08775,83728.41565,82947.40911,78753.18251,75197.21188,72242.01564,79052.74624,90428.31656,91529.17854,93290.43887,92324.10264,87226.27879,76436.59173,73703.57522,80135.81086,90791.96254,91666.65072,93480.59921,92637.58917,87742.30309,67371.30539,65293.94779,70175.22446,78250.72551,78893.64545,80289.19973,79658.40202,75926.00044,65656.01176,63204.50049,68938.68898,78480.3255,79340.08849,80884.01745,80098.62012,75783.83573,70948.92132,68400.56282,74375.66009,84320.01471,85219.10433,86824.99015,86005.49343,81520.14291,77818.91903,75088.96522,81484.73076,92138.14442,93116.80171,94820.92553,93936.78693,89155.39632
Hebei,HE,y8,76238.92734,73574.59684,79716.58244,89972.44422,90961.485,92552.96482,91683.29355,87071.89232,63541.56837,61312.60333,66368.37995,74809.3467,75620.06889,76933.29153,76218.5613,72395.06824,65229.52412,62747.03386,68385.21587,77841.38789,78826.9961,80216.97325,79385.80354,75190.10654,67792.60641,65638.92779,70665.30784,79026.4565,79773.75558,81132.95284,80447.16658,76656.89921,67425.4706,65368.76703,70207.2602,78241.21343,78932.69181,80266.3985,79618.1813,75967.89161,70897.67229,68413.69679,74233.40803,83937.22807,84846.7925,86380.22863,85567.68899,81221.77518,77228.06514,74183.70673,81211.96201,92948.55782,94080.17639,95901.73322,94906.41195,89647.63361,78226.01956,75447.41013,81978.0655,92797.59124,93686.31968,95527.39969,94671.18601,89694.73778,68830.94096,66713.07606,71694.39031,79934.52959,80589.13671,82014.64354,81371.56514,77564.65009,67430.46469,64903.79632,70810.34292,80638.64343,81523.93956,83114.5608,82305.70369,77861.10696,72982.98635,70360.10402,76503.36039,86730.41818,87660.11765,89306.3392,88461.5116,83850.70378,79976.89479,77175.96522,83741.66615,94677.44612,95680.77204,97431.41521,96524.34989,91616.80246
Hebei,HE,y9,78287.33368,75551.41692,81858.42779,92389.84573,93405.46044,95039.70023,94146.66117,89411.36191,65230.77672,62939.31924,68135.42856,76809.95778,77641.81528,78992.73708,78258.73536,74330.08213,66930.09269,64394.1418,70158.63502,79824.91499,80829.25404,82253.41241,81405.0182,77112.69179,69556.99457,67316.47621,72534.11582,81218.80149,82004.86765,83406.33795,82690.10113,78761.654,69219.14986,67117.16054,72053.16768,80251.2061,80960.7414,82317.58525,81654.59549,77926.29734,72458.57453,69938.73815,75854.0933,85713.41713,86630.28404,88195.91694,87373.23992,82955.22112,79209.51447,76096.63755,83270.76992,95253.30642,96412.90726,98268.1427,97250.24607,91880.41734,80515.02322,77636.18169,84411.62236,95636.35487,96557.71373,98468.45024,97580.45819,92423.97537,70966.04056,68777.84166,73919.5684,82425.95423,83103.17926,84573.1957,83908.74129,79977.1888,69159.22441,66576.90697,72617.05505,82667.80628,83573.44236,85199.75145,84372.44716,79827.43924,74734.54733,72050.21631,78344.12624,88819.08351,89766.14599,91457.71716,90594.49503,85869.81854,81971.10834,79095.49094,85832.51755,97054.36598,98085.24151,99880.29124,98948.97779,93912.46658
Hebei,HE,y10,80347.04949,77539.15105,84012.097,94820.59405,95862.92908,97540.1653,96623.63066,91763.74705,66946.9777,64595.23328,69928.05021,78830.80311,79684.54754,81071.01081,80317.69791,76285.68326,68691.00246,66088.33097,72004.48706,81925.08399,82955.84589,84417.47454,83546.75841,79141.5031,71387.01839,69087.55128,74442.46651,83355.64268,84162.38974,85600.7329,84865.65176,80833.84855,71040.28352,68882.99175,73948.8634,82362.59055,83090.79393,84483.33498,83802.90157,79976.5139,74364.9373,71778.80445,77849.78999,87968.51009,88909.49902,90516.32436,89672.00144,85137.74674,81293.49248,78098.71622,85461.59721,97759.39098,98949.49949,100853.5472,99808.86897,94297.76182,82633.34906,79678.76441,86632.46627,98152.51723,99098.11742,101059.1237,100147.7701,94855.62094,72833.13483,70587.3648,75864.36905,84594.55491,85289.5976,86798.28915,86116.35431,82081.36384,70978.78161,68328.52401,74527.58724,84842.77106,85772.2341,87441.33024,86592.25887,81927.67424,76700.78956,73945.83484,80405.33585,91155.88484,92127.86502,93863.94069,92978.00818,88129.02721,84127.7427,81176.46894,88090.74372,99607.83471,100665.8333,102508.1108,101552.2945,96383.27428
Hebei,HE,y11,82459.76252,79578.03086,86221.18154,97313.88725,98383.63009,100104.9681,99164.33407,94176.65976,68707.33816,66293.7545,71766.79729,80903.64707,81779.83999,83202.76108,82429.63881,78291.60364,70497.22214,67826.11361,73897.83376,84079.29184,85137.15694,86637.2186,85743.60721,81222.51693,73264.12857,70904.19709,76399.91879,85547.46638,86375.4267,87851.59047,87097.18178,82959.36185,72908.27761,70694.25942,75893.33808,84528.30208,85275.65376,86704.80956,86006.48626,82079.48358,76320.35218,73666.21656,79896.83835,90281.62797,91247.36015,92896.43678,92029.91304,87376.4306,83431.09193,80152.30901,87708.79687,100329.9595,101551.3615,103505.4754,102433.3285,96777.30629,84806.17965,81773.90583,88910.4533,100733.4226,101703.8876,103716.4589,102781.14,97349.83499,74748.27042,72443.44871,77859.21051,86818.95641,87532.27477,89080.63809,88380.76992,84239.68148,72845.15763,70125.2121,76487.2789,87073.69816,88027.60108,89740.58653,88869.18971,84081.94998,78717.62476,75890.22992,82519.58249,93552.81424,94550.35369,96332.07825,95422.84981,90446.36584,86339.86867,83310.99161,90407.07711,102227.0073,103312.8255,105203.5453,104222.5966,98917.65738
Hebei,HE,y12,83141.06138,80235.51962,86933.55843,98117.91325,99196.49508,100932.0553,99983.64928,94954.76575,69294.17247,66863.41234,72376.90403,81582.0558,82466.17621,83898.28766,83118.85034,78949.205,71134.94339,68427.70703,74576.32986,84888.59691,85963.43433,87479.25127,86572.8333,81997.28651,73930.06985,71581.41183,77062.84527,86180.95248,86995.90665,88478.15605,87730.28402,83596.87295,73529.69684,71286.79307,76563.32839,85324.61995,86078.69889,87533.15023,86826.2492,82845.48682,77316.24538,74607.38929,80953.97651,91536.31036,92528.22177,94200.48393,93314.38218,88575.01981,84219.74913,80899.7741,88564.31991,101363.4618,102597.5297,104583.9976,103498.5674,97763.69643,85308.05047,82277.88658,89399.78033,101198.8294,102168.0166,104175.7751,103242.0465,97815.06548,75062.40772,72752.80654,78185.09283,87171.2363,87885.10748,89439.66944,88738.37156,84586.80552,73535.14188,70779.72739,77221.01073,87939.09632,88904.54057,90639.16497,89757.08055,84910.10136,79590.35021,76730.00985,83429.43409,94582.37706,95596.24543,97391.50321,96470.19094,91441.95292,87217.43726,84162.93176,91323.04301,103248.8731,104343.0318,106252.1674,105262.9816,99911.14001
Hebei,HE,y13,83915.53053,80982.92459,87743.35552,99031.89519,100120.5232,101872.2505,100915.011,95839.28273,69920.31746,67464.12366,73033.78915,82331.94367,83223.60562,84671.647,83884.87629,79673.78676,71741.80007,69023.5351,75202.4474,85563.65133,86640.19355,88166.73778,87257.35016,82656.4425,74557.5544,72155.96131,77748.70621,87057.74657,87900.32426,89402.54904,88634.82028,84423.95066,74195.4222,71942.31686,77233.18124,86020.58926,86781.135,88235.52252,87524.87003,83528.53885,77667.73386,74966.74111,81307.36077,91875.48639,92858.26841,94536.45812,93654.63615,88919.00032,84904.00891,81567.34236,89257.23317,102101.2136,103344.1795,105332.7913,104241.7167,98485.84189,86303.37327,83217.56658,90480.10431,102511.8003,103499.3968,105547.4986,104595.6681,99068.47734,76067.89832,73722.38659,79233.75958,88351.68272,89077.59464,90653.29311,89941.07003,85726.87213,74131.18777,71363.22262,77837.60758,88610.92229,89581.66678,91324.89344,90438.11272,85566.35725,80107.32885,77230.01724,83976.40686,95204.42372,96219.57243,98032.75279,97107.47272,92043.13227,87864.13774,84781.78824,92003.15,104031.7534,105136.7407,107060.8391,106062.5731,100663.9784
Hebei,HE,y14,84651.17365,81692.8579,88512.55453,99900.05384,100998.2256,102765.3098,101799.678,96679.45337,70533.2716,68055.54526,73674.03681,83053.70324,83953.18223,85413.91704,84620.2495,80372.24306,72370.72132,69628.62772,75861.70642,86313.74295,87399.72086,88939.64753,88022.28912,83381.04747,75211.16104,72788.51385,78430.28684,87820.93425,88670.89801,90186.29245,89411.83375,85164.05024,74845.85239,72572.99589,77910.24248,86774.68525,87541.89795,89009.03568,88292.15405,84260.7884,78348.60466,75623.93457,82020.13802,92680.90908,93672.30685,95365.20757,94475.65571,89698.50493,85648.31657,82282.39846,90039.70335,102996.2793,104250.141,106256.1874,105155.5466,99349.2137,87059.94836,83947.09009,91273.29441,103410.4652,104406.7198,106472.777,105512.6015,99936.95741,76734.74504,74368.67031,79928.35919,89126.21503,89858.48994,91448.0015,90729.53437,86478.39338,74781.05514,71988.8263,78519.96804,89387.72613,90366.98008,92125.48843,91230.93374,86316.47042,80809.58667,77907.05113,84712.58246,96039.02906,97063.07766,98892.15373,97958.76054,92850.02525,88634.39511,85525.02471,92809.6921,104943.7437,106058.4168,107999.384,106992.3663,101546.4453
Hebei,HE,y15,85392.01422,82407.8074,89287.18835,100774.3481,101882.1302,103664.6797,102690.5967,97525.56117,71150.55588,68651.14506,74318.80885,83780.56267,84687.91368,86161.43208,85360.8199,81075.63643,73004.0875,70237.99582,76525.62453,87069.13278,88164.61546,89718.01908,88792.6318,84110.77134,75869.38443,73425.5352,79116.68383,88589.51576,89446.91784,90975.57408,90194.33861,85909.3791,75500.87999,73208.13219,78592.08827,87534.10932,88308.03626,89788.01501,89064.85864,84998.21155,79034.28692,76285.77235,82737.95234,93492.02383,94492.09673,96199.81403,95302.47723,90483.51689,86397.88224,83002.50834,90827.70225,103897.6707,105162.5062,107186.1078,106075.8352,100218.6876,87821.86982,84681.76888,92072.08967,104315.4812,105320.4551,107404.5923,106436.0147,100811.574,77406.30247,75019.52181,80627.86707,89906.21972,90644.9024,92248.32492,91523.57091,87235.22514,75435.51491,72618.84989,79207.14973,90170.01929,91157.8444,92931.74235,92029.35877,87071.88626,81516.80658,78588.86895,85453.95986,96879.53253,97912.54263,99757.62629,98816.06511,93662.61917,89410.09592,86273.51213,93621.9327,105862.1775,106986.6076,108944.5608,107928.7299,102435.1479
Hebei,HE,y16,86092.55227,83083.86445,90019.6823,101601.0799,102717.9505,104515.124,103533.0489,98325.64161,71754.10199,69237.05094,74946.26993,84478.20286,85393.70764,86876.66139,86069.55407,81751.88746,73660.22073,70856.87681,77223.7748,87902.12643,89015.12017,90584.74749,89646.15184,84908.17348,76554.57327,74122.53874,79798.56024,89240.35996,90084.244,91619.11329,90844.69192,86564.54562,76139.98633,73817.45925,79281.31127,88353.62615,89134.47651,90640.5598,89908.56326,85786.48515,80060.95724,77255.93708,83827.82662,94785.83201,95812.95593,97544.58237,96627.02454,91719.41643,87209.53317,83771.70013,91708.33552,104961.845,106239.7231,108296.7095,107172.7464,101234.2896,88336.46884,85198.73437,92573.45518,104791.3681,105794.9614,107873.9949,106907.1184,101287.4808,77727.10725,75335.51717,80960.64868,90265.79897,91005.01121,92614.75986,91888.56576,87589.61909,76145.6247,73292.39436,79962.34067,91060.91711,92060.63434,93856.83762,92943.43916,87924.39348,82415.79087,79453.91048,86391.16191,97940.03202,98989.89238,100848.8837,99894.86373,94688.12433,90313.63908,87150.69897,94564.99413,106914.1876,108047.1896,110024.0976,108999.7967,103457.9659
Hebei,HE,y17,86951.05108,83912.36155,90917.34211,102614.2273,103742.235,105557.3298,104565.4623,99306.12648,72449.582,69904.53821,75675.67799,85310.179,86234.09661,87734.51769,86919.28679,82555.86838,74336.95264,71520.35964,77922.78529,88658.79158,89774.27479,91356.03915,90413.75607,85646.41704,77254.56389,74766.09688,80561.15106,90206.93169,91079.98852,92636.55416,91841.05383,87477.86161,76879.33088,74544.72316,80026.97757,89132.25656,89920.3137,91427.3124,90690.95308,86550.05995,80477.24819,77678.55354,84248.53475,95198.94596,96217.27842,97956.17537,97042.4543,92135.51392,87975.28602,84517.92007,92485.98185,105794.5743,107082.5026,109143.0495,108012.506,102048.4217,89425.26932,86227.8393,93753.08894,106220.013,107243.3346,109365.5235,108379.2616,102652.1332,78819.54232,76389.18487,82099.92438,91547.67517,92299.84482,93932.54291,93194.5554,88827.91545,76812.77356,73944.68306,80653.26728,91816.29121,92822.1508,94628.43595,93709.57706,88661.59408,83005.0928,80023.69927,87014.1294,98648.30342,99700.17329,101578.9426,100620.1918,95372.6575,91042.49352,87848.64434,95331.22765,107794.9476,108939.9072,110933.6076,109899.2291,104305.3499
Hebei,HE,y18,87771.12303,84703.77391,91774.8206,103582.0236,104720.6702,106552.8835,105551.6618,100242.7234,73132.88252,70563.83759,76389.40657,86114.77493,87047.40555,88561.97786,87739.05994,83334.4863,75038.05588,72194.89746,78657.70703,89494.96703,90620.97251,92217.65491,91266.48548,86454.18433,77983.18346,75471.24618,81320.95557,91057.71002,91939.0008,93510.24716,92707.24481,88302.90192,77604.41102,75247.78519,80781.74457,89972.8994,90768.3891,92289.60044,91546.29639,87366.34989,81236.26296,78411.17152,85043.11629,96096.8071,97124.74346,98880.03979,97957.70133,93004.48155,88805.01633,85315.04319,93358.25503,106792.3665,108092.442,110172.4227,109031.2161,103010.8825,90268.67658,87041.08948,94637.3129,107221.8172,108254.7911,110396.9946,109401.431,103620.2872,79562.92225,77109.64252,82874.24116,92411.09853,93170.36222,94818.45926,94073.51137,89665.68778,77537.22594,74642.08514,81413.94182,92682.24812,93697.59485,95520.91472,94593.39067,89497.79738,83787.94866,80778.43488,87834.79455,99578.69591,100640.4864,102536.9749,101569.1818,96272.1554,91901.15247,88677.18011,96230.33559,108811.6064,109967.3631,111979.8676,110935.7335,105289.0957
Hebei,HE,y19,88598.33737,85502.07994,92639.76882,104558.2515,105707.6296,107557.1105,106546.4528,101187.4793,73822.13733,71228.87873,77109.3527,86926.37851,87867.79929,89396.64664,88565.97194,84119.88644,75745.26541,72875.31194,79399.03056,90338.42956,91475.0462,93086.77683,92126.64291,87268.98631,78718.15019,76182.53839,82087.37999,91915.89969,92805.4965,94391.55111,93580.98088,89135.12788,78335.80841,75956.97146,81543.08639,90820.86498,91623.85205,93159.40105,92409.09089,88189.74836,82001.8889,79150.17201,85844.6206,97002.48814,98040.11299,99811.9527,98880.92169,93881.01873,89641.97555,86119.11089,94238.1261,107798.8501,109111.178,111210.7624,110058.8001,103981.726,91119.42876,87861.42402,95529.23943,108232.3485,109275.0576,111437.4519,110432.5044,104596.8748,80312.7767,77836.37617,83655.30521,93282.04384,94048.46317,95712.09207,94960.12311,90510.75812,78267.98992,75345.56253,82181.24159,93555.74861,94580.66393,96421.16952,95484.90271,90341.28526,84577.62251,81539.74643,88662.60978,100517.193,101588.9909,103503.3535,102526.4392,97179.49049,92767.29141,89512.93506,97137.27553,109837.1212,111003.7708,113035.2422,111981.268,106281.4117
Hebei,HE,y20,89385.52797,86261.76041,93462.8677,105487.2451,106646.8347,108512.7492,107493.1106,102086.5232,74498.64262,71885.31577,77812.90836,87709.43,88659.95338,90199.62749,89361.64914,84878.83516,76477.6681,73567.0995,80177.52572,91264.31674,92419.8811,94049.54582,93075.0486,88155.84753,79482.72811,76957.66893,82850.79555,92653.7359,93529.89855,95123.47534,94319.43274,89875.57417,79052.28411,76640.92281,82313.76155,91733.08662,92543.80307,94107.49327,93347.49872,89067.75418,83123.22819,80210.91723,87034.17788,98411.31861,99477.72873,101275.5894,100322.9362,95227.61425,90545.23231,86975.9047,95216.11043,108976.5574,110303.3125,112438.9764,111272.0229,105106.4251,91715.27247,88457.52215,96114.31984,108799.56,109841.5389,112000.0945,110996.2355,105161.651,80700.11148,78217.04396,84057.33313,93718.39716,94485.88435,96157.20564,95403.23498,90939.85772,79058.13827,76095.77287,83020.84011,94543.92814,95581.88394,97446.79136,96498.45597,91287.43552,85568.13292,82492.96243,89695.55933,101686.1651,102776.1804,104706.2768,103715.7682,98309.87386,93768.06865,90484.14849,98182.03481,111003.5746,112179.9121,114232.4361,113168.9567,107415.1552
Hebei,HE,y21,90274.42072,87119.58914,94392.30755,106536.2611,107707.383,109591.8521,108562.0736,103101.7209,75218.68779,72576.37083,78568.09021,88570.83311,89530.06304,91087.83218,90241.44295,85711.2483,77178.1976,74253.94981,80901.08379,92047.43089,93205.55008,94847.77219,93869.47343,88919.92155,80207.32196,77623.74181,83640.29042,93654.74473,94561.16992,96177.229,95351.32425,90821.36686,79817.7472,77393.90869,83085.69976,92538.99402,93357.17164,94921.7694,94157.26533,89858.10266,83553.18169,80647.5162,87468.60967,98837.55951,99894.81384,101700.1719,100751.5283,95657.03782,91337.80206,87748.2929,96020.90228,109838.1643,111175.3182,113314.6218,112140.8671,105948.8293,92843.20594,89523.56656,97336.43949,110279.8635,111342.2968,113545.6014,112521.6422,106575.6161,81832.11598,79308.86755,85237.87849,95046.73252,95827.65115,97522.75168,96756.55878,92223.02041,79748.64579,76770.93322,83735.92823,95325.61526,96369.92024,98245.24401,97291.26462,92050.34119,86177.64268,83082.29657,90339.90929,102418.7546,103510.8285,105461.4065,104466.0111,99017.90943,94522.24258,91206.31984,98974.89614,111914.9947,113103.7153,115173.6175,114099.7046,108292.0193
Hebei,HE,y22,91123.40027,87938.89866,95280.01364,107538.174,108720.3087,110622.5012,109583.039,104071.3343,75926.07689,73258.90944,79306.97766,89403.79175,90372.04167,91944.46171,91090.11191,86517.31357,77904.01447,74952.2669,81661.91223,92913.08476,94082.0956,95739.76022,94752.26242,89756.16252,80961.626,78353.74884,84426.87901,94535.51351,95450.46456,97081.72149,96248.04918,91675.4895,80568.38775,78121.75423,83867.07407,93409.26989,94235.1426,95814.45504,95042.76143,90703.16692,84338.95186,81405.96014,88291.20248,99767.07095,100834.2676,102656.6046,101699.0398,96556.63792,92196.78256,88573.51464,96923.9249,110871.13,112220.8585,114380.2827,113195.4895,106945.2175,93716.34365,90365.48442,98251.8331,111316.9828,112389.4086,114613.4332,113579.8432,107577.8975,82601.69968,80054.72172,86039.49109,95940.59319,96728.85519,98439.89749,97666.49846,93090.32505,80498.63687,77492.91987,84523.41657,96222.09877,97276.22419,99169.18412,98206.23447,92916.02287,86988.0948,83863.63861,91189.50419,103381.9448,104484.2886,106453.211,105448.4538,99949.11658,95411.17018,92064.06384,99905.69961,112967.4916,114167.3912,116256.7606,115172.7472,109310.4442
Hebei,HE,y23,91979.74602,88765.31808,96175.42162,108548.7798,109742.0255,111662.0923,110612.8614,105049.3606,76639.60422,73947.37105,80052.27701,90243.97632,91221.32635,92808.5235,91946.1449,87330.37322,78636.12908,75656.64183,82429.34162,93786.24989,94966.24653,96639.48948,95642.71129,90599.66017,81722.47497,79090.09016,85220.29384,95423.92588,96347.4741,97994.06169,97152.55461,92537.02466,81325.54147,78855.91474,84655.22745,94287.09785,95120.73062,96714.88519,95935.93924,91555.56423,85131.54009,82170.985,89120.9329,100704.6467,101781.8734,103621.3358,102654.7716,97464.04262,93063.21449,89405.89769,97834.78187,111913.0572,113275.4699,115455.1886,114259.2605,107950.2513,94597.05648,91214.70716,99175.16986,112363.0992,113445.6023,115690.5297,114647.228,108588.8774,83377.96218,80807.04756,86848.06068,96842.20834,97637.87923,99365.00148,98584.33369,93965.1559,81255.13472,78221.1713,85317.73843,97126.36017,98190.39191,100101.1414,99129.14148,93789.215,87805.5783,84651.75947,92046.47156,104353.4917,105466.1958,107453.6221,106439.4212,100888.4029,96307.81053,92929.2499,100844.5784,114029.1192,115240.2963,117349.2975,116255.1004,110337.7054
Hebei,HE,y24,92794.52984,89551.62738,97027.372,109510.3371,110714.1516,112651.2286,111592.7027,105979.9191,77339.8863,74626.89084,80780.5517,91054.50831,92041.28304,93639.67709,92769.74068,88115.96019,79394.38766,76372.81535,83235.35153,94744.97163,95944.60773,97636.42495,96624.76256,91517.95124,82514.05516,79892.69588,86010.57401,96187.38214,97096.96006,98751.3124,97916.60481,93303.26578,82067.19454,79563.86876,85453.05942,95231.62106,96073.25597,97696.58171,96907.60289,92464.637,86293.3979,83270.0164,90353.50349,102164.548,103271.6286,105138.0571,104149.0707,98859.4234,93998.46357,90293.00837,98847.48031,113132.7243,114510.0806,116727.194,115515.7369,109114.9922,95213.12713,91831.13178,99779.94524,112948.9769,114030.6951,116271.5695,115229.4292,109172.3246,83777.86745,81200.09996,87263.12676,97292.64657,98089.40463,99824.46629,99041.74095,94408.13811,82073.2722,78997.92788,86187.10468,98149.66282,99227.20325,101163.235,100178.7322,94768.97273,88831.54679,85639.0949,93116.38556,105564.2917,106695.8785,108699.584,107671.2998,102059.235,97344.21235,93935.0498,101926.5193,115237.051,116458.2504,118589.0567,117485.0151,111511.7746
Hebei,HE,y25,93714.76222,90439.70078,97989.58106,110596.3387,111812.0916,113768.3779,112699.3553,107030.9088,78085.25905,75342.2428,81562.30598,91946.25176,92942.03657,94559.17326,93680.5276,88977.68793,80119.44435,77083.75528,83984.2086,95555.34255,96757.59723,98462.40296,97446.82214,92308.64426,83264.00898,80581.96879,86827.80707,97223.90967,98164.87914,99842.5262,98985.14636,94282.55197,82859.587,80343.376,86252.08174,96065.6385,96914.9963,98539.22126,97745.58233,93282.57906,86737.37875,83720.97896,90802.02287,102604.2414,103701.7876,105575.9473,104591.1507,99302.51053,94818.66925,91092.36355,99680.24176,114024.0747,115412.1893,117633.0222,116414.5359,109986.5197,96381.44485,92935.29327,101045.9137,114482.6131,115585.5332,117872.802,116809.8205,110637.1907,84950.72327,82331.3133,88486.27789,98668.94684,99479.62595,101239.3267,100443.9339,95737.62278,82787.85259,79696.65863,86927.08918,98958.45771,100042.5606,101989.3514,100999.0178,95558.3636,89461.85686,86248.54799,93782.74719,106321.9149,107455.6077,109480.5211,108447.1919,102791.4637,98124.4671,94682.17657,102746.8122,116180.0538,117414.0796,119562.8676,118448.0249,112419.0096
Hebei,HE,y26,94593.54655,91287.77453,98908.45088,111633.4249,112860.5788,114835.2092,113756.162,108034.5612,78817.48129,76048.74446,82327.13415,92808.45231,93813.57549,95445.87533,94558.99175,89812.05198,80870.74236,77806.58595,84771.74767,96451.38619,97664.91453,99385.70791,98360.60254,93174.24219,84044.79377,81337.6044,87642.01033,98135.59998,99085.3929,100778.7714,99913.35257,95166.6614,83636.58086,81096.77376,87060.88661,96966.46774,97823.78944,99463.24505,98662.16438,94157.31117,87550.7346,84506.04959,91653.49386,103566.3844,104674.2224,106565.957,105571.9259,100233.6932,95707.8054,91946.55738,100614.9656,115093.306,116494.4348,118736.0926,117506.1811,111017.8883,97285.23406,93806.76867,101993.444,115556.1367,116669.4033,118978.122,117905.1709,111674.6639,85747.3255,83103.35331,89316.03277,99594.18649,100412.4683,102188.6697,101385.8184,96635.37609,83564.17322,80443.99229,87742.22431,99886.41303,100980.6818,102945.7298,101946.108,96454.43564,90300.7618,87057.31977,94662.16839,107318.9197,108463.2426,110507.1458,109464.126,103755.3625,99044.60351,95570.0324,103710.2916,117269.5021,118515.0964,120684.0315,119558.7333,113473.1856
Heilongjiang,HL,y1,13189.63783,13937.95307,16315.68112,17262.72022,16448.10116,17435.03435,16991.25216,14825.61201,12332.50694,12948.19041,14914.64183,15697.92541,15024.15313,15840.31403,15473.37866,13679.23556,11844.56143,12500.41968,14590.45539,15423.13756,14707.09436,15574.49167,15184.37178,13278.21557,11360.63986,12008.31046,14062.89494,14881.39987,14177.42944,15030.10225,14646.66834,12776.09342,11395.66552,12123.55672,14439.73354,15362.34869,14568.71697,15530.12774,15097.81839,12987.31881,11121.2771,11845.07504,14148.58868,15066.19614,14276.92139,15232.92617,14803.01278,12702.83655,10935.60621,11656.11696,13942.14077,14852.71899,14069.41921,15018.28361,14591.59675,12510.8471,10667.55978,11342.51279,13493.63412,14350.60378,13613.65372,14506.39906,14104.93926,12143.04314,10688.84014,11340.87965,13405.55794,14228.05627,13520.56606,14377.4255,13992.20342,12113.4046,11369.73994,12131.27364,14541.8391,15502.00164,14676.1095,15676.50311,15226.58819,13033.74705,12420.5315,13256.8952,15906.42962,16961.91318,16054.23274,17153.71264,16659.26529,14247.7599,12965.56547,13789.92699,16405.17236,17446.81608,16550.89203,17636.15953,17148.10789,14766.29912
Heilongjiang,HL,y2,13665.75874,14441.08744,16904.64766,17885.87253,17041.8469,18064.40706,17604.60504,15360.78937,12777.68883,13415.59621,15453.03335,16264.5919,15566.49675,16412.11884,16031.93962,14173.03192,12272.12763,12951.6615,15117.14362,15979.88427,15237.99362,16136.70112,15732.49908,13757.53466,11770.73689,12441.78836,14570.5387,15418.58949,14689.20983,15572.66155,15175.38652,13237.28606,11807.02802,12561.19458,14960.97974,15916.90143,15094.62099,16090.73613,15642.82112,13456.13514,11522.73455,12272.66023,14659.32594,15610.05828,14792.29214,15782.80636,15337.37351,13161.38539,11330.36026,12076.88094,14445.42473,15388.87389,14577.29933,15560.41577,15118.3264,12962.46434,11052.63811,11751.9565,13980.72859,14868.63324,14105.08062,15030.05228,14614.10144,12581.38384,11074.68667,11750.26403,13889.47315,14741.66285,14008.63212,14896.42361,14497.29534,12550.67481,11780.16621,12569.1894,15066.772,16061.59446,15205.89054,16242.39548,15776.23908,13504.24169,12868.88887,13735.44493,16480.62331,17574.20671,16633.76013,17772.92992,17260.63348,14762.07745,13433.59795,14287.71727,16997.3692,18076.61445,17148.34737,18272.79287,17767.12259,15299.33567
Heilongjiang,HL,y3,14158.52914,14961.8156,17514.20764,18530.81539,17656.35512,18715.78772,18239.40548,15914.68079,13238.43713,13899.34622,16010.25178,16851.07338,16127.80578,17003.9199,16610.03214,14684.09449,12714.64663,13418.68299,15662.25016,16556.09935,15787.45713,16718.57139,16299.79355,14253.61496,12195.17547,12890.42409,15095.93434,15974.56588,15218.88372,16134.19198,15722.5923,13714.6069,12232.77513,13014.13619,15500.45553,16490.84473,15638.91424,16670.94913,16206.88266,13941.34724,11938.22989,12715.19767,15187.92315,16172.93829,15325.68422,16351.91603,15890.42113,13635.96903,11738.92006,12512.35897,14966.30969,15943.77815,15102.93893,16121.50515,15663.47538,13429.87437,11451.18377,12175.71806,14484.85642,15404.77775,14613.69323,15572.0188,15141.06982,13035.05271,11474.02661,12173.96437,14390.31066,15273.22914,14513.76694,15433.57026,15020.0509,13003.23663,12204.94515,13022.41977,15610.06162,16640.75663,15754.19669,16828.07678,16345.11143,13991.18761,13332.92517,14230.72846,17074.89499,18207.91103,17233.55441,18413.80038,17883.03136,15294.38099,13917.99748,14802.91517,17610.27358,18728.43546,17766.6965,18931.68808,18407.78322,15851.01127
Heilongjiang,HL,y4,14660.73206,15492.51036,18135.43737,19188.10338,18282.62609,19379.63643,18886.3567,16479.17444,13700.14211,14386.20026,16576.71189,17449.22544,16698.70368,17607.83994,17199.08854,15200.59475,13136.0863,13864.15555,16184.88588,17109.49994,16314.39954,17277.55627,16844.38719,14727.58446,12641.54862,13362.75184,15649.6046,16560.61909,15777.06952,16726.1388,16299.35482,14217.15484,12654.06812,13468.08099,16056.98289,17088.24454,16201.15908,17275.76561,16792.55484,14434.72818,12338.71459,13138.06145,15683.62195,16697.64071,15825.4364,16881.90221,16406.81354,14085.51268,12171.91526,12976.12903,15526.69756,16542.68606,15668.74057,16727.40226,16251.33544,13930.03831,11828.24072,12574.35853,14952.81238,15900.33805,15085.50417,16072.59953,15628.72155,13458.80401,11907.96772,12635.59838,14939.23736,15856.94035,15067.56518,16023.60043,15593.76365,13497.24555,12671.71363,13523.76216,16221.16143,17295.57395,16371.40777,17490.82177,16987.39984,14534.44098,13833.14065,14760.50721,17698.74464,18869.23578,17862.64503,19081.9501,18533.61801,15859.11409,14419.1104,15335.70458,18244.16224,19402.57092,18406.2148,19613.14242,19070.375,16421.28674
Heilongjiang,HL,y5,15196.27475,16058.43696,18797.90797,19889.0267,18950.47255,20087.55621,19576.25758,17081.14343,14208.74426,14918.09548,17183.71791,18086.16791,17309.8895,18250.21867,17827.45944,15760.3608,13646.56235,14402.20109,16810.21083,17769.57404,16944.59385,17943.95456,17494.48324,15298.33035,13089.01757,13835.2245,16202.38727,17145.41751,16334.34887,17316.74351,16874.97578,14719.81488,13129.37333,13968.00444,16636.55676,17699.53728,16785.16491,17892.84258,17394.76183,14963.1742,12813.23978,13647.15515,16301.11823,17358.33006,16448.97622,17550.4249,17055.10474,14635.41319,12599.32089,13429.44914,16063.26081,17112.37292,16209.90563,17303.12664,16811.52539,14414.21361,12290.49552,13068.13344,15546.52008,16533.86765,15684.80036,16713.36494,16250.82971,13990.45301,12315.01275,13066.25201,15445.04526,16392.6768,15577.54931,16564.77001,16120.94106,13956.30667,13099.50291,13976.89403,16754.19659,17860.43663,16908.89585,18061.48645,17543.12208,15016.66839,14310.15825,15273.7667,18326.3944,19542.45505,18496.68268,19763.43475,19193.76349,16415.37865,14938.11251,15887.89094,18901.01409,20101.13057,19068.90162,20319.28042,19756.97713,17012.80697
Heilongjiang,HL,y6,15742.42287,16635.57089,19473.49601,20603.83001,19631.545,20809.49483,20279.82012,17695.03197,14719.4002,15454.24461,17801.29525,18736.17759,17931.99891,18906.12447,18468.17133,16326.78104,14137.01391,14919.80971,17414.36219,18408.20497,17553.57563,18588.85251,18123.22775,15848.14649,13559.43105,14332.45623,16784.6936,17761.61502,16921.39782,17939.10102,17481.45534,15248.83885,13601.23701,14470.00892,17234.46784,18335.65089,17388.41631,18535.90304,18019.92271,15500.9448,13273.74194,14137.62761,16886.9739,17982.18011,17040.14573,18181.18006,17668.05909,15161.40433,13052.13567,13912.09802,16640.56738,17727.38507,16792.48293,17924.99365,17415.72477,14932.25497,12732.20941,13537.7962,16105.25478,17128.0877,16248.50484,17314.03675,16834.87729,14493.26461,12757.60916,13535.847,16000.13348,16981.82218,16137.40019,17160.10143,16700.32066,14457.8899,13570.29425,14479.21823,17356.33569,18502.33322,17516.59431,18710.6082,18173.61495,15556.36114,14824.45903,15822.69843,18985.03792,20244.8023,19161.44514,20473.72458,19883.5788,17005.34008,15474.98252,16458.89533,19580.30934,20823.55735,19754.22929,21049.54654,20467.03468,17624.24009
Heilongjiang,HL,y7,16048.05546,16958.54326,19851.56657,21003.84444,20012.68322,21213.50286,20673.54454,18038.57356,15005.17121,15754.28268,18146.89951,19099.93266,18280.14137,19273.17862,18826.72319,16643.75908,14411.47822,15209.47228,17752.45522,18765.59271,17894.37213,18949.7479,18475.08237,16155.83098,13822.68166,14610.71462,17110.56117,18106.45157,17249.92026,18287.38029,17820.85028,15544.88801,13865.30001,14750.93848,17569.06731,18691.63013,17726.00532,18895.77,18369.77256,15801.88947,13531.44683,14412.10406,17214.82753,18331.29693,17370.97285,18534.15941,18011.07622,15455.75626,13305.53707,14182.19531,16963.63683,18071.5548,17118.50171,18272.99903,17753.8436,15222.15818,12979.40052,13800.62794,16417.93273,17460.62221,16563.9631,17650.18141,17161.71959,14774.64568,13005.29356,13798.64051,16310.76973,17311.5178,16450.70137,17493.25708,17024.55029,14738.58323,13833.7559,14760.32656,17693.30145,18861.548,17856.67216,19073.86733,18526.4481,15858.38195,15112.2696,16129.89043,19353.62383,20637.84731,19533.45754,20871.21363,20269.61019,17335.49185,15775.42259,16778.43851,19960.45298,21227.83781,20137.74983,21458.21515,20864.39336,17966.40765
Heilongjiang,HL,y8,16350.72472,17278.38464,20225.97016,21399.98048,20390.12631,21613.59229,21063.45133,18378.78498,15279.40362,16044.54728,18487.5677,19460.65607,18623.61942,19637.5557,19181.68497,16952.81791,14650.32771,15462.3229,18050.57273,19081.77028,18195.0161,19269.19896,18786.09613,16425.28283,14098.78266,14903.12053,17453.58811,18469.61854,17595.74684,18654.21795,18178.23552,15856.0139,14112.74512,15020.59327,17907.92622,19058.06479,18068.7206,19267.20266,18728.28946,16098.66828,13761.03965,14652.53009,17491.52589,18622.43345,17649.68846,18827.93695,18298.08215,15709.19809,13575.01331,14471.93146,17316.51263,18449.61627,17474.92889,18655.62722,18124.68254,15535.80084,13191.72246,14023.84698,16676.47467,17733.22374,16824.46076,17925.34296,17430.2971,15010.24519,13280.6397,14092.14704,16661.3327,17684.82377,16804.45491,17870.69476,17391.30963,15053.11914,14132.42485,15082.692,18091.029,19289.29486,18258.59571,19507.04808,18945.59504,16209.87415,15427.73295,16462.00091,19738.93743,21044.35579,19921.73321,21281.59084,20670.05103,17687.24769,16081.24993,17103.50288,20347.22914,21639.17109,20527.9618,21874.01501,21268.68146,18314.22363
Heilongjiang,HL,y9,16676.51888,17622.66452,20628.98172,21826.38503,20796.40873,22044.25361,21483.1502,18744.98951,15592.79491,16371.24311,18857.55786,19847.91298,18996.01808,20027.94455,19564.00461,17295.55238,14975.85171,15805.09624,18447.6671,19500.48025,18595.13962,19691.84673,19198.59271,16788.51678,14363.998,15182.89075,17780.63529,18815.52601,17925.45117,19003.53983,18518.74104,16153.64856,14408.2842,15328.606,18257.09639,19423.6217,18420.18027,19635.75504,19089.15914,16420.71439,14061.3566,14976.50288,17888.98451,19049.17656,18051.24468,19259.98372,18716.41561,16061.02536,13826.60076,14737.5902,17627.95757,18779.26269,17788.88675,18988.59693,18449.10875,15818.27896,13487.69259,14341.08016,17060.88177,18144.40496,17212.63102,18341.38678,17833.79706,15353.24062,13514.59848,14339.01478,16949.52255,17989.46125,17094.93338,18178.31755,17691.25616,15315.76763,14375.50578,15338.36142,18386.19629,19600.19277,18555.96482,19820.82646,19251.97001,16479.41862,15704.08771,16761.55936,20111.53991,21446.05448,20298.41584,21688.55939,21063.39694,18014.37421,16393.21176,17435.50478,20742.13219,22059.14979,20926.37252,22298.55006,21681.47287,18669.99724
Heilongjiang,HL,y10,16999.5546,17964.02665,21028.57895,22249.17589,21199.24873,22471.26505,21899.29268,19108.09263,15894.83726,16688.36464,19222.84099,20232.3802,19363.9828,20415.89777,19942.97188,17630.578,15265.94455,16111.25184,18805.01063,19878.21711,18955.34091,20073.29124,19570.48186,17113.72179,14642.23789,15476.99326,18125.05823,19179.99413,18272.67903,19371.65179,18877.46048,16466.55495,14687.38264,15625.53074,18610.74881,19799.8695,18776.99178,20016.11277,19458.92738,16738.79461,14333.73571,15266.60737,18235.50589,19418.17195,18400.90957,19633.06165,19078.96515,16372.13823,14094.43117,15023.06645,17969.42218,19143.02921,18133.46817,19356.41813,18806.47988,16124.69054,13748.95796,14618.87618,17391.3624,18495.87497,17546.05066,18696.67229,18179.24957,15650.64418,13776.38406,14616.77064,17277.84526,18337.92878,17426.07392,18530.4439,18033.94679,15612.44503,14653.96839,15635.47578,18742.3494,19979.86178,18915.40581,20204.76873,19624.89322,16798.63579,16008.28673,17086.24133,20501.1124,21861.47849,20691.60877,22108.68074,21471.4087,18363.32467,16710.75829,17773.24264,21143.92051,22486.45012,21331.72976,22730.48672,22101.45763,19031.64728
Heilongjiang,HL,y11,17328.59659,18311.73751,21435.60604,22679.82989,21609.57994,22906.21752,22323.17355,19477.94651,16202.49725,17011.38384,19594.91569,20623.99634,19738.79133,20811.06615,20328.98644,17971.83421,15561.43054,16423.09957,19168.99811,20262.97799,19322.2384,20461.82797,19949.28721,17444.97313,14925.65154,15776.5652,18475.88492,19551.2404,18626.36296,19746.60762,19242.85079,16785.28011,14971.67071,15927.9774,18970.97762,20183.11464,19140.43687,20403.54258,19835.5733,17062.78857,14611.17767,15562.10661,18588.47086,19794.02834,18757.07534,20013.07814,19448.25602,16689.037,14367.24168,15313.85225,18317.23728,19513.5607,18484.45885,19731.07926,19170.49674,16436.7986,14015.08189,14901.83784,17727.98809,18853.87877,17885.67202,19058.56357,18531.12536,15953.57554,14043.03967,14899.69127,17612.2735,18692.87633,17763.3717,18889.11729,18383.01165,15914.63773,14937.6086,15938.11426,19105.12439,20366.59041,19281.53049,20595.85082,20004.75137,17123.78896,16318.14202,17416.96208,20897.9303,22284.62804,21092.11426,22536.61469,21887.00744,18718.76436,17034.21099,18117.25988,21553.18017,22921.69635,21744.62559,23170.45713,22529.25142,19400.02254
Heilongjiang,HL,y12,17353.63996,18338.2009,21466.58413,22712.60545,21640.80909,22939.32116,22355.43441,19506.09629,16216.60664,17028.68144,19621.55096,20654.32784,19765.94959,20842.07764,20358.24638,17992.66608,15548.94436,16410.74641,19157.75367,20252.20136,19311.05551,20451.12655,19938.39293,17432.77249,14963.56896,15817.24464,18524.15068,19602.5015,18675.02877,19798.42451,19293.2473,16828.586,14978.38775,15941.92117,19006.35737,20227.04205,19177.01537,20449.00784,19877.0391,17086.12346,14605.10861,15551.28282,18564.41539,19764.69107,18732.27901,19982.79873,19420.44339,16672.76318,14407.67301,15359.60586,18378.66692,19581.27356,18546.8007,19799.91937,19236.40833,16488.73126,14000.87236,14884.03697,17699.37058,18820.93858,17856.43453,19024.84202,18499.43169,15930.93914,14095.24229,14956.52713,17683.30073,18769.56943,17835.20024,18966.84234,18458.05252,15976.4419,14999.27461,16007.82946,19200.6917,20472.45462,19378.53484,20703.56589,20107.67371,17204.15015,16374.0351,17471.7429,20949.67813,22335.16817,21143.68604,22586.95422,21937.90385,18772.14174,17067.63606,18152.59234,21595.28112,22966.46737,21787.09844,23215.71788,22573.25411,19437.57525
Heilongjiang,HL,y13,17396.86766,18383.8812,21520.05842,22769.18322,21694.71736,22996.46234,22411.12191,19554.68578,16266.33137,17078.40425,19672.11585,20705.25128,19816.5579,20893.05772,20409.07823,18042.63981,15622.73996,16487.80342,19244.51972,20342.81082,19398.36403,20542.44291,20027.88307,17513.70221,14984.45563,15838.72113,18548.67655,19628.26895,18699.74731,19824.40508,19318.6644,16851.41097,15030.65572,15990.73029,19045.72007,20262.63086,19215.84637,20483.92849,19913.72092,17130.01289,14668.7431,15623.41745,18661.70505,19872.01325,18830.97396,20091.92542,19524.87786,16754.78769,14423.84566,15374.18547,18389.40344,19590.43885,18557.28372,19808.81542,19246.02441,16501.55545,14070.29763,14960.54805,17797.83271,18928.15917,17956.13766,19133.6505,18604.13445,16016.43006,14098.36686,14958.39267,17681.6628,18766.52301,17833.35531,18963.53703,18455.43594,15977.33737,14996.46081,16000.90798,19180.39528,20446.83014,19357.49599,20676.9945,20083.56567,17191.25206,16382.43187,17485.5812,20980.26509,22372.42415,21175.21198,22625.40447,21973.23823,18792.5121,17101.32135,18188.63756,21638.09635,23012.0018,21830.29491,23261.74309,22618.01158,19476.45401
Heilongjiang,HL,y14,17430.72339,18419.65723,21561.93706,22813.49289,21736.9357,23041.21495,22454.73484,19592.74081,16297.98643,17111.63934,19710.39888,20745.54454,19855.12197,20933.71675,20448.7952,18077.75242,15653.14269,16519.88998,19281.97143,20382.39906,19436.114,20582.41898,20066.85798,17547.78543,15013.61721,15869.54535,18584.77316,19666.46592,18736.1361,19862.98424,19356.25859,16884.20482,15059.90518,16021.84907,19082.7841,20302.06286,19253.24302,20523.79031,19952.4741,17163.34859,14697.2884,15653.8215,18698.02205,19910.68411,18867.6207,20131.02551,19562.87358,16787.39278,14451.91417,15404.10408,18425.19174,19628.56348,18593.39641,19847.36523,19283.47788,16533.66772,14097.67868,14989.66115,17832.46817,18964.9934,17991.08095,19170.88536,18640.33819,16047.59778,14125.8028,14987.5035,17716.07141,18803.04219,17868.06063,19000.4412,18491.35155,16008.43032,15025.64374,16032.0457,19217.72052,20486.62057,19395.16641,20717.23337,20122.64826,17224.70713,16414.31255,17519.60901,21021.09251,22415.96228,21216.41998,22669.43465,22015.99821,18829.08132,17134.60156,18224.03439,21680.20499,23056.78523,21872.77703,23307.01124,22662.02744,19514.35602
Heilongjiang,HL,y15,17464.38898,18455.23247,21603.5816,22857.55412,21778.91696,23085.71555,22498.1034,19630.58174,16329.46439,17144.68887,19748.46686,20785.61045,19893.46893,20974.14693,20488.28924,18112.6668,15683.37505,16551.79588,19319.21087,20421.76341,19473.65255,20622.17184,20105.61364,17581.67655,15042.61348,15900.19471,18620.66621,19704.4489,18772.32391,19901.34688,19393.64359,16916.81462,15088.99218,16052.79276,19119.63884,20341.27375,19290.42703,20563.42958,19991.00945,17196.49652,14725.67467,15684.05425,18734.13417,19949.13969,18904.06031,20169.90549,19600.65698,16819.81505,14479.82691,15433.85543,18460.77568,19666.47315,18629.30713,19885.69695,19320.72139,16565.60129,14124.90764,15018.61221,17866.90903,19001.62278,18025.82793,19207.91102,18676.33909,16078.59258,14153.08534,15016.44908,17750.28774,18839.35837,17902.57016,19037.13729,18527.06488,16039.34872,15054.66366,16063.00988,19254.83717,20526.18821,19432.625,20757.24464,20161.51261,17257.97535,16446.01433,17553.44525,21061.69261,22459.25559,21257.39651,22713.21788,22058.51984,18865.44827,17167.6943,18259.23023,21722.07724,23101.31611,21915.02163,23352.02565,22705.7957,19552.04539
Heilongjiang,HL,y16,17488.61392,18480.83263,21633.55024,22889.26148,21809.12803,23117.73958,22529.31243,19657.81252,16342.73753,17161.12829,19774.16531,20814.97461,19919.68638,21004.18441,20516.58897,18132.61009,15669.88272,16538.38684,19306.7595,20409.72032,19461.25456,20610.19309,20093.47096,17568.36173,15079.95403,15940.26862,18668.22904,19754.96716,18820.28056,19952.4146,19443.30702,16959.47539,15094.88821,16065.91555,19154.18581,20384.36572,19326.1714,20608.05749,20031.63975,17219.01705,14718.70673,15672.23859,18708.80655,19918.41886,18877.97615,20138.22214,19571.49428,16802.4413,14519.7339,15479.07179,18521.61382,19733.57451,18691.05546,19953.92103,19386.02638,16616.97828,14109.76937,14999.80283,17837.0341,18967.32559,17995.31968,19172.8147,18643.31709,16054.84826,14204.87451,15072.85681,17820.83909,18915.55719,17973.9211,19114.3637,18601.61689,16100.70482,15115.93701,16132.33658,19350.03165,20631.68706,19529.259,20864.59497,20264.06765,17337.96213,16501.38949,17607.63592,21112.6225,22508.88801,21308.13875,22762.63296,22108.53508,18918.14979,17200.38688,18293.78095,21763.24639,23145.09719,21956.55639,23396.28609,22748.82555,19588.75802
Heilongjiang,HL,y17,17583.02458,18580.59985,21750.33545,23012.82722,21926.86292,23242.53882,22650.9347,19763.9327,16440.39089,17261.15402,19882.61973,20926.80903,20028.6065,21116.62676,20627.46836,18235.70713,15789.91257,16664.23239,19450.44699,20560.49159,19605.93781,20762.26007,20242.19369,17701.10964,15144.79752,16008.20587,18747.15773,19838.30299,18899.84593,20036.53817,19525.3848,17031.73272,15191.49281,16161.84111,19249.51983,20479.45343,19421.46792,20703.11858,20126.8105,17313.31405,14825.70707,15790.59828,18861.39647,20084.65542,19032.47718,20306.92136,19733.80573,16934.07431,14578.18982,15538.69977,18586.18123,19800.0684,18755.8578,20020.78244,19451.96869,16678.13215,14220.85866,15120.63516,17988.28036,19130.70137,18148.27925,19338.39196,18803.2101,16187.81591,14249.22797,15118.45706,17870.86716,18967.33587,18024.18322,19166.45823,18652.92046,16148.30465,15156.93195,16172.12651,19385.63622,20665.62411,19564.63357,20898.25076,20298.47184,17375.20938,16557.73407,17672.68829,21204.76595,22611.823,21401.80011,22867.50978,22208.36499,18993.60331,17284.31709,18383.26745,21869.6366,23258.24479,22063.89234,23510.65752,22860.03813,19684.8646
Heilongjiang,HL,y18,17668.48662,18670.91013,21856.05217,23124.67999,22033.43739,23355.50778,22761.02893,19859.99537,16520.29774,17345.05103,19979.25843,21028.52293,20125.95471,21219.26214,20727.72725,18324.34013,15866.65879,16745.22822,19544.98575,20660.42396,19701.23204,20863.17384,20340.57939,17787.14536,15218.40969,16086.0123,18838.27739,19934.72616,18991.70733,20133.92547,19620.287,17114.51328,15265.33042,16240.39489,19343.08088,20578.99308,19515.86515,20803.7453,20224.63501,17397.46446,14897.76736,15867.34664,18953.07183,20182.27511,19124.98344,20405.62122,19829.72093,17016.38173,14649.04613,15614.22296,18676.51887,19896.30598,18847.01945,20118.09219,19546.5145,16759.19585,14289.97824,15194.12766,18075.71132,19223.68522,18236.48761,19432.38445,18894.60164,16266.49526,14318.48531,15191.93909,17957.72727,19059.52578,18111.78965,19259.61579,18743.58186,16226.79259,15230.60081,16250.73054,19479.85884,20766.06812,19659.72571,20999.8261,20397.1309,17459.66053,16638.21176,17758.58468,21307.83131,22721.72615,21505.82208,22978.6567,22316.30779,19085.92033,17368.32542,18472.61762,21975.93283,23371.29055,22171.1322,23624.93027,22971.14871,19780.54178
Heilongjiang,HL,y19,17754.24486,18761.53329,21962.13493,23236.92123,22140.38231,23468.8696,22871.50444,19956.39091,16600.48383,17429.239,20076.23278,21130.58973,20223.64025,21322.25531,20828.33367,18413.28216,15943.67143,16826.50575,19639.85269,20760.70427,19796.85686,20964.43755,20439.30794,17873.47965,15292.27595,16164.08991,18929.71446,20031.48471,19083.88911,20231.64895,19715.51926,17197.58219,15339.42387,16319.22053,19436.96793,20678.87873,19610.58977,20904.72136,20322.80024,17481.90757,14970.07604,15944.36348,19045.06531,20280.23549,19217.81123,20504.66585,19925.96937,17098.9745,14720.14826,15690.01084,18767.16936,19992.87713,18938.49813,20215.74034,19641.38793,16840.54038,14359.33827,15267.87663,18163.44663,19316.99244,18325.0026,19526.70455,18986.31165,16345.44834,14387.98296,15265.6773,18044.88941,19152.03512,18199.69887,19353.09671,18834.55928,16305.5534,15304.52594,16329.60756,19574.4096,20866.86087,19755.14908,21101.75379,20496.13408,17544.40505,16718.969,17844.78026,21411.2534,22832.01193,21610.20582,23090.18989,22424.62485,19178.55869,17452.6269,18562.27953,22082.59812,23484.72855,22278.74622,23739.59898,23082.64373,19876.55096
Heilongjiang,HL,y20,17830.88017,18842.51629,22056.93333,23337.22207,22235.95003,23570.17152,22970.22837,20042.53087,16662.57841,17496.98434,20161.16034,21222.33897,20309.53024,21415.25295,20918.11416,18487.47852,15976.55366,16862.0554,19684.6076,20809.15415,19842.12586,21013.55017,20486.71433,17912.18763,15375.07894,16252.23293,19033.58104,20141.58687,19188.60778,20342.8982,19823.82647,17291.38536,15390.30656,16380.3374,19529.04833,20783.30355,19704.40023,21011.37288,20423.67498,17556.00585,15006.76256,15978.95631,19074.95282,20308.23694,19247.43304,20532.34294,19954.52347,17131.27902,14803.89631,15782.00889,18884.09589,20119.77589,19056.85354,20344.43505,19765.42598,16942.18548,14385.90755,15293.36129,18186.11892,19338.52995,18347.50133,19548.04158,19008.18129,16369.05416,14482.87461,15367.84384,18169.60585,19285.74881,18325.68336,19488.44616,18965.66376,16415.80753,15411.7675,16448.05896,19728.7266,21035.46386,19911.46179,21272.93089,20660.65173,17677.28001,16824.33467,17952.2304,21525.81261,22949.40433,21725.1558,23208.11473,22541.21493,19288.39175,17537.01106,18651.80373,22189.16992,23598.06436,22386.26202,23854.16991,23194.03638,19972.12459
Heilongjiang,HL,y21,17926.6532,18943.72348,22175.40607,23462.57052,22355.38326,23696.77137,23093.60593,20150.18327,16761.68797,17598.49103,20271.18902,21335.78569,20420.02891,21529.31187,21030.59363,18592.09147,16098.49749,16989.90469,19830.572,20962.30779,19989.1006,21168.01998,20637.78957,18047.04567,15440.77563,16321.05654,19113.53727,20226.00608,19269.20847,20428.11554,19906.97313,17364.58449,15488.38283,16477.69534,19625.71629,20879.68658,19801.02486,21107.72295,20520.15142,17651.6709,15115.44781,16099.19607,19230.0085,20477.17259,19404.43152,20703.78303,20119.46757,17265.02019,14863.09335,15842.37393,18949.4141,20187.02484,19122.40679,20412.05105,19832.12143,17004.07634,14498.77894,15416.14024,18339.82821,19504.57607,18502.95396,19716.32543,19170.68399,16504.1766,14527.70321,15413.9194,18220.12076,19338.01668,18376.43347,19541.03146,19017.4576,16463.89419,15453.1464,16488.18138,19764.49348,21069.49625,19946.98735,21306.6696,20695.16849,17714.77572,16881.32479,18018.06776,21619.17451,23053.72976,21820.05881,23314.41334,22642.38739,19364.7978,17622.10547,18742.53509,22297.03898,23712.78544,22495.09095,23970.13022,23306.79572,20069.56905
Heilongjiang,HL,y22,18013.30324,19035.28986,22282.59287,23575.97883,22463.4402,23811.3118,23205.23067,20247.58103,16842.70721,17683.55551,20369.17137,21438.91422,20518.73084,21633.37602,21132.24702,18681.95619,16176.3102,17072.02717,19926.4242,21063.63167,20085.71892,21270.33812,20737.54442,18134.27761,15515.41059,16399.9461,19205.92352,20323.77068,19362.3482,20526.85713,20003.19538,17448.51835,15563.24723,16557.34013,19720.5788,20980.61143,19896.73474,21209.7488,20619.33666,17736.99101,15188.51034,16177.01311,19322.95761,20576.15119,19498.22518,20803.85646,20216.71639,17348.47169,14934.93492,15918.95004,19041.00798,20284.59996,19214.83619,20510.71515,19927.98237,17086.26675,14568.86014,15490.65507,18428.47567,19598.85359,18592.38897,19811.62631,19263.34721,16583.95142,14597.92319,15488.4239,18308.18905,19431.48935,18465.2568,19635.48449,19109.38055,16543.47335,15527.84045,16567.87829,19860.02643,21171.33694,20043.40351,21409.65671,20795.19988,17800.40238,16962.92199,18105.15824,21723.67201,23165.16148,21925.52786,23427.10654,22751.83085,19458.39971,17707.28444,18833.12837,22404.81295,23827.40256,22603.82317,24085.99277,23419.45072,20166.57642
Heilongjiang,HL,y23,18100.25041,19127.16978,22390.14698,23689.7765,22571.86722,23926.24549,23317.23787,20345.31247,16924.00375,17768.91029,20467.49024,21542.39604,20617.77207,21737.79612,21234.24909,18772.13148,16254.39064,17154.43148,20022.6063,21165.30156,20182.6695,21373.00462,20837.6405,18221.80822,15590.29998,16479.10656,19298.62708,20421.86997,19455.80677,20625.93578,20099.74779,17532.74035,15638.36833,16637.26044,19815.76715,21081.8804,19992.7738,21312.1255,20718.86316,17822.60525,15261.82307,16255.09675,19416.22635,20675.46833,19592.34015,20904.27416,20314.29905,17432.2096,15007.02347,15995.78788,19132.91534,20382.51093,19307.58309,20609.71732,20024.17123,17168.73931,14639.18188,15565.42571,18517.42612,19693.45368,18682.13117,19907.25381,19356.32826,16663.99919,14668.38516,15563.18365,18396.55963,19525.28238,18554.38627,19730.26158,19201.61822,16623.3261,15602.79051,16647.84842,19955.8881,21273.52673,20140.14953,21512.99783,20895.57533,17886.32228,17044.7993,18192.5503,21828.53018,23276.97619,22031.35925,23540.18538,22861.64951,19552.32207,17792.75485,18924.03216,22512.9576,23942.41324,22712.92716,24202.25091,23532.49324,20263.91744
Heilongjiang,HL,y24,18177.8994,19209.22336,22486.19942,23791.4041,22668.69963,24028.88667,23417.26787,20432.59275,16986.85945,17837.50567,20553.52979,21635.36196,20704.78817,21832.02976,21325.21643,18847.27671,16287.48469,17190.21955,20067.70303,21214.13575,20228.28751,21422.50938,20885.42183,18260.78977,15674.30374,16568.52838,19404.00681,20533.5767,19562.05107,20738.80491,20209.63198,17627.90502,15689.82806,16699.1269,19909.11562,21187.78145,20087.88048,21420.29023,20821.15359,17897.67558,15298.81996,16289.93344,19446.18323,20703.46949,19622.01995,20931.93717,20342.87169,17464.68062,15092.00516,16089.15371,19251.61273,20511.33995,19427.73258,20740.37191,20150.09463,17271.90834,14665.88251,15590.99567,18540.05104,19714.89082,18704.57453,19928.47902,19378.11249,16687.62307,14764.73583,15666.92802,18523.2184,19661.08247,18682.33238,19867.7248,19334.76874,16735.28659,15711.70706,16768.16543,20112.68118,21444.85043,20298.97244,21686.93823,21062.743,18021.30972,17151.76584,18301.61064,21944.74213,23396.03816,22147.96396,23659.78384,22979.90538,19663.77727,17878.31203,19014.79937,22621.00788,24057.32243,22821.93701,24318.41196,23645.43231,20360.81703
Heilongjiang,HL,y25,18275.03683,19311.8728,22606.35962,23918.53858,22789.83427,24157.2905,23542.40264,20541.77879,17087.43223,17940.49713,20665.13596,21750.42218,20816.86884,21947.70828,21439.29908,18953.40637,16411.35353,17320.08313,20215.95588,21369.68617,20377.56556,21579.39546,21038.8615,18397.76852,15740.85017,16638.23721,19484.98701,20619.07554,19643.68341,20825.1123,20293.84211,17702.04545,15789.38063,16797.91979,20007.11949,21285.45874,20185.8358,21517.92713,20918.93646,17994.71104,15409.19957,16412.0652,19603.72075,20875.12231,19781.53461,21106.13672,20510.46577,17600.54442,15151.94022,16150.25216,19317.67411,20579.33587,19494.02842,20808.73665,20217.53651,17334.53049,14780.54565,15715.7346,18696.24232,19883.62514,18862.53684,20099.48966,19543.24371,16824.91655,14810.03168,15713.47169,18574.20715,19713.82869,18733.55688,19920.78841,19387.03994,16783.85048,15753.45964,16808.60998,20148.59352,21478.95644,20334.63406,21720.73988,21097.35548,18059.04202,17209.39275,18368.22797,22039.3178,23501.75177,22244.10643,23767.50236,23082.41515,19741.13027,17964.57159,19106.77368,22730.35556,24173.61551,22932.25655,24435.96163,23759.73663,20459.59721
Heilongjiang,HL,y26,18362.87513,19404.69476,22715.01642,24033.50321,22899.37426,24273.40293,23655.55947,20640.5133,17169.56325,18026.72865,20764.46359,21854.96484,20916.9247,22053.20085,21542.34659,19044.5064,16490.23428,17403.33308,20313.12361,21472.39878,20475.50991,21683.11699,21139.98437,18486.19742,15816.50729,16718.20875,19578.64036,20718.18075,19738.10049,20925.20813,20391.38411,17787.13102,15865.27211,16878.65847,20103.28324,21387.76932,20282.85796,21621.35296,21019.48322,18081.20263,15483.26382,16490.95011,19697.94655,20975.45967,19876.61431,21207.5837,20609.04908,17685.14202,15224.76832,16227.87867,19410.52408,20678.25133,19587.72608,20908.75409,20314.71201,17417.8492,14851.58898,15791.27235,18786.10546,19979.19601,18953.19953,20196.09789,19637.17875,16905.78525,14881.21523,15788.99736,18663.48414,19808.58317,18823.60039,20016.53836,19480.22386,16864.52286,15829.17847,16889.40053,20245.43739,21582.19489,20432.37304,21825.1402,21198.75825,18145.84311,17292.11008,18456.51476,22145.2508,23614.71344,22351.02177,23881.74095,23193.36056,19836.01648,18050.91749,19198.61083,22839.60937,24289.80582,23042.48028,24553.41445,23873.93699,20557.93646
Henan,HA,y1,50610.28955,45215.62039,47253.91939,55759.11369,63034.27824,60503.68845,58113.81774,57712.74925,43073.11147,38537.44235,40234.71108,47316.54201,53374.19916,51267.10451,49277.17215,48897.2469,43037.88538,39896.145,41078.74524,46013.30846,50234.24847,48765.97253,47379.45129,47133.49153,43282.77635,40829.04031,41755.05149,45619.04041,48924.15388,47774.55794,46688.769,46500.41932,43955.84424,41561.49627,42463.14105,46225.01575,49442.86262,48323.67795,47266.49638,47080.45797,48273.34152,44945.15414,46211.49815,51495.34638,56014.99315,54442.90065,52958.18949,52732.16135,59051.96971,54517.46189,56228.3172,63366.51355,69472.41142,67348.63667,65342.79376,64995.05839,58532.54098,53838.61858,55602.33717,62961.7651,69256.76796,67067.13932,64999.12294,64627.52963,47103.44178,44321.54515,45357.2778,49678.73092,53375.39739,52089.49889,50875.2589,50626.65589,44132.99927,41174.33144,42289.08073,46940.09401,50918.53888,49534.68462,48227.76385,47996.79071,45472.81988,42081.04662,43359.19473,48692.25973,53253.97696,51667.28073,50168.74782,49907.64855,49723.58953,44796.11351,46661.07914,54443.05231,61099.63752,58784.1485,56597.61468,56232.75268
Henan,HA,y2,53014.41812,47363.4862,49498.61054,58407.82469,66028.58021,63377.77998,60874.38409,60454.2639,45119.20253,40368.07702,42145.97071,49564.20868,55909.62085,53702.43251,51617.97264,51220.00059,45082.30295,41791.3211,43030.09871,48199.06705,52620.51291,51082.49039,49630.10616,49372.46122,45338.82675,42768.53208,43738.53258,47786.07031,51248.18432,50043.98154,48906.61391,48709.31667,46043.86718,43535.78135,44480.25702,48420.83115,51791.53502,50619.1855,49511.78499,49316.90937,50566.45933,47080.17211,48406.67179,53941.51685,58675.85899,57029.0879,55473.84988,55237.08362,61857.10067,57107.19166,58899.31746,66376.59664,72772.54182,70547.88238,68446.75652,68082.50284,61312.99741,56396.10081,58243.60029,65952.62199,72546.65534,70253.01392,68086.76006,67697.51473,49340.98511,46426.94033,47511.87396,52038.60695,55910.87573,54563.89305,53291.97334,53031.56098,46229.43786,43130.22535,44297.92908,49169.87866,53337.30982,51887.71745,50518.7152,50276.77107,47632.90373,44080.01353,45418.87594,51005.27602,55783.68668,54121.61919,52551.90183,52278.39985,52085.59724,46924.05138,48877.60847,57029.24712,64002.0382,61576.55679,59286.15683,58903.96301
Henan,HA,y3,55530.64047,49611.4986,51847.96231,61180.03461,69162.49309,66385.87846,63763.66324,63323.60329,47260.69435,42284.06705,44146.34318,51916.67338,58563.25875,56251.30966,54067.9151,53651.05445,47222.04396,43774.86211,45072.43475,50486.73911,55118.03908,53507.01849,51985.69899,51715.82644,47490.74292,44798.45412,45814.49409,50054.13972,53680.57636,52419.21725,51227.86738,51021.20615,48229.24743,45602.11931,46591.42266,50719.02824,54249.71577,53021.72311,51861.76175,51657.63746,52966.49408,49314.73729,50704.19706,56501.74117,61460.79113,59735.85826,58106.8036,57858.80032,64793.02349,59817.66936,61694.8544,69527.02763,76226.54316,73896.29498,71695.44406,71313.90099,64223.09578,59072.82844,61008.01559,69082.93047,75989.93582,73587.4305,71318.36072,70910.64158,51682.85555,48630.50169,49766.92836,54508.51616,58564.57209,57153.6585,55821.37008,55548.59655,48423.62452,45177.31359,46400.43975,51503.62704,55868.85707,54350.46386,52916.48355,52663.05585,49893.70317,46172.18138,47574.5915,53426.13787,58431.34702,56690.39201,55046.17167,54759.68754,54557.73436,49151.20776,51197.48505,59736.02514,67039.7654,64499.1641,62100.0545,61699.72019
Henan,HA,y4,58133.23374,51936.67589,54277.95768,64047.40257,72403.98033,69497.23181,66752.11964,66291.43525,49459.80044,44280.11814,46218.70821,54307.53674,61226.56631,58819.84022,56546.95731,56112.82569,49434.00477,45876.46439,47216.16183,52806.18752,57587.78209,55924.48317,54353.79584,54075.81135,49765.91548,46953.11419,48013.89668,52440.29537,56226.47089,54909.55021,53665.71484,53448.26723,50491.14726,47734.25899,48772.71366,53105.33424,56811.39025,55522.4051,54304.83561,54092.53632,55921.65251,52044.39821,53519.66068,59675.14447,64940.39317,63108.95725,61379.3137,61110.58153,67914.81675,62698.2373,64665.56393,72873.871,79895.07613,77452.9445,75146.38876,74752.77983,67127.99074,61722.02605,63754.82396,72237.1017,79492.55617,76968.8359,74585.31156,74156.17303,53661.06002,50536.90744,51699.41363,56549.68927,60698.77418,59255.51735,57892.67617,57612.92433,50681.53129,47258.68375,48547.45656,53924.51064,58523.99311,56924.11691,55413.16708,55146.30591,52271.10324,48361.14848,49835.007,55984.71857,61244.9391,59415.26444,57687.29699,57386.55744,57300.01451,51589.59811,53750.91995,62769.55866,70483.98699,67800.53453,65266.52125,64842.89957
Henan,HA,y5,60920.04849,54426.4381,56879.95574,67117.73251,75874.91244,72828.81898,69952.11034,69469.34152,51847.48119,46387.85782,48430.87401,56955.33559,64246.99096,61710.66205,59315.36342,58858.04352,51805.07884,48023.33857,49446.84425,55386.62181,60467.40397,58700.0284,57031.06068,56734.99597,52099.85637,49146.27253,50260.92204,54912.03743,58890.43104,57506.65385,56199.67931,55972.96042,52910.03396,50027.93637,51113.25464,55641.4555,59514.80643,58167.63427,56895.09556,56671.1584,58107.04411,54100.87546,55625.186,61985.3993,67425.73748,65533.39485,63746.2358,63474.16324,71081.37168,65623.14557,67682.51796,76274.82623,83624.54887,81068.14337,78653.69228,78235.12062,70456.13161,64806.01594,66929.01904,75787.62694,83364.97764,80729.30306,78240.01301,77792.72341,56698.82463,53350.23164,54596.95209,59798.7239,64248.43288,62700.58505,61238.99464,60939.74804,53123.27642,49561.90211,50903.73649,56502.20298,61291.09125,59625.33288,58052.18167,57774.15731,54736.03129,50653.32494,52191.84249,58611.29853,64102.2772,62192.35812,60388.56068,60074.27279,59852.7198,53921.47399,56166.34902,65533.57802,73546.16789,70758.99326,68127.04323,67687.85588
Henan,HA,y6,63804.15353,57003.1188,59572.79238,70295.25075,79467.01685,76276.71299,73263.81497,72758.18987,54302.06878,48583.97128,50723.70995,59651.74161,67288.60143,64632.19505,62123.49725,61644.52791,54257.65779,50296.87983,51787.77877,58008.76005,63330.07942,61479.03171,59731.0506,59420.97005,54566.39119,51472.97786,52640.39661,57511.7084,61678.44882,60229.15963,58860.30959,58622.85824,55414.92443,52396.38123,53533.08134,58275.65913,62332.38313,60921.43224,59588.649,59354.11044,60857.97448,56662.14295,58258.61764,64919.93881,70617.8367,68635.90691,66764.13905,66479.18589,74446.53836,68729.90629,70886.77384,79885.86272,87583.53982,84906.10687,82377.35122,81938.96258,73791.69749,67874.09159,70097.60246,79375.59927,87311.67947,84551.22529,81944.08572,81475.6212,59383.08659,55875.96195,57181.70661,62629.74134,67290.11072,65668.98471,64138.19852,63824.78566,55638.2625,51908.28392,53313.64455,59177.15534,64192.76129,62448.14212,60800.51361,60509.32689,57327.36874,53051.3766,54662.73214,61386.1016,67137.03576,65136.69633,63247.50355,62918.33694,62686.29397,56474.24837,58825.40149,68636.09766,77028.0227,74108.89708,71352.34431,70892.36538
Henan,HA,y7,65474.48038,58495.40164,61132.34647,72135.50862,81547.38181,78273.55984,75181.78718,74662.92506,55723.64045,49855.85107,52051.60453,61213.36258,69050.14769,66324.19966,63749.82718,63258.31813,55678.0681,51613.60204,53143.53006,59527.37077,64987.99514,63088.48963,61294.74848,60976.55045,55994.88343,52820.48806,54018.46894,59017.30608,63293.12759,61805.89674,60401.21199,60157.54423,56865.63091,53768.06555,54934.52256,59801.25581,63964.18112,62516.293,61148.6187,60907.94016,62451.17387,58145.49981,59783.768,66619.47732,72466.53911,70432.72447,68511.95591,68219.54289,76395.47301,70529.18509,72742.51685,81977.1926,89876.38753,87128.86215,84533.90612,84084.04053,75723.48837,69650.96594,71932.68649,81453.57145,89597.41022,86764.69007,84089.29833,83608.56961,60937.67473,57338.7382,58678.66465,64269.32437,69051.69688,67388.13088,65817.27124,65495.65255,57094.81493,53267.19067,54709.34119,60726.35228,65873.26199,64082.97081,62392.20843,62093.39978,58828.14021,54440.20814,56093.74606,62993.12632,68894.61552,66841.90871,64903.25849,64565.47488,64327.35661,57952.68611,60365.39027,70432.9212,79044.5385,76048.99306,73220.27645,72748.25523
Henan,HA,y8,67151.9946,59994.10576,62698.6122,73983.68427,83636.69739,80278.99712,77108.01053,76575.85549,57132.96933,51149.71354,53389.05578,62732.78,70725.22544,67945.12166,65319.62414,64818.14083,57103.17071,52993.71627,54541.254,60998.51375,66521.92264,64600.57992,62786.21683,62465.10629,57486.57423,54237.39667,55462.74778,60575.85673,64949.41799,63428.19033,61991.38715,61740.20556,58324.31927,55139.72838,56339.28759,61344.06983,65625.08106,64136.12243,62729.66104,62484.42452,64597.31017,60118.53956,61822.67477,68933.11682,75015.21293,72899.64987,70901.67141,70591.24661,78451.08755,72425.21013,74697.74747,84179.487,92289.95831,89468.95611,86804.56294,86349.88852,77542.19371,71297.54938,73645.71542,83443.93004,91824.99101,88909.74246,86156.43937,85660.72493,61986.01035,58377.17789,59720.03598,65322.77906,70115.55142,68448.38932,66874.11698,66550.96423,58544.2391,54590.37294,56079.08574,62290.33169,67603.37608,65755.29612,64009.93902,63701.67622,60380.41688,55863.87256,57566.38459,64670.15931,70746.44884,68632.91895,66636.8753,66289.47916,66189.51084,59593.18276,62089.811,72507.59724,81418.83833,78319.07596,75391.93674,74902.59444
Henan,HA,y9,68944.49712,61595.54191,64372.23965,75958.54641,85869.23078,82421.90194,79166.27168,78619.91175,58676.88265,52498.11132,54810.23584,64457.54921,72709.66866,69839.25098,67128.44055,66610.88283,58628.89465,54349.01959,55960.03162,62682.20174,68432.22925,66432.05363,64543.24837,64208.18564,58962.50047,55619.86824,56881.34041,62145.10549,66647.53652,65081.48636,63602.3557,63345.77364,59879.39576,56617.66523,57845.94257,62970.60315,67354.15542,65829.53242,64389.37312,64135.94043,65760.96165,61227.09548,62952.18863,70150.17633,76307.12104,74165.51881,72142.95327,71835.04243,80444.28086,74267.09077,76597.72561,86321.82043,94639.6564,91746.51939,89014.03404,88540.32751,79736.68224,73342.32733,75744.97474,85770.44869,94345.89408,91363.04602,88545.86437,88039.65694,64167.25034,60377.57591,61788.51704,67675.47079,72711.29958,70959.56791,69305.45488,68966.79166,60120.72765,56090.24517,57608.82659,63944.72771,69364.41338,67479.2403,65698.87125,65384.22615,61945.91447,57325.43039,59066.60383,66331.63671,72545.89248,70384.39659,68343.00092,67987.31464,67736.57806,61024.06218,63564.63569,74165.72521,83233.74093,80079.43732,77100.80464,76603.76718
Henan,HA,y10,70746.34475,63205.32525,66054.59214,77943.70407,88113.4009,84575.97755,81235.26207,80674.62252,60210.38817,53870.13631,56242.68756,66142.13085,74609.91657,71664.48227,68882.82561,68351.74205,60161.14605,55769.41801,57422.53304,64320.3863,70220.68841,68168.2389,66230.06945,65886.25054,60503.47092,57073.47982,58367.92009,63769.25325,68389.35357,66782.37518,65264.58768,65001.29979,61444.32854,58097.35374,59357.7319,64616.32397,69114.4393,67549.97011,66072.17325,65812.11657,67479.60769,62827.25122,64597.42859,71983.53344,78301.38916,76103.81608,74028.3914,73712.43315,82546.67107,76208.04257,78599.58759,88577.82022,97113.0399,94144.29066,91340.3938,90854.30606,81820.58042,75259.11133,77724.55095,88012.0374,96811.60105,93750.79537,90859.98799,90340.55079,65844.24533,61955.52882,63403.34318,69444.15196,74611.59127,72814.07831,71116.73508,70769.22118,61691.96781,57556.14934,59114.4193,65615.90732,71177.23517,69242.79297,67415.89457,67093.02613,63564.85577,58823.61588,60610.29442,68065.19722,74441.86099,72223.87527,70129.12866,69764.14642,69506.85753,62618.91129,65225.88124,76104.0282,85409.03381,82172.29332,79115.81483,78605.78735
Henan,HA,y11,72594.23276,64856.24235,67779.9319,79979.58658,90414.91481,86785.09473,83357.12041,82781.837,61783.07777,55277.21893,57711.74154,67869.75687,76558.72137,73536.35157,70682.03854,70137.084,61732.55025,57226.11013,58922.40458,66000.42929,72054.84743,69948.7871,67959.99322,67607.19409,62083.81604,58564.23408,59892.48424,65434.8991,70175.67684,68526.72419,66969.29343,66699.12794,63049.24865,59614.8516,60908.15103,66304.0968,70919.70177,69314.36935,67797.97188,67531.12269,69242.16941,64468.29276,66284.70795,73863.73648,80346.61439,78091.64148,75962.0061,75637.796,84702.78337,78198.58969,80652.60177,90891.465,99649.62424,96603.33063,93726.19687,93227.41308,83957.72677,77224.87202,79754.70929,90310.90381,99340.31114,96199.55806,93233.24286,92700.23864,67564.091,63573.80263,65059.43331,71258.02772,76560.43919,74715.97538,72974.29804,72617.70815,63303.3563,59059.51066,60658.48279,67329.78881,73036.37818,71051.40873,69176.79221,68845.49037,65225.16341,60360.08338,62193.42937,69843.05434,76386.27632,74110.35573,71960.89439,71586.38063,71322.37033,64254.51227,66929.57557,78091.85785,87639.9105,84318.62666,81182.31273,80658.96382
Henan,HA,y12,73181.54467,65380.95229,68328.29415,80626.64837,91146.40271,87487.21592,84031.50799,83451.56948,62262.91463,55742.42615,58182.83639,68365.53056,77075.61423,74045.88512,71184.64639,70638.13506,62230.44011,57752.0003,59438.49094,66475.54444,72494.89802,70401.03769,68423.76447,68073.82254,62648.26992,59107.35127,60442.72487,66014.93725,70781.19977,69123.38117,67557.56798,67283.83221,63561.23566,60090.70255,61397.96921,66852.12815,71517.53007,69894.87906,68362.13161,68094.87617,70397.47597,65516.55864,67373.70713,75122.59296,81750.79805,79445.27965,77267.90191,76929.60586,85495.17854,78928.23903,81404.82684,91737.92881,100576.6358,97502.33601,94598.70804,94103.20899,84504.67535,77699.3277,80258.33351,90936.32587,100069.9191,96892.91107,93892.38998,93352.16651,67551.70874,63618.84089,65082.27238,71188.08382,76411.19728,74594.34105,72878.71676,72526.54812,63800.90184,59492.02009,61114.40261,67883.35571,73673.45609,71659.43706,69757.36478,69421.42293,65801.94944,60879.8666,62735.24659,70476.86683,77098.74235,74795.4397,72620.1733,72241.58418,72132.63964,64944.03037,67664.82913,79018.02306,88729.40162,85351.31324,82161.34739,81628.06757
Henan,HA,y13,73850.65044,65978.73593,68953.02567,81363.8252,91979.76301,88287.12026,84799.81495,84214.57471,62852.38216,56233.92442,58710.58184,69044.40626,77883.75391,74809.07549,71905.36059,71350.97425,62800.97992,58216.54489,59942.19708,67142.72469,73301.92919,71159.41829,69136.20454,68777.29866,63158.3259,59577.82899,60929.06731,66567.40877,71390.23594,69712.7438,68128.35856,67853.51639,64140.46723,60646.62977,61962.31271,67451.64834,72147.13812,70514.02144,68971.3797,68699.91147,70440.57132,65584.07137,67431.92412,75142.12647,81737.20575,79443.20462,77276.71036,76946.88898,86168.76835,79552.00457,82048.48923,92464.55975,101374.3007,98275.28379,95348.35398,94840.93686,85410.81747,78561.43408,81135.05633,91873.95114,101059.6332,97864.52341,94846.86773,94304.63837,68733.44906,64674.09929,66185.44379,72491.31816,77885.50102,76009.11585,74237.29377,73874.5307,64398.97213,60081.67718,61708.32323,68495.09251,74300.4482,72281.12464,70374.06244,70037.02688,66354.04197,61404.76039,63269.83628,71051.85592,77708.32347,75393.01366,73206.35113,72825.35474,72556.77536,65366.58969,68087.95278,79443.42498,89156.72974,85777.96242,82587.36816,82054.9604
Henan,HA,y14,74485.35977,66545.79214,69545.64388,82063.1081,92770.28379,89045.90444,85528.62857,84938.35868,63392.56748,56717.2272,59215.17027,69637.81003,78553.1259,75452.02224,72523.35373,71964.20191,63340.72365,58716.88839,60457.37169,67719.7833,73931.92357,71770.99899,69730.3954,69368.40544,63701.14082,60089.8711,61452.72351,67139.52193,72003.8,70311.89125,68713.88758,68436.68485,64691.72354,61167.85783,62494.84837,68031.36184,72767.20698,71120.0546,69564.15447,69290.3535,71045.9739,66147.73413,68011.46755,75787.93699,82439.69696,80125.97993,77940.86625,77608.21037,86909.34669,80235.71496,82753.65488,93259.24754,102245.5641,99119.91233,96167.82707,95656.049,86144.88142,79236.63148,81832.37247,92663.56304,101928.1919,98705.62089,95662.03061,95115.14125,69324.18052,65229.94221,66754.27583,73114.3464,78554.88914,76662.376,74875.32815,74509.44647,64952.44984,60598.04995,62238.67611,69083.77455,74939.02417,72902.34498,70978.89347,70638.9601,66924.32222,61932.50389,63813.60921,71662.51261,78376.18882,76040.97961,73835.52422,73451.25263,73180.36554,65928.38456,68673.13451,80126.20285,89922.98741,86515.18239,83297.16634,82760.18231
Henan,HA,y15,75124.42545,67116.73757,70142.32799,82767.18803,93566.22867,89809.89566,86262.44288,85667.10767,63936.45949,57203.84762,59723.22184,70235.28386,79227.09185,76099.38085,73145.58417,72581.63541,63884.17081,59220.66387,60976.07998,68300.80197,74566.24047,72386.77609,70328.66423,69963.5677,64247.68155,60605.42698,61979.97156,67715.5617,72621.5739,70915.14927,69303.43437,69023.8535,65246.76244,61692.66232,63031.03807,68615.05331,73391.5316,71730.24601,70160.99797,69884.84639,71655.52996,66715.26409,68594.98916,76438.17662,83147.00883,80813.4396,78609.57868,78274.06905,87655.00627,80924.11723,83463.66074,94059.3877,103122.8056,99970.33547,96992.92136,96476.75305,86883.98192,79916.46126,82534.47236,93458.59242,102802.7094,99552.49001,96482.7861,95931.20355,69918.9641,65789.59823,67327.00962,73741.64743,79228.87002,77320.12095,75517.73825,75148.7182,65509.72582,61117.96615,62772.66822,69676.49597,75581.98129,73527.82843,71587.87443,71245.02485,67498.51593,62463.86883,64361.11372,72277.35828,79048.63678,76693.3919,74469.01362,74081.44576,73808.23417,66494.03299,69262.33355,80813.66526,90694.5039,87257.46018,84011.83435,83470.24318
Henan,HA,y16,75727.82128,67655.81508,70705.70739,83431.96943,94317.74797,90531.24408,86955.29691,86355.18097,64429.28932,57681.92632,60207.24895,70744.2388,79757.38147,76622.23631,73661.44341,73095.9169,64395.68456,59761.42196,61506.59156,68788.49299,75017.28359,72850.57077,70804.50037,70442.38179,64828.05236,61163.9306,62545.76783,68311.85995,73243.95839,71528.45896,69908.16495,69624.90439,65772.78307,62181.49608,63534.24759,69178.17926,74005.90856,72326.80043,70740.7217,70464.16658,72846.8834,67796.13994,69717.90632,77736.40674,84595.23279,82209.49586,79956.35922,79606.29305,88469.89507,81674.46688,84237.22404,94929.85544,104076.0976,100894.8298,97890.17343,97377.43394,87444.92829,80402.79643,83050.84015,94100.36154,103551.7481,100264.2004,97159.27985,96600.25872,69902.10111,65832.39357,67346.74376,73665.00061,79069.84651,77189.77425,75414.45664,75050.03529,66020.78874,61561.98429,63240.81538,70245.28645,76236.84813,74152.75339,72184.50002,71836.87108,68091.46044,62998.11858,64918.05536,72929.03702,79781.31471,77397.87136,75146.91769,74755.15563,74642.42098,67203.69135,70019.1576,81767.37487,91816.65041,88321.0248,85020.0673,84468.23196
Henan,HA,y17,76474.23445,68322.66633,71402.61928,84254.31791,95247.39151,91423.56664,87812.37395,87206.34228,65085.24673,58231.66472,60796.30703,71497.24535,80650.61604,77466.7074,74459.83749,73885.75514,65032.01827,60284.71855,62071.67604,69528.00483,75906.01874,73687.39529,71592.30477,71220.64842,65402.05811,61694.3628,63093.60532,68932.25007,73926.41171,72189.32677,70548.65345,70264.04923,66419.0923,62801.13301,64163.556,69847.90383,74710.20373,73019.0691,71421.6233,71140.51202,72943.00854,67913.98036,69827.47835,77811.59083,84640.96312,82265.46671,80022.00658,79680.46766,89229.95907,82378.13232,84963.3047,95749.41223,104975.6765,101766.5647,98735.65475,98210.21274,88445.08199,81352.37105,84017.42209,95137.82211,104649.8283,101341.2126,98216.3532,97654.86086,71175.24221,66971.68132,68536.71605,75066.61168,80652.42501,78709.37994,76874.61317,76498.96352,66686.77975,62216.11095,63900.54447,70928.41733,76940.0109,74848.94946,72874.13865,72525.13025,68711.30393,63586.19647,65517.53008,73576.01068,80468.95282,78071.39042,75807.04547,75412.51412,75134.39354,67688.77307,70506.81312,82265.69508,92324.06913,88825.27071,85521.32755,84970.00594
Henan,HA,y18,77186.68164,68959.17144,72067.81806,85039.24626,96134.73353,92275.28396,88630.44995,88018.77176,65691.59177,58774.16009,61362.69605,72163.32571,81401.97049,78188.40028,75153.51866,74574.08848,65637.86822,60846.34112,62649.94631,70175.74009,76613.17253,74373.87955,72259.27035,71884.15227,66011.35582,62269.11852,63681.39598,69574.43517,74615.12331,72861.85417,71205.89658,70918.64114,67037.86413,63386.2005,64761.31492,70498.61842,75406.21653,73699.32711,72087.00078,71803.26924,73622.5603,68546.67827,70478.00327,78536.49706,85429.49372,83031.86629,80767.50536,80422.78583,90061.24131,83145.58095,85754.83804,96641.43052,105953.6474,102714.6425,99655.49352,99125.1554,89269.05108,82110.26405,84800.1435,96024.14228,105624.7696,102285.3243,99131.35403,98564.63079,71838.32272,67595.60065,69175.21696,75765.94431,81403.79678,79442.64954,77590.79001,77211.64043,67308.04568,62795.72688,64495.85298,71589.19913,77656.79715,75546.2547,73553.04669,73200.78601,69351.43048,64178.57585,66127.903,74261.45786,81218.6165,78798.71722,76513.27737,76115.06946,75834.35846,68319.37381,71163.66746,83032.0974,93184.17711,89652.78236,86318.05963,85761.60216
Henan,HA,y19,77905.24622,69601.14289,72738.73031,85830.91546,97029.69479,93134.31653,89455.54976,88838.17722,66303.14383,59321.31549,61933.94822,72835.12688,82159.77783,78916.29118,75853.15563,75268.33108,66248.92001,61412.7876,63233.18358,70829.03739,77326.39891,75066.2589,72931.96491,72553.35325,66625.88531,62848.8083,64274.23403,70222.1345,75309.74801,73540.15804,71868.78335,71578.85433,67661.94864,63976.28954,65364.20711,71154.92239,76108.20642,74385.42661,72758.09072,72471.71841,74307.9447,69184.80987,71134.11423,79267.62776,86224.79382,83804.8469,81519.40663,81171.4772,90899.66123,83919.61966,86553.16804,97541.10828,106940.0192,103670.8589,100583.2311,100047.9549,90100.09673,82874.66528,85589.58517,96918.07435,106608.0748,103237.5447,100054.2119,99482.21371,72507.09834,68224.8784,69819.19935,76471.2838,82161.62166,80182.21666,78313.11767,77930.43875,67934.64675,63380.32106,65096.27285,72255.65416,78379.73911,76249.55003,74237.7846,73882.24538,69997.05437,64776.04297,66743.51769,74952.79053,81974.71558,79532.2901,77225.57307,76823.65984,76540.33397,68955.38898,71826.16061,83805.07974,94051.66981,90487.39944,87121.63283,86559.99474
Henan,HA,y20,78588.45702,70211.52779,73376.63162,86583.63084,97880.6219,93951.08188,90240.05367,89617.26743,66863.12015,59860.87408,62481.59145,73416.61807,82770.23453,79516.6583,76444.02108,75857.13133,66828.24657,62018.9231,63830.0168,71386.99412,77851.07798,75602.51729,73479.15549,73103.35828,67276.94715,63474.41203,64908.44785,70892.35544,76010.76583,74230.46186,72548.96097,72255.00066,68257.36525,64530.416,65934.26924,71791.40029,76801.49856,75058.95984,73412.96837,73125.96664,75598.69097,70357.15438,72351.51606,80672.91707,87790.83665,85314.97835,82976.72878,82613.43681,91811.86571,84759.738,87419.30443,98515.8535,108007.5925,104706.1525,101587.9971,101055.8873,90748.18069,83440.03036,86188.10385,97655.02329,107463.4422,104051.701,100829.4936,100249.3556,72542.66871,68319.22641,69890.78083,76447.71455,82056.72809,80105.63579,78263.25404,77885.06632,68514.73888,63887.50128,65629.75145,72898.81888,79116.71185,76953.89047,74911.28595,74550.52413,70663.63086,65377.8874,67370.34887,75683.94763,82795.07163,80321.5922,77985.6092,77579.04825,77462.0546,69742.32576,72664.14729,84856.15599,95285.04484,91657.37142,88231.71931,87659.0389
Henan,HA,y21,79360.91772,70901.65087,74097.86335,87434.6782,98842.70968,94874.54444,91127.03929,90498.13302,67542.02835,60429.74244,63091.19254,74196.06188,83694.94516,80390.85338,77270.48368,76674.73182,67486.79086,62560.29511,64414.70502,72152.48832,78771.25458,76468.88361,74294.70883,73909.02383,67870.79966,64023.14889,65475.20789,71534.24541,76716.92261,74914.26696,73211.66322,72916.31556,68926.22276,65171.6973,66585.54709,72484.4624,77530.30013,75775.32984,74117.58664,73825.86298,75696.40061,70477.53925,72463.26598,80748.75533,87835.91726,85370.75204,83042.60927,82688.1781,92598.13552,85487.67019,88170.42692,99363.67711,108938.2071,105607.9624,102462.6418,101917.3679,91783.63038,84423.18979,87188.83948,98729.00263,108600.0627,105166.554,101923.7386,101341.0528,73861.90361,69499.67021,71123.78149,77900.1607,83696.82435,81680.43388,79776.4107,79386.57913,69204.01534,64564.59119,66312.60721,73605.76176,79844.27634,77674.28307,75624.92909,75262.74517,71304.96013,65986.39344,67990.63025,76353.29423,83506.42577,81018.3623,78668.54535,78259.12119,77970.50149,70243.83062,73168.24364,85370.98984,95809.03914,92178.17015,88749.51356,88177.38184
Henan,HA,y22,80098.11665,71560.27033,74786.17377,88246.87618,99760.87844,95755.85283,91973.53638,91338.78815,68169.44034,60991.08605,63677.25977,74885.28463,84472.40411,81137.62052,77988.26468,77386.97891,68113.68942,63141.43009,65013.06554,72822.7275,79502.97596,77179.218,74984.84671,74595.57889,68501.26485,64617.87249,66083.42048,72198.74142,77429.56095,75610.16014,73891.74083,73593.65025,69566.49147,65777.08918,67204.07362,73157.78544,78250.49392,76479.22274,74806.07986,74511.64533,76399.55927,71132.21838,73136.39153,81498.84731,88651.84269,86163.77773,83814.00794,83456.28496,93458.29737,86281.78234,88989.45874,100286.687,109950.1565,106588.9744,103414.4374,102864.0985,92636.22621,85207.41366,87998.75411,99646.11464,109608.8714,106143.4659,102870.5294,102282.4285,74548.02123,70145.26652,71784.46454,78623.79111,84474.29953,82439.17796,80517.46935,80124.0176,69846.86509,65164.34492,66928.59831,74289.50001,80585.96546,78395.81592,76327.42369,75961.87613,71967.3251,66599.35411,68622.20843,77062.55577,84282.13389,81770.95774,79399.31286,78986.08503,78694.78482,70896.33944,73847.91896,86164.01864,96699.02876,93034.4321,89573.9249,88996.47773
Henan,HA,y23,80841.62089,72224.52214,75480.3699,89066.02059,100686.9009,96644.69865,92827.27382,92186.63266,68802.21706,61557.23134,64268.33847,75580.40046,85256.51254,81890.77415,78712.18332,78105.31648,68745.94934,63727.53535,65616.54423,73498.69862,80240.95588,77895.62776,75680.88766,75288.00676,69137.12191,65217.68223,66696.83441,72868.91969,78148.29465,76312.00522,74577.63568,74276.77744,70212.23627,66387.66012,67827.88892,73836.86528,78976.84767,77189.13444,75500.46043,75203.29431,77108.73123,71792.49686,73815.27396,82255.35279,89474.74621,86963.5856,84592.00477,84230.96035,94325.8168,87082.68584,89815.49722,101217.5892,110970.7583,107578.3782,104374.3764,103818.9269,93496.11452,85998.34484,88815.59463,100571.0727,110626.3036,107128.7331,103825.4163,103231.8583,75240.00736,70796.38429,72450.79745,79353.60898,85258.42535,83204.41381,81264.86496,80867.76212,70495.21235,65769.22675,67549.85697,74979.08592,81333.9976,79123.51774,77035.9269,76666.98649,72635.35663,67217.55667,69259.18879,77777.8827,85064.47601,82529.99029,80136.32999,79719.26658,79425.26243,71554.42901,74533.40546,86963.82879,97596.62977,93898.01636,90405.38737,89822.58103
Henan,HA,y24,81548.42987,72855.9916,76140.30392,89844.73639,101567.2192,97489.67563,93638.87459,92992.6316,69381.46704,62115.48698,64834.91123,76181.79825,85887.71034,82511.59179,79323.2247,78714.23112,69345.27959,64354.8169,66234.12459,74075.72905,80783.27873,78450.02724,76246.68961,75856.73918,69810.88008,65865.12586,67353.17389,73562.46013,78873.65175,77026.29401,75281.46063,74976.42916,70828.22521,66960.90305,68417.63134,74495.36726,79694.16699,77885.99777,76178.01065,75880.19816,78446.05556,73007.10112,75076.57862,83711.39872,91097.40907,88528.29935,86101.98295,85725.00847,95269.88714,87952.14749,90711.88396,102226.3742,112075.6142,108649.8288,105414.2283,104862.0809,94166.13958,86582.73329,89434.31166,101333.1233,111510.9659,107970.7329,104627.1587,104025.1717,75274.93102,70892.41731,72523.1633,79327.05673,85147.33077,83122.75164,81210.9788,80818.54662,71095.29308,66293.77475,68101.64445,75644.49629,82096.58084,79852.29831,77732.7603,77358.41141,73325.12111,67840.29452,69907.79987,78534.52446,85913.48337,83346.84172,80922.87626,80501.0026,80379.60224,72369.11577,75400.98557,88052.19579,98873.8811,95109.57394,91554.89791,90960.64845
Henan,HA,y25,82347.73392,73570.09554,76886.60069,90725.35708,102562.7393,98445.22973,94556.68464,93904.10757,70084.03029,62704.06867,65465.68383,76988.49446,86844.87683,83416.4325,80178.62432,79560.4506,70026.71397,64914.80495,66839.00767,74868.01061,81735.87771,79346.85535,77090.854,76690.65358,70425.17579,66432.71409,67939.42426,74226.49839,79604.22955,77733.73004,75967.04738,75660.58417,71520.32078,67624.48991,69091.5514,75212.47792,80448.21905,78627.19968,76907.066,76604.36211,78545.2988,73130.02131,75190.48362,83787.80415,91141.69695,88583.75436,86167.98922,85800.21931,96083.1455,88705.07239,91488.79764,103103.3177,113038.1902,109582.608,106318.9148,105753.1126,95237.98647,87600.53072,90470.26648,102444.7543,112687.3212,109124.5887,105759.7258,105155.1102,76641.75989,72115.34918,73800.58602,80832.00058,86846.82513,84754.5462,82778.86392,82374.36152,71808.56722,66994.53598,68808.33896,76375.97869,82849.28472,80597.62156,78471.13794,78095.3237,73988.58277,68469.84838,70549.51628,79226.91743,86649.26257,84067.55824,81629.30333,81204.47018,80904.98802,72887.51844,75921.99409,88584.00105,99414.89476,95647.37484,92089.67803,91496.01283
Henan,HA,y26,83110.43859,74251.50093,77598.72456,91565.6548,103512.6751,99357.02907,95432.46754,94773.84656,70733.14959,63284.83272,66072.02631,77701.56149,87649.23375,84189.03588,80921.23817,80297.33884,70675.30167,65516.04529,67458.06983,75561.43704,82492.91538,80081.76543,77804.869,77400.96155,71077.45359,67048.01404,68568.67824,74913.98373,80341.52382,78453.69887,76670.65401,76361.35208,72182.74157,68250.82799,69731.47649,75909.09498,81193.33091,79355.44415,77619.37872,77313.87181,79272.78497,73807.35041,75886.89691,84563.84672,91985.85161,89404.21607,86966.07612,86594.90021,96973.06626,89526.65893,92336.16601,104058.2592,114085.1479,110597.5634,107303.6407,106732.5999,96120.07967,88411.8856,91308.20197,103393.5973,113731.0287,110135.3008,106739.2731,106129.0557,77351.61563,72783.28242,74484.12619,81580.66555,87651.20041,85539.54346,83545.56122,83137.31337,72473.65861,67615.03832,69445.64134,77083.3725,83616.63314,81344.11666,79197.93743,78818.64247,74673.86434,69104.01571,71202.94421,79960.71654,87451.80677,84846.19103,82385.35376,81956.58497,81654.33029,73562.60156,76625.1831,89404.46577,100335.6754,96533.26057,92942.61191,92343.44735
Hubei,HB,y1,34003.75879,30533.30248,31080.80313,37980.11522,41659.70961,40936.94637,37739.20328,39132.77724,28469.376,25303.85999,25797.74731,32021.22829,35340.40225,34688.47579,31804.0533,33024.94341,28121.0653,25931.50302,26275.88019,30615.69956,32930.19245,32475.55819,30464.07617,31332.35841,27995.16303,26207.12596,26488.47693,30031.99084,31921.90374,31550.6116,29908.31249,30616.94824,29219.70208,27458.0231,27735.64255,31234.9665,33101.16295,32734.57593,31112.86825,31817.05732,32245.63813,30107.86974,30448.71418,34743.75992,37034.41789,36584.51496,34593.81274,35483.44801,40172.39421,37098.93991,37582.80613,43679.4267,46930.88887,46292.21668,43466.43361,44687.97162,39561.39115,36798.80443,37230.95272,42675.67181,45579.57253,45009.1033,42485.63225,43570.04703,34344.99167,32129.9862,32475.74928,36831.52505,39154.62365,38698.24878,36679.40547,37526.46207,29871.95388,28035.47072,28323.75024,31954.61852,33891.06372,33510.67844,31827.77532,32549.79396,30390.02072,28004.56339,28379.8688,33110.31711,35633.27487,35137.73032,32945.13096,33894.00247,34404.3958,31268.37478,31764.87148,38020.57565,41356.93163,40701.64213,37802.16585,39072.85258
Hubei,HB,y2,35586.01646,31954.07388,32527.05018,39747.40045,43598.21306,42841.81905,39495.27906,40953.69834,29794.1097,26481.29547,26998.16464,33511.2352,36984.85738,36302.59451,33283.95548,34561.65635,29429.59127,27138.14337,27498.54631,32040.30492,34462.4964,33986.70712,31881.62634,32790.31145,29297.83036,27426.59277,27721.03561,31429.43586,33407.28953,33018.72052,31300.0015,32041.61227,30579.34926,28735.69598,29026.23392,32688.38695,34641.42147,34257.77672,32560.60711,33297.56402,33746.08764,31508.84535,31865.54925,36360.45205,38757.69853,38286.86174,36203.52748,37134.55885,42041.69007,38825.2218,39331.60414,45711.91225,49114.67013,48446.27848,45489.0077,46767.38556,41402.25686,38511.12158,38963.37794,44661.44983,47700.47485,47103.46055,44462.56767,45597.44227,35943.12837,33625.05545,33986.90681,38545.36559,40976.56092,40498.94947,38386.16703,39272.63782,31261.95142,29340.01318,29641.70579,33441.52633,35468.07824,35069.99295,33308.7808,34064.39609,31804.12479,29307.66741,29700.43674,34651.00216,37291.35698,36772.75435,34478.12883,35471.15415,36005.29698,32723.34935,33242.94985,39789.74418,43281.34559,42595.56525,39561.17097,40890.98541
Hubei,HB,y3,37240.48681,33439.68617,34039.30189,41595.34222,45625.18735,44833.62588,41331.49887,42857.72257,31179.30108,27712.46733,28253.36745,35069.24382,38704.36203,37990.37939,34831.39735,36168.50074,30797.83538,28399.85411,28777.01239,33529.92636,36064.73007,35566.82109,33363.87198,34314.80318,30659.94861,28701.71293,29009.84531,32890.6572,34960.46562,34553.83091,32755.20494,33531.29543,32001.04806,30071.67997,30375.72556,34208.14057,36251.97445,35850.49345,34074.41937,34845.63873,35315.01552,32973.75869,33347.0468,38050.92648,40559.62633,40066.89934,37886.70605,38861.02335,43996.29813,40630.2893,41160.21465,47837.1565,51398.11577,50698.64963,47603.88904,48941.70185,43327.13572,40301.5852,40774.86849,46737.85638,49918.17181,49293.4012,46529.72771,47717.36444,37614.20121,35188.35489,35567.03028,40337.42151,42881.64828,42381.83221,40170.82149,41098.5066,32715.38588,30704.09363,31019.81279,34996.29473,37117.06409,36700.4712,34857.37686,35648.12214,33282.76676,30670.2434,31081.27428,36262.00109,39025.11184,38482.39788,36081.09148,37120.28349,37679.25962,34244.72848,34788.4856,41639.65421,45293.58833,44575.92448,41400.4548,42792.09376
Hubei,HB,y4,38949.72782,34974.48176,35601.61766,43504.46047,47719.26423,46891.37239,43228.50793,44824.78035,32566.8485,28966.80803,29528.61619,36608.08566,40383.76843,39642.18711,36361.03477,37750.79727,32230.82752,29749.81328,30140.03344,35057.35593,37679.86761,37164.70804,34885.56919,35869.54248,32071.32601,30029.17488,30350.41308,34396.55391,36554.51751,36130.58468,34255.33474,35062.06758,33529.02078,31508.84136,31827.17687,35839.62061,37979.45377,37559.10979,35699.59476,36507.19887,37333.56266,34842.35009,35239.40743,40242.43569,42910.69399,42386.62446,40067.75686,41099.15058,46034.66448,42487.67158,43045.66479,50076.57769,53826.31559,53089.77854,49830.98133,51244.84824,45246.24501,42100.52905,42594.39732,48816.60204,52135.19219,51483.23557,48599.42323,49843.2086,39049.15268,36562.71037,36949.62216,41823.66776,44423.193,43912.51712,41653.4309,42595.9901,34152.05959,32031.02607,32363.8281,36555.88691,38791.60627,38352.44627,36409.42178,37244.73888,34842.50529,32101.74372,32533.02254,37968.60714,40867.64551,40298.22453,37778.82286,38868.77103,39572.635,35951.13622,36524.56638,43749.71193,47603.09644,46846.26048,43497.45018,44965.09928
Hubei,HB,y5,40779.08451,36617.13159,37273.72295,45547.7397,49960.50084,49093.72602,45258.82577,46930.07214,34141.96351,30345.71132,30938.00698,38401.53019,42382.05816,41600.23287,38141.08396,39605.23841,33724.25136,31098.41321,31511.40894,36715.94669,39491.60874,38946.3877,36534.11221,37575.40174,33573.26274,31428.95542,31766.36663,36015.933,38282.41591,37837.14248,35867.61101,36717.44514,35041.79365,32929.09678,33262.0327,37458.60406,39696.64476,39257.01463,37312.17714,38156.67836,38670.65526,36106.93142,36515.68927,41666.53365,44413.6096,43874.0632,41486.7088,42553.60544,48176.83498,44490.9879,45071.26626,52382.65166,56281.97522,55516.04564,52127.21973,53592.15142,47444.08896,44131.0496,44649.30376,51178.89695,54661.40556,53977.2701,50950.99071,52251.47712,41188.30941,38531.95916,38946.61671,44170.29047,46956.2715,46408.96177,43987.86065,45003.69454,35824.00864,33621.60252,33967.32181,38321.64933,40643.93478,40187.75771,38169.53227,39035.41379,36445.30149,33584.53573,34034.62266,39707.62376,42733.28578,42139.00228,39509.52271,40647.45968,41259.55028,37498.66886,38094.09406,45596.26271,49597.39384,48811.53673,45334.33252,46858.20652
Hubei,HB,y6,42670.08014,38315.13143,39002.17032,47659.8653,52277.25518,51370.286,47357.55544,49106.29947,35725.18526,31752.89359,32372.65557,40182.2754,44347.38655,43529.30728,39909.75082,41441.80113,35288.10265,32540.50015,32972.6474,38418.52802,41322.90261,40752.39869,38228.26308,39317.83766,35130.11281,32886.37037,33239.42801,37686.05382,40057.63716,39591.71591,37530.85355,38420.09567,36666.74205,34456.07518,34804.4498,39195.62357,41537.44636,41077.42966,39042.40666,39926.06904,40463.88018,37781.27165,38208.98402,43598.68145,46473.14503,45908.57865,43410.51779,44526.8885,50410.87647,46554.11077,47161.29752,54811.72489,58891.86683,58090.41909,54544.44781,56077.31073,49644.15141,46177.4819,46719.76898,53552.14931,57196.14833,56480.28807,53313.67529,54674.46793,43098.28204,40318.75222,40752.63773,46218.5437,49133.71351,48561.02508,46027.65299,47090.59285,37485.22945,35180.69376,35542.44391,40098.68955,42528.66362,42051.33206,39939.51832,40845.55235,38135.33185,35141.90841,35612.86565,41548.93405,44714.9013,44093.06106,41341.6473,42532.35266,43172.82643,39237.54682,39860.58302,47710.63831,51897.3097,51075.01091,47436.56424,49031.10255
Hubei,HB,y7,43762.56757,39296.11826,40000.7465,48880.10726,53615.71563,52685.52469,48570.05657,50363.57377,36639.86058,32565.86666,33201.49672,41211.06629,45482.81712,44643.79257,40931.56503,42502.84079,36191.588,33373.63843,33816.8494,39402.16231,42380.89778,41795.78675,39207.02572,40324.4973,36029.55321,33728.36329,34090.46047,38650.9345,41083.23711,40605.38658,38491.76059,39403.77013,37605.52526,35338.25838,35695.55254,40199.15409,42600.93401,42129.13962,40042.01363,40948.30139,41499.88076,38748.58962,39187.25435,44714.94361,47663.00255,47083.98162,44521.96257,45666.91628,51701.55219,47746.04111,48368.77475,56215.07596,60399.68072,59577.7153,55940.95567,57513.06471,50915.19769,47359.77003,47915.94017,54923.25162,58660.5484,57926.35985,54678.67155,56074.3048,44201.73169,41351.03789,41796.03246,47401.88224,50391.69057,49804.33873,47206.10486,48296.25857,38444.96764,36081.42907,36452.44187,41125.34097,43617.53028,43127.97742,40962.09429,41891.32509,39111.71672,36041.65092,36524.66663,42612.71541,45859.7417,45221.98011,42400.12272,43621.31319,44278.1858,40242.14983,40881.13819,48932.18003,53226.04266,52382.69136,48651.08759,50286.45103
Hubei,HB,y8,44858.61574,40280.30317,41002.57877,50104.32618,54958.53942,54005.05261,49786.51027,51624.94678,37507.41824,33361.23228,34008.2699,42161.73346,46510.2076,45656.12511,41877.20448,43477.80041,37120.42162,34263.02338,34712.44331,40375.75019,43396.11085,42802.79944,40177.9017,41311.14892,36936.72238,34584.76581,34954.73747,39614.70017,42100.03884,41611.79292,39452.05708,40381.17571,38615.55834,36288.90628,36655.53457,41276.68756,43741.14574,43257.03433,41115.41984,42045.54127,42997.26945,40128.1264,40585.41998,46347.43462,49420.48363,48816.9086,46146.25514,47334.11694,53018.37604,48933.28586,49575.92928,57673.47011,61992.06347,61143.79,57390.61552,59018.97296,52110.34905,48487.41023,49056.20137,56222.34903,60044.38723,59293.5252,55972.22174,57404.69684,44973.12425,42109.47383,42555.08315,48168.54812,51162.43604,50574.28793,47972.48597,49058.03614,39333.1147,36890.30881,37273.59978,42101.61467,44676.50565,44170.7244,41932.93163,42894.97149,40128.30551,36971.75594,37468.46078,43728.65289,47067.4915,46411.68691,43510.07783,44765.37702,45576.02209,41405.12107,42065.54412,50386.78414,54824.74796,53953.09437,50096.25229,51786.55205
Hubei,HB,y9,46030.19067,41332.30693,42073.44657,51412.9043,56393.89505,55415.50584,51086.78674,52973.2388,38538.4111,34253.31694,34921.88308,43346.48095,47839.57904,46957.07912,43052.49626,44705.18996,38066.91062,35102.94401,35569.12086,41443.84513,44576.92815,43961.49856,41238.59693,42413.97233,37896.47895,35476.04963,35856.90943,40653.69145,43212.02754,42709.41631,40486.27008,41445.53651,39554.11249,37169.36392,37545.1715,42282.13362,44808.36587,44312.12512,42116.85242,43070.09938,43650.26039,40756.40569,41217.80042,47031.91538,50132.73273,49523.70874,46828.93542,48033.21675,54380.54626,50220.07503,50875.07592,59127.9454,63529.38309,62664.82461,58839.62113,60493.19185,53553.4454,49813.78845,50398.7777,57769.18268,61700.13401,60927.9023,57511.93016,58979.87972,46492.11152,43493.70449,43961.75682,49858.08248,53002.81113,52385.02569,49652.16044,50798.80294,40437.05223,37951.04272,38341.28014,43256.31302,45877.63901,45362.71903,43084.6073,44061.98866,41138.34849,37909.20374,38417.24729,44820.75849,48236.03397,47565.22601,44597.15025,45881.61732,46572.52615,42327.35783,42999.45634,51467.67546,55984.03152,55096.97945,51172.01724,52892.11931
Hubei,HB,y10,47206.67271,42388.71516,43148.79745,52726.96179,57835.26162,56831.86621,52392.51,54327.17758,39523.41112,35128.79402,35814.44778,44454.36908,49062.30656,48157.25047,44152.87125,45847.80562,39039.85881,36000.13785,36478.22864,42503.10397,45716.26571,45085.10656,42292.61025,43498.02748,38865.07215,36382.77944,36773.37309,41692.75521,44316.47991,43801.02295,41521.0544,42504.83948,40565.07161,38119.37139,38504.78482,43362.81965,45953.61951,45444.69436,43193.31309,44170.92402,44765.91301,41798.09662,42271.28266,48234.00147,51414.07208,50789.48151,48025.83207,49260.89378,55770.45475,51503.64572,52175.38697,60639.19154,65153.12524,64266.47019,60343.49835,62039.33133,54922.21356,51086.9746,51686.9161,59245.70017,63277.1223,62485.15348,58981.87228,60487.34177,47680.39896,44605.3559,45085.37154,51132.4008,54357.50626,53723.93113,50921.21539,52097.1649,41470.57864,38921.03004,39321.24174,44361.8978,47050.22197,46522.14109,44185.80306,45188.16482,42189.79977,38878.12181,39399.15109,45966.32888,49468.895,48780.94091,45737.00382,47054.30199,47762.86973,43409.19992,44098.47486,52783.13282,57414.92237,56505.19807,52479.91911,54243.98546
Hubei,HB,y11,48412.52425,43471.49495,44250.99373,54073.82358,59312.61103,58283.58428,53730.82886,55714.91561,40533.00033,36026.12691,36729.29481,45589.91564,50315.55886,49387.38364,45280.71563,47018.94641,40037.09641,36919.72759,37410.03272,43588.80751,46884.04609,46236.76506,43372.93626,44609.14517,39857.84418,37312.14382,37712.71554,42757.75794,45448.50472,44919.87937,42581.67174,43590.58665,41601.26957,39093.09581,39488.35477,44470.48307,47127.46285,46605.53843,44296.64602,45299.23004,45909.41784,42865.79049,43351.064,49466.09462,52727.39735,52086.8519,49252.60814,50519.21854,57195.05955,52819.25883,53508.15916,62188.16428,66817.40177,65908.09798,61884.91778,63624.06955,56325.15142,52391.94447,53007.21104,60759.07716,64893.47828,64081.27947,60488.51045,62032.43561,48898.35202,45744.75995,46237.03701,52438.53052,55746.01857,55096.25852,52221.95138,53427.93954,42529.90738,39915.23316,40325.66611,45495.08156,48252.07663,47710.50629,45314.48864,46342.45547,43267.50036,39871.22745,40405.56528,47140.49674,50732.53211,50027.00501,46905.31298,48256.26067,48982.92819,44518.04764,45224.93069,54131.42964,58881.53371,57948.57225,53820.47047,55629.59793
Hubei,HB,y12,48776.81081,43798.60274,44583.96663,54480.70889,59758.91616,58722.14686,54135.13368,56134.14928,40783.52029,36275.18361,36978.73678,45844.36784,50572.66138,49643.97827,45534.98571,47275.38765,40362.72,37255.74154,37744.41551,43902.38614,47186.56297,46541.42735,43687.25802,44919.4889,40162.97576,37605.58674,38007.87337,43074.86268,45777.28465,45246.39293,42898.01404,43908.28699,41988.4502,39458.57601,39857.22807,44882.01686,47561.73307,47035.33669,44706.66359,45718.02658,46752.88493,43633.13413,44130.36983,50395.67023,53737.13571,53080.84195,50176.92017,51468.53497,57649.28776,53207.38358,53906.1598,62710.98373,67406.78656,66484.41993,62403.42337,64174.01044,56661.94883,52722.56358,53341.03524,61133.11449,65288.98926,64472.54275,60861.13996,62418.73386,48901.32021,45787.5441,46272.07511,52375.85068,55631.24115,54991.72061,52162.66245,53343.03114,42768.6826,40112.50854,40529.27637,45779.00005,48578.79389,48028.83469,45595.58026,46641.65004,43633.32826,40201.06889,40741.15866,47548.15099,51178.62183,50465.53516,47310.4845,48675.42756,49556.87892,45021.66888,45739.77633,54787.8386,59613.43895,58665.65084,54471.93126,56309.87064
Hubei,HB,y13,49195.15973,44174.25418,44966.35475,54947.97886,60271.45565,59225.79334,54599.43929,56615.60051,41188.25528,36608.52372,37323.05918,46326.92032,51128.95758,50185.77757,46012.72245,47779.0533,40684.33558,37516.57093,38014.80141,44293.46276,47641.97206,46984.22665,44074.10214,45330.29414,40502.18572,37915.33113,38322.377,43448.97817,46183.22271,45646.05289,43270.04612,44295.27006,42273.79414,39725.07409,40126.72161,45189.39107,47889.32289,47358.96105,45012.74422,46031.53542,46651.5877,43558.75702,44051.87553,50265.76226,53579.78576,52928.8868,50048.82387,51335.9098,58119.6722,53673.13259,54373.17075,63193.49533,67897.56951,66973.56577,62885.3464,64652.61425,57235.70067,53238.9105,53864.1232,61741.30628,65942.54395,65117.21433,61466.36538,63035.25017,49688.84105,46484.26738,46984.50307,53286.25005,56647.20652,55986.9427,53066.1698,54291.65379,43217.44388,40560.50075,40977.57006,46230.55276,49032.11694,48481.7919,46047.04068,47091.62575,43966.96026,40515.78454,41058.76071,47902.56814,51552.67207,50835.7402,47663.58329,49036.36972,49774.78364,45237.72389,45956.03475,55006.51603,59833.41068,58885.36682,54690.52976,56528.90389
Hubei,HB,y14,49590.12378,44528.90831,45327.3674,55389.12986,60755.34634,59701.28949,55037.79235,57070.14024,41518.93653,36902.43633,37622.70775,46698.85703,51539.44777,50588.69583,46382.13581,48162.648,41010.97009,37817.77308,38320.00383,44649.07368,48024.46581,47361.44021,44427.95098,45694.22938,40827.35717,38219.73482,38630.04968,43797.80958,46554.00541,46012.52276,43617.44063,44650.89539,42613.19023,40044.00751,40448.88026,45552.19535,48273.80431,47739.18395,45374.13009,46401.10069,47026.13048,43908.46928,44405.54753,50669.32079,54009.9516,53353.82688,50450.6418,51748.06161,58586.28783,54104.04954,54809.70665,63700.84578,68442.687,67511.26447,63390.22266,65171.67966,57695.21898,53666.34011,54296.57281,62236.99728,66471.96408,65640.00917,61959.85016,63541.32849,50087.76855,46857.4676,47361.71825,53714.05975,57102.00025,56436.43601,53492.21302,54727.53514,43564.41618,40886.14259,41306.55896,46601.71597,49425.77318,48871.02889,46416.73111,47469.70182,44319.95049,40841.06599,41388.4016,48287.15427,51966.56481,51243.87599,48046.25122,49430.05934,50174.40335,45600.91722,46324.99398,55448.13731,60313.78351,59358.12891,55129.61345,56982.74687
Hubei,HB,y15,49987.52773,44885.75217,45690.60973,55833.00544,61242.22566,60179.72167,55478.85236,57527.48665,41851.65906,37198.16354,37924.20747,47073.09071,51952.47251,50994.10141,46753.83132,48548.61181,41339.62217,38120.83523,38627.09157,45006.88111,48409.32274,47740.98321,44783.986,46060.41201,41154.53801,38526.01842,38939.62151,44148.79437,46927.07826,46381.25682,43966.97947,45008.71718,42954.68224,40364.91036,40773.02815,45917.23879,48660.6583,48121.75413,45737.74735,46772.94739,47402.98677,44260.34125,44761.40281,51075.3728,54442.77514,53781.39173,50854.94131,52162.75767,59055.78455,54537.62615,55248.93856,64211.32855,68991.16914,68052.28359,63898.21741,65693.94966,58157.57464,54096.40975,54731.69251,62735.74986,67004.65502,66166.03258,62456.38054,64050.53348,50489.15994,47232.97182,47741.264,54144.51069,57559.60216,56888.70325,53920.88515,55166.10901,43913.53096,41213.79322,41637.58005,46975.17055,49821.85877,49262.66975,46788.70307,47850.11173,44675.11941,41168.35652,41720.07847,48674.11642,52383.01181,51654.53226,48431.28216,49826.17943,50576.48851,45966.35145,46696.23137,55892.48564,60797.12302,59833.80987,55571.4096,57439.39344
Hubei,HB,y16,50360.74762,45220.88132,46031.7482,56249.87007,61699.47664,60629.03985,55893.07163,57957.00221,42107.88923,37453.15237,38179.55331,47333.07896,52214.91569,51256.07554,47013.6512,48810.56902,41673.42571,38465.55359,38970.09605,45328.03546,48718.85922,48052.7743,45105.9202,46378.16605,41467.19433,38826.75849,39242.10951,44473.63976,47263.81737,46715.68548,44291.04746,45334.12699,43351.94704,40739.91991,41151.51712,46339.4778,49106.21342,48562.72262,46158.43044,47202.63474,48271.09823,45050.03949,45563.42266,52032.1766,55482.15,54804.54408,51806.32303,53139.88095,59521.34252,54935.19498,55656.66256,64747.40638,69595.69784,68643.37836,64429.85967,66257.94214,58501.9406,54434.63118,55073.18669,63118.29928,67409.12876,66566.17004,62837.49284,64445.66745,50489.29968,47274.4098,47774.67501,54076.65879,57437.76263,56777.47425,53856.54883,55075.24651,44157.51619,41415.08796,41845.39076,47265.58708,50156.30069,49588.48261,47076.21365,48156.25185,45050.24035,41506.52393,42064.15247,49092.18918,52840.55278,52104.31019,48846.80414,50256.07246,51166.14686,46483.66469,47225.09096,56566.97212,61549.27477,60570.70918,56240.80717,58138.42932
Hubei,HB,y17,50838.01655,45649.43962,46467.99117,56782.94875,62284.20188,61203.62051,56422.76989,58506.26027,42563.72409,37831.05421,38569.45132,47873.99345,52836.39261,51861.71636,47549.30244,49374.61868,42042.97586,38769.42435,39284.29327,45772.62826,49232.95964,48553.24981,45545.94228,46844.0844,41854.74247,39181.501,39602.14089,44899.94339,47725.49703,47170.38785,44715.03468,45774.49591,43685.51437,41051.68051,41466.74083,46698.47622,49488.57154,48940.49841,46515.9309,47568.74348,48209.50265,45013.38798,45522.97389,51944.37067,55369.06542,54696.4298,51720.18847,53050.25618,60060.56062,55465.5299,56188.94503,65303.82215,70164.98748,69210.12639,64985.3824,66811.66826,59147.0689,55016.80757,55662.89848,63803.13718,68144.6739,67291.78304,63519.01515,65140.29082,51348.1838,48036.59444,48553.53554,55065.7272,58538.92183,57856.60842,54838.29688,56104.705,44660.67699,41915.00617,42346.0033,47774.40753,50669.52932,50100.82638,47584.76763,48664.23538,45435.22328,41868.7961,42429.90504,49502.25875,53274.25782,52533.38331,49255.2926,50673.92397,51436.9979,46748.42366,47490.72126,56843.44104,61831.52751,60851.82515,56516.90218,58416.66893
Hubei,HB,y18,51292.34798,46057.40161,46883.26869,57290.41013,62840.82768,61750.58851,56927.01232,59029.12243,42944.10986,38169.14432,38914.14116,48301.83563,53308.58401,52325.19685,47974.24342,49815.87228,42418.70722,39115.90032,39635.37113,46181.69148,49672.94742,48987.1633,45952.97953,47262.72334,42228.7917,39531.66017,39956.05959,45301.20754,48152.01205,47591.943,45114.64678,46183.57547,44075.92472,41418.55284,41837.32371,47115.81443,49930.84361,49377.87309,46931.63646,47993.85948,48640.34328,45415.66575,45929.8061,52408.58862,55863.8904,55185.24358,52182.40413,53524.35823,60597.31333,55961.21696,56691.09778,65887.43297,70792.04096,69828.64771,65566.14677,67408.7541,59675.65752,55508.4839,56160.34996,64373.33645,68753.67248,67893.15957,64086.67538,65722.44065,51807.07486,48465.89003,48987.4514,55557.84172,59062.07555,58373.66472,55328.37821,56606.1054,45059.80325,42289.59391,42724.44296,48201.36078,51122.35576,50548.57021,48010.0265,49099.14065,45841.27098,42242.97145,42809.09515,49944.65271,53750.36147,53002.86687,49695.48063,51126.78916,51896.68305,47166.20749,47915.1399,57351.44286,62384.10662,61395.64771,57021.9855,58938.72938
Hubei,HB,y19,51750.39503,46468.70007,47301.94191,57802.02136,63402.00276,62302.02933,57435.37735,59556.25996,43327.60594,38510.00027,39261.64869,48733.17757,53784.63651,52792.46694,48402.65887,50260.73447,42797.51157,39465.21092,39989.32016,46594.09919,50116.53343,49424.62445,46363.34477,47684.78619,42605.90008,39884.6828,40312.87254,45705.75305,48582.01713,48016.94519,45517.52542,46596.00087,44469.52882,41788.42628,42210.93508,47536.56391,50376.73296,49818.82374,47350.74224,48422.44912,49074.70786,45821.23406,46339.96497,52876.60525,56362.76178,55678.0545,52648.39969,54002.33746,61138.45506,56460.95833,57197.35612,66475.81629,71424.22339,70452.22566,66151.66146,68010.72229,60208.56885,56004.18119,56661.86879,64948.19869,69367.65104,68499.45387,64658.97771,66309.35024,52269.71945,48898.69714,49424.91499,56053.98019,59589.50715,58894.94956,55822.46858,57111.60557,45462.19214,42667.24585,43105.97772,48631.80468,51578.88444,50999.97494,48438.76091,49537.60152,46250.63934,42620.20657,43191.38539,50390.66478,54230.35915,53476.18935,50139.26678,51583.35804,52360.12629,47587.40829,48343.02752,57863.59886,62941.20478,61943.91898,57531.1993,59465.05967
Hubei,HB,y20,52184.61468,46858.60272,47698.83579,58287.01687,63933.98709,62824.78343,57917.29664,60055.97535,43632.86921,38809.55727,39562.26526,49047.29561,54105.93201,53112.36696,48716.29798,50578.29387,43182.67198,39858.62294,40381.43782,46969.63742,50483.26258,49793.05487,46739.47893,48057.79898,42968.97191,40232.91033,40663.30288,46084.29908,48975.5256,48407.54185,45895.09457,46975.95023,44921.98367,42215.35898,42641.86175,48017.71075,50884.64651,50321.47273,47830.10619,48912.12797,50019.28594,46681.5737,47213.54933,53916.57611,57491.49424,56789.34796,53682.54319,55064.39704,61676.96899,56924.72971,57672.32556,67092.30182,72116.17832,71129.36946,66763.25366,68657.54265,60620.64951,56406.03798,57067.71943,65404.19313,69850.42098,68976.93307,65113.21724,66779.63397,52317.82302,48986.5015,49504.88418,56035.10134,59517.93023,58833.72912,55807.01938,57069.855,45756.72641,42914.9791,43360.86519,48977.35972,51972.76328,51384.38038,48781.12756,49900.28068,46681.78175,43009.72573,43587.55012,50870.11343,54754.22823,53991.3217,50615.84249,52076.14864,53019.18177,48167.11805,48935.39728,58615.60381,63778.34555,62764.34064,58277.62536,60243.97319
Hubei,HB,y21,52677.74174,47301.40074,48149.57469,58837.81064,64538.14242,63418.45749,58464.59719,60623.4844,44104.02001,39200.08377,39965.20181,49606.45682,54748.43563,53738.48704,49270.01595,51161.38797,43564.42632,40172.41184,40705.91368,47429.04828,51014.60206,50310.2941,47194.15805,48539.27859,43369.38085,40599.40079,41035.26319,46524.78224,49452.58647,48877.39024,46333.18232,47430.98337,45266.40502,42537.25846,42967.3393,48388.40079,51279.46357,50711.55711,48199.24882,49290.16113,49954.1082,46642.33188,47170.35886,53824.13273,57372.76058,56675.78344,53591.83918,54970.03851,62234.03183,57472.71615,58222.31052,67667.03583,72704.11693,71714.70244,67337.07299,69229.44729,61287.48255,57007.75471,57677.2273,66112.04573,70610.69298,69726.93738,65817.64082,67497.58778,53206.3707,49774.9422,50310.59065,57058.44552,60657.32874,59950.32337,56822.7852,58135.02303,46276.85697,43431.82541,43878.41938,49503.26698,52503.15835,51913.87505,49306.76486,50425.29622,47079.43288,43383.94349,43965.35786,51293.64655,55202.14581,54434.46133,51037.7428,52507.71135,53298.39921,48440.15539,49209.31589,58900.4916,64069.08594,63053.92996,58562.13553,60530.65063
Hubei,HB,y22,53147.09439,47722.85165,48578.58119,59362.04856,65113.16943,63983.50751,58985.51029,61163.63297,44496.98078,39549.35212,40321.2872,50048.44534,55236.23843,54217.29139,49709.00592,51617.22934,43952.58048,40530.34387,41068.59878,47851.63604,51469.13636,50758.55334,47614.65257,48971.75748,43755.79818,40961.13685,41400.88224,46939.31319,49893.20349,49312.88245,46746.00588,47853.58939,45669.72413,42916.26009,43350.17344,48819.53599,51736.35799,51163.39119,48628.69826,49729.33139,50399.19254,47057.90998,47590.6426,54303.69906,57883.94623,57180.75874,54069.33512,55459.81515,62788.5301,57984.79138,58741.06428,68269.94179,73351.90268,72353.67186,67937.03916,69846.27446,61833.54737,57515.6868,58191.12487,66701.09577,71239.82626,70348.19694,66404.06903,68098.98391,53680.43469,50218.43126,50758.85088,57566.83061,61197.77803,60484.47409,57329.0703,58652.99871,46689.17812,43818.79909,44269.3718,49944.33583,52970.95528,52376.42246,49746.08121,50874.5806,47498.90532,43770.48938,44357.08452,51750.66738,55693.99063,54919.46582,51492.48367,52975.54977,53773.28241,48871.75266,49647.76509,59425.28764,64639.93515,63615.73314,59083.91806,61069.97191
Hubei,HB,y23,53620.26857,48147.73338,49011.0818,59890.556,65692.87919,64553.16019,59510.66418,61708.17935,44893.14326,39901.46327,40680.27187,50494.03094,55728.01253,54699.99443,50151.57046,52076.78294,44343.8948,40891.19008,41434.23675,48277.66389,51927.37227,51210.46233,48038.57161,49407.75883,44145.3612,41325.81888,41769.47873,47357.21828,50337.4079,49751.91959,47162.18997,48279.63421,46076.3262,43298.34808,43736.12448,49254.18056,52196.97234,51618.90455,49061.64537,50172.0757,50847.90156,47476.87215,48014.34698,54787.17175,58399.29224,57689.84514,54550.72114,55953.57945,63347.54365,58501.03658,59264.04281,68877.75687,74004.96281,72997.84508,68541.88984,70468.12329,62384.05824,58027.75571,58709.20668,67294.94183,71874.08173,70974.51455,66995.27101,68705.27589,54158.35718,50665.53254,51210.76346,58079.35406,61742.62843,61022.97413,57839.47627,59175.19375,47104.85744,44208.92146,44663.50653,50388.99614,53442.56144,52842.73473,50188.9767,51327.52168,47921.79313,44160.18269,44752.0005,52211.4082,56189.84036,55408.42009,51950.92728,53447.19665,54252.03139,49306.86205,50089.78492,59954.35792,65215.43094,64182.11062,59609.94827,61613.68448
Hubei,HB,y24,54068.74956,48550.44171,49421.01188,60391.48052,66242.33603,65093.08462,60008.41322,62224.30804,45208.24273,40210.78399,40990.66842,50818.15753,56059.43815,55029.99962,50475.2103,52404.4331,44741.78994,41297.72641,41839.41773,48665.48551,52305.97085,51590.84325,48427.01626,49792.9352,44520.37463,41685.52736,42131.45907,47748.18193,50743.79691,50155.30669,47552.14498,48672.0263,46543.90083,43739.55186,44181.45475,49751.39978,52721.84666,52138.33952,49557.02106,50678.11055,51825.24235,48367.02032,48918.20395,55863.24394,59567.23606,58839.73825,55620.76122,57052.50774,63903.82886,58980.00856,59754.59779,69514.68233,74719.9462,73697.50997,69173.7534,71136.43698,62809.37049,58442.58902,59128.16113,67765.62449,72372.38345,71467.35879,67464.14307,69190.72557,54206.76753,50755.16827,51292.2682,58058.25935,61666.83621,60957.93258,57821.9422,59130.37284,47408.78153,44464.43175,44926.4169,50745.69572,53849.24955,53239.62331,50542.37941,51701.93915,48367.23677,44562.60064,45161.28716,52706.78892,56731.13974,55940.68864,52443.33764,53956.36793,54933.44949,49906.20161,50702.21918,60731.93257,66081.07536,65030.45896,60381.75011,62419.09363
Hubei,HB,y25,54578.19047,49007.88875,49886.66169,60960.49498,66866.47762,65706.39681,60573.81782,62810.5908,45695.15504,40614.30128,41407.02216,51396.10246,56723.58881,55677.20441,51047.52453,53007.13043,45136.09503,41621.70792,42174.45499,49140.14032,52855.04968,52125.33288,48896.77665,50290.42399,44934.01321,42064.10128,42515.68756,48203.25165,51236.6825,50640.73438,48004.73941,49142.14475,46899.47607,44071.86909,44517.46724,50134.10251,53129.46762,52541.07203,49938.12687,51068.39655,51756.29575,48325.04204,48872.11888,55765.94011,59442.59132,58720.4691,55525.26533,56953.18548,64479.24192,59546.15349,60322.78977,70108.2524,75327.05442,74301.94523,69766.38493,71727.03011,63498.54403,59064.41742,59758.04091,68497.16121,73158.10693,72242.46858,68192.13645,69932.69033,55125.89127,51570.66718,52125.63921,59116.93692,62845.65501,62113.14453,58872.77383,60232.35339,47946.38178,44998.71034,45461.41527,51289.19096,54397.30837,53786.76537,51085.5987,52244.48359,48777.9118,44949.1009,45551.49101,53144.16139,57193.66768,56398.28721,52879.0259,54402.02649,55221.23931,50187.72565,50984.63435,61025.43764,66380.49913,65328.71911,60674.87544,62714.40774
Hubei,HB,y26,55062.99179,49443.21043,50329.78911,61501.98828,67460.43166,66290.04641,61111.87552,63368.5175,46101.05137,40975.06537,41774.82845,51852.63874,57227.44759,56171.76827,51500.96399,53477.97708,45537.02466,41991.42033,42549.07822,49576.63637,53324.54409,52588.34573,49331.11111,50737.13844,45333.14856,42437.74354,42893.34107,48631.42606,51691.80131,51090.55962,48431.15081,49578.65984,47316.06908,44463.34661,44912.90135,50579.42859,53601.3999,53007.77824,50381.71215,51522.02079,52216.03042,48754.29873,49306.23491,56261.29277,59970.60128,59242.06531,56018.4792,57459.08405,65051.99075,60075.08311,60858.61824,70731.00221,75996.1623,74961.94678,70386.09762,72364.15993,64062.58155,59589.06817,60288.85395,69105.60066,73807.9472,72884.17559,68797.86601,70553.88089,55615.55844,52028.75437,52588.65493,59642.05403,63403.89455,62664.87644,59395.72252,60767.37871,48372.27548,45398.42064,45865.23543,51744.7772,54880.50294,54264.53669,51539.37649,52708.55475,49211.19147,45348.37022,45956.11138,53616.2243,57701.70132,56899.25559,53348.73439,54885.26253,55711.75362,50633.52748,51437.51591,61567.50793,66970.13694,65909.01395,61213.83148,63271.47958
Hunan,HN,y1,30607.60825,25441.72248,27661.52696,37146.30681,39618.39455,38180.57946,37625.59903,38193.07405,25886.33522,21369.37847,23296.03786,31528.96893,33674.79105,32426.8275,31944.97375,32398.1547,24233.84558,20679.48397,22205.02624,28723.12479,30422.14953,29434.00874,29052.60024,29430.91255,23787.08594,20976.49791,22181.96993,27331.18755,28673.3352,27892.84029,27591.45662,27889.8914,24858.90026,22256.21481,23376.72829,28163.92354,29411.54212,28685.96257,28405.76285,28693.35583,26694.92953,23954.17692,25139.97884,30206.07361,31526.38616,30758.50406,30461.95186,30781.01424,33491.48032,30082.31949,31550.22233,37822.06418,39456.78397,38505.89691,38139.00088,38514.36747,32125.25645,28771.09538,30200.37811,36307.25402,37898.90729,36973.11378,36615.81122,36950.84338,27520.44448,24323.3424,25692.10996,31540.37867,33064.61492,32178.04862,31835.86434,32167.16176,24736.84925,21867.71716,23099.01688,28358.96105,29729.81504,28932.50883,28624.74027,28932.79702,25865.06964,22273.81369,23818.0663,30416.42927,32136.27503,31135.7778,30749.87593,31141.9589,29838.71987,24978.93192,27075.85077,36034.99243,38370.01669,37011.89951,36487.67324,37031.34528
Hunan,HN,y2,32052.32631,26642.60442,28967.18584,38899.65963,41488.43336,39982.75131,39401.57439,39995.83495,27108.20304,22378.04015,24395.64067,33017.17684,35264.28344,33957.41458,33452.81678,33927.38973,25377.71415,21655.582,23253.13158,30078.89289,31858.11323,30823.33157,30423.92075,30820.08825,24909.8659,21966.61498,23228.98702,28621.25402,30026.75302,29209.41812,28893.80825,29206.33017,26032.27175,23306.73639,24480.13953,29493.29618,30799.80495,30039.97731,29746.55092,30047.71922,27954.96405,25084.84534,26326.61815,31631.83903,33014.47239,32210.34369,31899.79434,32233.91621,35072.32108,31502.24395,33039.4332,39607.31346,41319.19387,40323.42405,39939.21035,40332.29418,33641.61038,30129.12711,31625.87471,38021.00304,39687.78355,38718.29129,38344.12444,38694.97047,28819.44446,25471.43577,26904.81032,33029.12441,34625.30726,33696.89417,33338.55731,33685.49279,25904.46009,22899.90101,24189.32004,29697.5405,31133.09998,30298.1601,29975.86462,30298.4617,27085.93325,23325.16596,24942.30954,31852.12316,33653.1485,32605.42651,32201.30819,32611.89829,31247.14529,26157.96866,28353.86543,37735.89031,40181.13036,38758.90766,38209.93812,38779.27137
Hunan,HN,y3,33563.96276,27899.10975,30333.32215,40734.2262,43445.09138,41868.39846,41259.81305,41882.0997,28386.66732,23433.42218,25546.1758,34574.3172,36927.40159,35558.89877,35030.50273,35527.45708,26574.56539,22676.89217,24349.78491,31497.45927,33360.58998,32277.00684,31858.75882,32273.61077,26084.65307,23002.59383,24324.50115,29971.07577,31442.86013,30586.97853,30256.48471,30583.74421,27259.99355,24405.91734,25634.66019,30884.2442,32252.36957,31456.70696,31149.44285,31464.815,29273.3631,26267.88494,27568.22083,33123.64374,34571.48397,33729.43221,33404.23678,33754.11713,36726.38547,32987.93737,34597.62213,41475.2533,43267.87008,42225.13817,41822.80316,42234.42598,35228.1994,31550.06269,33117.39811,39814.13042,41559.5193,40544.30526,40152.49139,40519.88385,30178.61292,26672.70675,28173.68206,34586.82844,36258.28899,35286.09089,34910.85436,35274.15187,27126.15386,23979.89524,25330.12525,31098.12132,32601.38402,31727.06671,31389.5712,31727.38268,28363.34731,24425.2166,26118.62627,33354.318,35240.28224,34143.14848,33719.97204,34149.92561,32720.80676,27391.61859,29691.07633,39515.57195,42076.13325,40586.83669,40011.97649,40608.16129
Hunan,HN,y4,35126.91596,29198.27047,31745.83573,42631.07289,45468.17245,43818.0598,43181.13359,43832.39788,29611.22774,24446.77852,26650.07313,36065.12272,38519.05048,37091.88612,36540.85661,37059.70425,27828.89404,23792.59468,25524.71272,32925.26147,34854.33312,33732.4343,33299.36243,33727.97495,27259.98612,24035.70239,25418.62672,31325.98111,32865.72544,31970.29435,31624.55475,31965.75725,28643.2969,25664.99353,26947.52217,32426.82176,33854.82319,33024.35752,32703.63855,33031.93605,30899.8237,27718.31418,29094.46876,34973.82988,36506.06683,35614.91999,35270.76438,35636.41554,38568.32797,34664.4524,36344.65212,43523.61275,45394.7748,44306.34254,43886.38866,44321.67405,36568.08768,32728.65586,34366.03317,41361.97631,43185.36756,42124.79286,41715.48341,42104.00841,31449.56895,27787.89476,29354.67836,36049.07193,37793.82977,36778.98684,36387.28649,36762.11797,28376.60277,25073.50324,26491.53941,32549.17584,34127.91118,33209.69073,32855.26014,33212.47849,29752.33779,25618.20327,27395.54574,34989.92378,36969.38219,35817.84621,35373.70367,35823.31851,34384.42466,28753.21151,31183.50852,41566.95787,44273.19929,42699.19524,42091.60755,42722.74302
Hunan,HN,y5,36800.24974,30589.18273,33258.10628,44661.88089,47634.13125,45905.4131,45238.14528,45920.43372,31123.75214,25692.90813,28009.37709,37908.02414,40487.99584,38987.54019,38408.19555,38953.0666,29136.92509,24863.43172,26697.62758,34534.49048,36577.26754,35389.20398,34930.62782,35385.48056,28599.77435,25220.53746,26669.90545,32860.93126,34474.62812,33536.22025,33173.85986,33532.67476,29888.44191,26759.17261,28106.39218,33862.14979,35362.19084,34489.81047,34152.91836,34498.69881,32095.94383,28800.67306,30226.38976,36317.47564,37904.91859,36981.67477,36625.12259,37008.73894,40267.59826,36168.68367,37933.5767,45474.36002,47439.82296,46296.54786,45855.42031,46306.73338,38624.95475,34592.16675,36310.6272,43653.06773,45566.75028,44453.64752,44024.05458,44426.87103,33088.47965,29244.52852,30890.23076,37921.74193,39754.36774,38688.42714,38277.01121,38675.33824,29741.69705,26292.07257,27772.49317,34096.64845,35744.85889,34786.23777,34416.2005,34786.58461,31098.18361,26780.33229,28637.02351,36570.39055,38638.20283,37435.28083,36971.30199,37442.71236,35875.79716,30032.75955,32553.93423,43325.72175,46133.17625,44500.27949,43869.99045,44523.66026
Hunan,HN,y6,38531.37172,32028.12979,34822.60158,46762.82162,49874.88869,48064.84918,47366.19314,48080.57698,32587.84521,26901.52835,29326.96606,39691.2557,42392.59208,40821.55416,40214.95627,40785.45806,30507.555,26033.03258,27953.51113,36159.02872,38297.89956,37053.94832,36573.80007,37050.0496,29945.13582,26406.93873,27924.48535,34406.74277,36096.35009,35113.79961,34734.39275,35110.08585,31294.42457,28017.95111,29428.54513,35455.05939,37025.66463,36112.24573,35759.50666,36121.55313,33605.76943,30155.48611,31648.27012,38025.8859,39688.0042,38721.33,38348.00579,38749.66797,42161.8272,37870.09497,39718.01111,47613.52011,49671.43989,48474.38432,48012.50654,48485.04854,40441.9121,36219.4171,38018.71671,45706.55219,47710.2566,46544.79146,46094.99066,46516.75619,34644.99504,30620.221,32343.33858,39705.61953,41624.45294,40508.3703,40077.6006,40494.66563,31140.77791,27528.87729,29078.94021,35700.59035,37426.33285,36422.61824,36035.17393,36422.98087,32561.07248,28040.1058,29984.13833,38290.69884,40455.78272,39196.27425,38710.4691,39204.05507,37563.43052,31445.53058,34085.30457,45363.80892,48303.32819,46593.61876,45933.67987,46618.09836
Hunan,HN,y7,39533.19297,32860.86581,35727.99497,47978.66266,51171.64465,49314.54347,48597.72222,49330.68051,33435.1346,27600.97241,30089.47313,40723.23521,43494.80669,41882.92071,41260.55255,41845.88758,31300.75639,26709.89602,28680.3058,37099.16889,39293.65138,38017.35712,37524.72483,38013.35747,30723.71568,27093.52301,28650.52656,35301.32417,37034.86083,36026.76302,35637.49097,36022.95335,32108.08525,28746.42278,30193.69279,36376.89662,37988.3382,37051.1698,36689.25968,37060.71873,34479.52452,30939.53383,32471.13026,39014.5656,40719.89918,39728.09087,39345.06082,39757.16515,43258.04117,38854.7239,40750.68521,48851.47887,50962.90502,49734.72678,49260.83917,49745.66774,41493.40823,37161.1281,39007.20861,46894.93093,48950.73081,47754.96377,47293.46796,47726.1998,35545.77075,31416.35161,33184.27076,40737.97171,42706.69534,41561.59389,41119.62441,41547.53341,31950.44346,28244.6335,29834.99716,36628.81085,38399.42427,37369.61174,36972.0946,37369.98398,33407.66687,28769.15418,30763.72998,39286.26376,41507.64072,40215.38447,39716.94755,40223.3665,38540.08565,32263.1198,34971.52753,46543.27445,49559.22243,47805.05957,47127.96283,47830.17734
Hunan,HN,y8,40539.0041,33696.91822,36636.99178,49199.34377,52473.56194,50569.21271,49834.15426,50585.75972,34173.50074,28213.35238,30756.11324,41621.76144,44453.77192,42806.72091,42170.79312,42769.581,32116.5584,27458.37699,29457.36556,37998.13549,40224.42291,38929.67105,38429.87408,38924.52395,31459.99695,27738.94001,29334.93371,36152.44952,37929.42601,36896.03373,36497.02436,36890.79758,33056.4376,29619.26002,31099.39025,37422.89968,39070.91681,38112.49925,37742.36508,38121.24441,35660.63291,31988.94059,33577.12288,40362.33079,42130.64376,41102.19552,40705.01513,41127.00241,44510.64128,40005.28637,41944.36014,50229.39953,52388.85453,51132.72655,50648.06865,51150.41916,42202.21981,37771.2376,39660.89004,47734.71489,49839.03951,48615.06086,48142.68767,48591.07385,36295.07895,32069.24156,33877.42401,41603.23699,43616.81388,42445.61236,41993.56225,42426.14527,32748.65469,28936.63757,30573.15328,37564.10545,39386.07965,38326.38733,37917.34855,38329.60422,34336.35188,29565.26121,31616.44258,40380.90581,42665.34343,41336.38623,40823.81387,41342.70225,39682.11439,33183.28748,35988.02541,47971.27807,51094.47593,49277.96272,48576.76202,49305.13745
Hunan,HN,y9,41613.86687,34590.36889,37608.39785,50503.8299,53864.86198,51910.01944,51155.47214,51927.00632,35194.86157,29053.64082,31673.11294,42866.54114,45783.98505,44087.26447,43432.13756,44048.28126,32948.14822,28115.66597,30189.78222,39051.73788,41361.71754,40018.25056,39499.6907,40014.0405,32340.73652,28519.4837,30158.43506,37159.27028,38984.04463,37922.89026,37513.13084,37918.8804,33797.96813,30259.37638,31782.81838,38291.45083,39987.70411,39001.21266,38620.25423,39011.26445,36294.21844,32567.91429,34180.12038,41067.94492,42863.03041,41819.02231,41415.83325,41849.62719,45534.75737,40899.68916,42895.43721,51422.58444,53645.13787,52352.31828,51853.49022,52363.83576,43677.25026,39116.95721,41060.19981,49363.06071,51527.05981,50268.35792,49782.5729,50238.0801,37416.5834,33069.82752,34930.79355,42882.05443,44954.39456,43749.02474,43283.79455,43734.22409,33632.02792,29731.17875,31405.24477,38556.62421,40420.42559,39336.41428,38917.97473,39336.8064,35165.94739,30283.30542,32382.85873,41353.94183,43692.23071,42331.9629,41807.29271,42340.36583,40568.49139,33961.16154,36812.11632,48992.89714,52167.57735,50321.09058,49608.35795,50347.52972
Hunan,HN,y10,42693.99363,35488.19385,38584.55893,51814.70517,55262.97559,53257.39462,52483.25997,53274.82037,36108.37671,29807.7556,32495.21833,43979.18355,46972.35063,45231.59004,44559.46094,45191.59532,33803.34883,28845.43465,30973.38565,40065.36293,42435.30081,41056.9617,40524.94297,41052.64202,33180.17161,29259.73362,30941.22506,38123.77442,39995.91209,38907.21447,38486.81946,38903.10063,34675.22551,31044.78703,32607.7714,39285.34192,41025.62416,40013.52677,39622.67951,40023.8383,37236.26941,33413.24512,35067.29723,42133.90078,43975.58074,42904.47505,42490.81963,42935.87294,46716.65518,41961.27864,44008.82882,52757.30639,55037.54663,53711.17245,53199.39618,53722.98749,44810.93447,40132.27502,42125.95642,50644.32557,52864.49349,51573.12092,51074.72652,51542.05662,38387.76532,33928.18644,35837.45528,43995.09793,46121.22799,44884.57195,44407.26568,44869.38735,34504.97976,30502.87931,32220.39765,39557.39684,41469.57698,40357.42712,39928.12743,40357.82977,36078.71328,31069.33699,33223.38606,42427.32195,44826.30399,43430.72836,42892.43962,43439.34962,41621.48508,34842.65521,37767.60917,50264.55309,53521.63511,51627.22115,50895.98925,51654.34694
Hunan,HN,y11,43801.52276,36408.79646,39585.48531,53158.83611,56696.55748,54638.95,53844.73416,54656.82838,37045.0676,30581.00083,33338.18014,45120.05316,48190.8658,46404.9476,45715.38232,46363.91503,34680.24554,29593.71775,31776.87023,41104.70251,43536.11901,42122.02442,41576.20427,42117.59302,34040.90216,30018.76322,31743.87425,39112.74723,41033.45051,39916.5102,39485.2106,39912.29008,35574.7392,31850.12393,33453.65331,40304.44727,42089.87285,41051.52105,40650.53624,41062.10053,38202.21929,34280.02168,35976.98148,43226.90017,45116.35535,44017.46486,43593.07869,44049.67737,47928.53699,43049.80116,45150.46741,54125.88879,56465.28222,55104.49955,54579.44648,55116.62119,45973.37943,41173.3503,43218.74963,51958.09502,54235.85757,52910.98455,52399.66192,52879.11536,39383.58616,34808.32064,36767.11886,45136.37994,47317.6636,46048.92859,45559.23959,46033.34833,35400.07659,31294.15795,33056.23081,40583.55985,42545.34308,41404.34357,40963.90721,41404.75696,37014.63419,31875.30981,34085.23681,43527.93272,45989.1479,44557.36911,44005.11768,44566.21417,42701.1924,35746.51244,38747.34311,51568.47133,54910.046,52966.48951,52216.28709,52994.31798
Hunan,HN,y12,44148.19841,36696.9612,39898.79091,53579.57079,57145.29206,55071.398,54270.89702,55089.41951,37215.97353,30725.1916,33494.33626,45327.35442,48411.50049,46617.80952,45925.26732,46577.36468,34975.90122,29903.00178,32079.96048,41381.1172,43805.61205,42395.58631,41851.29178,42389.98113,34260.88631,30208.54334,31946.62845,39371.10859,41306.28982,40180.89467,39746.36144,40175.19253,35999.45899,32256.26748,33868.17505,40754.66694,42549.40781,41505.6618,41102.57566,41515.18669,38835.50567,34836.92181,36566.50059,43955.79621,45881.54345,44761.5322,44328.99011,44788.54683,48473.43241,43566.96558,45678.67307,54701.33181,57053.04418,55685.08268,55157.27583,55704.35143,45959.49159,41134.01833,43191.90558,51984.54503,54276.21897,52943.26833,52428.84016,52917.14663,39526.43706,34924.37159,36893.53674,45307.18127,47500.0275,46224.55333,45732.25552,46203.35252,35664.27284,31512.87207,33295.08759,40908.44422,42892.62937,41738.59339,41293.13744,41742.09636,37393.32322,32197.46087,34431.26074,43976.02493,46463.84617,45016.57278,44458.3659,45023.45149,43215.02065,36137.60144,39192.04713,52242.16959,55643.42562,53665.18795,52901.55993,53694.78327
Hunan,HN,y13,44544.087,37026.03101,40256.57319,54060.03138,57657.72863,55565.23792,54757.55858,55583.42001,37673.08863,31099.4382,33903.35844,45884.96785,49007.84042,47191.64638,46490.39037,47149.91792,35268.1757,30095.41603,32315.58045,41801.5455,44274.18204,42836.11513,42281.04134,42831.60777,34617.99336,30527.66814,32282.02499,39775.82136,41729.08571,40593.21075,40154.59874,40588.9192,36177.8349,32390.07525,34020.78865,40987.72473,42803.41789,41747.46372,41339.68055,41758.22264,38849.85779,34861.16681,36586.89581,43959.72246,45881.20891,44763.68764,44332.10708,44796.4472,48741.06424,43779.61932,45915.89711,55043.47975,57422.53249,56038.67957,55504.72631,56051.00754,46752.7621,41871.35751,43951.43273,52838.93516,55155.31147,53807.97892,53287.98771,53775.56873,40051.25215,35398.42303,37390.42817,45901.57223,48119.83487,46829.59081,46331.60002,46813.74666,36000.21045,31824.68441,33616.62842,41271.56886,43266.60981,42106.26768,41658.36397,42106.68721,37642.13983,32415.68771,34663.07947,44265.85754,46768.79647,45312.74603,44751.13223,45321.7411,43425.10111,36352.51889,39404.22275,52442.70595,55840.92996,53864.42505,53101.50393,53892.72519
Hunan,HN,y14,44919.09171,37337.74502,40595.48414,54515.14954,58143.13429,56033.02899,55218.54945,56051.36332,37990.24976,31361.25672,34188.78309,46271.26206,49420.42587,47588.94059,46881.78157,47546.86155,35565.08966,30348.7821,32587.63795,42153.46212,44646.91586,43196.74168,42636.99572,43192.19769,34909.43417,30784.67317,32553.79965,40110.68436,42080.3932,40934.95515,40492.64952,40930.62729,36482.40642,32662.75977,34307.20223,41332.78987,43163.77093,42098.92526,41687.70873,42109.77434,39176.92536,35154.65443,36894.91203,44329.80911,46267.4714,45140.54311,44705.32892,45173.57845,49151.40389,44148.18984,46302.45319,55506.87755,57905.95858,56510.45615,55972.00744,56522.88749,47146.36152,42223.86261,44321.44923,53283.77295,55619.65103,54260.97571,53736.60557,54228.29251,40388.43366,35696.43325,37705.20908,46288.00634,48524.94427,47223.83828,46721.65541,47207.8615,36303.28785,32092.609,33899.63925,41619.02432,43630.86079,42460.75047,42009.07646,42461.1736,37959.04007,32688.58789,34954.90181,44638.52054,47162.53256,45694.2229,45127.88147,45703.29355,43790.68654,36658.56301,39735.95716,52884.20875,56311.04126,54317.89647,53548.55382,54346.43574
Hunan,HN,y15,45296.59226,37651.53031,40936.64772,54973.29519,58631.76933,56503.9295,55682.60511,56522.4192,38309.51985,31624.81644,34476.1051,46660.12522,49835.75486,47988.8785,47275.7764,47946.44537,35863.97925,30603.83298,32861.50246,42507.72036,45022.12841,43559.76871,42995.31603,43555.18475,35202.81305,31043.38802,32827.38194,40447.77416,42434.03659,41278.97246,40832.95071,41274.60817,36789.00448,32937.25734,34595.51948,41680.15105,43526.51832,42452.72469,42038.05219,42463.66468,39506.16823,35450.09437,37204.97619,44702.3556,46656.30322,45519.90367,45081.03227,45553.21704,49564.47139,44519.21079,46691.57879,55973.35682,58392.60021,56985.36927,56442.39551,56997.90588,47542.5798,42578.71259,44693.92667,53731.57092,56087.07809,54716.98393,54188.20826,54684.02642,40727.85856,35996.42595,38022.08335,46677.01033,48932.74744,47620.70628,47114.30363,47604.59562,36608.38014,32362.31478,34184.53135,41968.79059,43997.53418,42817.58976,42362.1197,42818.01749,38278.04726,32963.3024,35248.66191,45013.66308,47558.88595,46078.2369,45507.13547,46087.38421,44158.70354,36966.64133,40069.89838,53328.64752,56784.27888,54774.38423,53998.57554,54803.16247
Hunan,HN,y16,45652.45615,37947.33352,41258.25857,55405.18182,59092.39881,56947.84122,56120.06398,56966.4754,38484.02949,31772.08815,34635.58545,46871.78907,50061.02051,48206.21458,47490.07424,48164.39065,36167.63214,30921.88398,33173.01768,42791.09052,45298.19529,43840.12687,43277.28658,43834.33071,35428.25473,31237.83638,33035.14307,40712.59615,42713.71506,41549.97375,41100.6356,41544.07801,37226.06455,33355.33257,35022.16286,42143.29755,43999.18872,42919.88014,42503.05953,42929.72891,40158.74418,36023.91746,37812.42681,45453.49801,47444.85974,46286.68751,45839.40775,46314.62269,50125.063,45051.41755,47235.07875,56565.16564,58997.00699,57582.43289,57036.64498,57602.3599,47525.46489,42535.57335,44663.57977,53755.8096,56125.56616,54747.19931,54215.24336,54720.18754,40873.21665,36114.34665,38150.60665,46850.92861,49118.49092,47799.55663,47290.48657,47777.63493,36879.45815,32586.60703,34429.54785,42302.31316,44354.10566,43160.74856,42700.11459,43164.37071,38667.42259,33294.5213,35604.43269,45474.41565,48047.00307,46550.41811,45973.19077,46557.52985,44687.48186,37368.91514,40527.43275,54022.21226,57539.35981,55493.71557,54704.06926,55524.31919
Hunan,HN,y17,46097.04885,38316.88891,41660.05796,55944.75391,59667.87901,57502.43649,56666.5991,57521.25346,38986.50531,32183.67416,35085.34865,47484.67876,50716.42604,48836.91197,48111.20831,48793.72887,36497.74881,31144.64849,33442.21411,43258.8942,45817.73622,44329.53221,43755.10723,44324.8689,35824.89812,31591.97002,33407.48945,41162.5455,43183.90945,42008.43252,41554.52905,42003.99104,37439.12083,33519.30659,35206.87297,42416.70077,44295.69615,43202.92615,42780.92594,43214.06055,40204.30012,36076.54987,37862.44306,45492.3121,47480.7892,46324.30726,45877.68022,46358.20896,50440.34921,45305.93082,47516.68716,56962.48819,59424.48319,57992.38512,57439.81625,58005.14278,48382.72757,43331.14108,45483.73486,54681.08647,57078.21924,55683.91447,55145.79395,55650.37417,41447.57961,36632.53595,38693.99025,47501.86293,49797.4619,48462.23445,47946.8829,48445.83892,37255.30454,32934.20499,34788.62303,42710.4407,44775.03536,43574.24006,43110.72096,43574.67464,38954.47728,33545.8121,35871.55775,45809.12161,48399.32176,46892.50756,46311.31314,46901.81587,44939.05232,37619.89653,40777.99142,54271.04382,57787.74163,55742.32825,54952.81027,55771.61542
Hunan,HN,y18,46521.0675,38669.34282,42043.26325,56459.35605,60216.72785,58031.36815,57187.84098,58050.35651,39345.11852,32479.71155,35408.07721,47921.46171,51182.93521,49286.1341,48553.75404,49242.55285,36833.46791,31431.12922,33749.82861,43656.80674,46239.18463,44737.29364,44157.58367,44732.58716,36154.42887,31882.5651,33714.78539,41541.17429,43581.13058,42394.84239,41936.76372,42390.36004,37783.50025,33827.63095,35530.71972,42806.8664,44703.14516,43600.32405,43174.44207,43611.56009,40574.11512,36408.39608,38210.71772,45910.76846,47917.5357,46750.41627,46299.68093,46784.62998,50904.3186,45722.67241,47953.7643,57486.45143,59971.09288,58525.82302,57968.17001,58538.69666,48827.77044,43729.71751,45902.11128,55184.06463,57603.24717,56196.11588,55653.04638,56162.26745,41828.8305,36969.49598,39049.9123,47938.80301,50255.51776,48908.0088,48387.91712,48891.46252,37597.99295,33237.14632,35108.62182,43103.30811,45186.89431,43975.05204,43507.27101,43975.49209,39312.79586,33854.38029,36201.51762,46230.49119,48844.51816,47323.84329,46737.30352,47333.2371,45352.41899,37965.93921,41153.08466,54770.24924,58319.29558,56255.06737,55458.28747,56284.62394
Hunan,HN,y19,46948.67375,39024.77832,42429.71086,56978.31155,60770.21929,58564.77227,57713.49114,58583.93471,39706.76542,32778.25518,35733.53707,48361.93854,51653.39227,49739.1549,49000.04404,49695.1741,37172.02902,31720.03333,34060.04604,44058.0849,46664.19948,45148.50271,44563.46386,45143.75255,36486.74874,32175.61861,34024.67979,41923.00763,43981.7138,42784.52131,42322.23198,42779.99743,38130.79357,34138.56292,35857.30596,43200.33271,45114.04065,44001.08306,43571.28705,44012.42323,40947.05827,36743.04964,38561.9373,46332.76369,48357.97712,47180.13008,46725.25221,47214.65814,51372.21406,46142.9397,48394.53915,58014.84761,60522.32724,59063.77154,58500.99333,59076.76444,49276.57801,44131.66637,46324.02752,55691.29783,58132.71674,56712.65137,56164.59055,56678.49204,42213.30728,37309.30667,39408.84536,48379.43996,50717.44969,49357.5548,48832.68139,49340.8555,37943.58025,33542.65198,35431.32831,43499.49848,45602.23678,44379.25648,43907.17441,44379.69817,39674.14511,34165.55874,36534.26926,46655.42591,49293.47981,47758.82711,47166.89619,47768.30746,45769.28348,38314.90841,41531.34923,55273.67923,58855.34565,56772.14491,55968.0408,56801.97324
Hunan,HN,y20,47354.87524,39362.42225,42796.81505,57471.29019,61296.00633,59071.47632,58212.83094,59090.80583,39919.13264,32956.89707,35927.17745,48619.67947,51927.84007,50003.86634,49261.02123,49960.48264,37516.35487,32074.98718,34410.06932,44386.80863,46987.40478,45474.96344,44891.13565,45468.95156,36749.40401,32402.72183,34267.05322,42230.80505,44306.5463,43099.41034,42633.31344,43093.29298,38614.25754,34599.18219,36328.16907,43714.85803,45639.95712,44520.39974,44088.03552,44530.61614,41656.29881,37367.28112,39222.48586,47148.49865,49214.12028,48012.75941,47548.79925,48041.73554,51994.27086,46731.4243,48996.51573,58674.52979,61197.05715,59729.73392,59163.59026,59750.40239,49297.73121,44121.76251,46329.12357,55760.41157,58218.53824,56788.76995,56236.97709,56760.75052,42397.41402,37461.08155,39573.27644,48598.04022,50950.16298,49582.04563,49053.99009,49559.30423,38254.72494,33801.78976,35713.45602,43879.80346,46008.10937,44770.24958,44292.43922,44774.00716,40109.36447,34536.10348,36932.15288,47170.19696,49838.71956,48286.32349,47687.57188,48293.70185,46353.91759,38762.43415,42038.736,56036.74788,59685.05214,57563.12507,56744.03225,57594.87001
Hunan,HN,y21,47814.75518,39744.68415,43212.42963,58029.41325,61891.27212,59645.13989,58778.15604,59664.65668,40439.25217,33382.92775,36392.72753,49254.09096,52606.26339,50656.71283,49903.96684,50611.91965,37857.75659,32305.18501,34688.36503,44870.84232,47525.034,45981.37569,45385.54501,45976.53757,37159.83417,32769.17553,34652.34654,42696.37859,44793.06227,43573.78458,43102.96729,43569.17727,38834.20709,34768.33097,36518.78037,43997.26534,45946.27797,44812.78967,44375.06413,44824.33804,41702.42516,37420.86339,39273.30474,47187.48409,49250.05656,48050.48081,47587.21153,48085.64715,52319.89792,46994.15678,49287.29249,59085.07071,61638.80671,60153.34374,59580.18445,60166.57601,50185.60394,44945.78063,47178.58615,56718.6566,59205.11385,57758.8525,57200.6805,57724.06301,42992.03253,37997.5678,40135.83646,49271.91545,51653.0549,50268.07433,49733.51894,50251.06709,38643.54175,34161.42594,36084.94469,44301.95139,46443.47829,45197.93796,44717.148,45198.38941,40406.03011,34795.82352,37208.23232,47516.09769,50202.81614,48639.85403,48037.00342,48649.50883,46613.60816,39021.71946,42297.4951,56293.33497,59941.07463,57819.44437,57000.50576,57849.82199
Hunan,HN,y22,48253.28432,40109.19868,43608.74894,58561.62539,62458.90287,60192.17034,59317.23459,60211.86702,40810.13676,33689.09714,36726.50088,49705.82085,53088.73693,51121.30731,50361.6571,51076.10395,38204.96645,32601.46957,35006.50564,45282.3718,47960.90508,46403.08917,45801.7944,46398.2077,37500.6428,33069.71615,34970.15777,43087.96377,45203.87794,43973.41796,43498.28288,43968.76905,39190.37169,35087.20598,36853.70964,44400.78354,46367.67005,45223.78619,44782.04624,45235.44034,42084.89642,37764.0653,39633.49699,47620.26021,49701.7493,48491.17203,48023.65366,48526.65971,52799.74578,47425.15961,49739.32683,59626.96435,62204.12098,60705.03526,60126.61998,60718.3895,50645.87641,45357.99743,47611.28088,57238.84774,59748.10877,58288.58285,57725.29157,58253.47384,43386.33012,38346.05881,40503.9383,49723.809,52126.78577,50729.10199,50189.64503,50711.93995,38997.95734,34474.73443,36415.89406,44708.26369,46869.43139,45612.46804,45127.26713,45612.92244,40776.6108,35114.95059,37549.48444,47951.88722,50663.24714,49085.94991,48477.57083,49095.6948,47041.12115,39379.6031,42685.42221,56809.62446,60490.81932,58349.72936,57523.28036,58380.38678
Hunan,HN,y23,48695.50746,40476.78462,44008.40727,59098.32105,63031.31551,60743.80948,59860.85534,60763.68593,41184.14769,33997.8445,37063.08517,50161.35673,53575.27544,51589.8154,50823.20371,51544.1977,38555.10096,32900.25021,35327.32859,45697.36804,48400.44904,46828.35687,46221.55126,46823.4309,37844.32264,33372.78688,35290.64664,43482.85026,45618.15551,44376.41764,43896.92868,44371.7266,39549.53746,35408.76659,37191.45916,44807.70056,46792.61284,45638.24565,45192.45694,45650.00673,42470.58804,38110.15922,39996.72287,48056.68132,50157.24755,48935.57552,48463.77329,48971.38873,53283.63579,47859.79471,50195.17034,60173.42451,62774.19915,61261.3746,60677.65767,61274.85102,51110.02704,45773.68616,48047.62,57763.4209,60295.6791,58822.77697,58254.32356,58787.34651,43783.95083,38697.48706,40875.14256,50179.50861,52604.50971,51194.0169,50649.61455,51176.69645,39355.35964,34790.68207,36749.6325,45117.99822,47298.97305,46030.48922,45540.84204,46030.94843,41150.31283,35436.76673,37893.61122,48391.34819,51127.55769,49535.80663,48921.85,49545.63815,47472.23585,39740.50334,43076.61894,57330.26355,61045.19564,58884.48325,58050.46065,58915.4216
Hunan,HN,y24,49115.52625,40825.91298,44387.99743,59608.06761,63574.98699,61267.74866,60377.17896,61287.79671,41403.32329,34182.23295,37262.94636,50427.35583,53858.51317,51863.00667,51092.54186,51818.00881,38911.20949,33267.53373,35689.43269,46037.10617,48734.39277,47165.71914,46560.18396,47159.48395,38115.74423,33607.45367,35541.09913,43800.94331,45953.86053,44701.84084,44218.41733,44695.49825,40049.93232,35885.57713,37678.84775,45340.17314,47336.84743,46175.66542,45727.22559,46186.26133,43205.07696,38756.5932,40680.77518,48901.47614,51043.89771,49797.86936,49316.66074,49827.92476,53927.41286,48468.89612,50818.2027,60856.04506,63472.35829,61950.48049,61363.28838,61971.9172,51130.61679,45762.2059,48051.63602,57833.57849,60383.09938,58900.1726,58327.86382,58871.11086,43973.74765,38853.88193,41044.60757,50404.9121,52844.48554,51425.50201,50877.81436,51401.91648,39677.03281,35058.53865,37041.27929,45511.25225,47718.68691,46434.8036,45939.22864,46438.70149,41600.62761,35820.15398,38305.28872,48923.97991,51691.71933,50081.60526,49460.59185,50089.25744,48077.35173,40203.61917,43601.73383,58120.18966,61904.13756,59703.31893,58853.77072,59736.24272
Hunan,HN,y25,49591.14885,41221.26223,44817.83952,60185.29777,64190.63132,61861.05052,60961.85791,61881.29388,41941.63385,34623.15613,37744.77484,51083.95843,54560.66887,52538.68992,51757.97849,52492.23315,39264.23239,33505.37385,35977.09236,46537.86548,49290.66315,47689.65616,47071.68969,47684.63926,38540.38182,33986.60262,35939.7359,44282.61572,46457.19516,45192.61956,44704.31095,45187.84188,40276.95972,36060.0293,37875.51081,45631.83391,47653.25508,46477.65503,46023.66777,46489.63333,43251.73637,38811.10775,40732.37027,48940.57382,51079.77378,49835.63296,49355.15139,49872.1039,54263.66455,48740.06421,51118.39333,61280.17456,63928.78559,62388.13657,61793.68337,62401.86068,52050.07823,46615.58732,48931.34452,58825.84512,61404.67793,59904.68491,59325.77669,59868.60354,44589.25467,39409.23643,41626.94579,51102.44491,53572.0472,52135.61186,51581.19719,52117.97338,40079.21018,35430.57627,37425.55705,45947.83938,48168.92847,46877.11294,46378.46022,46877.5803,41907.17856,36088.54425,38590.57634,49281.3961,52067.92979,50446.90221,49821.65304,50456.91502,48345.37698,40471.43671,43868.91385,58384.72102,62167.98053,59967.52746,59118.16448,59999.03489
Hunan,HN,y26,50044.62141,41598.19854,45227.66315,60735.64448,64777.60383,62426.72117,61519.3059,62447.14927,42325.15752,34939.75788,38089.92154,51551.08068,55059.58346,53019.11439,52231.26386,52972.23305,39623.27257,33811.75385,36306.0746,46963.41721,49741.3881,48125.74184,47502.12344,48120.67733,38892.80263,34297.38377,36268.37586,44687.54624,46882.01005,45605.87041,45113.09621,45601.04861,40645.2603,36389.76968,38221.85232,46049.10081,48089.00636,46902.65667,46444.51834,46914.74395,43647.23897,39166.00484,41104.83505,49388.09615,51546.85835,50291.34121,49806.46559,50328.14474,54759.8633,49185.75375,51585.83051,61840.53382,64513.36424,62958.6271,62358.73765,62972.47646,52526.03513,47041.85,49378.78394,59363.76141,61966.17497,60452.46648,59868.26488,60416.05538,44996.98786,39769.60389,42007.59264,51569.73678,54061.9215,52612.35055,52052.86645,52594.55136,40445.70391,35754.56138,37767.78456,46367.99581,48609.3952,47305.76733,46802.55589,47306.23963,42290.38661,36418.54502,38943.45749,49732.03492,52544.0503,50908.19884,50277.23366,50918.30371,48787.45805,40841.51744,44270.05971,58918.6036,62736.4572,60515.88286,59658.75365,60547.67853
InnerMongoliaEast,MD,y1,11358.10289,11492.20608,12398.53184,12750.48382,12459.75403,12834.47846,13025.65585,12279.93747,10932.82651,11055.11174,11908.78687,12240.10627,11966.37567,12319.30888,12499.31052,11793.16925,11012.71985,11139.90547,12013.82137,12353.1514,12072.85359,12434.19327,12618.58665,11898.04764,10894.60845,11026.29142,11931.44585,12283.16561,11992.77088,12367.18397,12558.03194,11811.05769,11941.88631,12090.22026,13092.78177,13482.13635,13160.4218,13575.02085,13786.63322,12961.94652,12263.42106,12420.28146,13484.07994,13897.02136,13555.91147,13995.8308,14220.27236,13344.23809,12427.95707,12605.18505,13819.47446,14290.88297,13901.46237,14403.6222,14659.78573,13659.67859,12221.61913,12384.94699,13533.58784,13979.50217,13611.12934,14086.10377,14328.38561,13375.56662,11435.18822,11581.81698,12571.02311,12955.06825,12637.76416,13046.74759,13255.5068,12441.9966,11790.26735,11938.17027,12965.06457,13363.84042,13034.43019,13459.01413,13675.70164,12827.72712,11913.65518,12059.40856,13059.65384,13447.91478,13127.1321,13540.75966,13751.86698,12926.70274,12127.14084,12276.90219,13295.17136,13690.51276,13364.0058,13785.07391,13999.83699,13161.54894
InnerMongoliaEast,MD,y2,12105.26451,12248.18892,13214.13553,13589.23821,13279.38403,13678.75931,13882.51322,13087.73962,11652.01263,11782.34137,12692.17397,13045.28782,12753.55045,13129.70054,13321.54337,12568.95057,11737.16139,11872.71401,12804.11813,13165.76888,12867.03324,13252.14257,13448.66594,12680.72767,11611.2799,11751.62528,12716.3231,13091.17918,12781.68233,13180.72485,13384.12706,12588.01554,12727.45006,12885.54175,13954.05432,14369.02085,14026.14421,14468.01681,14693.54854,13814.61214,13070.13607,13237.31509,14371.09283,14811.19927,14447.64944,14916.50813,15155.71445,14222.05262,13245.49567,13434.38215,14728.55115,15230.9689,14815.93174,15351.12454,15624.13979,14558.24332,13025.58504,13199.65736,14423.85726,14899.10546,14506.50036,15012.7199,15270.93905,14255.44253,12187.42074,12343.69477,13397.97319,13807.28196,13469.10526,13904.99211,14127.48425,13260.46045,12565.85761,12723.49001,13817.93623,14242.9439,13891.86385,14344.37812,14575.3199,13671.56397,12697.3613,12852.7042,13918.74805,14332.54892,13990.66455,14431.50149,14656.49595,13777.05041,12924.89261,13084.50504,14169.75795,14591.10648,14243.12035,14691.88749,14920.7785,14027.3462
InnerMongoliaEast,MD,y3,12901.08629,13053.40757,14082.85659,14482.6197,14152.3947,14578.02506,14795.17343,13948.15061,12418.03607,12556.93299,13526.57983,13902.90853,13591.99165,13992.87073,14197.32532,13395.25564,12508.78368,12653.24808,13645.88415,14031.3105,13712.93495,14123.36191,14332.80541,13514.38094,12374.62694,12524.19879,13552.317,13951.817,13621.97298,14047.24899,14264.02388,13415.57463,13564.17525,13732.66097,14871.41862,15313.66636,14948.24728,15419.16975,15659.5291,14722.81021,13929.3912,14107.56034,15315.87388,15784.91371,15397.46369,15897.14574,16152.07793,15157.03568,14116.27824,14317.5822,15696.83223,16232.28038,15789.95828,16360.33632,16651.29924,15515.329,13881.90943,14067.42647,15372.10819,15878.5993,15460.18457,15999.68327,16274.87767,15192.61998,12988.6438,13155.19154,14278.78094,14714.99784,14354.58831,14819.13134,15056.24982,14132.22651,13391.95958,13559.95548,14726.35126,15179.30022,14805.14019,15287.40403,15533.52827,14570.35719,13532.10916,13697.66394,14833.78976,15274.79704,14910.43508,15380.25417,15620.04065,14682.77811,13774.59804,13944.70334,15101.30229,15550.35221,15179.48827,15657.75833,15901.69752,14949.52846
InnerMongoliaEast,MD,y4,13741.41342,13903.65527,15000.15911,15425.96153,15074.22663,15527.58122,15758.87381,14856.67979,13228.28495,13375.65303,14405.21502,14804.84626,14474.69447,14900.36714,15117.45221,14265.13927,13327.73168,13483.13008,14547.2458,14960.36622,14619.10567,15059.07558,15283.60592,14406.57584,13179.14783,13338.06812,14430.97684,14855.69119,14505.02549,14957.09027,15187.54935,14287.06926,14483.1106,14661.96923,15870.74819,16340.1761,15952.30069,16452.17086,16707.28317,15712.57987,14857.95185,15049.63405,16351.20878,16856.48251,16439.10847,16977.39342,17251.97944,16179.34895,15054.48031,15272.24792,16754.42013,17329.80353,16854.47471,17467.38266,17780.08733,16560.6328,14714.00306,14906.88767,16277.74804,16809.90584,16370.29698,16937.17144,17226.31721,16087.6723,13871.47984,14047.92258,15239.82461,15702.56852,15320.23851,15813.00824,16064.55533,15084.3461,14249.75237,14430.35501,15677.9438,16162.42214,15762.22484,16278.06892,16541.30872,15511.74897,14413.3932,14589.21339,15797.18649,16266.08821,15878.67829,16378.20705,16633.15593,15636.52411,14691.50363,14873.04722,16107.16805,16586.3136,16190.58867,16700.92073,16961.21978,15944.97164
InnerMongoliaEast,MD,y5,14651.44522,14824.43175,15993.55227,16447.55462,16072.5254,16555.90359,16802.51347,15840.57092,14102.85833,14260.59976,15361.80271,15789.19028,15436.09028,15891.35876,16123.55213,15212.66134,14205.91645,14369.98112,15497.29401,15935.01333,15573.44228,16039.55409,16277.4132,15347.94954,14053.55814,14223.42301,15391.03157,15844.73494,15470.13842,15953.11427,16199.29997,15235.73676,15404.49887,15595.8432,16889.10291,17391.35336,16976.3559,17511.17078,17784.14064,16720.33173,15819.26464,16021.60832,17393.85985,17926.53632,17486.51921,18053.99665,18343.51551,17213.47058,16031.50826,16260.12544,17826.50372,18434.60035,17932.26498,18580.02866,18910.46929,17620.37615,15765.34222,15976.0291,17457.72336,18032.93298,17557.74971,18170.4453,18482.97714,17253.88332,14750.88231,14940.02596,16216.05894,16711.45987,16302.15233,16829.7215,17099.01165,16049.62052,15208.91804,15399.70679,16724.35396,17238.75726,16813.83281,17361.52762,17641.04476,16547.19548,15368.08247,15556.09856,16846.36945,17347.20984,16933.41384,17466.97537,17739.29389,16674.8687,15643.47128,15836.65563,17150.17721,17660.15115,17238.97089,17782.1294,18059.16501,16977.81118
InnerMongoliaEast,MD,y6,15612.86129,15797.19921,17043.0356,17526.82879,17127.19021,17642.28814,17905.08042,16880.01573,15028.27592,15196.36833,16369.8319,16825.26347,16448.99374,16934.1354,17181.56616,16210.90287,15138.09739,15312.92725,16514.21306,16980.65542,16595.35902,17092.05651,17345.52359,16355.06848,14975.74016,15156.75164,16400.9786,16884.45259,16485.27666,16999.94416,17262.28434,16235.49302,16415.32958,16619.22974,17997.35195,18532.55929,18090.3307,18660.23854,18951.12127,17817.50639,16857.3121,17072.93274,18535.23114,19102.86079,18633.97101,19238.68445,19547.2026,18343.00428,17083.48283,17327.10086,18996.26574,19644.26428,19108.96615,19799.23534,20151.35785,18776.61038,16799.8514,17024.36254,18603.28522,19216.23931,18709.87409,19362.77474,19695.81391,18386.06971,15718.82224,15920.37829,17280.14247,17808.0518,17371.88565,17934.07414,18221.03469,17102.78257,16206.91503,16410.22181,17821.79233,18369.95008,17917.14152,18500.77626,18798.6345,17633.00841,16376.52377,16576.87692,17951.81451,18485.51897,18044.57004,18613.14353,18903.33158,17769.05974,16669.98226,16875.84376,18275.55792,18818.99525,18370.17788,18948.97824,19244.19173,18091.8815
InnerMongoliaEast,MD,y7,16190.86565,16382.02773,17673.98738,18175.691,17761.2572,18295.42388,18567.9458,17504.93156,15584.63879,15758.9538,16975.8605,17448.15251,17057.95282,17561.05505,17817.6458,16811.0473,15698.52537,15879.82862,17125.58661,17609.29664,17209.73529,17724.82172,17987.673,16960.55119,15530.15747,15717.871,17008.15955,17509.5325,17095.57804,17629.2999,17901.35246,16836.54841,17023.04243,17234.49157,18663.63307,19218.65434,18760.05366,19351.06056,19652.71196,18477.12854,17481.38717,17704.9906,19221.42363,19810.06856,19323.81923,19950.92005,20270.86097,19022.08167,17715.93119,17968.56814,19699.52589,20371.51494,19816.39918,20532.22372,20897.38213,19471.73947,17421.7993,17654.62264,19291.99764,19927.64451,19402.53412,20079.60573,20424.97402,19066.7403,16300.74995,16509.76708,17919.87176,18467.32395,18015.01085,18598.01167,18895.59616,17735.94607,16806.91176,17017.74564,18481.57328,19050.02378,18580.45297,19185.6941,19494.58036,18285.80081,16982.79904,17190.57049,18616.4087,19169.87238,18712.59902,19302.22152,19603.15321,18426.88978,17287.12294,17500.60528,18952.13754,19515.69355,19050.26018,19650.48888,19956.63206,18761.66122
InnerMongoliaEast,MD,y8,16781.1365,16979.26913,18318.32812,18838.32274,18408.78002,18962.42174,19244.87851,18143.11007,16154.50009,16334.46731,17591.77642,18079.81131,17676.62617,18196.4626,18461.56746,17420.71623,16275.94424,16465.71943,17765.2266,18269.7322,17852.98282,18390.27826,18664.47621,17593.43957,16094.49314,16288.56805,17623.23834,18141.90275,17713.66665,18265.73196,18547.17123,17447.4966,17686.90485,17905.32809,19381.49891,19954.76975,19481.0927,20091.53803,20403.08316,19188.34265,18144.66282,18378.74812,19968.24291,20585.28687,20075.58649,20732.94448,21068.27021,19758.36713,18384.66555,18650.6069,20460.64816,21163.31012,20582.83531,21331.32341,21713.20144,20223.99249,17968.87255,18204.42406,19878.53121,20528.40786,19991.55323,20683.82475,21036.93266,19646.40925,16939.97572,17155.44738,18611.01013,19176.11692,18709.21261,19310.98668,19618.17869,18421.13907,17401.9235,17622.47927,19146.04507,19737.69441,19248.97102,19878.9234,20200.39372,18943.0862,17601.7641,17816.47783,19291.66551,19864.29227,19391.18441,20001.2135,20312.55856,19095.46395,17941.39624,18163.09761,19670.21749,20255.35459,19772.09134,20395.3146,20713.19273,19472.14169
InnerMongoliaEast,MD,y9,17411.11316,17616.68229,19006.01138,19545.52692,19099.85906,19674.2845,19967.34385,18824.21534,16759.19701,16946.64946,18255.26999,18763.15655,18343.54972,18884.56888,19160.49775,18078.0356,16881.66602,17076.63349,18416.28,18936.44549,18506.77168,19060.67724,19343.33848,18238.8065,16700.61017,16902.46994,18290.00373,18829.16353,18384.01031,18957.95607,19250.51274,18105.45819,18306.00657,18533.39236,20070.24374,20667.09518,20173.93065,20809.48004,21133.86516,19869.68325,18798.89592,19039.35131,20670.07388,21303.08272,20780.18625,21454.54947,21798.60261,20455.70776,19051.11754,19322.79431,21184.20969,21906.84259,21309.8901,22079.66331,22472.34343,20939.25462,18734.81727,18985.18809,20745.96596,21429.519,20864.83333,21592.93325,21964.33065,20503.73219,17529.27823,17754.04905,19270.42833,19859.13964,19372.73727,19999.67727,20319.6886,19072.64003,18073.58784,18300.3117,19874.46337,20485.75645,19980.79494,20631.6503,20963.81634,19663.9354,18262.73225,18486.16184,20019.46171,20614.6363,20122.90027,20756.96085,21080.57189,19815.65655,18589.99063,18819.56257,20380.4922,20986.52172,20486.01021,21131.4753,21460.69127,20175.6599
InnerMongoliaEast,MD,y10,18054.91184,18268.08236,19708.78515,20268.24898,19806.10246,20401.76769,20705.66348,19520.266,17378.89003,17573.27443,18930.28337,19456.95034,19021.82662,19582.85094,19868.98259,18746.49499,17505.88924,17708.06481,19097.24687,19636.64645,19191.0845,19765.47186,20058.58436,18913.21043,17318.13772,17527.46176,18966.30141,19525.39723,19063.78414,19658.95235,19962.3262,18774.93177,18982.89676,19218.689,20812.36768,21431.28803,20919.88982,21578.93975,21915.31813,20604.39136,19494.01114,19743.35739,21434.37792,22090.79315,21548.56167,22247.86082,22604.63455,21212.08547,19755.55841,20037.2815,21967.5247,22716.87759,22097.85294,22896.08888,23303.28832,21713.51162,19427.56282,19687.19078,21513.07635,22221.90441,21636.33931,22391.36098,22776.49137,21261.88536,18177.4475,18410.52934,19982.97732,20593.45791,20089.07005,20739.19218,21071.0368,19777.87655,18741.88318,18976.99146,20609.34822,21243.24412,20719.61168,21394.53385,21738.98202,20391.03644,18938.02091,19169.713,20759.70789,21376.89045,20866.97123,21524.47679,21860.05417,20548.36708,19277.3808,19515.44099,21134.08876,21762.52717,21243.50808,21912.84051,22254.22924,20921.68243
InnerMongoliaEast,MD,y11,18722.24621,18943.29581,20437.24801,21017.39104,20538.16259,21155.84407,21470.9732,20241.76173,18021.23774,18222.80581,19629.97218,20176.10503,19724.89925,20306.65953,20603.36657,19439.3912,18152.93011,18362.57914,19803.10626,20362.44398,19900.41228,20496.03046,20799.97722,19612.26889,17958.23964,18175.30034,19667.32144,20247.08257,19768.40723,20385.5737,20700.16044,19468.87856,19684.53055,19929.03841,21581.62199,22223.41874,21693.11714,22376.52517,22725.33867,21365.95737,20214.53567,20473.09855,22226.62112,22907.29825,22345.02539,23070.17127,23440.13234,21996.1122,20485.75037,20777.88551,22779.47369,23556.52395,22914.61891,23742.35901,24164.60943,22516.07324,20145.63128,20414.85662,22308.22809,23043.25693,22436.04585,23218.97541,23618.34133,22047.7532,18849.3103,19091.0069,20721.57618,21354.62049,20831.58996,21505.74103,21849.85161,20508.89443,19434.60876,19678.40641,21371.09748,22028.4234,21485.43645,22185.30462,22542.48346,21144.71652,19637.99581,19878.25149,21527.01495,22167.00854,21638.24291,22320.05088,22668.03199,21307.86336,19989.89923,20236.75779,21915.23346,22566.89923,22028.69695,22722.76868,23076.77616,21694.97584
InnerMongoliaEast,MD,y12,19073.12525,19298.31794,20820.26851,21411.28443,20923.07453,21552.33238,21873.36709,20621.11758,18360.90232,18565.44911,19994.48342,20549.17353,20090.92181,20681.75725,20983.0705,19800.05927,18498.93285,18714.62771,20191.62285,20765.03521,20291.36551,20902.0447,21213.69344,19996.37309,18292.69817,18513.28129,20030.24308,20619.74556,20133.02144,20760.48833,21080.36621,19830.49836,20102.60471,20350.85923,22028.64791,22680.21677,22141.84405,22835.6653,23189.76149,21809.11004,20622.88352,20888.94066,22695.53006,23396.85101,22817.5357,23564.67576,23945.80155,22456.98931,20895.66719,21197.92862,23255.18893,24053.8213,23394.06528,24244.78318,24678.81764,22986.21149,20423.08322,20690.80707,22593.56566,23332.20276,22722.02415,23508.84777,23910.18312,22329.74068,19253.65795,19498.56068,21152.92447,21795.21411,21264.53929,21948.50377,22297.65396,20937.12047,19778.70181,20029.37884,21761.03564,22433.49352,21878.0184,22594.01121,22959.38808,21530.35546,20005.83528,20249.87438,21926.54372,22577.38189,22039.65602,22733.004,23086.8728,21703.54471,20391.85395,20643.83611,22356.80003,23021.85589,22472.58821,23180.93183,23542.22611,22131.67094
InnerMongoliaEast,MD,y13,19450.87205,19680.5244,21232.61735,21835.33865,21337.45889,21979.17935,22306.57279,21029.52268,18722.58165,18931.99532,20393.92374,20961.3117,20492.54558,21096.94718,21405.20135,20195.92669,18859.39962,19077.20733,20573.79715,21154.90259,20674.88921,21293.68675,21609.46379,20375.53188,18657.13149,18882.63994,20432.72649,21035.05093,20537.74589,21178.93189,21505.76155,20226.56102,20450.60588,20704.62969,22421.52701,23088.30059,22537.36068,23247.36717,23609.75515,22197.47001,21001.23736,21269.86316,23091.62833,23798.79646,23214.64123,23968.00846,24352.36778,22852.14889,21283.00727,21586.51234,23665.99637,24473.28876,23806.40142,24666.35572,25105.03912,23392.34461,20929.65231,21209.35421,23176.41182,23940.04625,23309.20413,24122.60283,24537.51067,22905.79962,19582.88095,19833.98365,21528.01015,22185.69141,21642.30538,22342.69358,22700.19623,21307.05231,20190.95818,20444.24283,22202.81022,22885.71753,22321.59834,23048.70433,23419.78389,21967.6188,20402.25968,20651.86611,22364.79484,23029.69735,22480.35124,23188.69331,23550.21748,22137.11537,20767.85839,21024.32504,22768.12216,23445.14977,22886.00161,23607.08491,23974.86979,22539.29338
InnerMongoliaEast,MD,y14,19825.31654,20059.39027,21641.36138,22255.68601,21748.22157,22402.29619,22735.99198,21434.35811,19083.00579,19296.45048,20786.52279,21364.83279,20887.04268,21503.07976,21817.26857,20584.71439,19222.45806,19444.45929,20969.85896,21562.15097,21072.89695,21703.60704,22025.46191,20767.77646,19016.29618,19246.14505,20826.07301,21439.99236,20933.11473,21586.64349,21919.76486,20615.93887,20844.29597,21103.2103,22853.15945,23532.76889,22971.22366,23694.89738,24064.26222,22624.78953,21405.52825,21679.32477,23536.16036,24256.9425,23661.54148,24429.41184,24821.16974,23292.07118,21692.72234,22002.07032,24121.58615,24944.41864,24264.69334,25141.20222,25588.33037,23842.66536,21332.56457,21617.65128,23622.57658,24400.91079,23757.92486,24586.98232,25009.87836,23346.75482,19959.86674,20215.80374,21942.44179,22612.78357,22058.93646,22772.80748,23137.19228,21717.22886,20579.64985,20837.81114,22630.23267,23326.28544,22751.30725,23492.41079,23870.63365,22390.51299,20795.01926,21049.43183,22795.33549,23473.03681,22913.11583,23635.09447,24003.57807,22563.27153,21167.6561,21429.06015,23206.42626,23896.48723,23326.57503,24061.54011,24436.40542,22973.19235
InnerMongoliaEast,MD,y15,20206.67399,20445.24974,22057.6528,22683.79298,22166.56787,22833.22351,23173.33893,21846.66642,19450.08493,19667.63503,21186.37011,21775.80406,21288.82384,21916.71077,22236.94252,20980.67915,19592.21814,19818.48942,21373.23233,21976.91622,21478.25395,22121.09642,22449.14133,21167.26363,19382.09177,19616.36215,21226.68126,21852.40832,21335.78121,22001.881,22341.41123,21012.50389,21245.25446,21509.14847,23292.75945,23985.44171,23413.09568,24150.68947,24527.15826,23059.99634,21817.28223,22096.34565,23988.89909,24723.54423,24116.69227,24899.33261,25298.62675,23740.11308,22110.00051,22425.29815,24585.58553,25424.24634,24731.44548,25624.81493,26080.54389,24301.30073,21742.91522,22033.4849,24076.97732,24870.28394,24214.92859,25059.93345,25490.96484,23795.84976,20343.81232,20604.67187,22364.52464,23047.75967,22483.26085,23210.86289,23582.25605,22134.97904,20975.51742,21238.64484,23065.54463,23774.98741,23188.94854,23944.30702,24329.80634,22821.21406,21195.02983,21454.33415,23233.8236,23924.56105,23353.87022,24089.73628,24465.30826,22997.29564,21574.83388,21841.26659,23652.82218,24356.15662,23775.28269,24524.38466,24906.46089,23415.10163
InnerMongoliaEast,MD,y16,20584.18027,20827.21386,22469.73965,23107.57814,22580.68978,23259.79993,23606.26865,22254.8129,19815.53065,20036.28379,21578.53286,22177.16768,21682.61113,22320.25489,22645.44036,21368.70556,19964.49796,20197.28079,21791.29051,22410.13112,21898.93487,22557.99479,22894.33399,21580.57175,19741.92601,19979.983,21617.12537,22253.33111,21728.04532,22405.22286,22750.44351,21401.55538,21695.21927,21963.14228,23773.85291,24477.04138,23896.0158,24644.80491,25026.95464,23536.9225,22256.71694,22543.85251,24493.56776,25250.44856,24625.23874,25431.57118,25842.89099,24236.12716,22551.11127,22877.31977,25097.56515,25959.46861,25247.44279,26165.5583,26633.9807,24807.27758,22041.08755,22330.02173,24383.52536,25180.68046,24522.16123,25371.3193,25804.44983,24098.79919,20779.01657,21043.32014,22828.75074,23521.92496,22949.2076,23687.35949,24064.17057,22595.84868,21345.65478,21616.19273,23485.03864,24210.77147,23611.28936,24384.0063,24778.33012,23236.08316,21590.78379,21854.15626,23663.65814,24366.05915,23785.7317,24534.00892,24915.91414,23422.99362,22007.38463,22279.32988,24128.00189,24845.74598,24252.96349,25017.4237,25407.34315,23885.03652
InnerMongoliaEast,MD,y17,20934.15406,21181.31924,22851.77105,23500.45473,22964.60854,23655.26544,24007.62491,22633.18987,20150.32542,20375.70917,21949.12194,22559.7766,22055.2635,22705.75544,23037.51664,21736.02564,20297.57709,20531.99443,22142.71121,22768.12991,22251.51287,22917.49924,23257.35495,21929.32668,20079.8849,20322.59,21990.88303,22639.13887,22103.91171,22793.99212,23145.7457,21768.9952,22010.12554,22283.52047,24131.34425,24848.96495,24256.01255,25020.16227,25410.18511,23890.20193,22602.74759,22891.85834,24852.54654,25613.64187,24984.94025,25795.75742,26209.4268,24594.80515,22906.00344,23232.6534,25470.71559,26339.56921,25621.82721,26547.35949,27019.49553,25176.19559,22525.70282,22826.73408,24943.79618,25765.66248,25086.71521,25962.14202,26408.68972,24652.54745,21076.22958,21346.48152,23169.69082,23877.5256,23292.70238,24046.49922,24431.2643,22931.88187,21730.6769,22003.27807,23895.94878,24630.93356,24023.79662,24806.34967,25205.72736,23642.82265,21958.09277,22226.73311,24070.28693,24785.89282,24194.65623,24957.01477,25346.10747,23825.24457,22351.57123,22627.59549,24504.37077,25233.02697,24631.23914,25407.31049,25803.14248,24258.09199
InnerMongoliaEast,MD,y18,21278.68569,21529.91881,23227.86302,23887.22257,23342.5579,24044.581,24402.73986,23005.68463,20481.95774,20711.04923,22310.35826,22931.0618,22418.24676,23079.44461,23416.66504,22093.75439,20631.63232,20869.90693,22507.13265,23142.84523,22617.72525,23294.67236,23640.12171,22290.23696,20410.35758,20657.05681,22352.80707,23011.73121,22467.69632,23169.13439,23526.67648,22127.26732,22372.3654,22650.26026,24528.49563,25257.9275,24655.21599,25431.9406,25828.38336,24283.38424,22974.74144,23268.60943,25261.56752,26035.18869,25396.14041,26220.30114,26640.77816,24999.58385,23282.98881,23615.01427,25889.90944,26773.06352,26043.50807,26984.27238,27464.17953,25590.54218,22896.42812,23202.41339,25354.31778,26189.7108,25499.58881,26389.42321,26843.32106,25058.27609,21423.10048,21697.79903,23551.01508,24270.4994,23676.05099,24442.25469,24833.35148,23309.29253,22088.31882,22365.40491,24289.22661,25036.30796,24419.17761,25214.60936,25620.56015,24031.93382,22319.47637,22592.53837,24466.43286,25193.81554,24592.84967,25367.75431,25763.2503,24217.35764,22719.43099,22999.99805,24907.66056,25648.30886,25036.61742,25825.46152,26227.80723,24657.32865
InnerMongoliaEast,MD,y19,21628.74431,21884.11054,23609.98698,24280.19384,23726.56841,24440.14055,24804.19249,23384.15444,20818.90918,21051.76987,22677.38717,23308.30391,22787.05113,23459.1257,23801.89582,22457.22039,20971.04532,21213.24055,22877.4016,23523.56975,22989.81299,23677.8959,24029.0284,22656.93647,20746.13026,20996.88894,22720.53482,23390.30009,22837.31437,23550.29155,23913.71628,22491.28679,22740.4162,23022.88234,24932.01741,25673.44755,25060.822,25850.32515,26253.28923,24682.87296,23352.70126,23651.40373,25677.14894,26463.49593,25813.93411,26651.65423,27079.04885,25410.85441,23666.02017,24003.50722,26315.82677,27213.50869,26471.95192,27428.19414,27915.99564,26011.53569,23273.09955,23584.11893,25771.42507,26620.56086,25919.08564,26823.55846,27284.92372,25470.51241,21775.53424,22054.75204,23938.4561,24669.77629,24065.54868,24844.35664,25241.88726,23692.75624,22451.69565,22733.34153,24688.8111,25448.18253,24820.90034,25629.4182,26042.04665,24427.28568,22686.65762,22964.21061,24868.93203,25608.28206,24997.42881,25785.08188,26187.085,24615.75946,23093.19028,23378.37304,25317.41917,26070.25245,25448.4976,26250.31937,26659.28471,25062.96895
InnerMongoliaEast,MD,y20,21972.80535,22232.2346,23985.566,24666.43343,24104.00149,24828.92536,25198.76662,23756.13916,21152.3033,21387.94752,23034.2382,23673.25733,23145.33735,23825.99691,24173.1197,22810.25511,21311.31901,21559.80511,23261.34833,23921.93631,23376.25407,24079.77532,24438.80413,23036.41443,21073.73161,21327.84903,23075.43261,23754.55878,23193.83766,23916.69668,24285.20617,22845.32157,23158.79585,23444.79383,25377.65607,26128.28198,25508.05953,26307.36217,26715.29397,25124.74158,23758.17263,24064.67882,26145.92343,26953.86503,26286.47615,27147.2055,27586.27328,25871.1163,24072.42795,24420.64192,26790.66591,27710.71493,26950.65517,27930.70765,28430.72967,26480.7967,23527.99678,23836.42312,26028.45736,26879.38928,26176.44486,27082.88849,27545.23933,25724.52329,22180.78422,22462.91945,24368.79588,25108.73241,24497.37888,25285.3272,25687.55799,24120.18319,22785.6499,23074.43791,25069.35777,25844.05001,25204.12624,26028.9703,26449.89527,24803.60716,23047.31564,23328.45571,25260.02889,26009.81318,25390.3372,26189.09474,26596.76192,25003.12733,23492.02019,23782.31117,25755.69618,26521.85964,25889.08762,26705.11923,27121.34262,25496.34043
InnerMongoliaEast,MD,y21,22345.78341,22609.61536,24392.71012,25085.13458,24513.15578,25250.3851,25626.50474,24159.38949,21509.09979,21749.68024,23429.19187,24081.0249,23542.49216,24236.84744,24590.98074,23201.72674,21666.28089,21916.50601,23635.83642,24303.42841,23751.97472,24462.86959,24825.6433,23408.06225,21433.90948,21692.98156,23473.77035,24165.73932,23594.42049,24331.03559,24706.50721,23236.92062,23494.31033,23786.14168,25758.56719,26524.57788,25891.64236,26707.32002,27123.64087,25501.1642,24126.89333,24435.49937,26528.40146,27340.81828,26669.72258,27535.21487,27976.7786,26253.27967,24450.60016,24799.27596,27188.25455,28115.69697,27349.55591,28337.49881,28841.47143,26873.87408,24044.65381,24365.98442,26625.80369,27503.09069,26778.35972,27712.81794,28189.478,26314.91628,22497.44102,22785.91629,24732.06768,25487.63222,24863.37331,25668.00051,26078.71097,24478.22277,23196.01821,23487.00076,25507.29871,26291.8445,25643.768,26479.08909,26905.39639,25237.10335,23438.76902,23725.52356,25693.39228,26457.25212,25826.14838,26639.91386,27055.24397,25431.82586,23858.78042,24153.41756,26156.74749,26934.5373,26292.17116,27120.57434,27543.09774,25893.86103
InnerMongoliaEast,MD,y22,22712.94075,22981.1082,24793.49988,25497.30226,24915.92489,25665.267,26047.5669,24556.34544,21862.51154,22107.04358,23814.15109,24476.69374,23929.31158,24635.07563,24995.0281,23582.94711,22022.27417,22276.61041,24024.19078,24702.75133,24142.23687,24864.81239,25233.54662,23792.67474,21786.0843,22049.41237,23859.46178,24562.79909,23982.09457,24730.81191,25112.45348,23618.71985,23880.33837,24176.96469,26181.79898,26960.39591,26317.06016,27146.1397,27569.30359,25920.16734,24523.3157,24836.99302,26964.28209,27790.04851,27107.92515,27987.63853,28436.45656,26684.63993,24852.34081,25206.7462,27634.97663,28577.65757,27798.92879,28803.10401,29315.35801,27315.43144,24439.72477,24766.33472,27063.28445,27954.98553,27218.34734,28168.15921,28652.652,26747.2888,22867.08926,23160.30411,25138.4331,25906.4134,25271.89639,26089.7446,26507.20307,24880.41756,23577.14574,23872.90887,25926.40166,26723.83858,26065.11265,26914.15944,27347.47209,25651.76751,23823.8857,24115.35106,26115.5529,26891.96455,26250.49051,27077.62748,27499.78062,25849.6889,24250.7967,24550.27585,26586.52118,27377.09137,26724.17057,27566.18458,27995.65031,26319.316
InnerMongoliaEast,MD,y23,23085.97605,23358.54681,25200.70557,25916.0665,25325.14107,26086.79089,26475.3694,24959.65601,22221.57837,22470.12776,24205.27173,24878.69661,24322.32395,25039.68109,25405.54394,23970.27163,22383.96594,22642.47823,24418.76161,25108.46643,24538.74627,25273.18964,25647.97936,24183.4425,22143.89699,22411.54981,24251.32603,24966.2172,24375.97358,25136.98754,25524.89814,24006.63153,24272.5469,24574.04448,26611.80631,27403.19115,26749.29005,27591.98593,28022.0982,26345.87701,24926.08414,25244.9136,27407.14055,28246.46885,27553.14248,28447.30445,28903.49502,27122.90605,25260.51266,25620.73895,28088.85062,29047.01438,28255.49544,29276.1636,29796.83017,27764.05758,24841.12062,25173.09509,27507.76944,28414.11561,27665.37846,28630.79011,29123.24019,27186.58337,23242.65561,23540.68662,25551.30432,26331.89727,25686.95978,26518.24021,26942.55462,25289.05129,23964.37418,24264.99525,26352.21483,27162.74792,26493.2034,27356.19435,27796.62401,26073.06896,24215.16578,24511.41961,26544.47246,27333.63538,26681.62549,27522.3472,27951.43448,26274.24172,24649.08975,24953.48624,27023.17571,27826.73003,27163.08589,28018.93015,28455.44775,26751.58174
InnerMongoliaEast,MD,y24,23452.59927,23729.49966,25600.9129,26327.63396,25727.32463,26501.06931,26895.81878,25356.03533,22576.83864,22828.35378,24585.51494,25267.57052,24704.09662,25430.59803,25801.09761,24346.44866,22746.56411,23011.78579,24827.92129,25532.99774,24950.56517,25701.46685,26084.6743,24587.83852,22492.976,22764.20633,24629.48517,25354.34761,24755.86331,25527.4058,25920.733,24383.87716,24718.46262,25023.72062,27086.7545,27887.93295,27225.94125,28079.07482,28514.47686,26816.80682,25358.20542,25685.35226,27906.76267,28769.11693,28056.78157,28975.47675,29444.11486,27613.44903,25693.62453,26065.28943,28594.92681,29576.93654,28765.69037,29811.74654,30345.44292,28264.18797,25112.52706,25441.72477,27781.38499,28689.62489,27939.33985,28906.82899,29400.31804,27456.98302,23674.58514,23975.72127,26009.95211,26799.7208,26147.19512,26988.20873,27417.5284,25744.59529,24320.18595,24628.42319,26757.6948,27584.55828,26901.53875,27781.93334,28231.20606,26474.0472,24599.47374,24899.54783,26961.2064,27761.48553,27100.29015,27952.84116,28387.96431,26687.00219,25074.12784,25383.96981,27490.25438,28308.0177,27632.62957,28503.61954,28947.87312,27213.43278
InnerMongoliaEast,MD,y25,23850.04476,24131.63703,26034.76447,26773.80202,26163.31858,26950.17664,27351.61556,25785.73719,22957.03912,23213.81473,25006.38584,25702.09823,25127.31208,25868.41069,26246.38234,24763.60777,23124.79963,23391.86934,25226.94073,25939.47183,25350.89714,26109.64768,26496.84195,24983.83415,22876.78608,23153.29711,25053.96513,25792.51485,25182.73649,25968.93815,26369.68632,24801.17062,25075.8874,25387.36271,27492.56889,28310.14506,27634.60154,28505.18678,28949.53662,27217.83694,25751.0539,26080.4343,28314.22614,29181.33269,28465.05958,29388.81442,29860.10429,28020.58287,26096.55185,26468.69927,29018.49739,30008.37329,29190.6577,30245.10654,30783.00589,28682.95498,25663.27877,26006.23962,28418.18545,29354.52814,28581.01067,29578.37423,30087.12218,28086.36848,24011.91054,24319.8046,26396.96666,27203.39434,26537.11231,27395.90546,27834.26287,26126.03427,24757.51449,25068.08533,27224.38551,28061.74419,27370.04029,28261.59333,28716.59928,26936.00043,25016.60701,25322.66639,27423.00594,28238.2874,27564.69842,28433.24473,28876.53364,27143.83116,25464.89205,25779.36359,27917.55211,28747.70237,28062.09296,28946.26247,29397.22894,27636.96964
InnerMongoliaEast,MD,y26,24241.2647,24527.47676,26461.82207,27212.98179,26592.48447,27392.24831,27800.27317,26208.70902,23333.6102,23594.5976,25416.5736,26123.6979,25539.48383,26292.73878,26676.91095,25169.8134,23504.12377,23775.5728,25640.74646,26364.96616,25766.7357,26537.93255,26931.47791,25393.65242,23252.04122,23533.08827,25464.93319,26215.59787,25595.81766,26394.91489,26802.23711,25207.993,25487.21518,25803.80085,27943.5384,28774.52572,28087.90049,28972.76688,29424.40566,27664.30044,26173.4582,26508.2409,28778.67351,29660.00319,28931.98169,29870.88916,30349.90937,28480.21426,26524.62208,26902.87428,29494.49736,30500.61021,29669.48118,30741.22657,31287.95018,29153.4516,26084.24183,26432.82896,28884.33762,29836.04035,29049.83427,30063.558,30580.65036,28547.07853,24405.78568,24718.73085,26829.96544,27649.62101,26972.40942,27845.28985,28290.83761,26554.5886,25163.6213,25479.28616,27670.95521,28522.05039,27818.99971,28725.17708,29187.64773,27377.84057,25426.96195,25738.04232,27872.83419,28701.48833,28016.85099,28899.64517,29350.2046,27589.0802,25882.60152,26202.23149,28375.49373,29219.25994,28522.40514,29421.07814,29879.44027,28090.30785
InnerMongoliaWest,MX,y1,46833.90647,46453.77376,47388.6043,48537.20007,48440.08587,49296.75164,50036.56036,48759.46704,45715.21868,45371.87289,46211.34714,47243.12389,47155.7956,47925.20027,48589.71741,47442.81904,45922.41953,45565.86782,46437.91665,47509.61615,47419.02019,48218.2489,48908.51588,47715.81854,45034.33894,44671.12921,45567.03447,46668.05261,46574.87701,47396.09196,48105.19027,46883.2567,45454.63954,45083.11885,45999.15601,47124.86971,47029.62656,47869.13349,48594.146,47345.91372,45232.86297,44854.03686,45781.3553,46920.7009,46824.36341,47674.07453,48407.91684,47140.50973,45637.70467,45238.93917,46235.99587,47461.01148,47357.34775,48271.11833,49060.05426,47707.36539,48282.39381,47900.42169,48852.37852,50022.2876,49923.31748,50795.85743,51549.3985,50253.75117,48547.97286,48160.21624,49111.80423,50281.10392,50182.24331,51054.25691,51807.50012,50506.89566,49801.0682,49409.42247,50384.53201,51582.77912,51481.28852,52375.14178,53146.80846,51822.77517,51072.97048,50688.50782,51641.93056,52813.57319,52714.38561,53588.26713,54342.75643,53044.69063,51808.97851,51421.32937,52375.25228,53547.61983,53448.52304,54322.79086,55077.82374,53776.83129
InnerMongoliaWest,MX,y2,49914.7468,49509.60883,50505.93372,51730.0869,51626.58339,52539.60266,53328.07782,51966.974,48722.46878,48356.53646,49251.23372,50350.88424,50257.81045,51077.82737,51786.05927,50563.71435,48943.30004,48563.29346,49492.7073,50634.90706,50538.34994,51390.15372,52125.82822,50854.67248,47996.7993,47609.69742,48564.53662,49737.98149,49638.67738,50513.91467,51269.65951,49967.34365,48444.74899,48048.78789,49025.08541,50224.85038,50123.34087,51018.07352,51790.77901,50460.4356,48208.38151,47804.6371,48792.95597,50007.25015,49904.57607,50810.18303,51592.29897,50241.51951,48639.85571,48214.85853,49277.50397,50583.10385,50472.62084,51446.50142,52287.33652,50845.66459,51458.51886,51051.42033,52065.99804,53312.86672,53207.38598,54137.32355,54940.43435,53559.55638,51741.56834,51328.30504,52342.48896,53588.70811,53483.34433,54412.72192,55215.51522,53829.35219,53077.0955,52659.68558,53698.94052,54976.01173,54867.84404,55820.49595,56642.92486,55231.79448,54432.66518,54022.9124,55039.05322,56287.76976,56182.05603,57113.42376,57917.54595,56534.08971,55217.08997,54803.94065,55820.61458,57070.10286,56964.48775,57896.26725,58700.96672,57314.39308
InnerMongoliaWest,MX,y3,53196.23195,52764.45904,53826.28442,55130.91579,55020.60819,55993.65165,56833.9619,55383.37673,51925.57076,51535.5827,52489.0987,53661.04107,53561.84856,54435.77617,55190.56792,53887.86386,52160.92019,51755.93142,52746.44626,53963.73629,53860.83213,54768.63398,55552.6735,54197.95059,51152.19503,50739.64335,51757.25665,53007.84564,52902.01282,53834.79015,54640.21747,53252.28626,51629.59337,51207.6012,52248.08231,53526.7222,53418.53987,54372.0931,55195.59789,53777.79504,51377.68806,50947.39911,52000.69211,53294.81644,53185.3921,54150.53577,54984.06852,53544.48664,51837.52768,51384.58969,52517.09596,53908.52861,53790.78201,54828.68715,55724.79991,54188.35038,54841.4937,54407.63143,55488.9115,56817.74997,56705.33558,57696.40864,58552.31749,57080.65819,55143.15208,54702.71939,55783.57836,57111.72608,56999.43535,57989.91091,58845.4814,57368.19116,56566.47845,56121.62848,57229.20502,58590.23348,58474.95401,59490.23584,60366.73259,58862.83174,58011.16706,57574.47557,58657.41932,59988.22825,59875.56614,60868.16284,61725.14848,60250.74175,58847.16059,58406.84957,59490.36243,60821.99416,60709.4348,61702.47203,62560.07399,61082.34467
InnerMongoliaWest,MX,y4,56661.2289,56201.33073,57332.32008,58721.92954,58604.43789,59640.86051,60535.90595,58990.83449,55320.51736,54905.19571,55921.1968,57169.91022,57064.22821,57995.40612,58799.63466,57411.21578,55518.74759,55086.82288,56141.8554,57438.43494,57328.82828,58295.76155,59130.87023,57688.05926,54491.44449,54050.43612,55137.94104,56474.40864,56361.30742,57358.15183,58218.89648,56736.00111,55015.97049,54569.27374,55673.15267,57029.74431,56914.95763,57926.63157,58800.34128,57295.59824,54687.01928,54224.63901,55356.47211,56747.04338,56629.46131,57666.57072,58562.20697,57017.47737,55320.79102,54839.98119,56045.35283,57526.36236,57401.0232,58505.72793,59459.5571,57823.9304,58465.59144,58002.7209,59151.82073,60563.99344,60444.56265,61497.77362,62407.36032,60841.56998,58702.6484,58230.435,59386.17737,60806.38672,60686.28609,61745.42098,62660.28858,61080.8444,60340.90332,59869.41834,61048.31329,62496.89929,62374.20807,63454.83509,64387.69398,62788.09764,61830.58925,61367.59501,62514.73267,63924.47448,63805.1478,64856.61004,65764.46021,64202.40184,62694.98298,62225.10821,63380.7721,64801.07999,64681.01949,65740.15489,66654.84345,65078.15593
InnerMongoliaWest,MX,y5,60413.6475,59923.29438,61129.18204,62610.82102,62485.54699,63590.6078,64544.92715,62897.53384,58970.59038,58527.6891,59610.57348,60941.52024,60828.87008,61821.36714,62678.56608,61199.11701,59237.87,58777.93463,59902.83766,61285.28343,61168.41695,62199.38613,63089.8,61551.27449,58092.28535,57623.76117,58779.43926,60199.70165,60079.51127,61138.84183,62053.54672,60477.30724,58634.45526,58155.20899,59336.85697,60788.97701,60666.1176,61749.04491,62684.27801,61074.11537,58348.37208,57859.70333,59055.90426,60525.6076,60401.33758,61497.42745,62444.05061,60809.15271,58870.60069,58356.21115,59642.36938,61222.58531,61088.86396,62267.58638,63285.27876,61540.37189,62282.1316,61789.40389,63017.38615,64526.51657,64398.85007,65524.38698,66496.42163,64825.09445,62624.71737,62124.52864,63352.03315,64860.37841,64732.8528,65857.71146,66829.362,65151.63874,64241.15344,63735.94831,64993.79585,66539.48164,66408.56251,67561.59287,68557.00827,66849.06531,65881.85078,65385.91117,66615.78319,68127.15101,67999.20199,69126.47047,70099.7283,68425.2813,66831.26897,66331.21775,67561.7367,69074.03807,68946.20735,70073.97476,71047.93171,69369.71104
InnerMongoliaWest,MX,y6,64377.93999,63855.41018,65140.42881,66719.28939,66585.79644,67763.37006,68780.31104,67024.81675,62840.1914,62368.22673,63522.16971,64940.45151,64820.40973,65878.03341,66791.48099,65214.95206,63125.00927,62634.89263,63833.61168,65306.77233,65182.23784,66280.85785,67229.70072,65590.21757,61904.2521,61404.98428,62636.49656,64149.95548,64021.87824,65150.72122,66125.44854,64445.77776,62481.99775,61971.3051,63230.49256,64777.89869,64646.97698,65800.96542,66797.56741,65081.74669,62177.1433,61656.40878,62931.10243,64497.24724,64364.82191,65532.83663,66541.5769,64799.39866,62733.64013,62185.49646,63556.05198,65239.96009,65097.46412,66353.5341,67438.00694,65578.59925,66369.0314,65843.973,67152.53416,68760.69296,68624.64851,69824.04265,70859.86118,69078.86291,66734.09776,66201.08864,67509.14027,69116.46143,68980.56805,70179.23921,71214.64865,69426.83481,68456.6041,67918.24828,69258.63472,70905.74731,70766.23706,71994.92789,73055.66254,71235.64466,70204.96257,69676.47872,70987.05563,72597.59714,72461.2523,73662.49147,74699.61363,72915.28995,71216.68079,70683.81727,71995.08104,73606.61829,73470.39943,74672.16939,75710.03699,73921.69252
InnerMongoliaWest,MX,y7,66761.27894,66219.40433,67551.99483,69189.3071,69050.87178,70272.04044,71326.63063,69506.14536,65166.60078,64677.16353,65873.82632,67344.61523,67220.12871,68316.90677,69264.17118,67629.2781,65461.96323,64953.70237,66196.79854,67724.49675,67595.35231,68734.64463,69718.61428,68018.43631,64196.01216,63678.26157,64955.36554,66524.85413,66392.03516,67562.66855,68573.48194,66831.62723,64795.14746,64265.54776,65571.35124,67176.04414,67040.27647,68236.98551,69270.48327,67491.14083,64479.00647,63938.99335,65260.87728,66885.00208,66747.67473,67958.93085,69005.01577,67198.33927,65056.10501,64487.66839,65908.96338,67655.2117,67507.43936,68810.01037,69934.6327,68006.38771,68826.08299,68281.58597,69638.59084,71306.28488,71165.20512,72409.00249,73483.16714,71636.23417,69204.66457,68651.92143,70008.39947,71675.22509,71534.30062,72777.34715,73851.08935,71997.08887,70990.93947,70432.65251,71822.66171,73530.75162,73386.07684,74660.25573,75760.25904,73872.86266,72804.02339,72255.97587,73615.06971,75285.23666,75143.84382,76389.55436,77465.07089,75614.69069,73853.19632,73300.60549,74660.41333,76331.61152,76190.35108,77436.61158,78512.90171,76658.35126
InnerMongoliaWest,MX,y8,69195.19864,68633.56846,70014.74238,71711.74667,71568.26428,72833.95283,73926.9895,72040.13501,67557.91095,67050.71645,68291.4661,69816.40524,69687.34733,70824.50881,71806.63891,70111.08951,67799.99125,67272.52112,68560.93623,70144.33162,70010.47798,71191.30506,72211.14766,70449.17312,66545.44111,66006.87644,67334.94727,68967.05386,68828.93246,70046.28762,71097.43697,69286.51275,67185.99534,66640.48472,67988.55294,69645.2347,69505.05559,70740.52019,71807.50235,69969.89767,66784.27737,66219.61499,67601.81957,69299.9974,69156.4045,70422.93135,71516.69264,69630.25351,67558.24447,66971.07562,68443.08483,70251.70907,70098.64301,71447.71796,72612.54296,70615.10135,71398.70352,70833.44132,72236.73249,73961.28919,73815.44087,75101.63076,76212.42716,74300.26897,71688.19964,71111.52796,72522.9312,74257.3028,74110.6359,75404.0608,76521.3058,74592.47408,73688.85112,73113.06881,74552.74578,76321.77273,76171.94034,77491.61173,78630.8283,76677.38685,75508.06916,74942.6559,76343.55121,78065.14081,77919.41691,79203.47307,80312.14709,78404.54763,76563.67452,75989.86005,77401.16602,79135.65984,78989.03994,80282.46498,81399.49116,79474.0261
InnerMongoliaWest,MX,y9,71792.83536,71210.12204,72643.14565,74403.85619,74254.98771,75568.19134,76702.2618,74744.5733,70077.97091,69551.6485,70838.49956,72420.13725,72286.26791,73465.70656,74484.36244,72726.25291,70395.59458,69849.02896,71185.81356,72828.64942,72689.77033,73914.9267,74973.05535,73144.74041,69034.23504,68477.46163,69850.81702,71538.59308,71395.76305,72654.62452,73741.61871,71868.48633,69678.52508,69109.01002,70513.22746,72238.86186,72092.85968,73379.76104,74491.1515,72577.70578,69338.557,68757.84468,70179.35449,71925.88504,71778.20668,73080.75072,74205.67411,72262.83615,69959.14994,69347.87159,70876.28492,72754.14195,72595.23229,73995.97355,75205.35324,73131.78276,74013.25734,73427.72328,74887.00079,76680.38235,76528.67001,77866.20816,79021.32872,77035.19892,74420.37118,73825.96906,75284.68044,77077.12997,76925.58377,78262.31388,79416.9784,77423.24963,76341.2706,75740.90835,77235.6767,79072.49941,78916.92132,80287.13033,81470.03714,79440.39395,78291.00082,77701.64848,79163.17281,80959.21192,80807.16502,82146.75984,83303.33433,81313.49795,79419.2456,78825.00789,80287.3003,82084.45068,81932.54289,83272.72916,84430.13707,82435.81473
InnerMongoliaWest,MX,y10,74447.47257,73843.21179,75329.22425,77155.03995,77000.66604,78362.42798,79538.43065,77508.35527,72669.2,72123.41449,73457.84875,75097.96847,74959.15074,76182.1999,77238.52182,75415.40326,72998.56789,72431.79188,73818.00467,75521.5857,75377.57333,76648.0313,77745.28518,75849.3661,71586.8686,71009.50925,72433.64523,74183.82879,74035.7179,75341.12772,76468.31405,74525.92065,72254.98241,71664.40952,73120.54976,74909.98922,74758.59008,76093.07652,77245.56157,75261.36371,71902.44355,71300.25924,72774.33011,74585.44114,74432.3033,75783.01044,76949.52988,74934.85199,72545.98365,71912.10294,73497.03165,75444.32456,75279.53926,76732.07457,77986.17297,75835.92956,76749.99812,76142.81271,77656.04866,79515.74376,79358.42036,80745.41509,81943.24973,79883.67968,77172.16381,76555.78369,78068.43299,79927.16006,79770.01045,81156.16906,82353.52922,80286.0782,79164.09161,78541.53001,80091.57012,81996.31161,81834.98073,83255.85515,84482.5024,82377.81029,81185.91556,80574.77184,82090.33798,83952.78879,83795.11852,85184.24703,86383.5873,84320.17485,82355.87925,81739.66903,83256.03135,85119.63419,84962.10906,86351.85156,87552.05456,85483.99016
InnerMongoliaWest,MX,y11,77199.15282,76572.5578,78113.49456,80006.79529,79846.71494,81258.80936,82478.27968,80373.16912,75355.15259,74789.19315,76172.95067,77873.69048,77729.74195,78997.997,80093.36258,78202.85927,75696.69365,75108.96785,76546.41773,78312.96647,78163.63048,79481.04615,80618.85579,78652.86084,74232.81664,73634.11634,75110.89114,76925.76211,76772.17819,78125.83706,79294.68597,77280.49966,74925.62444,74313.22223,75823.18418,77678.76392,77521.76788,78905.5791,80100.66303,78043.12616,74560.05433,73935.61416,75464.1681,77342.22011,77183.42159,78584.05348,79793.68854,77704.54637,75227.38073,74570.07169,76213.58107,78232.84767,78061.9725,79568.1964,80868.64712,78638.92892,79586.78158,78957.15421,80526.32166,82454.75381,82291.61581,83729.87602,84971.98245,82836.28952,80024.55195,79385.39062,80953.94735,82881.3756,82718.41796,84155.81097,85397.42745,83253.56134,82090.10415,81444.53138,83051.86314,85027.00683,84859.71248,86333.10478,87605.08949,85422.60612,84186.65723,83552.92429,85124.50861,87055.79825,86892.30001,88332.77247,89576.44188,87436.76215,85399.86364,84760.87792,86333.2872,88265.77109,88102.42429,89543.53348,90788.09741,88643.59472
InnerMongoliaWest,MX,y12,78645.96403,78007.6251,79577.44178,81506.2248,81343.14488,82781.7036,84024.02852,81879.46595,76785.05373,76208.58632,77618.79914,79352.01707,79205.32947,80497.80678,81614.07849,79686.94926,77060.19777,76460.68482,77925.074,79724.73062,79572.59501,80914.70072,82073.83477,80071.20761,75634.29822,75022.17711,76531.63668,78386.65874,78229.67149,79613.29576,80808.01283,78749.74904,76362.34089,75742.32443,77274.51324,79157.46678,78998.14128,80402.34746,81615.06086,79526.47269,75905.75673,75263.97167,76834.9598,78765.07552,78601.87096,80041.38258,81284.53006,79140.43949,76785.43322,76118.06842,77791.12679,79846.77333,79672.80375,81206.13593,82530.05378,80259.7992,81150.42678,80507.96012,82102.91474,84063.01398,83897.24441,85359.10396,86621.61348,84448.29166,81479.46157,80824.02725,82428.20276,84399.45772,84232.7574,85702.83979,86972.67974,84780.40671,83753.36547,83098.94277,84735.25246,86745.89433,86575.59855,88075.51162,89370.32272,87150.07919,85821.05448,85178.41641,86770.64757,88727.37358,88561.7471,90021.17995,91281.27845,89113.13843,87020.83426,86368.64746,87972.71228,89944.10464,89777.45981,91247.54303,92517.13448,90328.68621
InnerMongoliaWest,MX,y13,80203.56196,79552.57987,81153.48669,83120.46971,82954.15983,84421.20909,85688.139,83501.10306,78287.79657,77699.81204,79137.42136,80904.35055,80754.79958,82072.4125,83210.40576,81246.32947,78642.62987,78032.0318,79525.42333,81360.7221,81205.57424,82574.26051,83756.35139,81713.84414,77121.78113,76499.78202,78034.02943,79919.53251,79759.96948,81166.3103,82380.64752,80288.0734,77841.55201,77205.31745,78774.04283,80701.83821,80538.7328,81976.39837,83217.99042,81080.38027,77461.75553,76813.01271,78401.05511,80352.19657,80187.21798,81642.35813,82899.06938,80728.62302,78155.05275,77472.16295,79179.6333,81277.4859,81099.95974,82664.8018,84015.86352,81699.36966,82684.11039,82029.97931,83660.2153,85663.69741,85494.21051,86988.44391,88278.89102,86060.08159,83138.91832,82474.88132,84104.48457,86106.9229,85937.6227,87430.95647,88720.89391,86493.59181,85284.8566,84614.16,86284.04489,88336.05706,88162.25183,89692.98406,91014.47198,88747.05143,87463.00303,86804.60584,88437.35301,90443.80439,90273.9424,91770.47492,93062.54499,90839.59358,88723.42465,88059.57173,89693.17457,91700.86609,91531.16176,93028.35528,94321.35536,92093.39362
InnerMongoliaWest,MX,y14,81747.54357,81084.03014,82715.75583,84720.60437,84551.09296,86046.38462,87337.70291,85108.56607,79794.89859,79195.59466,80660.87926,82461.82393,82309.39329,83652.371,84812.2732,82810.38555,80156.56281,79534.21006,81056.35105,82926.98057,82768.84597,84163.88028,85368.72713,83286.90126,78606.43728,77972.46284,79536.24684,81458.04681,81295.41282,82728.82597,83966.54143,81833.68288,79340.06368,78691.58168,80290.50564,82255.41238,82089.1681,83554.51006,84820.00303,82641.24143,78952.95647,78291.7245,79910.33814,81899.03951,81730.88611,83214.0394,84494.94291,82282.71318,79659.59987,78963.56332,80703.90356,82842.14189,82661.19821,84256.16456,85633.23544,83272.14708,84275.84488,83609.12165,85270.74132,87312.79134,87140.04186,88663.04021,89978.33007,87716.80617,84739.40816,84062.58779,85723.56182,87764.54946,87591.99042,89114.07145,90428.84171,88158.66332,86926.65837,86243.04967,87945.08181,90036.59589,89859.44493,91419.64541,92766.5733,90455.50233,89146.7346,88475.66451,90139.84169,92184.91845,92011.7882,93537.12927,94854.07267,92588.32802,90431.42132,89754.78797,91419.8395,93466.18063,93293.20922,94819.22502,96137.11671,93866.26412
InnerMongoliaWest,MX,y15,83320.02819,82643.7516,84306.86552,86350.27918,86177.50623,87701.56038,89017.71968,86745.70205,81329.82214,80718.99082,82212.46083,84048.04899,83892.68578,85261.49728,86443.71066,84403.31493,81698.44498,81064.11909,82615.53968,84522.15282,84360.97627,85782.84529,87010.869,84888.99641,80118.50032,79472.33051,81066.19431,83024.96293,82859.20101,84320.18679,85581.71036,83407.82475,80866.23856,80205.28203,81834.96354,83837.66679,83668.22364,85161.7525,86451.58937,84230.91742,80471.68452,79797.73312,81447.4834,83474.43842,83303.04983,84814.73167,86120.27623,83865.49209,81191.92107,80482.49576,82256.31203,84435.68194,84251.25836,85876.90559,87280.46507,84873.95949,85896.96298,85217.41589,86910.99779,88992.32827,88816.25498,90368.55101,91709.14153,89404.11484,86369.44421,85679.60506,87372.52871,89452.77609,89276.89766,90828.25725,92168.31809,89854.47061,88598.76811,87902.00945,89636.78133,91768.52739,91587.96888,93178.18121,94551.01821,92195.49238,90861.54984,90177.56991,91873.75962,93958.17508,93781.71379,95336.39576,96678.67302,94369.34433,92170.94698,91481.29869,93178.3795,95264.08299,95087.7849,96643.1557,97986.39736,95671.86271
InnerMongoliaWest,MX,y16,84876.63663,84187.7262,85881.90944,87963.49947,87787.49918,89340.02709,90680.77407,88366.30941,82868.29649,82246.15921,83768.09469,85638.62451,85480.31733,86875.1906,88079.8978,86000.09232,83165.23792,82518.23009,84098.63428,86040.86702,85876.67887,87325.11315,88576.07807,86414.79403,81626.37429,80965.75651,82594.80266,84596.78748,84427.36434,85920.60385,87209.97214,84988.64361,82412.09452,81742.95743,83396.5321,85428.66164,85256.71448,86772.16812,88080.95696,85826.902,81919.33768,81226.70752,82922.15635,85005.18504,84829.05048,86382.60554,87724.24066,85410.28506,82868.70585,82148.46949,83954.07597,86172.57884,85984.82537,87639.63604,89068.43942,86618.32599,87579.51263,86886.14737,88607.4607,90722.84851,90543.94642,92121.6196,93484.15099,91138.64909,87934.61577,87227.25587,88958.51978,91085.94662,90906.03934,92492.58854,93863.02985,91497.07477,90388.66782,89682.39843,91448.34364,93618.27823,93434.48991,95053.23258,96450.62484,94054.48371,92620.16834,91926.61722,93644.99223,95756.7377,95577.99001,97153.04662,98512.9746,96173.06404,93915.00001,93211.14477,94942.28918,97069.8636,96890.01764,98476.56644,99846.74009,97484.9137
InnerMongoliaWest,MX,y17,86319.71345,85619.09092,87342.07869,89459.05885,89280.06747,90858.99128,92222.53374,89868.71849,84257.857,83625.034,85172.27198,87073.94467,86912.98807,88331.07996,89555.85547,87442.00121,84639.75021,83982.5884,85589.86261,87565.11729,87398.13809,88871.19745,90143.43212,87945.168,83002.92514,82333.49201,83984.73836,86014.02574,85842.295,87355.87983,88662.82069,86410.67132,83777.58391,83092.83028,84781.18389,86855.98826,86680.44487,88227.74383,89564.01704,87263.39705,83368.82469,82670.60933,84379.75345,86479.68393,86302.12438,87868.23027,89220.77659,86884.81601,84114.99071,83380.02448,85217.70353,87475.53324,87284.47069,88968.64396,90422.73468,87929.58997,88989.42475,88285.4111,90039.96539,92196.22778,92013.81624,93621.99714,95010.85151,92622.84025,89478.91472,88764.2397,90518.11336,92673.25243,92491.04304,94098.25388,95486.5602,93089.40961,91788.49882,91066.65548,92863.88353,95072.37604,94885.31776,96532.78102,97955.04232,95514.71225,94132.7456,93424.14132,95181.39638,97340.8568,97158.04093,98768.69579,100159.2967,97766.82793,95489.28406,94774.80655,96532.98518,98693.77937,98511.13357,100122.4997,101514.1013,99116.23907
InnerMongoliaWest,MX,y18,87740.35461,87028.20044,88779.54509,90931.36701,90749.42951,92354.33872,93740.32192,91347.7676,85644.56363,85001.32618,86574.02864,88506.99717,88343.39227,89784.82237,91029.75632,88881.11267,86032.7414,85364.76456,86998.49155,89006.25456,88836.52631,90333.82961,91627.00281,89392.56068,84368.9773,83688.52746,85366.94981,87429.63487,87255.07914,88793.57392,90122.02413,87832.8089,85156.38513,84460.36323,86176.50359,88285.45537,88107.02285,89679.78765,91038.05196,88699.56869,84740.89972,84031.19311,85768.46591,87902.95675,87722.47626,89314.35626,90689.16237,88314.75693,85499.34686,84752.28394,86620.20753,88915.19632,88720.98897,90432.87975,91910.90168,89376.72582,90454.00316,89738.4029,91521.83281,93713.58392,93528.1701,95162.81845,96574.53011,94147.21635,90951.54939,90225.11222,92007.85023,94198.45944,94013.25055,95646.91313,97058.06753,94621.46495,93299.14378,92565.42003,94392.22711,96637.06758,96446.93004,98121.50651,99567.17574,97086.68257,95681.97164,94961.70528,96747.88096,98942.88087,98757.05818,100394.221,101807.7079,99375.86328,97060.83637,96334.59934,98121.71442,100318.0698,100132.4185,101770.3049,103184.8093,100747.4843
InnerMongoliaWest,MX,y19,89183.78013,88459.91139,90240.06724,92427.28958,92242.35806,93873.66973,95282.45474,92850.54081,87053.51206,86399.69265,87998.26788,89963.03707,89796.73964,91261.88295,92527.29679,90343.30685,87448.07543,86769.10948,88429.71338,90470.50688,90297.98694,91819.92325,93134.36851,90863.16799,85756.94101,85065.29731,86771.33133,88867.94983,88690.52177,90254.32679,91604.63213,89277.75562,86557.30281,85849.83138,87594.20274,89737.84923,89556.48136,91155.11923,92535.73011,90158.7749,86134.98108,85413.59986,87179.45354,89349.05778,89165.60805,90783.67652,92181.10023,89767.63291,86905.9058,86146.55292,88045.20563,90377.95035,90180.54798,91920.60132,93422.93829,90847.07236,91942.07167,91214.69975,93027.46959,95255.27712,95066.81311,96728.35276,98163.28786,95696.04295,92447.80335,91709.41536,93521.48211,95748.12942,95559.873,97220.41139,98654.78035,96178.09372,94834.01861,94088.22589,95945.08371,98226.8549,98033.58848,99735.71503,101205.1667,98683.86661,97256.04768,96523.93099,98339.49151,100570.6014,100381.7217,102045.8168,103482.5575,101010.7079,98657.59478,97919.41137,99735.92614,101968.4143,101779.7087,103444.5395,104882.3143,102404.8917
InnerMongoliaWest,MX,y20,90602.4818,89867.09766,91675.57139,93897.58587,93709.71306,95366.97598,96798.17028,94327.57162,88458.65782,87794.54875,89419.15615,91415.87524,91246.88782,92735.85928,94021.83652,91801.72772,88775.63181,88084.97503,89771.9954,91845.25244,91669.98841,93216.13406,94551.49143,92244.40487,87132.95299,86427.77179,88166.71355,90303.75358,90122.90162,91716.87682,93093.2258,90722.04508,87971.68167,87257.40285,89022.52899,91191.74715,91008.19947,92625.88696,94022.96741,91616.85399,87445.6816,86706.32577,88516.15069,90739.70235,90551.68555,92210.04418,93642.18759,91172.13206,88459.09489,87690.27008,89617.68388,91985.84882,91785.42951,93551.87483,95077.06851,92461.66721,93487.69641,92747.55637,94584.99071,96843.084,96652.11246,98336.21836,99790.66678,97286.93438,93866.75543,93111.67567,94959.73241,97230.6765,97038.63389,98732.21186,100195.1047,97669.54077,96486.35906,95732.44491,97617.52188,99933.84204,99737.65547,101465.5996,102957.2613,100399.4736,98868.3984,98128.06002,99962.3578,102216.5631,102025.7572,103707.0676,105158.7389,102660.9767,100250.5809,99499.2427,101347.171,103618.2739,103426.2942,105119.8737,106582.4806,104061.3229
InnerMongoliaWest,MX,y21,92140.41693,91392.54931,93231.72102,95491.45436,95300.39272,96985.78548,98441.27638,95928.73852,89939.52454,89264.02988,90915.6007,92945.50635,92773.69671,94287.413,95594.77661,93338.38271,90347.16901,89645.69415,91361.34995,93469.79979,93291.56102,94863.9523,96221.9745,93875.47798,88599.96966,87885.39614,89647.98924,91814.11524,91630.80543,93246.45434,94641.52468,92237.507,89426.86481,88695.93883,90498.14058,92712.85302,92525.47315,94177.10983,95603.48914,93147.73457,88990.54224,88245.24618,90069.64108,92311.17247,92121.64191,93793.35304,95237.10344,92743.6252,89787.02397,89002.499,90964.09497,93374.17494,93170.22905,94967.96945,96520.11252,93858.85066,94990.15185,94238.66506,96111.53185,98413.1962,98218.48344,99935.10739,101417.614,98868.57384,95512.64992,94749.78227,96621.92215,98922.38726,98727.89076,100443.4792,101925.3997,99366.60542,97977.97182,97207.45364,99125.87167,101483.2874,101283.6155,103042.1702,104560.3379,101955.4515,100480.2958,99723.90903,101599.6594,103904.7349,103709.5936,105428.8577,106913.2294,104359.4319,101928.309,101165.6526,103042.3876,105348.8889,105153.9277,106873.9512,108359.3914,105799.8368
InnerMongoliaWest,MX,y22,93654.35,92894.19477,94763.58656,97060.44876,96866.24809,98579.33368,100058.7368,97504.91659,91417.29655,90730.70249,92409.41036,94472.66851,94298.03545,95836.62377,97165.46932,94871.99944,91831.63912,91118.63831,92862.48291,95005.57644,94824.40891,96422.63469,97802.97256,95417.92019,90055.73178,89329.41665,91120.97048,93322.68758,93136.36679,94778.56127,96196.55332,93753.03689,90896.21366,90153.2779,91985.09079,94236.19267,94045.7344,95724.50799,97174.32457,94678.21924,90452.72243,89695.17943,91549.55054,93827.91339,93635.26654,95334.44619,96801.91829,94267.47005,91262.29084,90464.87395,92458.70175,94908.38134,94701.08401,96528.3616,98106.00762,95401.01917,96550.90885,95787.07394,97690.71383,100030.1954,99832.28525,101577.1139,103083.9799,100493.0561,97081.9908,96306.58911,98209.48992,100547.7535,100350.0611,102093.8381,103600.1094,100999.2715,99587.82135,98804.64284,100754.581,103150.7323,102947.7782,104735.2268,106278.339,103630.6528,102131.2599,101362.444,103269.0153,105611.9655,105413.6169,107161.1298,108669.8904,106074.1324,103603.0651,102827.8778,104735.4497,107079.8467,106881.6816,108629.9672,110139.8138,107538.205
InnerMongoliaWest,MX,y23,95192.52268,94419.88231,96319.97617,98654.56138,98457.17079,100198.3917,101702.0927,99106.32923,92918.72759,92220.85694,93927.13569,96024.28054,95846.77958,97410.63649,98761.30668,96430.17033,93339.87477,92615.16383,94387.65002,96565.94082,96381.79772,98006.2732,99409.28059,96985.05736,91534.80065,90796.55751,92617.53504,94855.41262,94666.03069,96335.19626,97776.47734,95292.82959,92389.08649,91633.94826,93495.84684,95783.92086,95590.33368,97296.67921,98770.30755,96233.20682,91938.31139,91168.32696,93053.15345,95368.93541,95173.12529,96900.21122,98391.78543,95815.71156,92761.17612,91950.66281,93977.23619,96467.14883,96256.44631,98113.73568,99717.29241,96967.87755,98136.65284,97360.27353,99295.17827,101673.0837,101471.9219,103245.4073,104777.0216,102143.5463,98676.45785,97888.32126,99822.47499,102199.1416,101998.2022,103770.6186,105301.628,102658.0747,101223.4431,100427.4021,102409.366,104844.8705,104638.5838,106455.3894,108023.8452,105332.6741,103808.6549,103027.2129,104965.097,107346.5265,107144.921,108921.1343,110454.675,107816.2843,105304.632,104516.7135,106455.6151,108838.5165,108637.0969,110414.0956,111948.7397,109304.4021
InnerMongoliaWest,MX,y24,96704.25156,95919.34153,97849.61064,100221.2714,100020.7451,101789.618,103317.2,100680.2138,94416.04773,93707.21505,95441.23308,97572.42406,97392.05663,98981.30573,100353.8898,97984.26273,94754.36928,94017.19999,95817.83459,98030.71849,97843.6519,99493.92483,100919.2122,98456.75269,93001.06325,92248.38879,94104.4435,96385.40588,96192.37309,97893.69731,99362.73877,96831.86752,93896.27529,93133.89311,95017.89432,97333.20183,97137.29391,98863.92651,100355.0964,97786.93802,93334.85093,92545.7023,94477.41386,96850.71363,96650.03441,98420.07843,99948.67063,97312.26605,94416.51504,93595.91299,95653.13173,98180.78515,97966.86668,99852.27722,101480.1864,98688.64762,99783.77632,98993.79028,100954.9696,103365.1373,103161.3046,104958.8296,106511.2305,103838.8795,100188.3633,99382.43211,101354.9482,103778.8318,103573.8564,105381.492,106942.9052,104247.2533,102984.3879,102179.7003,104191.7307,106664.0469,106454.6482,108298.9642,109891.0842,107161.0381,105526.8498,104736.6527,106694.485,109100.5031,108896.846,110691.3871,112240.8235,109574.8448,107002.118,106200.1785,108172.5607,110596.6138,110391.7054,112199.3411,113760.4502,111069.5009
InnerMongoliaWest,MX,y25,98343.0741,97544.86282,99507.84293,101919.6955,101715.7721,103514.6217,105068.0903,102386.4152,95994.02424,95273.05597,97035.80713,99202.36159,99018.98562,100634.6006,102029.9737,99621.68486,96429.10988,95680.41409,97511.56356,99761.94788,99571.71093,101249.9509,102699.3936,100194.9367,94564.29359,93801.61722,95682.86305,97994.80733,97799.15693,99523.56601,101012.5489,98446.70204,95446.85378,94666.72247,96590.24409,98954.04625,98754.05145,100516.8721,102039.2719,99418.20221,94981.15891,94185.69058,96132.89936,98525.3255,98323.03489,100107.2827,101648.2232,98986.88894,95831.25835,94993.91998,97087.56573,99659.88656,99442.21017,101360.9701,103017.5996,100177.1889,101384.6459,100582.571,102581.5148,105038.1208,104830.3007,106662.4838,108244.789,105524.1541,101942.3173,101128.0952,103126.2625,105581.5902,105374.0005,107205.0775,108786.7588,106055.7119,104573.599,103751.2114,105798.7719,108314.8845,108101.7701,109978.7064,111599.0726,108818.832,107244.3725,106437.0679,108439.0898,110899.3362,110691.0577,112526.0583,114110.3555,111384.6423,108789.862,107975.866,109978.939,112440.707,112232.62,114068.4314,115653.8683,112922.0117
InnerMongoliaWest,MX,y26,99956.2276,99144.92291,101140.1024,103591.5182,103384.2486,105212.6052,106791.5573,104065.8935,97568.64651,96835.85118,98627.51708,100829.6093,100643.2262,102285.3429,103703.6047,101255.812,98010.86759,97249.89063,99111.07795,101398.3759,101205.018,102910.7874,104384.0052,101838.4664,96115.46305,95340.27556,97252.38054,99602.24834,99403.38865,101156.0835,102669.4911,100061.5538,97012.49975,96219.57257,98174.64529,100577.222,100373.9467,102165.683,103713.0563,101048.9913,96539.16644,95730.64897,97709.79901,100141.4698,99935.86045,101749.3754,103315.5918,100610.6032,97403.20965,96552.13649,98680.12504,101294.6407,101073.3931,103023.627,104707.4299,101820.4272,103047.6915,102232.4596,104264.1927,106761.0957,106549.8667,108412.1031,110020.3638,107255.1017,103614.51,102786.9322,104817.8769,107313.4796,107102.4851,108963.5989,110571.2232,107795.3787,106288.9542,105453.0768,107534.2239,110091.6085,109874.9982,111782.7225,113429.6674,110603.8226,109003.5377,108182.9896,110217.8513,112718.4544,112506.7597,114371.8605,115982.1437,113211.7203,110574.3776,109747.0296,111782.9597,114285.1077,114073.6095,115939.5345,117550.9767,114774.3083
Jiangsu,JS,y1,101046.8144,96586.627,103536.2111,119910.9859,123338.1195,120386.8876,116197.9901,112684.1138,77288.81499,73430.34909,79248.51163,92957.57943,95826.69541,93356.04682,89848.96834,86796.95608,90071.15686,87202.71826,91645.58675,102113.599,104304.3186,102417.7983,99739.97919,97473.75715,88866.87981,86524.38632,90117.96228,98584.97688,100356.8929,98830.9621,96665.05297,94813.07059,88907.07889,86312.14216,90308.1933,99723.47514,101693.8795,99997.16424,97588.63103,95550.23358,92712.09813,89591.34375,94460.49296,105932.9621,108334.0632,106266.3548,103331.5936,100867.0142,107141.1518,102889.7798,109456.7597,124929.6344,128167.9446,125379.3975,121421.2079,118066.9269,111220.4818,106873.1036,113515.4253,129165.5834,132441.0458,129620.427,125616.9455,122194.2757,98833.14027,95350.84613,100640.0494,113102.5179,115710.9547,113464.8807,110276.6512,107516.3305,87368.68271,84824.393,88713.15246,97875.5905,99793.31664,98141.86311,95798.00465,93780.20106,89710.69763,86982.41269,91192.30231,101111.6344,103187.6546,101399.9089,98862.3521,96718.78663,97413.40784,93623.38711,99518.13733,113407.3716,116314.3388,113810.9423,110257.9948,107270.6815
Jiangsu,JS,y2,106367.6606,101672.6129,108988.1489,126225.1652,129832.7625,126726.1254,122316.6611,118617.7511,81358.63211,77296.98919,83421.51763,97852.47035,100872.6645,98271.91636,94580.16817,91367.44085,94814.05545,91794.57335,96471.39103,107490.6212,109796.6977,107810.8362,104992.0119,102606.4578,93546.36397,91080.52253,94863.3256,103776.191,105641.409,104035.1279,101755.1692,99805.66632,93588.68103,90857.10095,95063.57274,104974.6394,107048.7994,105262.7397,102727.3794,100581.6447,97594.06209,94308.97739,99434.52404,111511.1005,114038.636,111862.0548,108772.7506,106178.3906,112782.9132,108307.673,115220.449,131508.0822,134916.9132,131981.527,127814.9131,124284.0121,117077.0464,112500.7526,119492.826,135967.0869,139415.0302,136445.8822,132231.5939,128628.6948,104037.4206,100371.7604,105939.4784,119058.1797,121803.9775,119439.6324,116083.5176,113177.8384,91969.27766,89291.01208,93384.54277,103029.4487,105048.156,103309.7448,100842.4645,98718.40772,94434.61596,91562.66594,95994.23843,106435.8916,108621.2296,106739.3494,104068.1692,101811.7317,102542.9299,98553.33676,104758.4891,119379.0948,122439.1327,119803.9145,116063.8762,112919.2599
Jiangsu,JS,y3,111964.4393,107022.35,114722.8064,132866.7923,136664.2188,133394.1189,128752.6218,124859.1007,85639.50121,81364.14625,87810.93334,103001.2023,106180.3143,103442.7181,99556.71735,96174.95026,99802.9135,96624.55355,101547.4538,113146.4791,115573.8967,113483.5533,110516.4064,108005.3297,98468.51929,95872.93246,99854.77558,109236.6121,111199.9758,109509.1788,107109.2487,105057.168,98513.0623,95637.75552,100065.5572,110498.1235,112681.414,110801.3802,108132.6139,105873.9769,102729.1961,99271.25777,104666.4957,117378.5071,120039.0375,117747.9263,114496.0814,111765.2084,118717.2397,114006.5196,121283.0319,138427.6858,142015.8762,138926.0298,134540.1823,130823.502,123237.325,118420.2262,125780.2177,143121.3041,146750.6755,143625.2921,139189.2582,135396.7879,109511.5847,105653.0399,111513.7283,125322.7008,128212.9737,125724.2215,122191.5172,119132.9489,96808.45102,93989.26188,98298.18323,108450.5811,110575.5068,108745.6234,106148.5192,103912.6999,99403.50876,96380.44526,101045.1937,112036.259,114336.5836,112355.6848,109543.9535,107168.7872,107938.4636,103738.9466,110270.5974,125660.496,128881.5505,126107.6657,122170.8392,118860.7631
Jiangsu,JS,y4,117788.7301,112589.5545,120690.5793,139778.3999,143773.3593,140333.1526,135450.2146,131354.1536,90314.90783,85829.04915,92605.21401,108571.5501,111913.0731,109035.6165,104951.1053,101407.4577,105271.9701,101988.5861,107062.3505,119016.875,121518.6829,119364.2552,116306.1714,113707.8245,103512.5256,100785.365,104965.7811,114815.4003,116876.6781,115101.5681,112581.9724,110414.0113,103796.1597,100731.9831,105467.6208,116625.5262,118960.6452,116949.8774,114095.5574,111694.9536,108590.922,104927.6187,110623.5548,124044.0158,126852.8101,124434.006,121000.9355,118089.4593,125136.5197,120136.8315,127855.5022,146042.0409,149848.3004,146570.7139,141918.3044,138005.5187,129452.3692,124355.5331,132170.3439,150583.1084,154436.7773,151118.2444,146408.0565,142396.5961,114684.1652,110739.8793,116722.3708,130818.2691,133768.5676,131228.1148,127622.0091,124475.448,101580.7917,98625.494,103130.8265,113746.1145,115967.9394,114054.6065,111339.0725,109012.8989,104806.9225,101599.0718,106563.7236,118261.3414,120709.5552,118601.3159,115608.8402,113073.4042,113746.2612,109296.9759,116208.6286,132493.9085,135902.356,132967.0942,128801.2184,125300.1771
Jiangsu,JS,y5,124042.7238,118567.5007,127098.6515,147199.9443,151407.0053,147784.1483,142641.9536,138328.4074,94877.95533,90141.39129,97283.63041,114112.5662,117634.6328,114601.7148,110296.5053,106549.926,110569.2605,107048.0317,112501.9952,125352.2852,128041.5629,125725.7126,122438.484,119656.5177,109090.9179,106215.328,110626.7191,121020.6218,123195.7896,121322.5945,118663.7736,116390.3256,109140.2648,105954.7829,110860.2401,122418.2222,124837.0427,122754.1955,119797.5319,117295.247,113811.218,109980.2538,115957.5075,130040.8468,132988.3789,130450.1063,126847.469,123822.0016,131523.9922,126305.1057,134366.5726,153360.7135,157335.9916,153912.826,149053.856,144936.2252,136531.6791,131194.9438,139348.8904,158560.6647,162581.556,159119.031,154204.4481,150002.8529,121325.26,117050.4832,123543.3911,138842.0225,142044.089,139286.8597,135373.0608,131984.5473,107251.766,104128.455,108902.2062,120149.8012,122503.9598,120476.6689,117599.4073,115122.3972,110126.7683,106777.5896,111945.5537,124122.2893,126670.7737,124476.1762,121361.1271,118729.7373,119582.4371,114929.9037,122166.1569,139216.2563,142784.7765,139711.6688,135350.1512,131683.0033
Jiangsu,JS,y6,130554.4921,124791.834,133770.8453,154927.3747,159355.2962,155542.2502,150130.1113,145590.1139,99858.68212,94873.46652,102390.6525,120103.0372,123809.9958,120617.8655,116086.6466,112143.389,116373.7207,112667.6437,118407.9177,131932.7906,134763.2505,132325.8244,128866.029,125938.0247,114817.77,111791.2252,116434.2006,127373.7457,129663.0962,127691.5627,124893.1629,122500.3598,114869.7076,111517.001,116679.9763,128844.704,131390.512,129198.3179,126086.4439,123452.7993,119785.8722,115753.7949,122044.8352,136867.4905,139969.7529,137298.2416,133506.4739,130322.1867,138428.4928,132935.6395,141420.3038,161411.5652,165595.5218,161992.6639,156878.601,152544.819,143699.0703,138082.1754,146664.1716,166884.4916,171116.4641,167472.163,162299.5919,157877.4404,127694.3718,123195.188,130028.9475,146130.6999,149500.8538,146598.8817,142479.6193,138913.2271,112882.0734,109594.7986,114619.1526,126457.2037,128934.948,126801.2395,123772.9276,121165.8766,115908.0053,112383.0026,117822.2664,130638.234,133320.4934,131010.6966,127732.1159,124962.5961,125860.0604,120963.2702,128579.4094,146524.5799,150280.4363,147045.9984,142455.5118,138595.8466
Jiangsu,JS,y7,134371.4128,128440.2837,137681.7956,159456.8729,164014.2461,160089.7215,154519.3452,149846.6194,102778.1773,97647.21141,105384.1654,123614.4011,127429.7363,124144.2795,119480.5861,115422.0416,119776.0521,115961.6252,121869.7194,135790.0139,138703.2243,136194.5378,132633.5865,129619.9871,118174.6124,115059.5798,119838.2941,131097.6719,133453.9586,131424.7835,128544.5739,126081.8222,118228.0683,114777.3387,120091.2588,132611.642,135231.8715,132975.593,129772.7374,127062.0949,123287.9593,119137.9968,125612.9652,140868.9724,144061.9516,141312.3242,137409.6942,134132.3199,142475.6224,136822.1838,145554.8991,166130.6402,170436.9253,166728.7259,161465.1496,157004.6538,147900.293,142119.1866,150952.0844,171763.5692,176119.2708,172368.4205,167044.622,162493.1772,131427.6785,126796.9459,133830.4972,150403.0049,153871.6954,150884.8815,146645.1922,142974.5261,116182.3201,112798.9398,117970.1826,130154.3356,132704.5222,130508.4289,127391.5718,124708.3138,119296.7161,115668.6615,121266.9412,134457.6046,137218.2853,134840.9485,131466.541,128616.0233,129539.7285,124499.79,132338.5876,150808.4032,154674.0717,151345.0742,146620.3723,142647.8659
Jiangsu,JS,y8,138224.7102,132123.5024,141630.0258,164029.5305,168717.6003,164680.535,158950.4122,154143.6941,105984.2742,100720.136,108671.9404,127408.3878,131329.6527,127952.9732,123159.8108,119001.3456,123536.3446,119683.2981,125637.3455,139665.9417,142601.7998,140073.5819,136484.9373,133435.7823,121471.6391,118271.3238,123177.0309,134735.526,137154.4192,135071.3437,132114.5993,129570.5132,121804.4789,118208.6738,123765.9376,136859.7054,139599.9384,137240.3317,133890.7826,131073.6903,127431.1211,123132.24,129816.4029,145565.2838,148861.3832,146022.9277,141994.2301,138577.6297,146847.3243,140980.2065,150038.0459,171379.8945,175846.5259,172000.2787,166540.7041,161949.0646,151911.9577,145930.8315,155101.5006,176708.8138,181231.1015,177336.8003,171809.4185,167101.977,134581.5197,129952.9135,136973.3519,153514.8456,156977.0228,153995.7926,149764.0444,146071.5603,119204.7512,115736.722,121023.7144,133480.7252,136088.0265,133842.7395,130656.0657,127926.2987,122990.6081,119226.1973,125052.2098,138779.3353,141652.2893,139178.2807,135666.6164,132691.2974,133480.8881,128259.6748,136370.4737,155481.1977,159481.0034,156036.4758,151147.8356,147039.3818
Jiangsu,JS,y9,142337.1736,136054.4433,145843.811,168909.7423,173737.2897,169580.1109,163679.5147,158729.7907,108871.0399,103435.9041,111631.522,130942.4689,134983.9857,131503.7585,126563.5962,122264.454,126876.5821,122836.0261,129094.3639,143839.8754,146925.7831,144268.3754,140496.3347,137304.077,125180.1965,121880.5095,126942.5095,138869.368,141365.3345,139215.8666,136164.9147,133556.1649,125236.8241,121581.532,127210.4783,140473.0893,143248.6482,140858.6096,137465.8881,134594.5501,130596.6789,126200.7019,133059.5101,149219.93,152602.192,149689.5546,145555.5804,142083.9022,150921.817,144933.2257,154183.6393,175979.1371,180540.7089,176612.6767,171037.0775,166312.1514,156668.0764,150544.2504,159900.771,181945.9957,186559.9137,182586.7122,176947.3154,172126.05,139218.9421,134313.6935,141764.203,159319.1533,162993.4699,159829.5953,155338.567,151450.2993,123069.8006,119485.8473,124963.6563,137870.1073,140571.4672,138245.1897,134943.5652,132101.2414,126368.8254,122525.6932,128455.8504,142428.4783,145352.8157,142834.5593,139260.0882,136240.6048,137219.0669,131880.3376,140183.8497,159748.5879,163843.4082,160317.0629,155312.2784,151104.279
Jiangsu,JS,y10,146492.2694,140026.1292,150101.2602,173840.5413,178809.0053,174530.4684,168457.6292,163363.4035,112049.1969,106455.3954,114890.2531,134764.9318,138924.4207,135342.6058,130258.2295,125833.5818,130580.3439,126421.8374,132862.8706,148038.8323,151214.8168,148479.8427,144597.6852,141312.2459,128834.4484,125438.4326,130648.1961,142923.2195,145492.0565,143279.8465,140139.829,137454.9191,128892.7236,125130.7299,130923.983,144573.7657,147430.3537,144970.5396,141478.7741,138523.6162,134409.0477,129884.7445,136943.7758,153575.9327,157056.9324,154059.2814,149804.6088,146231.604,155327.5082,149164.0956,158684.5587,181116.3027,185811.032,181768.331,176029.9784,171167.1267,161241.5107,154938.9184,164568.5878,187257.3501,192005.9582,187916.7663,182112.7361,177150.7299,143282.9988,138234.5532,145902.568,163969.9762,167751.5602,164495.3188,159873.1911,155871.4157,126662.4369,122973.8693,128611.5764,141894.8019,144675.0102,142280.8333,138882.8222,135957.5243,130057.7683,126102.4469,132205.7299,146586.2421,149595.9367,147004.1642,143325.347,140217.7214,141224.7525,135730.1944,144276.0726,164411.9457,168626.3024,164997.0224,159846.1388,155515.3036
Jiangsu,JS,y11,150766.4715,144111.653,154480.765,178912.6769,184026.1195,179622.7503,173372.7209,168129.8647,115318.4539,109561.4419,118242.4077,138696.9659,142977.8151,139291.4952,134058.7706,129505.0237,134390.2825,130110.4405,136739.4126,152358.1578,155626.8215,152812.0444,148816.6167,145435.3092,132593.4531,129098.3491,134460.126,147093.2949,149737.0802,147460.3214,144228.6853,141465.4372,132653.4319,128781.6616,134743.9609,148791.9965,151731.9299,149200.3473,145606.7152,142565.3293,138330.6944,133674.38,140939.3784,158056.8267,161639.3879,158554.2688,154175.4626,150498.2099,159859.498,153516.2549,163314.4935,186400.7271,191232.4394,187071.7956,181165.9973,176161.2689,165946.0537,159459.5725,169370.1966,192720.9513,197608.1116,193399.6143,187426.2358,182319.464,147463.5704,142267.8252,150159.5608,168754.1311,172646.0486,169294.8005,164537.8112,160419.285,130358.0745,126561.8812,132364.0725,146034.8626,148896.1978,146432.1583,142935.0185,139924.353,133852.4656,129781.7374,136063.0913,150863.18,153960.7106,151293.3081,147507.1569,144308.8497,145345.2624,139690.3772,148485.617,169208.9959,173546.3192,169811.1414,164509.9699,160052.7687
Jiangsu,JS,y12,152439.0339,145710.4036,156194.5361,180897.489,186067.6527,181615.4345,175296.0746,169995.0469,116883.1545,111077.6751,119847.2004,140510.4095,144834.9111,141110.9988,135824.9386,131238.8334,136240.1796,131990.9127,138557.245,154028.4742,157266.2439,154478.038,150520.3521,147157.6428,133963.1565,130433.7332,135843.9167,148591.0401,151258.6852,148961.3909,145700.5966,142894.8711,134330.222,130364.649,136493.386,150933.6583,153955.6921,151353.4239,147659.4359,144552.6371,140535.4831,135794.5389,143166.0587,160534.4705,164169.5261,161039.1795,156596.2006,152828.2375,161948.3445,155477.8856,165467.1913,189003.7274,193929.6831,189687.9052,183666.8979,178603.0717,167533.8105,160937.6206,171051.3466,194880.6478,199867.9696,195573.213,189477.423,184285.8883,148421.195,143316.6046,151058.9916,169301.5229,173119.7217,169831.9381,165165.0162,161092.8213,131463.1486,127638.4872,133469.1746,147207.1962,150082.6242,147606.438,144092.0775,141081.5915,135638.3313,131486.8142,137911.9294,153050.6849,156219.078,153490.6601,149617.8788,146336.5974,147207.3898,141449.2434,150394.1234,171470.0848,175881.2103,172082.4772,166691.1074,162160.1538
Jiangsu,JS,y13,154291.1118,147480.7327,158092.2326,183095.3248,188328.3008,183821.9892,177425.843,172060.42,118014.3774,112122.7785,121006.6901,141939.4415,146320.3727,142547.8646,137192.8145,132532.6166,137532.0777,133152.1729,139936.1174,155920.0047,159265.0729,156384.5012,152295.6643,148835.3098,135693.2368,132116.4296,137603.5518,150532.062,153237.6486,150907.6625,147600.4779,144772.6386,135754.6128,131792.3443,137894.019,152270.474,155279.1305,152688.3662,149010.7094,145898.2334,141564.6108,136799.4383,144234.2699,161751.903,165418.206,162260.9625,157779.7925,154016.57,163596.7156,157105.1784,167132.4813,190758.4212,195703.0979,191445.1754,185401.3199,180279.5831,169825.5544,163187.4374,173329.7534,197226.4145,202227.8162,197920.9278,191807.9097,186581.7395,150910.9913,145593.7773,153670.0085,172699.2845,176682.1826,173252.5952,168384.3958,164169.5846,133405.5954,129520.6548,135458.507,149448.8786,152377.1064,149855.4579,146276.565,143195.5207,136981.6839,132815.7944,139243.9834,154390.0768,157560.0055,154830.2587,150955.5907,147682.525,148743.1633,142956.0836,151956.9302,173164.7835,177603.5023,173781.0057,168355.8984,163794.5003
Jiangsu,JS,y14,156080.7932,149191.4246,159926.0123,185219.1153,190512.7933,185954.223,179483.8809,174056.2135,119383.2743,113423.3403,122410.297,143585.8481,148017.5997,144201.3429,138784.1653,134069.9086,139127.3695,134696.6701,141559.2922,157728.5935,161112.4555,158198.4573,154062.2038,150561.71,137267.1917,133648.898,139199.6641,152278.1444,155015.1048,152658.0932,149312.5628,146451.912,137329.2946,133321.0593,139493.502,154036.7159,157080.2699,154459.4493,150739.1436,147590.5553,143206.6632,138386.2311,145907.3055,163628.1188,167336.9573,164143.0936,159609.9412,155803.0701,165494.3436,158927.5013,169071.111,192971.1082,197973.1396,193665.8214,187551.8577,182370.7182,171795.4304,165080.311,175340.2794,199514.1234,204573.5359,200216.6897,194032.7651,188745.9771,152661.4694,147282.5789,155452.4953,174702.4854,178731.5915,175262.2281,170337.5532,166073.8494,134953.0221,131023.0132,137029.747,151182.4011,154144.5905,151593.689,147973.2818,144856.5031,138570.5939,134356.3818,140859.1339,156180.918,159387.6106,156626.184,152706.5884,149395.5504,150468.4993,144614.2784,153719.5452,175173.3868,179663.5997,175796.7582,170308.7296,165694.4149
Jiangsu,JS,y15,157888.9223,150919.7393,161778.6884,187364.7982,192719.8037,188108.4143,181563.1238,176072.5785,120766.2828,114737.297,123828.368,145249.2276,149732.3207,145871.8535,140391.9226,135623.0524,140739.103,136257.0784,143199.2036,159555.8002,162978.8713,160031.1272,155846.9495,152305.8998,138857.3869,135197.1513,140812.2284,154042.2251,156810.8919,154426.5734,151042.274,148148.4988,138920.1837,134865.5206,141109.4731,155821.1629,158899.9907,156248.8076,152485.4055,149300.3395,144865.6606,139989.372,147597.5857,165523.683,169275.4868,166044.6275,161458.967,157607.9766,167411.5171,160768.6125,171029.7282,195206.6011,200266.5688,195909.3587,189724.5718,184483.4088,173785.6049,166992.695,177371.5134,201825.4099,206943.4349,202536.1239,196280.5491,190932.5246,154429.9828,148988.7855,157253.3442,176726.3488,180802.1257,177292.5595,172310.8386,167997.745,136516.3976,132540.8619,138617.1778,152933.7776,155930.2897,153349.8369,149687.4819,146534.6024,140175.8801,135912.8295,142490.9325,157990.1975,161234.0454,158440.6477,154475.6345,151126.236,152211.6011,146289.5709,155500.3104,177202.697,181744.9268,177833.2875,172281.6883,167613.9112
Jiangsu,JS,y16,159631.2641,152585.1486,163563.939,189432.3999,194846.4937,190184.2245,183566.7022,178015.57,122397.8107,116318.4219,125501.7044,147139.8266,151668.3663,147768.746,142233.2754,137430.799,142668.1128,138218.3774,145094.5043,161295.6756,164686.2135,161766.4586,157622.0436,154100.6771,140283.6591,136587.7267,142253.1517,155601.696,158395.204,155989.5268,152574.8792,149636.7927,140668.0503,136515.3756,142933.2676,158054.8392,161219.4593,158494.4275,154626.1415,151372.7663,147166.0892,142201.4394,149920.7637,168108.6364,171915.1932,168637.1643,163984.5556,160038.8252,169589.2221,162813.4868,173274.0865,197921.0935,203079.4632,198637.5619,192332.4786,187029.7334,175438.2036,168530.8065,179121.7113,204075.2999,209297.9325,204800.5353,198417.1464,192980.6697,155423.8506,150078.4194,158186.0892,177289.3268,181287.6825,177844.7623,172957.6618,168693.3233,137665.7117,133660.5899,139766.3656,154152.5721,157163.651,154570.6388,150890.478,147737.9608,142037.8707,137690.4834,144418.7472,160271.7616,163589.6413,160732.4992,156676.9961,153240.8898,154152.7717,148122.9365,157489.862,179560.2101,184179.4468,180201.4873,174555.7563,169811.0261
Jiangsu,JS,y17,161526.297,154396.5587,165505.6763,191681.2398,197159.6009,192441.979,185745.9025,180128.8673,123548.4398,117380.5696,126681.0767,148595.4228,153181.7921,149232.3789,143626.2143,138747.4817,143981.3891,139396.1057,146498.1625,163231.5845,166733.5139,163717.8639,159437.2832,155814.6684,142056.3152,138311.7767,144056.2036,157590.9782,160423.4402,157984.1994,154521.9214,151561.4799,142120.58,137972.4962,144360.3083,159410.9074,162560.6593,159848.41,155998.2909,152739.8597,148203.0157,143214.3994,150997.8701,169336.9456,173175.1863,169869.8976,165178.585,161238.8908,171268.2837,164472.3362,174969.8398,199703.6873,204880.2224,200422.6376,194095.3635,188733.4573,177789.2081,170839.8068,181457.7333,206474.9773,211710.9072,207202.0611,200802.3827,195331.1436,157987.6749,152421.1248,160876.0782,180797.6936,184967.37,181376.9576,176280.4629,171868.012,139661.4027,135594.2867,141810.5812,156457.0027,159522.5471,156882.6531,153135.9275,149910.41,143405.189,139043.9463,145773.5755,161629.9214,164948.4972,162090.7325,158034.3719,154607.8246,155718.19,149659.7294,159082.6728,181285.0178,185931.886,181930.14,176250.6397,171475.3306
Jiangsu,JS,y18,163356.3921,156145.8744,167380.8555,193852.9815,199393.4278,194622.3509,187850.4111,182169.7302,124948.243,118710.4886,128116.3697,150279.0072,154917.3395,150923.183,145253.4998,140319.4922,145612.7024,140975.46,148157.9909,165081.0023,168622.6128,165572.7837,161243.7096,157580.0462,143665.8161,139878.8524,145688.3633,159376.489,162241.0423,159774.1554,156272.6626,153278.6726,143730.8038,139535.7211,145995.9071,161217.0368,164402.4716,161659.4809,157765.7585,154470.3987,149882.1579,144837.0066,152708.6696,171255.5461,175137.2547,171794.5182,167050.0648,163065.7236,173208.753,166335.8102,176952.2515,201966.3372,207201.5256,202693.4307,196294.4708,190871.8066,179803.5617,172775.4284,183513.648,208814.3388,214109.5937,209549.6689,203077.4804,197544.2482,159777.6779,154148.0554,162698.8085,182846.1333,187063.0423,183431.9566,178277.7211,173815.2789,141243.7686,137130.5672,143417.298,158229.6699,161329.9396,158660.1374,154870.9569,151608.8932,145029.9738,140619.3042,147425.1959,163461.1911,166817.3625,163927.2203,159824.8991,156359.5282,157482.4799,151355.3787,160885.0798,183338.9763,188038.5006,183991.4043,178247.5625,173418.1508
Jiangsu,JS,y19,165206.1206,157913.9646,169276.1557,196048.0334,201651.2086,196826.1119,189977.4862,184232.4877,126363.0744,120054.6884,129567.0673,151980.6596,156671.5138,152632.1292,146898.248,141908.3696,147261.5096,142571.7773,149835.6097,166950.2555,170531.9703,167447.6059,163069.5135,159364.3711,145292.5817,141462.7424,147338.0337,161181.1486,164078.1298,161583.3244,158042.1773,155014.2821,145358.3102,141115.7165,147649.0483,163042.5426,166264.0403,163489.9965,159552.1845,156219.5062,151579.3141,146477.0472,154437.8376,173194.7086,177120.3927,173739.7999,168941.6142,164912.1641,175170.0413,168219.2585,178955.9244,204253.2556,209547.7239,204988.5796,198517.1652,193033.1027,181839.5284,174731.7979,185591.6248,211178.7992,216534.0172,211922.4478,205376.9785,199781.0962,161586.8841,155893.5197,164541.0895,184916.5523,189181.2167,185509.005,180296.4184,175783.4309,142843.1084,138683.3315,145041.2419,160021.3426,163156.7305,160456.6795,156624.6034,153325.5997,146672.1747,142211.5744,149094.5261,165312.0996,168706.2779,165783.4134,161634.6551,158130.0378,159265.6949,153069.2139,162706.8128,185414.9752,190167.7076,186074.7962,180265.9052,175381.8196
Jiangsu,JS,y20,166987.4527,159616.6578,171101.3765,198161.9214,203825.5185,198948.3867,192025.9165,186218.9771,128038.2098,121678.6696,131285.1365,153920.4054,158657.6285,154578.3007,148787.7472,143763.9617,149242.6294,144587.8158,151780.8297,168728.5948,172275.3744,169221.0657,164885.6723,161202.0224,146748.293,142882.0274,148808.5536,162772.2212,165694.4536,163177.9173,159605.9178,156532.4313,147150.391,142806.3522,149520.0084,165338.4106,168648.8598,165798.2455,161751.7066,158348.4112,153947.8652,148754.4417,156829.5023,175855.5097,179837.4907,176408.3894,171541.3683,167413.817,177404.3229,170316.3399,181258.9941,207041.7972,212437.8804,207791.2831,201195.6422,195648.5331,183522.844,176297.1278,187376.0878,213479.6007,218942.9135,214238.2639,207560.7037,201873.6955,162586.1707,156994.4032,165475.7036,185459.2622,189641.8718,186040.2916,180927.979,176467.1401,144009.6978,139820.0143,146207.1687,161256.3092,164406.1509,161693.6555,157843.895,154546.0958,148583.3405,144035.6082,151073.924,167657.4883,171128.2641,168139.4633,163897.0757,160302.6188,161256.5241,154948.8317,164747.3907,187834.7987,192666.9084,188505.6263,182599.7293,177636.3453
Jiangsu,JS,y21,168965.2715,161507.1827,173127.9191,200508.9721,206239.6381,201304.7483,194300.2873,188424.5629,129238.3665,122786.4404,132515.2707,155438.8698,160236.4616,156105.1685,150240.802,145137.3908,150612.3418,145815.8861,153245.018,170749.0915,174412.2987,171257.7636,166780.0469,162990.591,148598.6065,144681.6101,150690.5997,164848.7135,167811.616,165260.0352,161638.3112,158541.5243,148665.8295,144326.7149,151008.6921,166752.4505,170047.2514,167210.0931,163182.6675,159774.1696,155028.3875,149810.0235,157951.9527,177135.6319,181150.6289,177693.12,172785.7554,168664.6189,179155.9064,172046.9843,183027.9406,208900.8867,214315.823,209652.9448,203034.2774,197425.4305,185977.1488,178707.7015,189814.6265,215984.0162,221461.0946,216744.5887,210050.1825,204326.9646,165263.6778,159440.7592,168285.1039,189124.1946,193485.8911,189730.1266,184398.9254,179783.2495,146093.4015,141838.9734,148341.5545,163662.5112,166869.2285,164107.7653,160188.4759,156814.4144,150009.6017,145447.4979,152487.0633,169073.6504,172545.0735,169555.69,165312.5206,161728.1617,162889.6736,156552.1952,166409.0928,189633.9611,194494.8321,190308.7884,184367.728,179372.4944
Jiangsu,JS,y22,170875.0807,163332.6831,175084.7674,202775.3084,208570.7483,203580.0875,196496.4456,190554.3259,130699.1444,124174.2897,134013.0919,157195.7909,162047.6062,157869.6143,151938.9732,146777.8669,152314.7038,147464.0437,154977.1464,172679.0618,176383.681,173193.4773,168665.1628,164832.8647,150278.2158,146316.9411,152393.8532,166711.9925,169708.3843,167127.9616,163465.3025,160333.5139,150346.1996,145958.0208,152715.5463,168637.2473,171969.295,169100.0695,165027.1231,161580.0923,156780.6703,151503.3212,159737.2956,179137.797,183198.1885,179701.5773,174738.7478,170571.0283,181180.8951,173991.6169,185096.6941,211262.089,216738.2364,212022.652,205329.1755,199656.9248,188079.2474,180727.6331,191960.0974,218425.2795,223964.261,219194.4478,212424.3778,206636.4715,167131.6566,161242.9143,170187.2247,191261.861,195672.8547,191874.6425,186483.18,181815.3328,147744.6959,143442.1667,150018.2578,165512.3804,168755.3512,165962.67,161999.079,158586.8766,151705.1554,147091.4942,154210.6172,170984.688,174495.3488,171472.1805,167181.0485,163556.1715,164730.8161,158321.7068,168290.0076,191777.3927,196693.1962,192459.8489,186451.6257,181399.9494
Jiangsu,JS,y23,172805.314,165177.7241,177062.5582,205065.9028,210926.8166,205879.763,198716.1113,192706.8587,132175.5527,125576.9949,135526.9279,158971.5034,163878.1273,159652.9479,153655.3016,148435.904,154035.2807,149129.8182,156727.7995,174629.6725,178376.1397,175149.9044,170570.4299,166694.8505,151975.7895,147969.7701,154115.3302,168595.2026,171625.4427,169015.8732,165311.8399,162144.6765,152044.5278,147606.8025,154440.6516,170542.2101,173911.8963,171010.2482,166891.3004,163405.3364,158551.6874,153214.7332,161541.7058,181161.3596,185267.6131,181731.5209,176712.6239,172497.8274,183227.5498,175957.0674,187187.5873,213648.5501,219186.5495,214417.6963,207648.6051,201912.283,190203.8232,182769.1602,194128.5125,220892.6579,226494.2052,221670.5134,214823.9611,208970.677,169019.5972,163064.3527,172109.6947,193422.3927,197883.2215,194042.0948,188589.7336,183869.1591,149413.6503,145062.52,151712.8963,167382.0431,170661.6447,167837.4112,163829.0546,160378.3086,153418.8486,148753.0629,155952.6144,172916.161,176466.4695,173409.1592,169069.5518,165403.7321,166591.6382,160110.1399,170191.0452,193943.7432,198915.0893,194633.9042,188557.8192,183449.0706
Jiangsu,JS,y24,174663.983,166954.3451,178967.015,207271.5552,213195.4987,208094.1706,200853.4658,194779.5753,133924.2085,127272.3151,137320.4045,160996.2203,165951.2197,161684.3701,155627.6104,150372.883,156103.4078,151234.6131,158758.2802,176485.1615,180194.9825,177000.2607,172465.5623,168612.5796,153494.4015,149450.4096,155649.3687,170254.962,173311.5349,170679.3072,166943.1002,163728.3146,153914.9943,149371.2459,156393.5294,172939.1184,176401.7545,173420.0937,169187.5341,165627.7793,161024.9369,155592.7804,164039.045,183939.6899,188104.7208,184517.9831,179427.2315,175109.9363,185559.7064,178145.8831,189591.5814,216559.6399,222203.7806,217343.5787,210444.7353,204642.621,191959.4996,184401.6212,195989.8829,223293.394,229007.8534,224086.9278,217102.3943,211153.9656,170060.3632,164211.54,173082.7336,193984.9444,198359.8306,194592.6846,189245.3548,184579.4376,150629.9168,146247.6288,152928.3973,168669.367,171964.0103,169126.809,165100.069,161650.6711,155413.8078,150657.0206,158018.8955,175364.8088,178995.1402,175868.9298,171431.5299,167671.8287,168669.5831,162071.9241,172320.9222,196469.6809,201523.9176,197171.3434,190993.9484,185802.4079
Jiangsu,JS,y25,176727.8778,168927.1484,181081.7585,209720.7607,215714.7055,210553.0936,203226.8335,197081.1639,135175.8477,128427.4981,138603.2856,162580.0479,167598.0493,163276.954,157143.1774,151805.2922,157531.7747,152514.968,160285.4087,178593.652,182425.1561,179125.6834,174442.2646,170478.7064,155425.5286,151328.5839,157613.6393,172422.198,175521.225,172852.4127,169064.3059,165825.2451,155495.8415,150957.3725,157946.3552,174413.4007,177859.5702,174892.0701,170679.6185,167114.5241,162150.7043,156692.5978,165208.5921,185273.6042,189473.0555,185856.7026,180723.8935,176413.4177,187386.6904,179951.1697,191436.6149,218498.2223,224161.9326,219284.8303,212362.083,206495.5571,194521.3207,186917.8988,198535.0995,225906.7641,231635.4613,226702.2788,219700.3208,213714.1685,172856.2236,166765.7972,176016.4629,197812.9361,202375.0322,198446.7134,192870.5845,188042.8626,152805.2391,148355.3521,155156.6718,171181.5032,174535.5465,171647.2038,167547.8665,164018.7824,156901.3407,152129.6656,159492.631,176841.2501,180472.1429,177345.4269,172907.3123,169158.2831,170373.1523,163744.5299,174054.2677,198346.1295,203430.323,199051.9681,192837.9526,187613.2348
Jiangsu,JS,y26,178720.6077,170831.9207,183123.5916,212085.5068,218147.0419,212927.2377,205518.3649,199303.4088,136700.0482,129875.6127,140166.1508,164413.2571,169487.8355,165118.0241,158915.0811,153517.0084,159308.0636,154234.6861,162092.7405,180607.4269,184482.1329,181145.4652,176409.2241,172400.9824,157178.0648,153034.9208,159390.8495,174366.3808,177500.3496,174801.4629,170970.6253,167695.0422,157249.1691,152659.5273,159727.2985,176380.0403,179865.0759,176864.1077,172604.1529,168998.8562,163979.0773,158459.429,167071.4427,187362.6963,191609.5128,187952.3735,182761.6821,178402.5991,189499.609,181980.2391,193595.2004,220961.9468,226689.5177,221757.4264,214756.6182,208823.9411,196714.6853,189025.5262,200773.7261,228454.0315,234247.3221,229258.5138,222177.5955,216123.9459,174805.3,168646.2048,178001.1817,200043.4289,204656.9441,200684.3537,195045.3377,190163.1841,154528.2255,150028.1602,156906.1818,173111.7113,176503.5665,173582.6486,169437.0875,165868.2167,158670.5248,153845.027,161291.0261,178835.2574,182507.0952,179345.1387,174856.9738,171065.6724,172294.2343,165590.8622,176016.8659,200582.628,205724.1437,201296.4176,195012.336,189728.7091
Jiangxi,JX,y1,25906.42108,22507.86398,23227.80863,30217.13609,30894.67972,31551.28221,31170.07596,31433.11717,22001.71652,19407.68957,19951.42736,25229.67672,25741.51606,26237.20158,25949.35603,26122.39964,22296.511,19836.48648,20356.91624,25409.418,25899.35231,26373.9624,26098.41751,26287.81058,22976.68611,20700.69903,21181.84307,25850.83909,26303.45215,26742.17773,26487.37408,26659.04734,24539.69573,22393.20032,22847.46945,27256.80709,27684.33288,28098.41838,27858.00417,28022.73837,24502.80333,22343.06212,22801.58447,27251.26892,27682.5693,28100.65471,27857.87723,28031.11766,29285.88866,26855.65994,27369.73741,32359.7131,32843.44478,33312.26963,33040.02534,33224.85044,29574.62345,27301.85927,27779.80526,32419.1546,32868.83813,33304.63393,33051.61268,33214.41323,26984.40383,24726.18061,25201.38079,29814.05474,30261.39574,30694.55627,30443.09516,30600.57126,24004.47579,21561.54285,22077.22093,27083.35307,27568.60195,28038.91177,27765.91629,27946.89036,25134.49718,22550.17452,23096.56689,28400.49602,28914.75568,29412.87039,29123.67753,29319.2982,26961.13634,23785.66968,24458.61211,30991.3532,31624.69577,32238.29662,31882.01797,32132.82
Jiangxi,JX,y2,27327.41607,23742.44388,24501.8782,31874.5775,32589.2854,33281.90318,32879.78768,33157.2571,23208.53472,20472.22131,21045.78381,26613.55064,27153.46456,27676.33981,27372.70511,27555.24032,23519.49714,20924.53941,21473.51477,26803.15139,27319.95899,27820.60253,27529.94223,27729.72478,24236.98024,21836.15375,22343.68881,27268.78429,27746.22436,28209.01458,27940.23435,28121.32345,25885.72294,23621.4904,24100.67661,28751.87216,29202.84751,29639.64652,29386.04391,29559.81438,25846.80763,23568.60124,24052.2755,28746.02987,29200.98727,29642.00484,29385.91046,29568.65323,30892.25075,28328.72145,28870.99642,34134.67762,34644.9425,35139.4827,34852.3058,35047.26847,31196.82227,28799.39471,29303.55638,34197.37876,34671.72866,35131.42741,34864.5288,35036.25865,28464.52768,26082.43767,26583.70351,31449.38684,31921.26531,32378.18505,32112.93112,32279.04472,25321.14723,22744.21657,23288.17917,28568.90372,29080.76837,29576.8751,29288.90631,29479.8058,26513.15046,23787.07624,24363.43769,29958.29343,30500.75941,31026.19737,30721.14169,30927.49298,28439.98364,25090.33912,25800.193,32691.26177,33359.34332,34006.60106,33630.77979,33895.33933
Jiangxi,JX,y3,28825.25883,25043.79091,25844.85054,33621.65536,34375.53722,35106.11728,34681.96224,34974.63961,24480.61698,21594.32436,22199.32433,28072.26673,28641.77336,29193.30743,28873.03066,29065.57051,24808.62477,22071.43389,22650.49989,28272.2591,28817.39299,29345.47765,29038.88618,29249.6191,25565.43393,23033.01472,23568.36919,28763.414,29267.02147,29755.17941,29471.66721,29662.68149,27304.54584,24916.20808,25421.66,30327.79126,30803.48489,31264.22546,30996.72291,31180.01743,27263.49686,24860.42083,25370.60457,30321.62825,30801.52277,31266.71338,30996.58134,31189.34109,32585.48555,29881.44676,30453.44438,36005.63364,36543.86619,37065.51321,36762.595,36968.24425,32906.75135,30377.91884,30909.71353,36071.7716,36572.12112,37057.01652,36775.48842,36956.63105,30024.69765,27512.04217,28040.7825,33173.15869,33670.90134,34152.86573,33873.07328,34048.29095,26709.02449,23990.84989,24564.62723,30134.79427,30674.71503,31198.01289,30894.26025,31095.62387,27966.36401,25090.86921,25698.82249,31600.33732,32172.53729,32726.77524,32404.99845,32622.66036,29998.80747,26465.56534,27214.32713,34483.1018,35187.80243,35870.53722,35474.11686,35753.17734
Jiangxi,JX,y4,30387.9217,26401.45353,27245.9403,35444.33728,36239.08833,37009.27497,36562.1246,36870.66918,25759.31819,22736.15774,23369.73252,29520.04277,30116.44531,30694.03318,30358.62787,30559.45643,26230.49871,23336.11935,23948.6892,29895.78841,30472.44988,31031.11905,30706.79141,30930.7873,26979.32595,24315.74392,24878.78718,30342.3875,30872.04404,31385.3914,31087.21623,31285.77794,28848.5266,26331.22106,26863.91747,32034.41507,32535.73986,33021.34034,32739.39504,32933.89729,28897.77581,26352.19765,26892.70705,32138.30549,32646.74089,33139.61649,32853.42585,33050.61227,34403.17787,31559.88407,32161.12974,37996.92419,38562.63389,39110.91738,38792.51618,39016.10144,34601.12187,31931.0323,32493.41661,37952.70443,38481.87971,38994.70512,38696.97616,38889.28835,31515.07699,28872.73576,29428.11935,34819.10614,35341.97184,35848.18507,35554.31546,35737.6781,28142.02058,25270.19043,25876.38461,31761.1725,32331.55597,32884.43583,32563.51135,32777.16124,29520.7203,26483.42004,27125.48257,33358.38678,33962.71829,34548.07319,34208.24612,34437.02015,31690.3154,27941.14742,28735.79454,36449.70756,37197.56875,37922.10839,37501.40222,37798.54579
Jiangxi,JX,y5,32068.06201,27861.18341,28752.3615,37404.0471,38242.73898,39055.50916,38583.63643,38909.23983,27234.65367,24023.65717,24696.71855,31230.3587,31863.93427,32477.51541,32121.2081,32335.40802,27599.56204,24554.43994,25198.6508,31452.8505,32059.31112,32646.80506,32305.72312,32540.16175,28441.51152,25624.19861,26219.78039,31999.25883,32559.52329,33102.59683,32787.1902,32999.69342,30376.27098,27719.24788,28281.56232,33739.62732,34268.83537,34781.40917,34483.81277,34687.72772,30330.60362,27657.18406,28224.76437,33732.77099,34266.65266,34784.17655,34483.6561,34698.10074,36251.30943,33243.0699,33879.41618,40056.2187,40655.00247,41235.33399,40898.33683,41127.12323,36608.7169,33795.3933,34387.0154,40129.79727,40686.43558,41225.88067,40912.68253,41114.20265,33402.43511,30607.11035,31195.33413,36905.09559,37458.83247,37995.01873,37683.74824,37878.67836,29713.75458,26689.78912,27328.116,33524.9176,34125.57964,34707.74793,34369.82306,34593.84128,31112.54119,27913.55837,28589.90536,35155.33253,35791.90449,36408.49357,36050.51761,36292.66566,33373.63281,29442.90666,30275.90254,38362.40481,39146.38388,39905.92515,39464.90755,39775.36224
Jiangxi,JX,y6,33821.85258,29384.9014,30324.8177,39449.6588,40334.22047,41191.43962,40693.76051,41037.17104,28724.1062,25337.50218,26047.37242,32938.33551,33606.56123,34253.69911,33877.90501,34103.8199,29108.97163,25897.31388,26576.75585,33172.99458,33812.62317,34432.24607,34072.50975,34319.77065,29996.96812,27025.57663,27653.72989,33749.28722,34340.19143,34912.96562,34580.30912,34804.4341,32037.53783,29235.20354,29828.26989,35584.83468,36142.98605,36683.59118,36369.71934,36584.78683,31989.37325,29169.74611,29768.36579,35577.60416,36140.68276,36686.51161,36369.55503,36595.72734,38233.87881,35061.12093,35732.26876,42246.87802,42878.40876,43490.47906,43135.05312,43376.35,38610.83356,35643.65214,36267.62784,42324.4811,42911.5609,43480.50963,43150.18102,43362.72311,35229.20174,32281.00198,32901.39479,38923.42117,39507.44221,40072.95082,39744.65857,39950.24847,31338.78832,28149.4424,28822.68024,35358.38309,35991.89437,36605.90231,36249.49642,36485.76466,32814.07486,29440.14076,30153.47687,37077.96495,37749.3504,38399.65986,38022.10611,38277.49723,35198.82479,31053.12781,31931.67988,40460.43099,41287.28476,42088.3655,41623.22886,41950.66139
Jiangxi,JX,y7,34854.68626,30282.24214,31250.86043,40654.35223,41565.92448,42449.3221,41936.44437,42290.34156,29601.26738,26111.24398,26842.79335,33944.18823,34632.82023,35299.71925,34912.44949,35145.26371,29997.88533,26688.15253,27388.34188,34186.01343,34845.17426,35483.71936,35112.99728,35367.80908,30912.99754,27850.86836,28498.20415,34779.90388,35388.85318,35979.11854,35636.30381,35867.2737,33015.88272,30127.97216,30739.14946,36671.5042,37246.70016,37803.81478,37480.35859,37701.99343,32966.24717,30060.51578,30677.41534,36664.05317,37244.3277,37806.82381,37480.18796,37713.26699,39401.44466,36131.79758,36823.44118,43536.99074,44187.80647,44818.56754,44452.28748,44700.9529,39789.91069,36732.11778,37375.14935,43616.96272,44221.97068,44808.29345,44467.87796,44686.911,36305.0119,33266.78137,33906.11919,40112.04372,40713.89935,41296.67744,40958.35958,41170.2277,32295.79451,29009.05503,29702.8516,36438.13829,37090.995,37723.75207,37356.4626,37599.94721,33816.13283,30339.16739,31074.2873,38210.23202,38902.11994,39572.28787,39183.20548,39446.39502,36273.70697,32001.41141,32906.79243,41695.98928,42548.09306,43373.63676,42894.29617,43231.72775
Jiangxi,JX,y8,35899.5244,31190.01207,32187.66701,41873.04697,42811.94581,43721.82501,43193.57275,43558.07887,30431.40957,26859.92517,27608.41419,34874.23464,35578.81069,36261.15685,35864.91773,36102.17276,30988.05036,27568.70397,28292.37875,35318.1307,35999.38452,36659.38161,36276.2299,36540.85205,31872.69639,28726.0071,29391.17231,35845.73146,36471.4552,37077.9106,36725.65483,36960.22966,34080.92236,31107.04225,31736.35541,37844.65038,38436.9034,39010.57993,38677.49646,38907.27714,34139.10473,31131.82197,31770.36592,37967.38399,38568.03757,39150.30798,38812.21039,39045.16069,40643.04784,37284.05132,37994.34876,44888.60933,45556.92426,46204.65263,45828.50204,46092.63919,40876.89388,37722.51673,38386.90385,44836.36895,45461.52326,46067.3621,45715.6333,45942.82555,37231.11856,34109.52221,34765.63869,41134.41454,41752.11441,42350.14382,42002.97272,42219.59348,33246.27339,29853.56708,30569.71022,37521.84956,38195.68595,38848.84451,38469.71186,38722.11277,34875.03523,31286.84551,32045.36249,39408.7574,40122.69974,40814.22306,40412.76051,40683.02832,37438.14078,33008.96785,33947.74368,43060.76557,43944.27062,44800.2232,44303.21133,44654.25014
Jiangxi,JX,y9,37014.34418,32158.5824,33187.21892,43173.36801,44141.42351,45079.55718,44534.90141,44910.72624,31435.41458,27729.14318,28506.01952,36047.43021,36778.73001,37486.95311,37075.68712,37322.92683,31856.60788,28341.79655,29085.37198,36304.24018,37004.24298,37682.35347,37288.66151,37559.26181,32828.42208,29576.55729,30264.00288,36934.92839,37581.60878,38208.44863,37844.39208,38089.67372,35061.60536,31994.75533,32643.80123,38943.73601,39554.57286,40146.20586,39802.70798,40038.07492,35008.89423,31923.11861,32578.24242,38935.82298,39552.05163,40149.40076,39802.52644,40050.04818,41842.82828,38370.58797,39105.08759,46234.6201,46925.76034,47595.60484,47206.63006,47470.70226,42255.3641,39008.10511,39690.97977,46319.54679,46962.04229,47584.69365,47223.18605,47455.79001,38554.53468,35328.05032,36007.0023,42597.45557,43236.60391,43855.49212,43496.21202,43721.20773,34296.89923,30806.50659,31543.29276,38695.91081,39389.21942,40061.1837,39671.13576,39929.70576,35911.4403,32219.03585,32999.7051,40577.80493,41312.56398,42024.25679,41611.06544,41890.56335,38521.28995,33984.27577,34945.75538,44279.54626,45184.44685,46061.14318,45552.10184,45910.44213
Jiangxi,JX,y10,38143.02299,33139.19583,34199.19785,44489.85487,45487.42964,46454.1698,45892.9049,46280.19048,32393.97586,28574.68879,29375.25475,37146.62582,37900.22531,38630.04398,38206.2375,38461.01513,32828.01246,29206.02479,29972.27432,37411.26653,38132.61441,38831.40295,38425.70528,38704.55749,33829.46005,30478.43664,31186.84493,38061.18723,38727.58777,39373.53941,38998.382,39251.14255,36130.74027,32970.37134,33639.21013,40131.24944,40760.71049,41370.38628,41016.41308,41258.958,36076.42264,32896.55076,33571.65144,40123.09355,40758.11495,41373.6779,41016.22589,41271.29528,43118.74192,39540.6244,40297.51982,47644.45397,48356.66993,49046.93993,48646.10328,48918.22943,43543.85822,40197.58001,40901.27823,47731.97088,48394.05819,49035.69622,48663.16441,48902.86118,39730.1794,36405.30929,37104.96564,43896.3821,44555.01896,45192.77972,44822.54333,45054.40082,35342.71561,31745.89097,32505.14268,39875.8655,40590.31569,41282.77033,40880.8288,41147.28376,37006.48938,33201.49199,34005.96727,41815.14552,42572.30878,43305.70409,42879.9134,43167.93404,39695.92107,35020.55894,36011.35791,45629.76418,46562.2591,47465.68753,46941.12346,47310.3906
Jiangxi,JX,y11,39305.55208,34149.21659,35241.52575,45845.82229,46873.80137,47870.00606,47291.63643,47690.72447,33381.2844,29445.59321,30270.55833,38278.7853,39055.35413,39807.41577,39370.69168,39633.23622,33828.5485,30096.17035,30885.77251,38551.49173,39294.82513,40014.91084,39596.84899,39884.20055,34860.51937,31407.3618,32137.36174,39221.22044,39907.93138,40573.57137,40186.98018,40447.44472,37231.93755,33975.24731,34664.47071,41354.37483,42003.02063,42631.2786,42266.51752,42516.4532,37175.96424,33899.17683,34594.8537,41345.97126,42000.34556,42634.67068,42266.32539,42529.16714,44432.92109,40745.74878,41525.71317,49096.56755,49830.49117,50541.79841,50128.74515,50409.16523,44870.99422,41422.7277,42147.87245,49186.75234,49869.01923,50530.21163,50146.32794,50393.32877,40941.08158,37514.87539,38235.85571,45234.26131,45912.97295,46570.17102,46188.65091,46427.57477,36419.89613,32713.44624,33495.83957,41091.20848,41827.43261,42540.99248,42126.8008,42401.37681,38134.37831,34213.41147,35042.40408,43089.59302,43869.8335,44625.58118,44186.81346,44483.61227,40905.77853,36087.92093,37108.91765,47020.47474,47981.39008,48912.3541,48371.80151,48752.32326
Jiangxi,JX,y12,39791.83945,34571.70986,35677.53292,46413.02648,47453.7236,48462.2529,47876.72746,48280.75394,33730.8586,29772.14406,30601.78678,38655.38496,39436.35259,40192.68182,39753.48134,40016.45959,34347.85178,30557.77048,31359.90879,39147.40948,39902.52653,40634.08208,40209.388,40502.70184,35328.41203,31840.55252,32577.83611,39732.21489,40425.78133,41097.9893,40707.54093,40967.54861,37776.05999,34479.74398,35177.28935,41947.86029,42604.32744,43240.20289,42871.00628,43125.69931,37840.54982,34507.21105,35214.9882,42083.90043,42749.68001,43395.07978,43020.32521,43278.53392,45049.66601,41326.4808,42113.7896,49755.54272,50496.31896,51214.27547,50797.34059,51090.11717,45308.86806,41812.485,42548.90682,49697.63817,50390.57374,51062.09912,50672.23546,50924.06003,41267.80856,37807.76163,38535.01484,45594.30883,46278.98291,46941.85012,46557.0385,46797.1452,36850.91594,33090.36434,33884.1521,41590.06001,42336.95649,43060.9318,42640.69319,42920.45979,38656.27174,34679.0427,35519.79971,43681.55211,44472.90171,45239.40128,44794.41195,45093.98311,41497.27662,36587.88158,37628.44186,47729.5213,48708.81789,49657.57361,49106.67553,49495.77345
Jiangxi,JX,y13,40326.21247,35035.98129,36156.65473,47036.31703,48090.98894,49113.06309,48519.67358,48929.12609,34248.10708,30210.2164,31056.60401,39272.78456,40069.51781,40841.10883,40393.04425,40662.40602,34706.98634,30877.68709,31687.79391,39552.57108,40315.2077,41053.99271,40625.07474,40919.88797,35765.75451,32222.92839,32971.88358,40239.69208,40944.23397,41627.16014,41230.52938,41497.75742,38198.75161,34857.4941,35564.61494,42428.23851,43093.72833,43738.29944,43364.06684,43620.49323,38141.32554,34779.44861,35493.18982,42419.61586,43090.98303,43741.77973,43363.8691,43633.53724,45586.7266,41803.80793,42604.02464,50371.47553,51124.45698,51854.23495,51430.45578,51718.15711,46036.17418,42498.36584,43242.34122,50464.00283,51163.98418,51842.34805,51448.49341,51701.91069,42004.21238,38489.03676,39228.73978,46408.87613,47105.21179,47779.47525,47388.04745,47633.17602,37365.62506,33562.92778,34365.63798,42158.23755,42913.58027,43645.66807,43220.72146,43502.4277,39124.6269,35101.84271,35952.36259,44208.51571,45009.01753,45784.38865,45334.22709,45638.7333,41967.99393,37025.02837,38072.53681,48241.47137,49227.33848,50182.47781,49627.88966,50018.29168
Jiangxi,JX,y14,40845.54486,35487.18558,36622.29109,47642.065,48710.31951,49745.55583,49144.52541,49559.24988,34689.16425,30599.27283,31456.56083,39778.55078,40585.54502,41367.07251,40913.23804,41186.06851,35153.95323,31275.33943,32095.87853,40061.94202,40834.39964,41582.69789,41148.25666,41446.86661,36226.35611,32637.90409,33396.50532,40757.9113,41471.5271,42163.24783,41761.50925,42032.17763,38690.68802,35306.39942,36022.6258,42974.64162,43648.70194,44301.57376,43922.52166,44182.25063,38632.52067,35227.34831,35950.28251,42965.90854,43645.92195,44305.09925,43922.32192,44195.46238,46173.80537,42342.16965,43152.69321,51020.17442,51782.85303,52522.03007,52092.79291,52384.19996,46629.0424,43045.67283,43799.22981,51113.89217,51822.8902,52509.98944,52111.06321,52367.74365,42545.15555,38984.70999,39733.93895,47006.54405,47711.846,48394.79366,47998.32506,48246.61021,37846.83003,33995.16226,34808.20903,42701.16438,43466.23426,44207.75181,43777.3314,44062.66603,39628.486,35553.89517,36415.36778,44777.84577,45588.65646,46374.01431,45918.05521,46226.4836,42508.46939,37501.84797,38562.84693,48862.73932,49861.30443,50828.7425,50267.0123,50662.44196
Jiangxi,JX,y15,41370.96134,35943.67288,37093.38104,48254.90678,49336.90372,50385.45612,49776.69406,50196.75361,35135.38747,30992.88533,31861.20032,40290.24167,41107.61562,41899.19678,41439.52459,41715.86373,35606.15533,31677.649,32508.74239,40577.27762,41359.67156,42117.59644,41677.56572,41980.01681,36692.35343,33057.74104,33826.09996,41282.19899,42004.99463,42705.61259,42298.70738,42572.85753,39188.3833,35760.56197,36486.00212,43527.44508,44210.17647,44871.446,44487.51785,44750.58797,39129.46855,35680.49449,36412.72713,43518.59919,44207.35951,44875.01619,44487.31504,44763.96953,46767.76155,42886.83722,43707.78572,51676.47093,52448.95956,53197.64446,52762.88632,53058.04221,47228.85385,43599.3894,44362.63951,51771.39496,52489.51247,53185.44978,52781.3928,53041.37406,43092.4336,39486.18951,40245.05538,47611.2102,48325.58636,49017.31768,48615.75094,48867.2287,38333.67232,34432.45716,35255.96392,43250.44803,44025.36115,44776.41551,44340.46011,44629.46316,40138.24511,36011.24176,36883.79604,45353.84391,46175.08487,46970.54491,46508.72051,46821.11562,43055.27567,37984.25165,39058.89848,49491.28357,50502.69361,51482.57618,50913.62044,51314.13627
Jiangxi,JX,y16,41880.37578,36386.26001,37550.12432,48849.08715,49944.40556,51005.87066,50389.61201,50814.84494,35501.27488,31334.78112,32207.96871,40684.27373,41506.23095,42302.25737,41840.00399,42116.7854,36150.65183,32161.64279,33005.8815,41202.12231,41996.87325,42766.82578,42319.84052,42628.54961,37182.68017,33511.75294,34287.73505,41817.62193,42547.58984,43255.08158,42844.13935,43117.79458,39758.79525,36289.46737,37023.62417,44149.55883,44840.48125,45509.73256,45121.15786,45389.22011,39826.66982,36318.37614,37063.30133,44292.74058,44993.46271,45672.73916,45278.31413,45550.07526,47414.16883,43495.56467,44324.19646,52367.04097,53146.6968,53902.33605,53463.51825,53771.66109,47686.97449,44007.07863,44782.15243,52306.09573,53035.40128,53742.17281,53331.84658,53596.88858,43433.81312,39792.15973,40557.58485,47987.39737,48708.00678,49405.66632,49000.65734,49253.36769,38785.09507,34827.16272,35662.61655,43772.97912,44559.07727,45321.051,44878.7564,45173.20654,40685.20695,36499.22493,37384.11105,45974.24673,46807.13065,47613.86218,47145.51584,47460.81056,43675.32521,38508.25415,39603.42911,50234.67935,51265.37543,52263.92906,51684.11514,52093.63629
Jiangxi,JX,y17,42413.47139,36849.42075,38028.09945,49470.88676,50580.14877,51655.12409,51031.02027,51461.66618,36020.76784,31773.87796,32664.07383,41305.51836,42143.49073,42955.01823,42483.7626,42767.06591,36503.39768,32475.89686,33327.93421,41599.78679,42401.8975,43178.92048,42727.80213,43037.87458,37616.96699,33890.76682,34678.48617,42322.47228,43063.4816,43781.75516,43364.59559,43645.65496,40175.89549,36661.69603,37405.41708,44624.29667,45324.2322,46002.16554,45608.56279,45878.26179,40115.49631,36579.61145,37330.2943,44615.22862,45321.34428,46005.82534,45608.35506,45891.98072,47946.26693,43967.54663,44809.18284,52978.67067,53770.62525,54538.17722,54092.46382,54395.05627,48418.97702,44698.05411,45480.53744,53075.98673,53812.19916,54525.67492,54111.43483,54377.96821,44178.32403,40481.20489,41259.19344,48810.96938,49543.347,50252.50966,49840.82286,50098.63851,39299.64473,35300.12417,36144.38124,44340.32073,45134.75922,45904.7405,45457.79824,45754.08573,41149.69276,36918.69203,37813.23439,46496.71969,47338.65497,48154.16035,47680.69818,48000.96499,44140.22985,38941.41989,40043.14717,50738.41848,51775.31509,52779.88977,52196.59728,52607.20642
Jiangxi,JX,y18,42930.36937,37298.50955,38491.55307,50073.79475,51196.57437,52284.65156,51652.94235,52088.83606,36459.75721,32161.11017,33062.15453,41808.91328,42657.09814,43478.51597,43001.5175,43288.27278,36948.26885,32871.68372,33734.10511,42106.76927,42918.65508,43705.14719,43248.53181,43562.38221,38075.4091,34303.79748,35101.11755,42838.26164,43588.30171,44315.32885,43893.08524,44177.56917,40665.52411,37108.4965,37861.28139,45168.13827,45876.6045,46562.79962,46164.3996,46437.38593,40604.38809,37025.41106,37785.24333,45158.95866,45873.68154,46566.50415,46164.18901,46451.27183,48530.59353,44503.38463,45355.2776,53624.3282,54425.93471,55202.84018,54751.69458,55057.97512,49009.06555,45242.79442,46034.81401,53722.82982,54468.01661,55190.18556,54770.89799,55040.67953,44716.73001,40974.55381,41762.02454,49405.83426,50147.13829,50864.94276,50448.23783,50709.19601,39778.59473,35730.3307,36584.87754,44880.70222,45684.8226,46464.18796,46011.7983,46311.69671,41651.18853,37368.62514,38274.06956,47063.38041,47915.5769,48741.01988,48261.78858,48585.95845,44678.17231,39416.00332,40531.15739,51356.77457,52406.30664,53423.12538,52832.72335,53248.3365
Jiangxi,JX,y19,43453.27738,37752.81893,38960.39473,50683.71159,51820.16766,52921.49799,52282.09421,52723.29762,36903.84974,32552.84456,33464.86494,42318.16174,43176.67742,44008.09981,43525.29214,43815.54016,37398.31268,33272.07351,34144.99897,42619.64529,43441.4198,44237.49174,43775.31444,44092.98839,38539.18208,34721.63031,35528.66335,43360.04794,44119.22326,44855.1061,44427.72011,44715.66834,41160.84453,37560.49186,38322.44597,45718.30385,46435.398,47129.95171,46726.69975,47003.01109,41098.96494,37476.39416,38245.482,45709.01279,46432.44055,47133.70189,46726.48663,47017.06538,49121.71376,45045.45136,45907.7214,54277.49256,55088.86268,55875.23193,55418.59099,55728.60193,49606.01393,45793.8681,46595.5354,54377.1943,55131.45622,55862.42322,55438.02684,55711.09477,45261.39675,41473.63964,42270.70139,50007.61578,50757.94775,51484.49728,51062.71682,51326.85353,40263.11236,36165.53965,37030.49421,45427.36504,46241.28095,47030.1378,46572.2386,46875.79016,42158.51574,37823.78882,38740.26038,47636.62974,48499.20643,49334.70354,48849.63514,49177.75353,45222.36848,39896.1054,41024.84197,51982.31873,53044.63468,54073.83833,53476.24575,53896.92107
Jiangxi,JX,y20,43959.0373,38192.22994,39413.8608,51273.62734,52423.31077,53537.45921,52890.61314,53336.95228,37263.31924,32890.02944,33806.55653,42703.56835,43566.3225,44401.8575,43916.66251,44207.18042,37944.92703,33757.93081,34644.07206,43247.1196,44081.316,44889.4843,44420.31295,44744.34488,39028.17804,35175.05092,35989.5468,43893.16853,44659.36664,45401.97338,44970.6362,45257.87173,41732.15478,38090.63308,38861.22829,46340.84699,47066.06166,47768.52997,47360.66909,47642.03549,41803.39784,38120.9769,38902.87524,46491.13421,47226.63582,47939.6279,47525.62587,47810.87587,49767.49001,45654.39249,46524.15319,54966.18849,55784.54179,56577.68624,56117.0888,56440.52549,50053.83498,46191.29389,47004.83708,54902.21989,55667.72331,56409.57356,55978.88071,56257.07854,45589.57612,41767.17674,42570.59124,50369.16917,51125.54567,51857.83185,51432.72133,51697.97298,40710.12677,36555.75132,37432.66774,45945.5766,46770.69117,47570.48396,47106.23724,47415.30098,42704.54791,38310.8013,39239.60789,48256.0995,49130.32306,49977.09445,49485.50381,49816.44657,45843.07558,40419.5456,41569.07771,52727.99205,53809.84397,54857.95995,54249.36757,54679.21514
Jiangxi,JX,y21,44517.3869,38677.33285,39914.47915,51924.8835,53089.1705,54217.46961,53562.40833,54014.41613,37807.5727,33350.01736,34284.37179,43354.47322,44234.01322,45085.79638,44591.16467,44888.52125,38314.14417,34086.8591,34981.16109,43663.34011,44505.2383,45320.80653,44847.30954,45172.76317,39482.95166,35571.91364,36398.70906,44421.8733,45199.64003,45953.54331,45515.69155,45810.69222,42168.81561,38480.29519,39260.90749,46837.8792,47572.53469,48284.09744,47870.96978,48154.04769,42105.41933,38394.13799,39182.05946,46828.36134,47569.50398,48287.9397,47870.75237,48168.44746,50324.63486,46148.55043,47031.93627,55606.67115,56437.91233,57243.53631,56775.71298,57093.31606,50820.79473,46915.29572,47736.59343,55708.81432,56481.5473,57230.41437,56795.62631,57075.38028,46369.78393,42489.26973,43305.85079,51232.23149,52000.9382,52745.27893,52313.16948,52583.77483,41249.09973,37051.18197,37937.31883,46539.81691,47373.66456,48181.83968,47712.72671,48023.7116,43190.91844,38750.03937,39688.95498,48803.18371,49686.88293,50542.84131,50045.89344,50382.04737,46329.80042,40873.10396,42029.48298,53255.29209,54343.62341,55398.03089,54785.80313,55216.77996
Jiangxi,JX,y22,45058.72122,39147.65109,40399.84267,52556.29362,53734.73859,54876.75789,54213.7313,54671.23506,38267.31538,33755.5557,34701.27185,43881.66692,44771.90205,45634.043,45133.39564,45434.36864,38780.04677,34501.35844,35406.53525,44194.28903,45046.42552,45871.91029,45392.65562,45722.06734,39963.06694,36004.47054,36841.31979,44962.04655,45749.27185,46512.34215,46069.16571,46367.7534,42681.59109,38948.21828,39738.32373,47407.43056,48151.02035,48871.23512,48453.08439,48739.60427,42617.42469,38861.01374,39658.51585,47397.79703,48147.95263,48875.12436,48452.86376,48754.1783,50936.58552,46709.72059,47603.8486,56282.85209,57124.20066,57939.62209,57466.11048,57787.57514,51438.7787,47485.78952,48317.07423,56386.23747,57168.36712,57926.33999,57486.26513,57769.4206,46933.64363,43005.94259,43832.45282,51855.21932,52633.27262,53386.666,52949.30138,53223.1982,41750.6915,37501.72684,38398.6391,47105.74426,47949.73106,48767.73407,48292.91788,48607.68348,43716.12251,39221.24237,40171.57571,49396.63449,50291.07854,51157.44577,50654.45465,50994.69599,46893.17419,41370.12353,42540.56444,53902.87959,55004.4454,56071.674,55452.00161,55888.2212
Jiangxi,JX,y23,45606.33209,39623.4237,40890.83247,53195.02471,54387.79077,55543.69038,54872.60536,55335.6699,38732.38909,34165.79635,35123.00612,44414.97219,45316.02652,46188.64578,45681.91375,45986.54411,39251.35144,34920.66193,35836.8408,44731.39358,45593.88672,46429.40367,45944.32513,46277.73918,40448.74928,36442.04247,37289.06188,45508.48228,46305.27436,47077.61946,46629.05653,46931.27321,43200.31151,39421.56597,40221.27377,47983.58663,48736.21273,49465.1806,49041.948,49331.94913,43135.36523,39333.30222,40140.49655,47973.8363,48733.10775,49469.11701,49041.72453,49346.70172,51555.63203,47277.39625,48182.39027,56966.87227,57818.44556,58643.7779,58164.51045,58489.88353,52063.92884,48062.89572,48904.28439,57071.51528,57863.15001,58630.33478,58184.91177,58471.50821,47504.0411,43528.60517,44365.16107,52485.42974,53272.93953,54035.48833,53592.80877,53870.0335,42258.09808,37957.49589,38865.30829,47678.23311,48532.47677,49360.42179,48879.83401,49198.42505,44247.41611,39697.90922,40659.79112,49996.96471,50902.28059,51779.17529,51270.07215,51614.44813,47463.08041,41872.90702,43057.57085,54557.97716,55672.92876,56753.12864,56125.92516,56567.44515
Jiangxi,JX,y24,46135.93246,40083.54731,41365.67459,53812.74932,55019.36623,56188.6877,55509.81042,55978.25163,39108.63667,34518.77648,35480.69021,44818.2918,45723.77032,46600.6823,46091.45865,46396.36489,39823.99827,35429.65759,36359.68118,45388.76043,46264.26674,47112.45649,46620.05196,46960.12944,40960.89206,36916.95572,37771.78642,46066.80176,46870.94363,47650.32367,47197.62645,47499.08753,43798.77337,39976.91913,40785.67542,48635.69297,49396.82079,50134.07599,49706.01779,50001.31732,43873.54407,40008.76645,40829.38515,48793.42241,49565.34741,50313.64606,49879.14228,50178.51738,52232.02628,47915.24395,48828.07582,57688.17022,58547.0479,59379.47012,58896.06416,59235.51718,52532.55191,48478.73354,49332.56409,57621.03305,58424.44471,59203.03258,58751.012,59042.98586,47847.21826,43835.52809,44678.73016,52863.50126,53657.33395,54425.8838,53979.72124,54258.10904,42726.1321,38366.02769,39286.37216,48220.84732,49086.82327,49926.22234,49438.98518,49763.3548,44819.3201,40207.99141,41182.7926,50645.79097,51563.30658,52452.01131,51936.07514,52283.40714,48113.27062,42421.16136,43627.62029,55339.13485,56474.56194,57574.58073,56935.85105,57386.98441
Jiangxi,JX,y25,46720.65615,40591.56339,41889.94052,54494.76736,55716.67692,56900.81887,56213.33698,56687.71564,39678.75885,35000.58654,35981.18518,45500.18762,46423.25808,47317.19831,46798.0849,47110.1593,40210.40048,35773.89809,36712.46149,45824.34077,46707.90629,47563.83841,47066.90787,47408.46876,41437.05538,37332.45039,38200.16585,46620.41579,47436.67588,48227.89169,47768.36951,48077.96942,44255.84876,40384.77485,41204.0216,49155.99466,49927.01072,50673.78972,50240.21589,50537.30446,44189.31515,40294.3535,41121.27122,49146.00632,49923.83041,50677.8219,50239.98758,50552.41574,52815.31872,48432.54958,49359.65696,58358.77518,59231.15489,60076.65326,59585.67604,59918.99868,53336.03462,49237.24363,50099.18959,58465.97292,59276.95183,60062.881,59606.5746,59900.17424,48664.73326,44592.16339,45449.1583,53767.83414,54574.58615,55355.76613,54902.27115,55186.26857,43290.61295,38884.93161,39814.92499,48843.18135,49718.29782,50566.47179,50074.14172,50400.51687,45328.53722,40667.86903,41653.25381,51218.56713,52146.00259,53044.32425,52522.78133,52875.57214,48622.76993,42896.00943,44109.61945,55891.02092,57033.21492,58139.80868,57497.2796,57949.58779
Jiangxi,JX,y26,47287.50818,41084.05201,42398.18247,55155.94109,56392.67542,57591.18444,56895.3619,57375.49605,40160.17194,35425.24265,36417.73667,46052.23166,46986.50111,47891.28579,47365.87677,47681.73578,40698.26561,36207.93462,37157.88564,46380.31765,47274.60301,48140.91997,47637.95993,47983.66476,41939.80195,37785.39738,38663.64025,47186.05124,48012.21451,48813.03107,48347.93322,48661.28952,44792.7954,40874.75374,41703.94145,49752.39443,50532.76403,51288.60364,50849.77,51150.46197,44725.4551,40783.23595,41620.18637,49742.28456,50529.54494,51292.68569,50849.53819,51165.75702,53456.11603,49020.17233,49958.52746,59066.82931,59949.7938,60805.55004,60308.617,60645.98169,53983.14942,49834.62782,50707.03199,59175.32888,59996.1454,60791.61115,60329.76813,60626.92986,49255.17112,45133.1901,46000.58372,54420.18825,55236.72796,56027.38606,55568.38822,55855.83219,43815.84908,39356.71438,40297.99159,49435.78447,50321.51795,51179.98362,50681.68014,51012.01621,45878.49877,41161.28434,42158.62408,51839.99078,52778.67891,53687.89922,53160.0292,53517.09933,49212.70024,43416.45809,44644.79269,56569.13462,57725.18801,58845.20573,58194.88257,58652.67796
Jilin,JL,y1,10848.99659,11152.71206,12927.66741,14033.88492,13775.01401,14142.15168,13742.03402,12280.46138,10305.07249,10576.33457,12191.36974,13197.92973,12962.34415,13296.37711,12932.35503,11597.195,9618.587925,9894.367275,11541.51728,12568.15964,12327.85413,12668.58013,12297.31543,10934.5315,8540.485913,8818.031769,10456.68211,11478.0188,11238.98102,11577.91379,11208.56778,9856.254359,8358.962162,8625.033586,10202.54551,11185.69134,10955.56457,11281.9724,10926.26669,9623.522693,8303.525011,8571.485363,10139.91684,11117.36678,10888.61148,11213.0823,10859.4514,9567.437458,8703.517481,8998.334476,10724.22567,11799.7288,11548.03052,11905.09787,11516.00812,10094.41265,8590.153334,8879.455683,10601.693,11675.0931,11423.86684,11780.16578,11391.92616,9968.22642,8230.658932,8500.444431,10081.97183,11067.65592,10836.9506,11164.08159,10807.49765,9504.2543,8678.452826,8995.718771,10847.7557,12002.18788,11731.99082,12115.10719,11697.58243,10172.37109,9805.457196,10144.65332,12132.72564,13371.8811,13081.78215,13493.04996,13044.91767,11407.00597,10621.52621,10955.80791,12908.95314,14126.37754,13841.44335,14245.5253,13805.18781,12196.31537
Jilin,JL,y2,11269.58144,11585.07134,13428.8382,14577.9395,14309.03207,14690.40405,14274.77462,12756.54103,10704.57118,10986.34978,12663.99549,13709.57685,13464.85873,13811.83981,13433.7067,12046.78746,9991.473859,10277.94436,11988.95128,13055.39215,12805.77115,13159.70561,12774.04869,11358.43303,8871.576846,9159.882397,10862.05813,11922.9898,11674.68608,12026.75722,11643.09287,10238.35417,8683.015885,8959.402206,10598.06972,11619.3292,11380.28169,11719.34327,11349.84763,9996.600023,8625.429618,8903.778062,10533.01307,11548.35627,11310.73317,11647.782,11280.44254,9938.340378,9040.928712,9347.174914,11139.97429,12257.1721,11995.71544,12366.625,11962.45191,10485.74487,8923.169771,9223.68775,11012.69107,12127.70382,11866.73731,12236.84963,11833.55896,10354.66679,8549.738779,8829.98304,10472.82204,11496.71841,11257.06927,11596.8821,11226.47481,9872.708007,9014.892351,9344.457818,11268.29306,12467.4795,12186.80813,12584.77679,12151.06583,10566.72504,10185.58751,10537.9333,12603.07954,13890.27169,13588.92692,14016.13871,13550.63302,11849.2236,11033.29344,11380.53383,13409.39807,14674.0182,14378.03829,14797.78567,14340.37717,12669.13201
Jilin,JL,y3,11706.02772,12033.73594,13948.90641,15142.51017,14863.18921,15259.33142,14827.60517,13250.57386,11119.13549,11411.8269,13154.44319,14240.51847,13986.3229,14346.74217,13953.96491,12513.33255,10378.42176,10675.98588,12453.25637,13560.99909,13301.7102,13669.35216,13268.7588,11798.32009,9215.153386,9514.624313,11282.72179,12384.74085,12126.82131,12492.52665,12094.00356,10634.86287,9019.289936,9306.379976,11008.50955,12069.3201,11821.01501,12173.2076,11789.40207,10383.74628,8959.473466,9248.601684,10940.93361,11995.59778,11748.77314,12098.87446,11717.30897,10323.23045,9391.063858,9709.17024,11571.40072,12731.86506,12460.28271,12845.55703,12425.73143,10891.83471,9268.744346,9580.900622,11439.18804,12597.38317,12326.30998,12710.75572,12291.84604,10755.67996,8880.851238,9171.948849,10878.41146,11941.96074,11693.03061,12046.0036,11661.25093,10255.056,9364.019207,9706.348029,11704.68935,12950.31764,12658.7764,13072.15705,12621.65008,10975.95095,10580.05297,10946.04442,13091.16796,14428.21138,14115.19614,14558.95217,14075.41914,12308.11724,11460.5886,11821.27677,13928.71395,15242.31012,14934.86762,15370.87092,14895.74802,13159.77952
Jilin,JL,y4,12152.46623,12492.67221,14480.88256,15720.00795,15430.03406,15841.28337,15393.09329,13755.91744,11534.66611,11839.35918,13652.21251,14782.07746,14517.64963,14892.57035,14483.97167,12985.33656,10721.05153,11029.1486,12871.11849,14019.15931,13750.41995,14131.47913,13716.28744,12191.97491,9560.088357,9870.059532,11699.82876,12840.28687,12573.37288,12951.83956,12539.39768,11029.27565,9342.783447,9641.305674,11409.57344,12511.64171,12253.66997,12619.5356,12220.83702,10761.4362,9324.028258,9624.604559,11384.03682,12480.50028,12223.90218,12587.88658,12191.19213,10741.48105,9772.428327,10106.4875,12060.77718,13278.60809,12993.61727,13397.91922,12957.35539,11348.36145,9586.648563,9907.417177,11816.77583,13006.80195,12728.26079,13123.2904,12692.84498,11113.69441,9235.572039,9538.395567,11313.77808,12420.29119,12161.321,12528.5207,12128.25135,10665.01031,9752.220801,10109.7648,12199.16386,13501.54032,13196.70515,13628.96247,13157.92121,11437.8158,11011.85893,11391.18435,13612.37402,14996.81989,14672.70921,15132.17234,14631.5089,12801.59843,11913.80675,12287.85704,14475.04131,15838.35551,15519.26985,15971.78809,15478.66318,13676.5778
Jilin,JL,y5,12628.83331,12982.37479,15048.52226,16336.22129,16034.88022,16462.25016,15996.49095,14295.13928,11995.67602,12311.44026,14191.43062,15363.12282,15088.88777,15477.72,15053.97924,13499.77911,11196.57018,11517.5924,13434.96766,14630.03478,14350.30639,14746.93002,14314.75737,12728.40129,9941.599663,10264.67835,12172.15758,13361.05072,13082.79798,13477.33371,13047.39497,11473.22719,9730.295796,10040.01769,11876.32921,13020.76482,12752.88522,13132.84197,12718.78146,11202.31442,9665.763863,9977.684562,11803.42573,12941.23157,12674.94795,13052.64947,12641.00414,11137.0278,10131.37733,10474.56048,12483.59379,13735.53877,13442.54883,13858.19444,13405.27287,11750.45676,9999.41516,10336.17922,12340.95921,13590.45592,13298.01457,13712.76637,13260.83304,11603.56852,9580.943702,9894.988989,11735.97497,12883.36608,12614.81096,12995.61052,12580.52671,11063.4795,10102.20062,10471.51572,12627.38998,13971.21291,13656.68884,14102.65699,13616.63542,11841.20434,11414.09647,11808.93901,14123.16682,15565.61135,15227.92007,15706.65986,15185.00747,13278.38739,12364.04618,12753.16867,15026.73785,16443.8871,16112.20834,16582.58252,16070.00535,14197.1877
Jilin,JL,y6,13116.41124,13483.60197,15629.51924,16966.93378,16653.95879,17097.82897,16614.08715,14847.04933,12458.80812,12786.76373,14739.3369,15956.26643,15671.44383,16075.28833,15635.18724,14020.98263,11628.84986,11962.26646,13953.66889,15194.87527,14904.34685,15316.28318,14867.42545,13219.82274,10325.42742,10660.97964,12642.1035,13876.89772,13587.90333,13997.67023,13551.13209,11916.18861,10105.96561,10427.64528,12334.85333,13523.47438,13245.25292,13639.87837,13209.83125,11634.81609,10038.94214,10362.90563,12259.13537,13440.86985,13164.3051,13556.58953,13129.05129,11567.00922,10522.53219,10878.96538,12965.56315,14265.84421,13961.54201,14393.23547,13922.82755,12204.12167,10385.47517,10735.24116,12817.42183,14115.15972,13811.42786,14242.19271,13772.81097,12051.56174,9950.847293,10277.01734,12189.08065,13380.76993,13101.84755,13497.34941,13066.23925,11490.62104,10492.22896,10875.80262,13114.91149,14510.61685,14183.95005,14647.13689,14142.35,12298.37225,11854.775,12264.86262,14668.43774,16166.57307,15815.84356,16313.06603,15771.27445,13791.04335,12841.40092,13245.54634,15606.89457,17078.75794,16734.27268,17222.80728,16690.43994,14745.3161
Jilin,JL,y7,13391.82522,13766.72646,15957.70388,17323.2002,17003.65359,17456.84419,16962.94471,15158.80385,12720.41475,13055.25617,15048.82947,16291.31129,16000.50844,16412.832,15963.48996,14315.39095,11873.02926,12213.44673,14246.66299,15513.9326,15217.30309,15637.89027,15179.60687,13497.40924,10542.23768,10884.83574,12907.55923,14168.28014,13873.21703,14291.588,13835.6739,12166.40104,10318.16763,10646.60189,12593.8575,13807.43574,13523.37225,13926.28403,13487.20724,11879.12106,10249.73698,10580.5029,12516.5489,13723.09713,13440.72639,13841.24677,13404.73097,11809.89004,10743.48115,11107.39851,13237.81096,14565.39475,14254.70197,14695.45993,14215.17423,12460.37998,10603.54631,10960.65658,13086.55858,14411.5464,14101.43583,14541.24594,14062.0084,12304.61716,10159.79232,10492.81107,12445.02341,13661.73571,13376.95662,13780.76165,13340.59997,11731.89765,10712.54173,11104.16975,13390.29452,14815.30792,14481.77916,14954.69301,14439.30602,12556.6103,12103.69805,12522.39584,14976.44147,16506.03376,16147.94004,16655.60321,16102.43444,14080.62338,13111.04073,13523.6728,15934.60364,17437.37149,17085.65488,17584.44586,17040.90135,15054.93336
Jilin,JL,y8,13665.58647,14048.15261,16283.91749,17677.32814,17351.25039,17813.70478,17309.70832,15468.68547,12970.86428,13313.4946,15352.06907,16622.61511,16325.26228,16746.86488,16287.39142,14602.15838,12055.94432,12402.40372,14473.72046,15764.70446,15462.50333,15891.00902,15424.12175,13710.0154,10750.42852,11098.99462,13156.59193,14439.04865,14138.90144,14564.49223,14100.69632,12402.54633,10506.06668,10841.75843,12830.19649,14069.4834,13779.39206,14190.81302,13742.46985,12101.35844,10484.97629,10822.97766,12801.48033,14034.46534,13745.91759,14155.22217,13709.13552,12078.91756,10989.20735,11364.86072,13562.48175,14931.94597,14611.4711,15066.11352,14570.69475,12761.36237,10780.29585,11141.00408,13288.09894,14626.29782,14313.07503,14757.289,14273.24932,12497.47699,10385.50628,10726.0348,12722.47211,13966.7598,13675.54508,14088.46428,13638.35748,11992.92593,10966.48372,11368.54611,13718.09881,15182.63628,14839.84592,15325.9241,14796.23281,12861.95473,12382.96115,12809.51724,15307.27013,16864.09539,16499.62938,17016.301,16453.29892,14395.54437,13397.2103,13817.83469,16277.34771,17810.41206,17451.59626,17960.45904,17405.93295,15379.46878
Jilin,JL,y9,13959.52459,14350.31918,16634.17371,18057.55649,17724.46349,18196.86513,17682.02869,15801.40734,13259.6515,13608.68831,15686.77135,16981.92386,16678.79373,17108.59685,16640.20598,14922.24178,12376.34491,12731.19278,14850.60031,16171.59068,15862.38724,16300.80372,15823.09267,14069.58434,10989.13869,11346.25999,13454.72928,14768.89535,14461.32259,14897.43062,14422.18898,12682.15319,10755.57,11097.9271,13127.72907,14392.75397,14096.648,14516.63968,14058.94951,12382.6944,10684.23841,11029.02598,13047.14382,14304.84009,14010.49858,14427.99751,13972.97801,12310.52823,11198.91317,11578.25748,13798.98179,15182.84362,14858.97968,15318.42235,14817.7774,12988.5932,11053.04629,11425.29481,13641.31673,15022.47254,14699.21609,15157.67017,14658.11698,12826.22838,10590.48081,10937.61682,12972.5862,14240.87653,13944.02542,14364.94873,13906.12779,12229.23011,11166.66209,11574.89167,13957.92887,15443.34988,15095.68336,15588.64393,15051.41003,13088.90319,12616.79094,13053.2386,15611.31536,17205.74868,16832.47554,17361.65873,16785.04094,14677.52172,13666.83703,14096.96058,16610.09441,18176.56714,17809.93923,18329.87741,17763.28971,15693.13419
Jilin,JL,y10,14252.02887,14651.0115,16982.72114,18435.92897,18095.85626,18578.15707,18052.53245,16132.50524,13537.49102,13893.84084,16015.46715,17337.75836,17028.27531,17467.08563,16988.87981,15234.91805,12635.67497,12997.9581,15161.77495,16510.44628,16194.76314,16642.36607,16154.645,14364.39402,11219.40171,11584.00605,13736.65614,15078.35789,14764.34199,15209.58681,14724.3877,12947.89133,10980.93896,11330.46967,13402.80397,14694.33599,14392.02516,14820.81817,14353.53645,12642.15733,10908.11273,11260.1249,13320.52987,14604.57898,14304.07018,14730.31736,14265.76242,12568.4799,11433.57187,11820.86496,14088.12039,15500.97903,15170.33003,15639.40046,15128.26392,13260.75263,11284.64847,11664.69717,13927.15246,15337.24917,15007.21947,15475.27976,14965.25927,13094.98467,10812.39054,11166.80037,13244.40957,14539.27547,14236.20452,14665.9471,14197.51276,12485.47818,11400.64501,11817.42839,14250.39853,15766.94493,15411.99479,15915.2837,15366.79304,13363.16419,12881.15916,13326.75256,15938.42915,17566.27267,17185.17714,17725.44962,17136.7495,14985.06983,13953.20837,14392.34356,16958.13669,18557.434,18183.1244,18713.95545,18135.49703,16021.96331
Jilin,JL,y11,14550.45056,14957.78749,17338.32155,18821.95721,18474.76492,18967.16432,18430.53332,16470.30163,13820.95081,14184.76238,16350.81478,17700.79264,17384.82994,17832.82696,17344.60913,15553.92057,12900.25246,13270.12139,15479.24697,16856.1561,16533.86452,16990.83924,16492.90631,14665.16915,11454.32411,11826.56295,14024.28647,15394.08253,15073.49108,15528.05932,15032.70014,13219.00541,11210.86818,11567.71766,13683.44409,15002.01842,14693.37865,15131.14995,14654.08408,12906.87025,11136.51696,11495.89987,13599.4467,14910.38289,14603.58222,15038.75461,14564.47298,12831.65047,11672.97868,12068.3811,14383.11105,15825.55413,15487.9811,15966.87259,15445.03442,13538.41869,11520.9372,11908.94363,14218.77301,15658.39498,15321.45435,15799.31558,15278.61609,13369.1801,11038.79046,11400.62123,13521.73342,14843.71293,14534.29511,14973.03655,14494.79301,12746.91042,11639.36248,12064.87304,14548.78747,16097.08814,15734.70526,16248.53258,15688.55715,13642.97394,13150.87766,13605.80125,16272.16306,17934.09235,17545.01711,18096.602,17495.57483,15298.84175,14245.37271,14693.70485,17313.22224,18946.00726,18563.85956,19105.8063,18515.23355,16357.44714
Jilin,JL,y12,14594.10803,15002.66706,17390.34318,18878.43168,18530.19604,19024.07347,18485.83291,16519.71988,13852.181,14218.09254,16395.18016,17752.05421,17434.4969,17884.74637,17394.05338,15594.31658,12875.09713,13245.09637,15457.14973,16835.85261,16513.11851,16970.7388,16472.12795,14641.55486,11480.87618,11853.12601,14050.52805,15420.12372,15099.58207,15554.08909,15058.78135,13245.24937,11219.91109,11578.41163,13701.95503,15025.44702,14715.64538,15155.01951,14676.21425,12923.5956,11197.38765,11558.35479,13671.28801,14988.04945,14679.89689,15117.01263,14640.6142,12899.63078,11735.87907,12137.05689,14483.99687,15946.51055,15604.26178,16089.79448,15560.71413,13628.44474,11512.77306,11897.98965,14190.97141,15620.09493,15285.58981,15759.98762,15243.05783,13346.62929,11091.15906,11454.82504,13586.9116,14915.74401,14604.74228,15045.71842,14565.02826,12807.79654,11711.6112,12140.99221,14650.18832,16214.23412,15848.15228,16367.25854,15801.57616,13735.87188,13224.33275,13679.87209,16347.33661,18009.94188,17620.71145,18172.48898,17571.23363,15373.6625,14307.49715,14756.70064,17383.32802,19020.55575,18637.36166,19180.79917,18588.59566,16424.44058
Jilin,JL,y13,14653.18201,15063.3955,17460.73684,18954.84798,18605.2032,19101.07889,18560.65958,16586.58891,13918.53228,14284.91199,16466.25652,17825.7659,17507.57348,17958.73348,17467.06777,15663.73714,12991.33379,13363.81376,15588.53546,16975.16741,16650.59903,17110.80122,16609.35267,14768.71032,11535.19585,11910.06269,14123.30276,15502.77065,15179.91618,15637.69367,15138.83685,13312.33689,11290.02104,11649.39011,13780.05396,15107.93871,14797.12019,15237.98161,14757.5479,12997.99826,11215.14485,11577.06539,13695.46479,15015.65687,14706.68894,15144.93411,14667.30317,12922.24678,11755.39412,12153.58838,14484.66127,15937.28762,15597.33126,16079.60438,15554.08137,13634.00517,11602.27923,11993.02505,14319.16298,15768.94836,15429.62977,15910.86418,15386.48881,13463.57121,11116.72848,11481.11371,13617.20175,14948.51499,14636.9133,15078.75205,14597.13227,12836.90843,11721.54043,12150.05551,14651.50664,16210.73958,15845.79795,16363.25395,15799.32487,13739.29896,13243.72788,13701.86265,16387.05122,18060.71355,17668.89135,18224.37074,17619.10047,15406.85733,14345.94994,14797.44615,17435.46008,19079.77268,18694.92751,19240.70062,18645.95935,16472.93635
Jilin,JL,y14,14704.49702,15116.14807,17521.88403,19021.22798,18670.35967,19167.9713,18625.65983,16644.67529,13967.27579,14334.93807,16523.92175,17888.19292,17568.88442,18021.62538,17528.23819,15718.59151,13036.82805,13410.61353,15643.12767,17034.61517,16708.90972,17170.72333,16667.51826,14820.43074,11575.59242,11951.77208,14172.76316,15557.06178,15233.07599,15692.45694,15191.8529,13358.95712,11329.55901,11690.18632,13828.31215,15160.84671,14848.9388,15291.34494,14809.22818,13043.51715,11254.42061,11617.60852,13743.42698,15068.24133,14758.19218,15197.97161,14718.66888,12967.50083,11796.56177,12196.15032,14535.38664,15993.10071,15651.95368,16135.91562,15608.55228,13681.75176,11642.91047,12035.02487,14369.30778,15824.17168,15483.66356,15966.58449,15440.37131,13510.72119,11155.65949,11521.32116,13664.88982,15000.86395,14688.17206,15131.5588,14648.25207,12881.86284,11762.59002,12192.60519,14702.81672,16267.50937,15901.29004,16420.55777,15854.65378,13787.4138,13290.10781,13749.8464,16444.43925,18123.9629,17730.76819,18288.19244,17680.80301,15460.81125,14396.19017,14849.26858,17496.51852,19146.59046,18760.39694,19308.08233,18711.25756,16530.62506
Jilin,JL,y15,14755.77821,15168.86291,17582.98855,19087.5604,18735.46885,19234.81668,18690.61381,16702.72135,14015.98354,14384.92836,16581.5462,17950.57501,17630.15429,18084.47226,17589.3652,15773.40761,13082.29223,13457.38095,15697.68002,17094.02052,16767.17913,17230.60317,16725.64429,14872.11506,11615.9603,11993.45197,14222.18917,15611.31398,15286.19858,15747.18183,15244.83188,13405.54434,11369.06878,11730.95391,13876.53612,15213.71795,14900.72234,15344.67037,14860.87219,13089.00353,11293.66846,11658.12291,13791.35431,15120.7886,14809.65834,15250.97184,14769.99681,13012.72287,11837.70024,12238.68263,14586.07576,16048.874,15706.53757,16192.18687,15662.9848,13729.46427,11683.51319,12076.99536,14419.41928,15879.35622,15537.6614,16022.26562,15494.21829,13557.83762,11194.56288,11561.49953,13712.54387,15053.17805,14739.39431,15184.32651,14699.33512,12926.78678,11803.6097,12235.12496,14754.09033,16324.2398,15956.74317,16477.82215,15909.94374,13835.49598,13336.45334,13797.7965,16501.78571,18187.16687,17792.60163,18351.96936,17742.46145,15514.72844,14446.39424,14901.05293,17557.5365,19213.36136,18825.82079,19375.41511,18776.50945,16588.27306
Jilin,JL,y16,14799.19373,15213.49478,17634.72356,19143.72243,18790.59436,19291.41121,18745.60701,16751.86536,14046.84099,14417.89356,16625.57464,18001.51687,17679.49747,18136.07415,17638.48522,15813.45738,13056.02584,13431.2251,15674.363,17072.44065,16745.17104,17209.2218,16703.60456,14847.30732,11642.21281,12019.69357,14247.97453,15636.81698,15311.77166,15772.66537,15270.39708,13431.38008,11377.58036,11741.11922,13894.50357,15236.5956,14922.43825,15367.98785,14882.45451,13105.20688,11354.7404,11720.78058,13863.4051,15198.67134,14886.18826,15329.44585,14846.35347,13080.90504,11900.79896,12307.61398,14687.53478,16170.60048,15823.54217,16315.89861,15779.38287,13819.96105,11674.55767,12065.18789,14390.39206,15839.5981,15500.39273,15981.45652,15457.26341,13534.18337,11247.01905,11615.79534,13777.84389,15125.34954,14809.97721,15257.15058,14769.70512,12987.77998,11876.19075,12311.60506,14856.06159,16442.086,16070.86047,16597.26034,16023.6294,13928.89722,13410.16978,13872.10932,16577.06018,18263.02839,17868.32927,18427.86024,17818.15559,15589.70329,14508.55506,14964.07123,17627.60973,19287.84462,18899.26562,19450.33976,18849.81426,16655.2479
Jilin,JL,y17,14894.52601,15311.49568,17748.32207,19267.04194,18911.63802,19415.68198,18866.36184,16859.77688,14147.77632,14520.19087,16737.46352,18119.36427,17795.93014,18254.52154,17754.75763,15921.72522,13205.3055,13583.92126,15845.28604,17254.75615,16924.84128,17392.62238,16882.91472,15011.95748,11725.18547,12106.22676,14355.92042,15758.10681,15429.93463,15895.25268,15388.17938,13531.59645,11475.97235,11841.26023,14007.01809,15356.77293,15040.83326,15488.95714,15000.61028,13212.08033,11399.86301,11767.74378,13921.03457,15262.97004,14948.91397,15394.37683,14908.88017,13135.08127,11949.01059,12353.76284,14723.22926,16199.78194,15854.22633,16344.44169,15810.26263,13858.56277,11793.37351,12190.55488,14555.00519,16028.6704,15683.76241,16172.92314,15639.91113,13685.32165,11299.82557,11670.21243,13841.48317,15194.72349,14877.98905,15327.10445,14837.55345,13048.3381,11914.59939,12350.17193,14892.82349,16477.73676,16106.7849,16632.7625,16059.54621,13965.59079,13461.85768,13927.53862,16656.9516,18358.18105,17959.90538,18524.53329,17909.29362,15660.61403,14582.23427,15041.16749,17722.62993,19394.02474,19002.83976,19557.60247,18953.06598,16744.25237
Jilin,JL,y18,14982.45249,15401.88352,17853.09591,19380.77994,19023.27859,19530.29751,18977.73428,16959.30442,14231.29432,14605.90687,16836.26841,18226.32722,17900.98419,18362.28244,17859.56873,16015.71461,13283.26027,13664.11056,15938.82441,17356.61511,17024.75366,17495.29478,16982.57962,15100.57663,11794.402,12177.69252,14440.6672,15851.13136,15521.02152,15989.08683,15479.01849,13611.47688,11543.71787,11911.16225,14089.70447,15447.42677,15129.62298,15580.39229,15089.16198,13290.07461,11467.15918,11837.21207,14003.21409,15353.07108,15037.16018,15485.25331,14996.8903,13212.62116,12019.54806,12426.68969,14810.14474,16295.41315,15947.8172,16440.92761,15903.59638,13940.3728,11862.9927,12262.51895,14640.92709,16123.29063,15776.34634,16268.39619,15732.23611,13766.11027,11366.53128,11739.10493,13923.19305,15284.42141,14965.81624,15417.5853,14925.14179,13125.36527,11984.93457,12423.07802,14980.73972,16575.00846,16201.86662,16730.95073,16154.34914,14048.03279,13541.32715,14009.75663,16755.28162,18466.55363,18065.92616,18633.88767,18015.01626,15753.06242,14668.31688,15129.95922,17827.25049,19508.5126,19115.01914,19673.05652,19064.95052,16843.09831
Jilin,JL,y19,15070.79768,15492.70168,17958.36627,19495.05947,19135.4498,19645.45879,19089.63803,17059.30516,14315.20945,14692.03159,16935.5433,18333.79948,18006.53846,18470.55674,17964.87928,16110.15252,13361.58521,13744.68117,16032.80791,17458.95887,17125.14061,17598.45692,17082.71798,15189.61807,11863.94816,12249.49841,14525.81634,15944.59861,15612.54195,16083.3666,15570.29181,13691.73769,11611.78586,11981.39679,14172.78505,15538.51398,15218.83656,15672.26247,15178.13669,13368.44001,11534.77574,11907.01032,14085.78469,15443.60152,15125.82862,15576.5634,15085.32083,13290.52941,12090.42228,12499.96523,14897.47272,16391.49958,16041.85474,16537.8722,15997.37176,14022.57298,11932.94348,12334.82529,14727.25752,16218.36238,15869.37325,16364.32275,15825.00286,13847.28248,11433.55445,11808.32486,14005.29143,15374.54596,15054.06388,15508.49507,15013.14969,13202.75954,12055.60365,12496.33105,15069.07347,16672.74422,16297.40183,16829.60504,16249.60396,14130.86769,13621.17325,14092.36483,16854.08046,18575.44233,18172.45416,18743.76397,18121.2434,15845.95172,14754.80894,15219.17311,17932.36905,19623.54502,19227.73118,19789.05806,19177.36748,16942.41331
Jilin,JL,y20,15151.55691,15575.72257,18054.59999,19599.52744,19237.99078,19750.73295,19191.93243,17150.72067,14381.29043,14761.17886,17021.42384,18430.12667,18100.4396,18567.88701,18058.45093,16189.96933,13366.88522,13751.01782,16047.56334,17478.92809,17143.8674,17618.96714,17101.31108,15200.81593,11919.40899,12305.87786,14587.21252,16009.12347,15676.33844,16148.20645,15633.97848,13751.17613,11648.47617,12020.67076,14225.32636,15599.37192,15277.73648,15733.89412,15236.80037,13417.23696,11625.09241,11999.84717,14193.48715,15560.54635,15240.62223,15694.43454,15199.83897,13392.3562,12184.15308,12600.65393,15037.2386,16555.61666,16200.29415,16704.37516,16155.08273,14149.00795,11952.52425,12352.4556,14733.02142,16216.73318,15869.45163,16361.96908,15825.29473,13856.42799,11514.80624,11892.36339,14105.88887,15485.47807,15162.59683,15620.41689,15121.36625,13297.01388,12158.95806,12604.73956,15209.77926,16833.56664,16453.50104,16992.43578,16405.1465,14260.53905,13729.45975,14202.39852,16971.7531,18697.86381,18293.76804,18866.62144,18242.39962,15960.8883,14853.99841,15320.36059,18047.31688,19747.08097,19349.24978,19913.44506,19298.6204,17051.80251
Jilin,JL,y21,15248.74599,15675.63245,18170.41079,19725.24917,19361.39338,19877.42416,19315.03975,17260.73452,14484.23799,14865.50832,17135.51194,18550.27725,18219.1513,18688.64833,18177.00009,16300.37471,13519.35276,13906.97237,16222.11645,17665.1073,17327.34751,17806.25262,17284.4234,15368.97083,12004.03255,12394.13536,14697.33117,16132.86574,15796.88887,16273.27208,15754.14013,13853.40369,11748.89293,12122.86817,14340.13112,15721.98569,15398.53335,15857.3132,15357.35313,13526.28924,11670.9735,12047.60372,14252.10369,15625.95337,15304.42744,15760.48447,15263.44151,13447.45909,12233.18072,12647.55891,15073.37588,16585.0444,16231.27002,16733.14505,16186.26199,14188.14591,12073.84234,12480.46976,14901.15096,16409.86208,16056.75228,16557.54604,16011.85764,14010.78568,11568.557,11947.75236,14170.65984,15556.08307,15231.81543,15691.61365,15190.4185,13358.65139,12197.95109,12643.88249,15247.00225,16869.60876,16489.83493,17028.32211,16441.47218,14297.71975,13782.00672,14258.76173,17053.08668,18794.77349,18387.02661,18965.08229,18335.21126,16033.05353,14929.02769,15398.87486,18144.1079,19855.25184,19454.76468,20022.71928,19403.80608,17142.46256
Jilin,JL,y22,15338.3536,15767.74784,18277.18673,19841.16164,19475.16803,19994.23106,19428.54267,17362.16502,14569.3527,14952.86317,17236.2062,18659.28542,18326.21436,18798.47001,18283.81485,16396.16114,13598.79771,13988.69487,16317.44375,17768.91322,17429.16813,17910.88859,17385.99259,15459.28368,12074.57264,12466.96796,14783.6985,16227.66757,15889.71683,16368.89942,15846.71716,13934.81115,11817.93352,12194.10653,14424.39934,15814.37412,15489.02075,15950.49703,15447.59876,13605.7742,11739.55646,12118.39956,14335.85438,15717.77656,15394.36243,15853.09927,15353.13475,13526.48056,12305.06746,12721.88149,15161.95269,16682.50323,16326.6508,16831.47438,16281.37806,14271.52104,12144.79285,12553.80978,14988.71588,16506.29276,16151.10789,16654.84387,16105.94908,14093.11742,11636.53812,12017.96162,14253.93202,15647.49593,15321.32412,15783.82258,15279.68309,13437.15278,12269.6307,12718.18295,15336.60005,16968.74019,16586.735,17128.38626,16538.08818,14381.73846,13862.99441,14342.55171,17153.29673,18905.21861,18495.0756,19076.52816,18442.9552,16127.26964,15016.75549,15489.364,18250.72864,19971.92825,19569.08692,20140.38069,19517.82882,17243.19807
Jilin,JL,y23,15428.38434,15860.29896,18384.46657,19957.62148,19589.47958,20111.5888,19542.58,17464.07416,14654.86838,15040.63097,17337.37566,18768.80757,18433.7816,18908.81057,18391.13345,16492.40038,13678.61755,14070.80343,16413.22118,17873.20983,17531.47042,18016.0188,17488.04145,15550.02384,12145.4457,12540.14411,14870.47229,16322.91743,15982.98398,16464.97889,15939.73131,14016.60294,11887.30013,12265.68101,14509.06421,15907.19881,15579.93555,16044.12028,15538.27034,13685.63453,11808.46304,12189.52975,14419.99896,15810.03405,15484.72073,15946.15046,15443.2521,13605.87526,12377.29327,12796.55265,15250.94674,16780.42398,16422.48167,16930.26807,16376.94367,14355.28843,12216.07788,12627.49515,15076.69324,16603.17817,16245.90784,16752.60194,16200.48446,14175.83868,11704.83994,12088.50239,14337.59707,15739.34008,15411.25367,15876.4668,15369.36877,13516.02329,12341.64864,12792.83351,15426.61925,17068.34048,16684.09184,17228.9239,16635.15991,14466.15308,13944.36398,14426.73624,17253.97912,19016.18416,18603.63359,19188.49962,18551.20829,16221.92985,15104.89876,15580.28069,18357.85265,20089.15592,19683.95073,20258.59632,19632.39125,17344.40811
Jilin,JL,y24,15510.6502,15944.86734,18482.49581,20064.03833,19693.93325,20218.82742,19646.78354,17557.19438,14722.12914,15111.01995,17424.83393,18866.92207,18529.42148,19007.94819,18486.43852,16573.6744,13683.68164,14076.91805,16427.89279,17893.18026,17550.17816,18036.53804,17506.61373,15561.07666,12201.90058,12597.52825,14932.93254,16388.54122,16047.86951,16530.92094,16004.50638,14077.07954,11924.54609,12305.56134,14562.46851,15969.07845,15639.82068,16106.78905,15597.91391,13735.22681,11900.60836,12284.24542,14529.87473,15929.33192,15601.82655,16066.39382,15560.0762,13709.7567,12472.91816,12899.29098,15393.62325,16947.98631,16584.24355,17100.2692,16537.96039,14484.34179,12235.80022,12645.20958,15082.19584,16601.07146,16245.5587,16749.7492,16200.35608,14184.82654,11787.70813,12174.21354,14440.20036,15852.48578,15521.95268,15990.62257,15479.74366,13612.15431,12447.12641,12903.47364,15570.25262,17232.5234,16843.45253,17395.15812,16793.95002,14598.51506,14054.85004,14538.99734,17373.98545,19141.006,18727.33156,19313.76169,18674.74568,16339.16293,15206.03991,15683.45499,18475.04011,20215.08873,19807.82909,20385.39485,19756.00028,17455.9316
Jilin,JL,y25,15609.717,16046.70799,18600.54334,20192.18791,19819.71919,20347.96455,19772.26815,17669.33295,14827.11001,15217.40661,17541.14539,18989.40172,18650.43703,19131.04916,18607.28753,16686.23932,13839.38488,14236.18077,16606.12848,18083.27801,17737.52112,18227.7646,17693.58182,15732.78673,12288.19393,12687.53112,15045.24763,16514.765,16170.83469,16658.4949,16127.07406,14181.3437,12027.01427,12409.84259,14679.59243,16094.15905,15763.04954,16232.69029,15720.89504,13846.48485,11947.25034,12332.79589,14589.48081,15995.85279,15666.71598,16133.56937,15624.76016,13765.78807,12522.76563,12946.95331,15430.1948,16977.64735,16615.49818,17129.25401,16569.42506,14524.00919,12359.65591,12775.90948,15253.89248,16798.31949,16436.85086,16949.49872,16390.89328,14342.45049,11842.40916,12230.58128,14506.10982,15924.32779,15592.38535,16063.067,15550.00788,13674.87982,12486.7026,12943.19033,15607.93222,17268.94908,16880.1844,17431.4185,16830.67713,14636.17719,14108.25516,14596.29687,17456.7697,19239.68492,18822.28732,19414.02514,18769.24494,16412.59008,15282.42955,15763.39858,18573.61754,20325.26728,19915.29985,20496.69967,19863.13529,17548.26108
Jilin,JL,y26,15701.02173,16140.56897,18709.34334,20310.29743,19935.64963,20466.98576,19887.92148,17772.685,14913.8376,15306.41643,17643.74914,19100.47579,18759.52869,19242.95084,18716.1278,16783.84077,13920.3349,14319.45074,16703.26285,18189.05108,17841.2736,18334.38362,17797.07648,15824.81178,12360.07023,12761.74357,15133.25206,16611.36356,16265.42235,16755.93473,16221.40526,14264.294,12097.3629,12482.42999,14765.45722,16188.29777,15855.25201,16327.63916,15812.84999,13927.47673,12017.1328,12404.93383,14674.81928,16089.41709,15758.35524,16227.93723,15716.15265,13846.30839,12596.01535,13022.6835,15520.45003,17076.95348,16712.68676,17229.44679,16666.34377,14608.96485,12431.95073,12850.63841,15343.11683,16896.57655,16532.99317,17048.64054,16486.7668,14426.34335,11911.67869,12302.12107,14590.9593,16017.47347,15683.58857,16157.02436,15640.96362,13754.86734,12559.74068,13018.89899,15699.22676,17369.95867,16978.92123,17533.37883,16929.12391,14721.78723,14190.7788,14681.67448,17558.87753,19352.2233,18932.38263,19527.58315,18879.03015,16508.59152,15371.81981,15855.60225,18682.25941,20444.15561,20031.78954,20616.59106,19979.31899,17650.90522
Liaoning,LN,y1,34690.86436,34303.71295,36236.0837,38583.44207,38411.78523,38411.75803,37681.72832,37537.41601,31912.46009,31524.55874,33379.47107,35632.7724,35467.79979,35467.99485,34767.14423,34614.84344,32898.17718,32520.41688,34366.7428,36609.4899,36445.455,36445.5226,35748.02215,35601.5456,31036.80652,30598.74721,32738.71988,35338.46652,35148.33173,35148.28939,34339.80734,34171.05039,30444.58952,30031.53601,32045.19047,34491.44223,34312.55854,34312.49047,33551.81097,33393.27484,30078.49761,29656.27485,31747.50118,34288.03685,34102.20583,34102.20608,33312.16085,33153.36232,31179.51783,30687.18345,33139.01593,36117.56354,35899.60355,35899.64487,34973.28238,34792.19449,32996.00969,32486.6494,34962.61252,37970.53016,37750.32579,37750.50255,36815.10383,36614.81122,31146.33864,30781.87881,32555.42105,34709.75258,34552.20533,34552.27555,33882.2126,33740.5721,31350.92995,30958.11554,32907.13283,35274.81098,35101.65734,35101.5903,34365.20466,34219.2174,33555.41629,33170.81567,35085.57712,37411.47865,37241.41409,37241.40009,36518.06276,36373.55219,36136.5906,35758.20339,37667.05651,39985.84591,39816.2304,39816.24463,39095.10273,38956.37034
Liaoning,LN,y2,36132.20754,35728.97094,37741.62958,40186.51535,40007.72711,40007.69856,39247.33832,39097.02922,33238.36635,32834.34823,34766.32873,37113.2509,36941.42365,36941.62726,36211.65779,36053.02885,34265.0379,33871.58218,35794.61927,38130.54918,37959.6998,37959.77031,37233.29017,37080.72798,32326.33078,31870.07206,34098.95623,36806.71692,36608.68327,36608.63943,35766.56534,35590.79687,31709.50805,31279.2937,33376.61172,35924.5007,35738.18544,35738.11413,34945.82912,34780.70643,31328.20556,30888.44077,33066.55269,35712.64446,35519.09232,35519.09291,34696.2228,34530.82559,32474.97264,31962.18161,34515.8834,37618.18435,37391.16894,37391.21136,36426.3615,36237.74761,34366.93572,33836.41152,36415.24702,39548.13988,39318.78526,39318.96986,38344.70633,38136.09128,32440.41394,32060.81143,33908.04104,36151.88227,35987.78867,35987.86201,35289.9592,35142.43312,32653.50578,32244.37023,34274.36661,36740.41767,36560.06977,36559.99879,35793.01789,35640.9658,34949.58521,34549.00523,36543.32162,38965.85958,38788.72862,38788.71478,38035.32327,37884.80918,37638.00241,37243.89396,39232.05601,41647.18701,41470.52505,41470.53927,40719.43585,40574.93885
Liaoning,LN,y3,37632.00858,37212.0338,39308.23415,41854.60522,41668.3955,41668.36531,40876.44337,40719.89576,34618.04737,34197.25886,36209.43285,38653.77397,38474.81383,38475.02626,37714.75584,37549.54303,35687.33529,35277.54708,37280.40767,39713.29726,39535.35631,39535.43077,38778.79576,38619.89996,33668.15493,33192.95681,35514.35942,38334.51586,38128.26191,38128.21579,37251.18877,37068.12422,33025.72878,32577.65635,34762.03067,37415.67996,37221.62995,37221.5562,36396.38445,36224.40791,32628.59893,32170.58038,34439.10339,37195.02898,36993.44271,36993.44382,36136.41751,35964.15562,33822.96588,33288.89045,35948.59278,39179.66558,38943.22698,38943.27196,37938.37226,37741.93028,35793.46238,35240.91634,37926.79654,41189.73107,40950.85705,40951.04797,39936.34475,39719.07133,33786.97298,33391.61295,35315.51945,37652.49932,37481.59425,37481.67033,36754.79924,36601.14968,34008.90927,33582.79159,35697.05041,38265.46477,38077.63069,38077.55623,37278.73952,37120.37532,36400.29632,35983.08791,38060.18616,40583.28181,40398.7983,40398.78362,39614.12024,39457.35732,39200.30574,38789.8387,40860.52772,43375.90731,43191.91223,43191.92702,42409.64585,42259.1519
Liaoning,LN,y4,39171.79007,38734.63028,40916.60195,43567.1618,43373.33173,43373.30256,42548.97689,42386.02355,36053.03792,35616.20468,37711.28184,40256.31874,40069.96947,40070.19946,39278.6098,39108.16292,37110.66182,36682.49327,38768.42601,41302.2145,41116.93124,41116.97777,40328.9682,40161.12763,35013.95431,34518.40786,36938.3037,39878.14015,39663.11344,39663.08088,38748.83493,38557.1053,34350.21678,33884.81001,36158.56249,38920.79,38718.80081,38718.724,37859.78928,37683.89522,34010.82312,33531.98241,35902.71178,38782.80445,38572.12887,38572.14439,37676.49489,37494.436,35319.06758,34759.71231,37557.73453,40956.83733,40708.11168,40708.15748,39651.01329,39447.08803,37179.66677,36610.53718,39364.34281,42709.77791,42464.87987,42465.04898,41424.68716,41199.10745,35122.26142,34710.77253,36711.04843,39140.80644,38963.10044,38963.1957,38207.45568,38048.74232,35463.90129,35018.12045,37235.91612,39930.10721,39733.08205,39733.00512,38895.07877,38729.95869,37960.47672,37528.8653,39673.356,42278.31254,42087.83746,42087.82156,41277.69009,41115.07011,40871.63262,40444.11808,42602.20292,45223.75529,45031.9931,45032.00875,44216.71624,44059.65475
Liaoning,LN,y5,40816.27729,40360.76514,42634.33871,45396.1731,45194.2066,45194.17446,44335.24223,44165.44941,37547.28693,37090.89275,39273.32971,41924.5002,41730.39651,41730.62721,40906.02575,40726.83393,38707.05331,38262.59008,40434.92481,43073.67765,42880.67867,42880.75897,42060.10019,41887.7598,36517.0183,36001.6103,38519.44075,41578.22795,41354.52063,41354.47125,40403.23348,40204.67943,35820.23156,35334.24564,37703.45349,40581.64317,40371.17367,40371.09387,39476.0993,39289.57081,35389.49898,34892.72493,37353.20028,40342.32244,40123.67847,40123.67899,39194.13533,39007.2959,36684.92847,36105.66172,38990.4172,42494.89096,42238.44615,42238.49368,41148.56394,40935.50072,38822.1602,38222.86061,41136.0087,44675.03974,44415.95268,44416.16069,43315.59702,43079.9384,36645.89079,36217.07624,38303.77565,40838.50169,40653.1354,40653.21786,39864.84138,39698.19085,36886.60605,36424.43228,38717.5903,41503.33354,41299.60583,41299.52578,40433.11557,40261.35154,39480.34175,39027.83132,41280.68598,44017.27607,43817.18243,43817.16537,42966.10625,42796.0802,42517.27775,42072.07844,44317.97997,47046.20142,46846.63776,46846.65352,45998.17923,45834.95071
Liaoning,LN,y6,42505.6155,42031.25045,44398.92464,47275.06688,47064.74248,47064.70893,46170.22803,45993.40547,39101.32589,38626.04254,40898.80735,43659.70644,43457.57003,43457.8099,42599.07951,42412.47023,40309.09346,39846.23546,42108.47912,44856.44644,44655.46055,44655.54391,43800.91968,43621.4461,38028.41581,37491.6748,40113.71606,43299.10255,43066.13729,43066.08516,42075.47614,41868.70424,37302.79063,36796.68893,39263.95548,42261.27155,42042.09048,42042.00789,41109.96983,40915.72114,36854.22926,36336.89371,38899.20621,42012.04432,41784.3518,41784.35207,40816.33511,40621.76357,38203.275,37600.03345,40604.1848,44253.70492,43986.64604,43986.69611,42851.65514,42629.77338,40428.96516,39804.85988,42838.58065,46524.08753,46254.27751,46254.4952,45108.37948,44862.9671,38162.62174,37716.05911,39889.12533,42528.75957,42335.7212,42335.80826,41514.80149,41341.25353,38413.30015,37931.99739,40320.06704,43221.10811,43008.94786,43008.86451,42106.59539,41927.72262,41114.38786,40643.1485,42989.24612,45839.09899,45630.72368,45630.70701,44744.42338,44567.36052,44277.01824,43813.39413,46152.25027,48993.38905,48785.56507,48785.58299,47901.98964,47732.00605
Liaoning,LN,y7,43468.24876,42983.14076,45404.43512,48345.71495,48130.62686,48130.59316,47215.85465,47035.02772,39986.86103,39500.81319,41825.05017,44648.47705,44441.76187,44442.0074,43563.82942,43372.99396,41221.98191,40748.63996,43062.11914,45872.31956,45666.7808,45666.86648,44792.88623,44609.35005,38889.6519,38340.75715,41022.1789,44279.7051,44041.46383,44041.41052,43028.36812,42816.91304,38147.59326,37630.03088,40153.1742,43218.37021,42994.22584,42994.14068,42040.99544,41842.34678,37688.87441,37159.82153,39780.16405,42963.49918,42730.6505,42730.64942,41740.71012,41541.73245,39068.47246,38451.56871,41523.7567,45255.92699,44982.82065,44982.87159,43822.12457,43595.2173,41344.56752,40706.32844,43808.75381,47577.72795,47301.80699,47302.02888,46129.95765,45878.98725,39026.89796,38570.22272,40792.50224,43491.91655,43294.50708,43294.59535,42454.99532,42277.51626,39283.25258,38791.04905,41233.20359,44199.94491,43982.9798,43982.89516,43060.19131,42877.26779,42045.51403,41563.60285,43962.8316,46877.22551,46664.13179,46664.11411,45757.7598,45576.68604,45279.769,44805.64407,47197.46887,50102.95139,49890.42208,49890.43855,48986.83604,48813.00187
Liaoning,LN,y8,44428.50722,43932.68251,46407.46558,49413.72171,49193.8816,49193.84711,48258.90022,48074.07819,40891.22988,40395.77466,42772.00314,45658.57374,45447.21887,45447.48042,44549.66099,44356.34149,42090.78223,41605.15483,43971.01335,46844.82696,46634.67919,46634.73138,45740.97398,45550.61019,39712.70428,39150.65713,41895.29461,45229.64713,44985.76331,44985.72795,43948.79287,43731.33344,38959.89501,38432.03205,41010.91469,44143.82377,43914.72859,43914.64139,42940.44006,42740.94183,38574.95556,38031.85645,40720.72955,43987.32073,43748.37295,43748.39097,42732.54819,42526.0579,40058.76386,39424.34426,42597.85017,46453.09989,46170.99675,46171.04881,44972.04054,44740.7491,42169.04774,41523.54328,44646.89952,48441.28001,48163.51784,48163.70941,46983.7346,46727.88303,39835.54646,39368.83657,41637.5427,44393.36596,44191.8105,44191.91916,43334.76262,43154.74968,40223.03317,39717.42945,42232.84565,45288.58788,45065.12178,45065.03393,44114.66148,43927.38306,43054.63911,42565.10793,44997.38105,47951.91368,47735.87797,47735.86008,46817.01202,46632.56841,46356.4622,45871.57658,48319.26875,51292.62409,51075.12928,51075.14702,50150.44592,49972.30628
Liaoning,LN,y9,45457.45625,44950.14855,47482.24802,50558.12634,50333.19574,50333.15977,49376.5596,49187.45842,41816.75232,41308.46074,43739.06102,46691.69363,46475.51939,46475.77564,45557.4096,45357.84091,43108.39434,42613.39234,45032.7405,47971.54228,47756.59802,47756.68765,46842.71335,46650.7755,40669.33156,40095.31801,42899.44782,46306.04732,46056.90209,46056.8483,44997.44556,44776.31413,39893.31506,39352.06761,41990.67551,45196.14292,44961.74131,44961.6509,43964.88749,43757.14958,39413.60413,38860.34071,41600.59558,44929.60757,44686.10294,44686.10308,43650.86178,43442.77745,40856.33537,40211.20117,43423.97903,47326.94254,47041.33798,47041.39162,45827.52528,45590.23494,43236.59077,42569.14464,45813.54357,49754.9942,49466.44645,49466.67883,48240.97193,47978.5156,40812.8586,40335.28576,42659.26068,45482.20689,45275.76291,45275.85539,44397.83383,44212.23396,41080.94581,40566.21839,43120.13012,46222.63562,45995.74287,45995.65377,45030.72469,44839.42938,43969.61283,43465.64816,45974.67164,49022.43616,48799.59026,48799.5716,47851.74006,47662.37965,47351.87524,46856.05304,49357.3337,52395.77804,52173.52239,52173.54005,51228.5863,51046.79691
Liaoning,LN,y10,46484.93655,45966.16125,48555.49469,51700.89736,51470.88262,51470.84594,50492.62391,50299.24897,42761.94049,42242.16226,44727.70013,47747.07104,47526.01066,47526.27358,46587.14954,46383.07024,44082.77866,43576.58784,46050.61979,49055.84741,48836.04584,48836.13737,47901.50391,47705.22812,41588.58552,41001.59707,43869.1097,47352.70804,47097.93335,47097.87599,46014.52808,45788.39859,40795.02896,40241.54718,42939.79701,46217.71619,45978.01634,45977.92469,44958.63042,44746.1972,40304.47454,39738.70621,42540.89895,45945.15642,45696.14779,45696.1482,44637.50678,44424.72012,41779.81538,41120.09951,44405.49659,48396.67868,48104.61798,48104.67321,46863.3715,46620.71677,44213.87164,43531.33972,46849.07265,50879.61234,50584.54273,50584.77954,49331.36765,49062.97964,41735.35624,41246.98737,43623.49345,46510.24663,46299.1369,46299.23078,45401.36311,45211.56752,42009.50286,41483.14148,44094.77973,47267.41178,47035.39076,47035.29936,46048.55961,45852.94103,44963.46341,44448.10713,47013.84135,50130.49551,49902.61296,49902.59437,48933.33854,48739.69838,48422.17609,47915.14636,50472.96311,53580.08593,53352.80658,53352.82473,52386.51196,52200.61357
Liaoning,LN,y11,47534.95322,47004.46037,49652.28093,52868.73461,52633.52295,52633.48636,51633.16829,51435.42462,43727.86155,43196.34187,45738.02323,48825.59829,48599.54398,48599.8125,47639.47644,47430.78575,45078.53495,44560.9093,47090.82723,50163.93846,49939.1708,49939.26453,48983.51896,48782.80972,42528.00244,41927.75454,44860.03922,48422.32587,48161.79638,48161.73803,47053.91942,46822.68056,41716.51994,41150.5368,43909.73486,47261.69709,47016.58269,47016.48964,45974.1718,45756.93876,41214.88513,40636.33719,43501.82724,46982.98127,46728.34768,46728.3477,45645.79455,45428.20055,42723.55237,42048.93463,45408.54302,49489.87913,49191.22155,49191.27719,47921.93593,47673.80059,45212.58949,44514.63945,47907.31408,52028.89776,51727.16256,51727.4051,50445.68102,50171.23028,42678.08915,42178.68836,44608.875,47560.83498,47344.95682,47345.05368,46426.90456,46232.82138,42958.4275,42420.17732,45090.80663,48335.10372,48097.84062,48097.74717,47088.71932,46888.68372,45979.11257,45452.1162,48075.80647,51262.85954,51029.82991,51029.80966,50038.66063,49840.64759,49515.95172,48997.46922,51613.06408,54790.37091,54557.95695,54557.97599,53569.83589,53379.73785
Liaoning,LN,y12,47754.60334,47221.65848,49881.71506,53113.03036,52876.73283,52876.69604,51871.75586,51673.0966,43952.51151,43419.96454,45974.08698,49076.75945,48849.58055,48849.86105,47884.82741,47677.03492,45241.86795,44719.88403,47262.85965,50351.81903,50125.93841,50125.99442,49165.32702,48960.71199,42685.75651,42081.6313,45031.74425,48615.72005,48353.57908,48353.5398,47238.97659,47005.23733,41876.58947,41309.20904,44081.15569,47448.60752,47202.36107,47202.2668,46155.13279,45940.69977,41462.83133,40879.0753,43769.24705,47280.38769,47023.55221,47023.57065,45931.67793,45709.72927,43057.72276,42375.8094,45786.89666,49930.76589,49627.54344,49627.59917,48338.82757,48090.22029,45325.99212,44632.16181,47989.34619,52067.78906,51769.23159,51769.43814,50501.12637,50226.11917,42817.79489,42316.14516,44754.69583,47716.83156,47500.18726,47500.30328,46578.97673,46385.48848,43234.29094,42690.83585,45394.56572,48679.0734,48438.87753,48438.78433,47417.26168,47215.96255,46277.88209,45751.70209,48366.06602,51541.7858,51309.57687,51309.55716,50321.92056,50123.66983,49826.89306,49305.7077,51936.64372,55132.59601,54898.81844,54898.83773,53904.90875,53713.43303
Liaoning,LN,y13,48025.36895,47489.40221,50164.54129,53414.17922,53176.54091,53176.50294,52165.86519,51966.08109,44178.99994,43641.99671,46209.90128,49329.3295,49100.94312,49101.21397,48130.96942,47920.12775,45543.60784,45020.64306,47576.6608,50681.47719,50454.39127,50454.48526,49488.87916,49286.09995,42966.76143,42360.32197,45322.85841,48921.89765,48658.67904,48658.62075,47539.37198,47305.74898,42146.90684,41575.08498,44362.74902,47749.29279,47501.65075,47501.55704,46448.48421,46229.01144,41640.09716,41055.58006,43950.63363,47467.70161,47210.44224,47210.44155,46116.71899,45896.8811,43164.32905,42482.7506,45877.01981,50000.46368,49698.72504,49698.78172,48416.34372,48165.64906,45679.04576,44973.89452,48401.57196,52565.67815,52260.82955,52261.07378,50966.12605,50688.84435,43118.39634,42613.84362,45069.10275,48051.51809,47833.41201,47833.50982,46905.88747,46709.80226,43401.62793,42857.82267,45556.00528,48833.77453,48594.06323,48593.97072,47574.53206,47372.43114,46453.47655,45921.04294,48571.80255,51791.73609,51556.30154,51556.28249,50554.90777,50354.85029,50026.80527,49502.97317,52145.55275,55355.64018,55120.82911,55120.84795,54122.51353,53930.45418
Liaoning,LN,y14,48271.41464,47732.70381,50421.54707,53687.83293,53448.97744,53448.939,52433.12381,52232.31565,44405.33989,43865.58443,46446.64632,49582.05636,49352.49942,49352.77184,48377.55592,48165.6342,45776.93878,45251.29445,47820.40779,50941.13197,50712.88139,50712.97568,49742.42318,49538.60438,43186.89104,42577.34342,45555.05752,49172.53702,48907.96908,48907.91067,47782.92881,47548.10807,42362.83605,41788.08341,44590.02992,47993.92462,47745.01326,47744.91856,46686.45165,46465.85387,41853.42915,41265.91791,44175.80315,47710.89127,47452.3129,47452.31249,46352.98677,46132.02129,43385.47065,42700.39997,46112.05959,50256.62881,49953.3436,49953.40107,48664.39301,48412.41344,45913.07023,45204.30793,48649.54547,52834.98486,52528.57504,52528.8207,51227.23811,50948.53604,43339.30227,42832.16458,45300.00246,48297.69745,48078.47466,48078.5721,47146.19855,46949.10888,43623.98418,43077.39431,45789.40039,49083.9614,48843.0235,48842.92948,47818.26832,47615.1313,46691.47003,46156.30887,48820.64763,52057.07836,51820.43742,51820.41818,50813.91284,50612.82998,50283.10577,49756.58961,52412.70735,55639.24081,55403.2265,55403.24512,54399.79686,54206.75401
Liaoning,LN,y15,48518.01061,47976.54698,50679.12655,53962.09862,53722.02406,53721.98556,52700.97909,52499.14661,44632.18596,44089.67365,46683.92005,49835.34709,49604.61824,49604.89175,48624.69459,48411.68907,46010.79141,45482.46186,48064.69987,51201.36494,50971.94949,50972.04517,49996.53373,49791.67354,43407.51301,42794.85101,45787.77725,49423.73601,49157.8164,49157.75802,48027.0289,47791.00874,42579.24733,42001.55994,44817.81948,48239.10274,47988.9198,47988.82427,46924.95152,46703.22595,42067.23849,41476.72619,44401.47653,47954.62363,47694.72407,47694.72407,46589.78249,46367.68865,43607.10593,42918.53631,46347.62431,50513.3663,50208.53215,50208.58906,48912.99695,48659.72968,46147.61791,45435.23577,48898.0729,53104.89295,52796.91807,52797.16619,51488.9341,51208.80766,43560.70268,43050.97327,45531.419,48544.42792,48324.08525,48324.18287,47387.04671,47188.94944,43846.83898,43297.45626,46023.31696,49334.70788,49092.53876,49092.44402,48062.54922,47858.37486,46929.99417,46392.09884,49070.04909,52323.01259,52085.16401,52085.14323,51073.49674,50871.38768,50539.97774,50010.77302,52680.45905,55923.47597,55686.25591,55686.27456,54677.69916,54483.67064
Liaoning,LN,y16,48739.38032,48195.44608,50910.35668,54208.30658,53967.13582,53967.09819,52941.43385,52738.68,44858.88288,44315.35433,46922.14673,50088.80153,49856.93675,49857.22425,48872.28886,48660.21293,46174.82766,45642.0802,48237.49507,51390.15506,51159.61607,51159.67305,50179.19561,49970.36047,43566.00585,42949.42288,45960.37184,49618.2541,49350.70736,49350.66793,48213.11953,47974.5605,42740.15291,42161.07121,44990.1815,48427.07425,48175.74933,48175.65327,47106.92574,46888.07131,42317.86195,41722.06629,44671.8391,48255.3859,47993.25381,47993.2727,46878.86337,46652.33758,43945.64291,43249.66614,46731.09618,50960.41866,50650.94324,50651.00073,49335.65207,49081.91861,46260.68669,45552.54893,48978.9632,53141.51115,52836.79648,52837.00714,51542.54047,51261.86321,43700.76664,43188.77241,45677.60974,48700.82961,48479.71778,48479.8362,47539.51113,47342.03096,44125.85175,43571.18912,46330.67517,49682.91414,49437.76577,49437.66958,48395.08192,48189.63216,47232.20749,46695.17733,49363.45196,52604.66206,52367.66363,52367.64365,51359.64018,51157.30011,50854.40336,50322.47063,53007.66085,56269.51969,56030.92015,56030.93987,55016.51454,54821.09125
Liaoning,LN,y17,49106.33176,48558.30264,51293.6541,54616.43463,54373.44835,54373.40911,53340.0236,53135.74245,45173.38923,44624.29746,47250.00156,50439.64295,50206.11561,50206.3936,49214.30982,48998.7215,46568.71134,46033.97533,48647.52515,51822.22406,51590.02708,51590.124,50602.78401,50395.43998,43933.86458,43313.77464,46342.99388,50023.04006,49753.89641,49753.8364,48609.39703,48370.51501,43095.55762,42510.86421,45361.27327,48824.04309,48570.82589,48570.72898,47493.95567,47269.54149,42577.33942,41979.66617,44939.88157,48536.11377,48273.0625,48273.06277,47154.72275,46929.93533,44135.87981,43438.96075,46909.62804,51125.8833,50817.35295,50817.41142,49506.10824,49249.76982,46707.19723,45986.17572,49491.00349,53748.83476,53437.12476,53437.37653,52113.28095,51829.75762,44088.91196,43573.00283,46083.52541,49133.06958,48910.05525,48910.15458,47961.65329,47761.1547,44378.51876,43822.47565,46581.38918,49932.93323,49687.82746,49687.73161,48645.34801,48438.69761,47499.06045,46954.64241,49665.06518,52957.47352,52716.74001,52716.71947,51692.80563,51488.24586,51152.817,50617.19539,53319.25462,56601.59463,56361.49767,56361.51755,55340.71217,55144.33099
Liaoning,LN,y18,49449.57425,48897.71469,51652.18528,54998.19072,54753.506,54753.46716,53712.85839,53507.14969,45489.14017,44936.21218,47580.26858,50792.20526,50557.04471,50557.32465,49558.30627,49341.21122,46894.21545,46355.74224,48987.56041,52184.45044,51950.62998,51950.72717,50956.48596,50747.69246,44240.95225,43616.52805,46666.92044,50372.69051,50101.66555,50101.60527,48949.16567,48708.6133,43396.78528,42808.00546,45678.3385,49165.31196,48910.32501,48910.22729,47825.92742,47599.94491,42874.94643,42273.09425,45254.00109,48875.37067,48610.48024,48610.48052,47484.32257,47257.96488,44444.37866,43742.58824,47237.51633,51483.24169,51172.55471,51172.61291,49852.14419,49594.01502,47033.66996,46307.60888,49836.93406,54124.52665,53810.63899,53810.8909,52477.5407,52192.0366,44397.08345,43877.56911,46405.6396,49476.49931,49251.92519,49252.02534,48296.89531,48094.99489,44688.71453,44128.78418,46906.98249,50281.95395,50035.1343,50035.03736,48985.36779,48777.27277,47831.06817,47282.84399,50012.21221,53327.63368,53085.21801,53085.19814,52054.12674,51848.13774,51510.36365,50970.99761,53691.94248,56997.22718,56755.45263,56755.47134,55727.53084,55529.77716
Liaoning,LN,y19,49794.88357,49239.16982,52012.8749,55382.24666,55135.85327,55135.81376,54087.93792,53880.79348,45806.79354,45250.00393,47912.5243,51146.88916,50910.08782,50910.36956,49904.37549,49685.76413,47221.68041,46679.44701,49329.64305,52548.8575,52313.40369,52313.5014,51312.31847,51102.06694,44549.89049,43921.1053,46992.79787,50724.44543,50451.52827,50451.46771,49290.98123,49048.74896,43699.82869,43106.93483,45997.31363,49508.63656,49251.86887,49251.77076,48159.89897,47932.33891,43174.34286,42568.29001,45570.01268,49216.67064,48949.93093,48949.92997,47815.90896,47587.97058,44754.73649,44048.04436,47567.37747,51842.75172,51529.89556,51529.95376,50200.26483,49940.33276,47362.10906,46630.97725,50184.94783,54502.48084,54186.4022,54186.65535,52843.99433,52556.49571,44707.11124,44183.96868,46729.69292,49821.99592,49595.85483,49595.95541,48634.15498,48430.84571,45000.77783,44436.93709,47234.5366,50633.07487,50384.53294,50384.43496,49327.43564,49117.88755,48165.07528,47613.02336,50361.45136,53700.02436,53455.91504,53455.89504,52417.62415,52210.19589,51870.06367,51326.93123,54066.87743,57395.24222,57151.77959,57151.79842,56116.67984,55917.54504
Liaoning,LN,y20,50115.79266,49556.49787,52348.07881,55739.16403,55491.18251,55491.14327,54436.51425,54228.03355,46125.70938,45566.8312,48247.24119,51503.32154,51264.91052,51265.20465,50252.4555,50034.39026,47478.8167,46931.02411,49599.73481,52841.42598,52604.37712,52604.4361,51596.26943,51381.53628,44796.32098,44162.32563,47258.30474,51019.48602,50744.38372,50744.34428,49574.67083,49329.37439,43947.14542,43351.70993,46260.71544,49794.66792,49536.24547,49536.14673,48437.23806,48212.20235,43512.92999,42900.30724,45933.38376,49618.13086,49348.59561,49348.61589,48202.7346,47969.81229,45186.68016,44471.04782,48050.79556,52399.55326,52081.33916,52081.39788,50728.90393,50468.00452,47567.10095,46838.9653,50362.1427,54642.24165,54328.92235,54329.1384,52998.11518,52709.51168,44934.8879,44408.43425,46967.55685,50076.1539,49848.7981,49848.91945,48882.03896,48678.98276,45371.97688,44801.65163,47639.06467,51085.9715,50833.9005,50833.80295,49761.7725,49550.52033,48566.0567,48013.86098,50757.48966,54090.23034,53846.53922,53846.51895,52810.04957,52601.99554,52290.54492,51743.59138,54504.61121,57858.58427,57613.24811,57613.26852,56570.1953,56369.25323
Liaoning,LN,y21,50491.74169,49928.25148,52740.77256,56157.29724,55907.45553,55907.41561,54844.87552,54634.83143,46447.83949,45883.25834,48583.03962,51862.66778,51622.55205,51622.83793,50602.76517,50381.09555,47882.52821,47332.70542,50019.99031,53284.25606,53045.50714,53045.60675,52030.41204,51817.21893,45173.3465,44535.76233,47650.44132,51434.31164,51157.57588,51157.51463,49980.78668,49735.16472,44311.38851,43710.19876,46641.02548,50201.48791,49941.1274,49941.02766,48833.87594,48603.13061,43778.5501,43164.01493,46207.74509,49905.43597,49634.9637,49634.96302,48485.0724,48253.94358,45381.06006,44664.47829,48233.06326,52568.26818,52251.03433,52251.0936,50902.79619,50639.22605,48024.92113,47283.55753,50887.26514,55265.21991,54944.71766,54944.97429,53583.52311,53292.00184,45332.76835,44802.30456,47383.65392,50519.234,50289.92651,50290.02929,49314.76945,49108.61428,45630.54449,45058.81328,47895.56327,51341.66335,51089.6425,51089.5429,50017.75188,49805.27124,48839.12435,48279.34549,51066.23768,54451.53201,54204.00801,54203.988,53151.18597,52940.85492,52595.96309,52045.22943,54823.52042,58198.46396,57951.59369,57951.61331,56902.00841,56700.0874
Liaoning,LN,y22,50843.30896,50275.8941,53107.99905,56548.31274,56296.73143,56296.69138,55226.75253,55015.24698,46771.24911,46202.73614,48921.31658,52223.7798,51981.99317,51982.28068,50955.10505,50731.89149,48215.92704,47662.27706,50368.27285,53655.26669,53414.85623,53414.95623,52392.69227,52178.01425,45487.8827,44845.85904,47982.22506,51792.44178,51513.77902,51513.71679,50328.79624,50081.46455,44619.92244,44014.54627,46965.78081,50551.03398,50288.86079,50288.76064,49173.8992,48941.54757,44083.37383,43464.55978,46529.48335,50252.92062,49980.56487,49980.56445,48822.66665,48589.92859,45697.04222,44975.47219,48568.90329,52934.29406,52614.85046,52614.9108,51257.22495,50991.81961,48359.31219,47612.78614,51241.58595,55650.02439,55327.28934,55327.54837,53956.61743,53663.06611,45648.41356,45114.25569,47713.57993,50870.99198,50640.08936,50640.19132,49658.14138,49450.55019,45948.26421,45372.55123,48229.05357,51699.14767,51445.37194,51445.27287,50366.01847,50152.058,49179.1848,48615.50952,51421.80436,54830.67098,54581.42286,54581.40175,53521.27027,53309.47465,52962.18128,52407.61319,55205.24859,58603.69077,58355.1025,58355.12186,57298.20926,57094.88192
Liaoning,LN,y23,51196.97903,50625.61754,53477.42366,56941.6678,56688.33628,56688.29583,55610.91541,55397.93726,47096.59465,46524.12668,49261.61778,52587.05343,52343.58493,52343.87365,51309.55357,51084.7872,48551.32231,47993.81992,50718.63901,54028.4979,53786.41452,53786.5148,52757.14047,52540.97,45804.2997,45157.8101,48315.99362,52152.71548,51872.1132,51872.05001,50678.88744,50429.83482,44930.30226,44320.71646,47292.47858,50902.67189,50638.674,50638.57386,49515.9576,49281.98934,44390.02172,43766.90286,46853.1461,50602.48446,50328.23485,50328.23389,49162.28139,48927.92498,46014.91479,45288.32521,48906.75276,53302.51026,52980.84442,52980.90384,51613.77511,51346.52427,48695.7039,47943.98495,51598.02758,56037.13155,55712.15149,55712.4116,54331.94533,54036.35143,45965.94825,45428.07633,48045.47971,51224.85604,50992.34562,50992.44965,50003.56628,49794.53313,46267.88459,45688.16778,48564.53822,52058.77207,51803.23151,51803.13004,50716.36935,50500.9206,49521.27984,48953.68313,51779.50014,55212.0787,54961.09594,54961.0758,53893.56983,53680.30096,53330.59109,52772.16549,55589.26154,59011.34399,58761.02546,58761.04589,57696.7815,57492.0385
Liaoning,LN,y24,51525.56355,50950.53606,53820.64376,57307.12186,57052.16491,57052.12446,55967.82807,55753.48335,47423.23831,46848.63885,49604.44933,52952.12492,52707.00627,52707.30898,51666.07087,51441.87126,48814.40877,48251.20703,50994.98958,54327.87077,54084.15248,54084.21282,53047.68607,52826.91408,46056.45366,45404.62492,48587.69319,52454.67899,52171.83784,52171.79537,50969.21933,50717.02323,45183.39109,44571.20683,47562.04195,51195.40527,50929.71386,50929.6123,49799.791,49568.42519,44736.96076,44107.10696,47225.50217,51013.90177,50736.78452,50736.80548,49558.6904,49319.2158,46457.79323,45722.03224,49402.47646,53873.56859,53546.40176,53546.46209,52155.92169,51887.68259,48905.1765,48156.55799,51778.84308,56179.34282,55857.20892,55857.43153,54488.96636,54192.24463,46198.91929,45657.65548,48288.76785,51484.80999,51251.0586,51251.18408,50257.10372,50048.3365,46648.30363,46061.93458,48979.16521,52523.03467,52263.87289,52263.77173,51161.58479,50944.38971,49932.23261,49364.5042,52185.31119,55611.80395,55361.25776,55361.23612,54295.61112,54081.70446,53761.49302,53199.15189,56037.8408,59486.1626,59233.92458,59233.94485,58161.53079,57954.93544
Liaoning,LN,y25,51910.66931,51331.34308,54222.90283,57735.43946,57478.57681,57478.53609,56386.13617,56170.18965,47753.12495,47172.67804,49948.32847,53320.12191,53073.25872,53073.55173,52024.81295,51796.91424,49228.13182,48662.85775,51425.66083,54781.66014,54536.20205,54536.3042,53492.57977,53273.39479,46442.81619,45787.31449,48989.52309,52879.72912,52595.21545,52595.15211,51385.35528,51132.8315,45556.63417,44938.55016,47951.74,51612.25853,51344.58165,51344.47976,50206.21407,49968.98468,45008.82309,44377.01814,47506.28351,51307.88687,51029.81408,51029.81491,49847.6078,49609.98457,46656.36668,45919.64815,49588.51795,54045.55158,53719.40193,53719.46349,52333.27556,52062.29851,49374.52523,48612.32928,52317.30832,56818.29359,56488.78356,56489.04782,55089.33702,54789.6226,46606.71757,46061.34641,48715.23798,51938.93485,51703.18359,51703.28846,50700.62162,50488.67283,46912.86294,46325.06392,49241.53263,52784.4759,52525.37224,52525.27076,51423.35971,51204.90794,50211.61073,49636.10152,52501.31048,55981.73951,55727.25903,55727.23751,54644.85,54428.60811,54074.0247,53507.81512,56364.18083,59833.96774,59580.15942,59580.17998,58501.07926,58293.48243
Liaoning,LN,y26,52270.70734,51687.36381,54598.97863,58135.87613,57877.23263,57877.19112,56777.21385,56559.76988,48084.3271,47499.85424,50294.75638,53689.93532,53441.36041,53441.65535,52385.64232,52156.16296,49569.56411,49000.36949,51782.33534,55161.61016,54914.44966,54914.55234,53863.58941,53642.88467,46764.92989,46104.88237,49329.29951,53246.48726,52960.00125,52959.93654,51741.75018,51487.47498,45872.60208,45250.23246,48284.31917,51970.22712,51700.69364,51700.59056,50554.4299,50315.55517,45320.9912,44684.80434,47835.77372,51663.74466,51383.74264,51383.74262,50193.33722,49954.06531,46979.96166,46238.13365,49932.44953,54420.39665,54091.98436,54092.04619,52696.24352,52423.38797,49716.97367,48949.4908,52680.16539,57212.3692,56880.57354,56880.83994,55471.42129,55169.62793,46929.96908,46380.81551,49053.11344,52299.16698,52061.78249,52061.88819,51052.26636,50838.84905,47238.2378,46646.36215,49583.05739,53150.57436,52889.67342,52889.57167,51780.01753,51560.05082,50559.86366,49980.36312,52865.44378,56370.01306,56113.76721,56113.74542,55023.85133,54806.11029,54449.06673,53878.92964,56755.10725,60248.95944,59993.3906,59993.41143,58906.82647,58697.78942
Ningxia,NX,y1,15880.02269,15633.08249,15712.87066,15768.66225,15992.31541,16503.24046,17102.06184,16718.90476,15736.32851,15499.52302,15572.39764,15623.3399,15827.18868,16293.13434,16839.12914,16479.73513,16409.63368,16173.02008,16247.64466,16299.84085,16508.93626,16986.85378,17546.91265,17183.09277,16452.63734,16218.05822,16291.07364,16342.19643,16546.78066,17014.25643,17562.28608,17203.37011,16143.1784,15900.86855,15976.69209,16029.89478,16242.28895,16728.0038,17297.01264,16925.88427,16413.69853,16183.55339,16255.39175,16305.74971,16506.97047,16966.97107,17506.01046,17153.57586,16894.19396,16661.98898,16735.17889,16786.54672,16991.69207,17460.3924,18009.7987,17653.65687,17184.80902,16943.4754,17018.64801,17071.19966,17281.52282,17762.47336,18325.94927,17956.53752,16560.27966,16322.0473,16396.30081,16448.31051,16656.12059,17131.19503,17687.92254,17323.76239,17065.34077,16803.10255,16885.53891,16943.22454,17174.2308,17701.97757,18320.41658,17917.68567,18107.1195,17868.04597,17943.50747,17996.28119,18207.5307,18690.44856,19256.39459,18888.41264,18255.12643,18022.28555,18095.32773,18146.59153,18351.1152,18818.8837,19366.88516,19010.00384
Ningxia,NX,y2,16770.86133,16510.06663,16594.33152,16653.25384,16889.45265,17429.03961,18061.45392,17656.80273,16619.10608,16369.01607,16445.9794,16499.77852,16715.06376,17207.14696,17783.77101,17404.21628,17330.18163,17080.29444,17159.10546,17214.23031,17435.05497,17939.78244,18531.26013,18147.03035,17375.59767,17127.85888,17204.97005,17258.96198,17475.0228,17968.72342,18547.49578,18168.44506,17048.77955,16792.87642,16872.95341,16929.1396,17153.44963,17666.41163,18267.34169,17875.39354,17334.47571,17091.41819,17167.28742,17220.47093,17432.9797,17918.78475,18488.06364,18115.85885,17841.92531,17596.69392,17673.99014,17728.23977,17944.89215,18439.88569,19020.11257,18643.99284,18148.84302,17893.97139,17973.36103,18028.86114,18250.98196,18758.91348,19353.99916,18963.86356,17489.27898,17237.68236,17316.10135,17371.02814,17590.49567,18092.22106,18680.18032,18295.59172,18022.67226,17745.72307,17832.78469,17893.70544,18137.67086,18695.02339,19348.15534,18922.83266,19122.89252,18870.40836,18950.1029,19005.83714,19228.93778,19738.94615,20336.64057,19948.0152,19279.20307,19033.30065,19110.43989,19164.5802,19380.57774,19874.58605,20453.32889,20076.42753
Ningxia,NX,y3,17711.00091,17435.58791,17524.57628,17586.80008,17836.24117,18406.07652,19073.94129,18646.60663,17550.73901,17286.62911,17367.9065,17424.72202,17652.07537,18171.74472,18780.69222,18379.86096,18301.67581,18037.78055,18121.0107,18179.22451,18412.42957,18945.45029,19570.0844,19164.3162,18349.63796,18088.01236,18169.44583,18226.46355,18454.63654,18976.01345,19587.23026,19186.9304,18004.49839,17734.2508,17818.81667,17878.15307,18115.03688,18656.75477,19291.37102,18877.45098,18306.20977,18049.52867,18129.65009,18185.81445,18410.23648,18923.27576,19524.46658,19131.39636,18842.10715,18583.12815,18664.75698,18722.04734,18950.84648,19473.58817,20086.34204,19689.13785,19166.2298,18897.07021,18980.90999,19039.52162,19274.09472,19810.499,20438.9449,20026.93894,18469.69297,18203.99141,18286.80622,18344.81331,18576.58361,19106.43428,19727.35305,19321.20489,19032.98613,18740.51222,18832.45409,18896.79016,19154.43213,19743.02818,20432.77336,19983.60804,20194.88318,19928.24451,20012.40677,20071.26549,20306.87243,20845.47035,21476.67134,21066.26004,20359.95564,20100.26833,20181.73225,20238.90675,20467.01297,20988.71453,21599.90049,21201.87068
Ningxia,NX,y4,18693.21396,18402.52625,18496.4496,18562.12515,18825.39926,19426.837,20131.74017,19680.70603,18527.15731,18249.0588,18334.75193,18394.661,18634.35302,19182.24876,19824.25011,19402.01898,19345.50477,19066.53918,19154.45404,19215.91405,19462.24244,20025.22531,20684.98768,20255.70541,19353.73491,19076.88067,19163.01064,19223.3709,19464.73624,20016.30608,20662.87733,20239.71076,19011.95692,18726.49576,18815.87294,18878.57085,19128.95699,19701.51893,20372.32256,19935.3939,19320.37015,19051.93727,19135.7286,19194.44998,19429.10297,19965.52056,20594.13077,20182.75178,19922.19346,19646.51871,19733.58031,19794.6574,20038.65261,20596.09708,21249.51968,20825.89768,20213.03735,19930.06527,20018.10224,20079.64944,20325.99564,20889.2922,21549.22771,21116.34093,19487.46602,19206.61609,19294.22115,19355.5893,19600.73406,20161.26569,20818.09491,20388.75602,20106.48659,19796.12033,19893.52659,19961.7104,20234.70228,20858.3797,21589.24979,21113.45,21340.09557,21058.14803,21146.92362,21208.97424,21457.48634,22025.52143,22691.22284,22258.1772,21503.4486,21231.72245,21317.20478,21377.24064,21616.60838,22164.11036,22805.51719,22387.80462
Ningxia,NX,y5,19750.07662,19442.95585,19542.18947,19611.57783,19889.73602,20525.1771,21269.93326,20793.39878,19571.3641,19276.8474,19367.48233,19430.83843,19684.36712,20263.86628,20942.92292,20495.94359,20408.75728,20114.4798,20207.2912,20272.20818,20532.26046,21126.65003,21823.19825,21370.71371,20462.24086,20170.49405,20261.3035,20324.88556,20579.32713,21160.73033,21842.31812,21395.93203,20077.36518,19776.00384,19870.30629,19936.47329,20200.6306,20804.71563,21512.39658,21050.82182,20413.8128,20127.57989,20216.92565,20279.55709,20529.81572,21101.92121,21772.32753,21334.00356,21011.40718,20722.61306,20813.63925,20877.52672,21132.66685,21715.59235,22398.89142,21955.95714,21372.8474,21072.70005,21166.19262,21231.55025,21493.13135,22091.29223,22792.0907,22332.65076,20596.11738,20299.82523,20392.1744,20456.86111,20715.31423,21306.16766,21998.5735,21545.66461,21224.26339,20898.11665,21000.64367,21072.38698,21359.69054,22016.05327,22785.20858,22284.33061,22519.93019,22222.59333,22316.44473,22382.08076,22644.81335,23245.4201,23949.29085,23491.62919,22704.0077,22414.42161,22505.26418,22569.02219,22823.38997,23405.15563,24086.70725,23642.85253
Ningxia,NX,y6,20854.82612,20530.52529,20635.30918,20708.57893,21002.29721,21673.28163,22459.69802,21956.50791,20666.11612,20355.12508,20450.83023,20517.73074,20785.4407,21397.35379,22114.39442,21642.41259,21550.34969,21239.61097,21337.61437,21406.16192,21680.76216,22308.39891,23043.90963,22566.11505,21606.82567,21298.75911,21394.64807,21461.78754,21730.46219,22344.38626,23064.09904,22592.74337,21200.42195,20882.20219,20981.77881,21051.6481,21330.58151,21968.45748,22715.72276,22228.32959,21555.68923,21253.44465,21347.7884,21413.92398,21678.1804,22282.28715,22990.19467,22527.35154,22186.71071,21881.76238,21977.88052,22045.34054,22314.75209,22930.28496,23651.80602,23184.09482,22568.36744,22251.43087,22350.15327,22419.1673,22695.37994,23327.0003,24066.99825,23581.85889,21748.19025,21435.32479,21532.84047,21601.14448,21874.055,22497.95794,23229.09372,22750.85264,22411.47345,22067.0827,22175.34415,22251.10152,22554.47574,23247.55152,24059.73235,23530.83708,23779.61469,23465.64517,23564.7468,23634.05485,23911.48242,24545.68618,25288.92809,24805.66754,23973.98852,23668.20455,23764.12908,23831.45324,24100.04846,24714.35641,25434.03217,24965.35009
Ningxia,NX,y7,21507.10442,21172.65984,21280.72115,21356.28286,21659.18798,22351.15872,23162.17216,22643.24369,21312.49214,20991.77438,21090.47166,21159.46525,21435.54799,22066.60104,22806.06832,22319.32438,22224.38227,21903.9245,22004.9928,22075.68413,22358.87314,23006.14039,23764.6553,23271.91608,22282.62427,21964.92186,22063.80955,22133.04893,22410.12777,23043.25388,23785.47696,23299.37802,21863.50905,21535.33568,21638.02827,21710.08283,21997.7394,22655.56681,23426.20459,22923.56674,22229.8864,21918.18999,22015.48483,22083.68731,22356.21064,22979.21249,23709.26139,23231.94149,22880.64632,22566.15957,22665.28397,22734.8543,23012.69259,23647.47704,24391.56474,23909.22496,23274.24052,22947.39151,23049.2012,23120.37338,23405.22477,24056.60016,24819.74399,24319.4307,22428.40936,22105.75941,22206.32552,22276.76425,22558.21193,23201.62876,23955.63321,23462.43231,23112.43862,22757.27642,22868.92471,22947.04986,23259.91401,23974.66704,24812.24977,24266.81203,24523.37193,24199.58262,24301.78403,24373.25831,24659.36439,25313.40328,26079.89238,25581.51572,24723.8255,24408.47633,24507.40126,24576.83122,24853.82731,25487.34973,26229.53423,25746.19164
Ningxia,NX,y8,22167.72034,21823.00408,21934.38514,22012.26686,22324.47558,23037.70144,23873.62541,23338.75817,21970.79965,21641.0099,21742.63174,21813.67536,22097.91994,22747.65203,23508.98271,23008.27239,22941.25214,22610.43572,22714.69097,22787.5752,23079.68813,23747.31272,24529.70479,24020.63257,22951.01359,22622.69853,22724.8382,22796.4178,23082.64637,23736.73537,24503.48502,24001.6661,22545.70884,22207.18876,22313.17924,22387.52794,22684.45494,23363.43828,24158.9242,23640.78546,22911.44653,22593.11953,22692.48464,22762.12198,23040.39091,23676.50999,24421.9607,23934.12005,23625.13057,23298.21679,23401.46006,23473.88956,23763.23562,24424.2927,25199.16704,24696.80799,23970.03289,23634.46654,23738.86602,23811.85278,24103.98761,24771.98446,25554.58198,25041.23473,23109.59997,22776.54789,22880.43743,22953.21083,23243.92222,23908.63936,24687.55276,24178.4144,23843.67876,23475.62454,23591.13599,23671.9919,23995.72576,24735.32501,25602.04188,25037.80583,25306.57908,24972.22441,25077.50123,25151.08649,25445.78793,26119.40446,26908.83949,26395.30366,25500.29359,25178.06191,25279.43322,25350.6268,25634.48795,26283.7535,27044.37831,26549.02554
Ningxia,NX,y9,22872.51832,22516.84129,22631.76311,22712.12135,23034.25762,23770.1597,24632.66002,24080.78727,22665.55084,22324.47217,22429.43566,22502.80901,22796.41999,23467.53632,24253.95019,23736.30382,23635.33387,23294.53139,23402.01606,23477.19595,23778.36314,24466.7238,25273.3944,24749.3731,23697.27419,23359.40171,23464.56859,23538.20334,23832.87141,24506.19307,25295.53734,24778.57784,23251.54977,22902.54346,23011.75434,23088.38398,23394.3022,24093.89231,24913.45605,24378.90718,23641.18926,23309.70257,23413.17422,23485.70826,23775.53252,24438.0856,25214.48251,24706.8598,24333.26205,23998.81013,24104.22789,24178.2143,24473.69247,25148.77652,25940.1041,25427.14205,24751.84461,24404.24475,24512.51857,24588.20916,24891.14423,25583.87391,26395.4671,25863.39016,23852.31528,23509.17968,23616.13058,23691.04124,23990.35665,24674.62238,25476.49605,24951.98406,24579.77069,24202.05951,24320.7965,24403.88066,24736.60745,25496.73861,26387.49697,25807.43177,26080.27898,25735.93291,25844.62336,25920.6357,26224.90538,26920.46631,27735.61855,27205.60124,26293.45833,25958.08953,26063.29456,26137.1316,26431.71426,27105.45639,27894.75995,27380.73295
Ningxia,NX,y10,23586.88708,23220.10159,23338.61358,23421.48005,23753.67758,24512.56426,25402.00362,24832.89352,23373.45579,23021.7245,23129.96611,23205.63071,23508.41207,24200.48957,25011.46465,24477.65065,24373.52783,24022.08158,24132.92269,24210.45087,24521.02433,25230.88388,26062.74979,25522.3613,24437.40093,24088.97694,24197.42866,24273.36187,24577.2347,25271.5862,26085.58337,25552.47796,23977.75772,23617.84978,23730.47205,23809.49461,24124.96821,24846.40844,25691.56909,25140.32462,24379.56516,24037.72633,24144.42915,24219.22705,24518.10404,25201.35184,26001.99647,25478.52056,25093.25461,24748.35608,24857.06591,24933.36435,25238.06974,25934.23953,26750.2821,26221.29915,25524.90976,25166.4529,25278.10779,25356.16429,25668.56073,26382.92503,27219.86646,26671.17139,24597.28544,24243.43468,24353.72403,24430.97504,24739.63944,25445.27615,26272.19381,25731.29972,25347.46136,24957.95351,25080.39866,25166.08008,25509.19757,26293.06893,27211.64722,26613.46527,26894.83397,26539.73427,26651.81848,26730.20357,27043.97728,27761.26387,28601.87391,28055.30306,27114.67208,26768.82914,26877.31909,26953.46298,27257.24572,27952.03014,28765.98606,28235.90387
Ningxia,NX,y11,24323.2155,23944.98066,24067.19147,24152.64639,24495.21386,25277.79068,26194.9965,25608.12033,24103.12194,23740.40963,23852.03091,23930.05762,24242.29063,24955.97333,25792.26577,25241.78786,25134.41369,24771.99531,24886.29822,24966.24522,25286.5146,26018.5341,26876.36888,26319.11089,25200.28161,24840.98013,24952.81757,25031.12122,25344.48057,26060.50701,26899.91548,26350.16802,24726.28821,24355.14536,24471.28371,24552.77327,24878.09475,25622.05701,26493.60102,25925.1483,25140.6391,24788.12961,24898.16335,24975.29556,25283.50509,25988.07975,26813.72007,26273.90113,25876.60799,25520.94356,25633.04717,25711.72611,26025.94494,26743.8467,27585.36471,27039.86803,26321.7387,25952.09243,26067.23329,26147.72589,26469.87464,27206.53978,28069.60868,27503.78524,25365.15609,25000.25853,25113.9926,25193.65393,25511.95477,26239.61897,27092.35168,26534.5719,26138.75045,25737.08359,25863.35118,25951.70693,26305.53701,27113.87847,28061.13395,27444.27777,27734.42953,27368.2437,27483.82715,27564.66163,27888.22851,28627.90747,29494.75887,28931.12564,27961.13077,27604.49047,27716.36786,27794.89009,28108.15509,28824.63046,29663.99514,29117.3648
Ningxia,NX,y12,24641.81576,24258.62583,24382.43733,24469.01132,24816.066,25608.89301,26538.11285,25943.54962,24422.9154,24056.31966,24169.28218,24248.25617,24564.22503,25286.47058,26132.7732,25576.1796,25501.67955,25133.94049,25249.83197,25330.84895,25655.56651,26397.70292,27267.41633,26701.52713,25512.52897,25147.57219,25261.11162,25340.67915,25658.85396,26385.94517,27238.27,26680.44273,25061.99054,24685.68804,24803.50698,24886.15533,25216.2212,25970.9844,26855.25327,26279.28559,25468.54726,25114.69202,25225.14732,25302.55681,25611.88174,26318.9975,27147.6469,26605.35926,26261.88331,25898.48367,26013.24992,26093.764,26415.40332,27150.23825,28011.59611,27453.16894,26645.28059,26272.26004,26388.31222,26469.44634,26794.18486,27536.73462,28406.67756,27836.03669,25688.81618,25318.59234,25434.0768,25514.97296,25838.12983,26577.03443,27442.88146,26876.91868,26504.82399,26095.69119,26224.09571,26313.9752,26673.84008,27495.98443,28459.43508,27832.22547,28130.99441,27759.32481,27876.35036,27958.14776,28285.74115,29034.53789,29912.08034,29341.23041,28346.32976,27988.13373,28100.8189,28179.95985,28495.50128,29217.22999,30062.74667,29512.10843
Ningxia,NX,y13,24990.65833,24602.04454,24727.60904,24815.40847,25167.37533,25971.42648,26913.80175,26310.82128,24764.52529,24391.8595,24506.54392,24586.71239,24907.51368,25640.77963,26500.01902,25934.43517,25824.11539,25451.75329,25569.19182,25651.333,25980.39042,26732.49837,27613.87129,27041.3209,25891.79157,25522.63074,25637.53631,25717.98889,26039.94643,26775.62193,27638.06405,27073.23149,25404.79134,25023.46407,25142.78899,25226.51485,25560.7629,26325.14012,27220.59962,26636.54846,25830.51405,25468.32918,25581.3826,25660.63231,25977.29685,26701.2072,27549.50317,26994.87161,26586.67664,26221.25233,26336.43233,26417.2712,26740.11044,27477.71199,28342.32229,27781.85725,27044.02265,26664.23212,26782.53204,26865.23359,27196.22224,27953.10264,28839.85441,28258.50445,26061.1904,25686.27999,25803.134,25884.9831,26212.017,26959.64969,27835.78092,27262.69634,26856.0133,26443.32398,26573.05642,26663.83749,27027.37582,27857.89916,28831.14681,28197.36289,28495.47796,28119.24419,28237.99932,28321.0513,28653.49768,29413.47235,30304.11243,29725.01309,28728.39938,28361.97339,28476.92101,28557.59574,28879.45834,29615.5937,30477.99165,29916.36202
Ningxia,NX,y14,25330.66292,24936.76061,25064.03376,25153.02788,25509.7839,26324.77512,27279.97043,26668.78663,25101.45293,24723.71767,24839.96142,24921.22065,25246.3854,25989.6284,26860.55925,26287.2801,26175.45916,25798.0299,25917.06654,26000.32645,26333.86043,27096.19949,27989.56412,27409.22554,26244.05577,25869.87229,25986.34066,26067.88886,26394.22674,27139.91138,28014.08742,27441.56943,25750.43047,25363.91482,25484.86308,25569.72708,25908.52382,26683.30038,27590.94341,26998.94554,26181.94272,25814.83198,25929.42327,26009.75129,26330.72464,27064.48452,27924.3217,27362.14384,26948.39535,26577.99861,26694.7463,26776.6846,27103.91713,27851.55331,28727.92733,28159.83672,27411.96305,27027.00571,27146.91537,27230.74158,27566.23396,28333.41236,29232.22831,28642.9685,26415.75918,26035.74778,26154.19192,26237.1534,26568.63712,27326.44279,28214.4943,27633.61194,27221.39615,26803.09192,26934.58948,27026.6044,27395.08965,28236.91317,29223.4023,28580.99555,28883.1662,28501.81322,28622.1844,28706.36635,29043.33585,29813.65035,30716.40654,30129.42886,29119.25673,28747.84525,28864.3568,28946.12967,29272.3713,30018.52125,30892.65212,30323.38149
Ningxia,NX,y15,25674.91711,25275.66155,25404.66478,25494.86868,25856.47192,26682.53856,27650.71669,27031.22637,25442.59159,25059.72301,25177.54744,25259.91031,25589.4947,26342.83797,27225.60501,26644.53512,26531.19496,26148.63636,26269.29131,26353.68322,26691.74857,27464.4484,28369.9543,27781.72787,26600.72323,26221.4538,26339.50609,26422.16214,26752.93529,27508.75335,28394.81054,27814.5121,26100.38835,25708.62041,25831.2131,25917.23066,26260.63056,27045.93789,27965.91612,27365.87264,26537.76735,26165.66674,26281.81639,26363.23582,26688.57028,27432.30171,28303.8251,27734.00668,27314.63518,26939.20427,27057.53854,27140.59076,27472.27034,28230.06784,29118.35098,28542.5403,27784.50268,27394.31388,27515.85363,27600.81798,27940.87063,28718.47448,29629.50601,29032.23747,26774.761,26389.58445,26509.63851,26593.72792,26929.71589,27697.81939,28597.94019,28009.16418,27591.34601,27167.35758,27300.64201,27393.9076,27767.39945,28620.66372,29620.55944,28969.42254,29275.70085,28889.16457,29011.17152,29096.49658,29438.04662,30218.82936,31133.85548,30538.89985,29514.9999,29138.53976,29256.63538,29339.51943,29670.19417,30426.48514,31312.4957,30735.48856
Ningxia,NX,y16,26009.71475,25605.25399,25735.93808,25827.31865,26193.63769,27030.47616,28011.27901,27383.71062,25778.66421,25391.71797,25510.95132,25594.30884,25927.81575,26690.15573,27583.43851,26995.94705,26917.31135,26529.1585,26651.48354,26736.99931,27079.74017,27863.07365,28781.0658,28183.76342,26928.76303,26543.54796,26663.38995,26747.37415,27083.21028,27850.66258,28750.30131,28161.51003,26453.21461,26056.02291,26180.38286,26267.61966,26616.00738,27412.6679,28346.02397,27738.08384,26882.33908,26508.84194,26625.42885,26707.1337,27033.63159,27780.00033,28654.64832,28082.25787,27719.71478,27336.1429,27457.27964,27542.26093,27881.75765,28657.3842,29566.55635,28977.12943,28124.39455,27730.66865,27853.16273,27938.80013,28281.56642,29065.33515,29983.56974,29381.25182,27114.8359,26724.06133,26845.9561,26931.34221,27272.43856,28052.35974,28966.27189,28368.89167,27976.14083,27544.29797,27679.82947,27774.69796,28154.53957,29022.3232,30039.255,29377.22956,29692.58372,29300.28101,29423.80373,29510.14148,29855.91934,30646.28345,31572.5399,30970.00106,29919.87249,29541.79175,29660.73235,29744.26735,30077.32319,30839.11702,31731.5687,31150.36479
Ningxia,NX,y17,26353.47125,25943.66445,26076.07683,26168.6633,26539.82528,27387.72392,28381.4882,27745.62606,26115.00614,25722.01877,25842.95697,25927.49606,26265.7917,27039.04484,27945.14201,27348.71522,27232.37932,26839.7099,26963.55347,27050.175,27397.17543,28190.29771,29119.73485,28515.96237,27303.74538,26914.45308,27035.62479,27120.46538,27459.98009,28235.77401,29145.24773,28549.61322,26790.18709,26388.06551,26513.89768,26602.18807,26954.66567,27760.72537,28705.01775,28089.11551,27239.12615,26857.19095,26976.40887,27059.98214,27393.91365,28157.30129,29051.85654,28466.97946,28036.52505,27651.17202,27772.63389,27857.88022,28198.32576,28976.15253,29887.91125,29296.88198,28518.81074,28118.30922,28243.06144,28330.27174,28679.31169,29477.46584,30412.57425,29799.52183,27482.3828,27087.02729,27210.25405,27296.56555,27641.43299,28429.83622,29353.74579,28749.40917,28320.5494,27885.3543,28022.16154,28117.89173,28501.25589,29377.071,30403.39187,29735.04673,30049.41855,29652.66762,29777.89916,29865.47921,30216.05546,31017.47473,31956.68238,31346.00267,30295.0419,29908.63319,30029.84965,30114.92391,30454.33841,31230.6175,32140.04384,31547.78652
Ningxia,NX,y18,26687.48369,26272.48242,26406.57242,26500.33401,26876.19975,27734.84463,28741.20415,28097.28289,26445.99609,26048.02742,26170.49859,26256.11034,26598.69243,27381.74564,28299.32812,27695.34207,27577.53167,27179.88555,27305.29792,27393.01746,27744.41696,28547.58988,29488.80788,28877.38321,27649.80212,27255.57552,27378.28325,27464.19712,27808.01597,28593.64339,29514.6437,28911.45966,27129.73513,26722.51639,26849.94371,26939.35415,27296.2973,28112.57442,29068.83378,28445.12653,27584.36268,27197.58616,27318.31618,27402.94807,27741.11288,28514.17615,29420.06915,28827.77805,28391.86877,28001.6318,28124.63292,28210.95962,28555.72111,29343.40479,30266.71916,29668.19968,28880.2666,28474.69037,28601.02291,28689.33843,29042.80114,29851.07247,30798.03314,30177.20954,27830.70268,27430.33634,27555.12536,27642.53057,27991.76944,28790.16516,29725.78515,29113.78823,28679.49217,28238.7822,28377.32318,28474.26741,28862.48931,29749.40465,30788.73459,30111.91835,30430.27452,30028.49508,30155.31277,30244.00353,30599.02317,31410.59932,32361.71078,31743.29203,30679.01098,30287.70495,30410.45747,30496.60995,30840.32717,31626.44394,32547.39743,31947.63322
Ningxia,NX,y19,27025.54856,26605.29119,26741.07987,26836.02852,27216.65544,28086.17677,29105.28563,28453.20705,26781.00249,26377.99284,26502.01479,26588.71061,26935.63306,27728.60653,28657.8114,28046.17467,27926.87131,27524.18848,27651.18956,27740.0204,28095.87057,28909.21881,29862.35937,29243.18956,28000.05705,27600.83668,27725.0991,27812.10304,28160.27609,28955.8546,29888.52204,29277.69701,27473.40231,27061.02502,27190.0659,27280.60862,27642.0743,28468.6918,29437.06515,28805.45645,27933.78986,27542.1147,27664.37291,27750.07706,28092.52552,28875.38163,29792.74972,29192.95653,28751.52486,28356.34472,28480.90475,28568.32352,28917.45201,29715.11357,30650.12571,30044.02333,29246.10957,28835.39456,28963.3273,29052.76226,29410.70355,30229.21328,31188.16892,30559.48156,28183.25053,27777.8116,27904.18126,27992.69436,28346.35731,29154.86606,30102.33752,29482.58846,29042.79174,28596.49936,28736.79501,28834.96599,29228.107,30126.25701,31178.75267,30493.36261,30815.75248,30408.8817,30537.30735,30627.12187,30986.63808,31808.49486,32771.65536,32145.40179,31067.63864,30671.37648,30795.6831,30882.92736,31230.99876,32027.07442,32959.69351,32352.33236
Ningxia,NX,y20,27353.26285,26927.90843,27065.34459,27161.44503,27546.68657,28426.75206,29458.21817,28798.23274,27110.27672,26703.34255,26828.73533,26916.399,27267.13346,28068.85239,29008.27712,28390.4387,28307.7416,27899.53768,28028.18097,28118.11524,28478.56093,29302.35736,30267.76956,29639.61349,28319.78567,27914.67104,28040.7026,28129.02473,28482.21049,29289.3065,30235.41591,29616.20987,27819.67109,27401.9628,27532.74691,27624.48921,27990.87348,28828.68618,29810.25469,29170.9116,28270.96348,27878.17273,28000.78124,28086.70724,28430.07002,29214.99315,30134.82182,29532.86463,29151.59508,28748.20763,28875.60315,28964.97518,29322.00644,30137.69907,31093.83512,30473.96112,29577.17787,29163.11345,29291.93512,29381.99479,29742.46765,30566.72294,31532.39002,30898.95848,28515.46994,28104.50982,28232.70071,28322.49804,28681.21319,29501.42293,30462.54244,29834.30369,29421.26669,28967.11522,29109.64805,29209.41794,29608.88079,30521.4878,31590.95141,30894.72824,31226.37167,30813.8054,30943.70927,31034.506,31398.14558,32229.33547,33203.43915,32569.77592,31465.4012,31067.79147,31192.8761,31280.72406,31630.98625,32432.13049,33370.68309,32759.45625
Ningxia,NX,y21,27714.02534,27283.06176,27422.3103,27519.67756,27910.00096,28801.67366,29846.74429,29178.05404,27463.24902,27049.97264,27177.15428,27266.05847,27621.81912,28434.99329,29387.87076,28760.65232,28638.30999,28225.36748,28355.60422,28446.69823,28811.61356,29645.68216,30623.1044,29988.16123,28713.35931,28303.97049,28431.39735,28520.61752,28877.66049,29693.50658,30649.93388,30023.54831,28173.28781,27750.40646,27882.73508,27975.58358,28346.25888,29193.9335,30186.97631,29539.27778,28645.40448,28243.7509,28369.12481,28457.0099,28808.18351,29610.98226,30551.72206,29936.64885,29483.97098,29078.72396,29206.45598,29296.10347,29654.12552,30472.10791,31430.93868,30809.39542,29991.15614,29569.97741,29701.16959,29792.88336,30159.94201,30999.30336,31982.68984,31337.987,28901.22037,28485.45215,28615.04088,28705.80965,29068.48159,29897.58852,30869.19708,30233.65981,29782.65886,29324.99663,29468.86671,29569.53869,29972.6953,30893.72497,31973.03204,31270.18292,31600.78484,31183.54968,31315.2467,31407.34893,31776.02355,32618.81782,33606.51488,32964.30779,31859.08838,31452.73051,31580.20537,31669.67222,32026.60915,32842.96492,33799.34334,33176.50965
Ningxia,NX,y22,28064.5323,27628.11786,27769.12661,27867.72616,28262.98534,29165.93537,30224.22338,29547.07617,27810.58408,27392.0805,27520.8707,27610.90033,27971.15925,28794.61791,29759.54577,29124.39494,29000.5054,28582.34193,28714.22505,28806.47025,29176.00162,30020.6183,31010.40179,30367.4284,29076.50524,28661.937,28790.97657,28881.32508,29242.88354,30069.04744,31037.57168,30403.26328,28529.60295,28101.37244,28235.37413,28329.39782,28704.76003,29563.15579,30568.75841,29912.86845,29007.69028,28600.95721,28727.91519,28816.91383,29172.52837,29985.48014,30938.11683,30315.26445,29856.86164,29446.48976,29575.83759,29666.61811,30029.16895,30857.49512,31828.45361,31199.0508,30370.46108,29943.95719,30076.80801,30169.68084,30541.38316,31391.35957,32387.18215,31734.32581,29266.74101,28845.71527,28976.94252,29068.85907,29436.11836,30275.71077,31259.60711,30616.03296,30159.32663,29695.87663,29841.56629,29943.5126,30351.76699,31284.44572,32377.40399,31665.66439,32000.44804,31577.93622,31711.29837,31804.56478,32177.90342,33031.35607,34031.54526,33381.21607,32262.01854,31850.52166,31979.60806,32070.207,32431.65818,33258.33797,34226.81222,33596.10177
Ningxia,NX,y23,28419.2806,27977.3489,28120.14115,28219.98633,28620.2426,29534.60586,30606.27028,29920.56386,28162.12222,27738.32948,27868.74695,27959.91423,28324.72677,29158.59423,30135.71989,29492.54037,29367.08519,28943.63466,29077.18607,29170.59765,29544.79988,30400.09328,31402.38769,30751.28695,29444.04546,29024.23636,29154.90638,29246.3977,29612.52653,30449.13287,31429.89955,30787.57424,28890.23,28456.5861,28592.28247,28687.49429,29067.601,29936.84741,30955.1606,30290.98086,29374.35919,28962.48613,29091.04919,29181.17249,29541.28116,30364.50985,31329.18801,30698.46332,30234.26634,29818.70583,29949.68925,30041.61855,30408.75063,31247.54838,32230.77906,31593.42055,30754.35791,30322.4612,30456.99216,30551.0399,30927.43923,31788.16013,32796.57152,32135.46206,29636.68514,29210.33847,29343.22413,29436.30267,29808.20261,30658.40877,31654.74229,31003.03202,30540.55446,30071.24626,30218.77759,30322.01193,30735.42628,31679.89503,32786.66865,32065.93262,32404.94732,31977.09542,32112.14383,32206.5889,32584.64619,33448.88723,34461.71908,33803.16888,32669.82485,32253.12586,32383.84347,32475.58826,32841.6088,33678.73803,34659.45418,34020.77097
Ningxia,NX,y24,28763.13539,28315.85685,28460.37656,28561.42982,28966.52913,29891.95625,30976.58727,30282.58403,28507.62517,28079.71587,28211.57151,28303.75447,28672.56681,29515.60933,30503.45551,29853.77109,29766.81081,29337.56773,29472.8416,29567.40949,29946.43492,30812.69223,31827.86471,31167.33167,29779.47642,29353.48054,29486.00811,29578.88432,29950.27287,30798.96853,31793.84391,31142.72249,29253.58382,28814.34555,28951.87039,29048.34163,29433.61018,30314.6071,31346.76872,30674.47119,29728.13752,29315.10067,29444.02882,29534.38463,29895.44469,30720.82444,31688.06481,31055.08026,30654.15891,30229.97977,30363.94016,30457.91993,30833.35387,31691.08962,32696.50794,32044.68419,31101.67836,30666.27156,30801.73304,30896.4359,31275.48679,32142.22695,33157.66645,32491.587,29985.24578,29553.10349,29687.90198,29782.3285,30159.53192,31022.01755,32032.67708,31372.05711,30937.73001,30460.16998,30610.04943,30714.96226,31135.01413,32094.66173,33219.24806,32487.1381,32835.87665,32402.045,32538.64355,32634.12128,33016.50443,33890.53649,34914.84734,34248.5232,33087.22567,32669.12365,32800.6544,32893.03015,33261.34577,34103.7831,35090.71187,34447.98093
Ningxia,NX,y25,29141.69593,28688.53289,28834.9535,28937.33678,29347.76797,30285.37411,31384.28016,30681.14265,28878.00203,28443.43646,28577.16984,28670.65414,29044.74145,29899.80454,30901.7684,30242.23937,30113.59455,29679.38077,29816.32649,29912.11316,30295.82724,31172.86196,32200.63388,31532.98211,30192.51131,29762.03152,29896.02279,29989.84002,30365.27687,31223.14856,32228.84669,31570.19307,29624.61875,29179.95159,29319.09679,29416.72954,29806.49845,30697.84056,31742.03965,31060.97513,30121.05499,29698.71164,29830.54265,29922.95618,30292.22014,31136.374,32125.57539,31478.81726,31002.81995,30576.69679,30711.00896,30805.27483,31181.73976,32041.85953,33050.08429,32396.52381,31536.13169,31093.25676,31231.2075,31327.64579,31713.61321,32596.21404,33630.2586,32952.34301,30390.04877,29952.86367,30089.1276,30184.57144,30565.92718,31437.74328,32459.40435,31791.12807,31316.89351,30835.65586,30986.93656,31092.79525,31516.71891,32485.1956,33620.10409,32881.04784,33228.67938,32789.95171,32928.43252,33025.27884,33412.94674,34299.15552,35337.73457,34662.44399,33500.29036,33072.9998,33207.0404,33301.11658,33676.44171,34534.8503,35540.49564,34885.57728
Ningxia,NX,y26,29509.46349,29050.57997,29198.84908,29302.52506,29718.13454,30667.574,31780.34806,31068.33768,29242.44137,28802.39073,28937.81174,29032.47643,29411.28367,30277.13878,31291.74715,30623.89539,30493.62656,30053.93311,30192.60731,30289.60185,30678.15858,31566.26199,32607.00518,31930.92739,30573.5397,30137.62619,30273.30943,30368.31105,30748.4839,31617.18356,32635.57379,31968.60773,29998.48011,29548.20195,29689.10175,29787.96621,30182.65448,31085.24576,32142.62241,31452.96313,30501.18015,30073.50684,30207.00189,30300.58207,30674.5063,31529.31404,32530.9974,31876.07874,31394.07371,30962.57355,31098.58104,31194.03454,31575.25168,32446.22612,33467.17442,32805.36599,31934.11654,31485.65217,31625.34325,31722.99834,32113.83732,33007.57636,34054.67104,33368.2009,30773.56875,30330.86597,30468.8509,30565.49951,30951.66692,31834.48647,32869.04086,32192.33074,31712.11154,31224.7998,31377.99013,31485.18547,31914.45988,32895.15813,34044.38814,33296.00419,33648.02388,33203.75926,33343.98764,33442.05619,33834.61559,34732.01045,35783.69435,35099.88254,33923.06181,33490.38001,33626.11182,33721.37387,34101.43604,34970.67772,35989.01516,35325.8318
Qinghai,QH,y1,12875.99376,12828.61411,13085.4148,12798.72678,13145.17259,13162.95846,13157.04574,13019.01162,12270.17378,12222.20832,12473.66884,12193.03223,12532.09297,12549.42248,12543.68752,12408.35547,12228.47939,12181.93027,12428.17662,12153.21584,12485.52387,12502.77195,12496.98978,12364.67319,12136.50933,12089.70501,12340.7099,12060.4707,12398.92469,12416.39416,12410.67246,12276.11573,11895.35631,11853.8888,12071.40548,11828.57833,12122.00982,12137.17309,12132.10797,12015.32809,11888.48343,11839.15397,12110.60768,11807.68223,12173.73794,12192.68838,12186.39415,12041.72279,12062.02426,12019.97026,12243.02361,11993.95936,12295.06126,12310.66432,12305.41971,12185.95283,11904.57499,11859.32897,12099.4353,11831.44563,12155.18671,12171.99499,12166.39242,12037.02269,11790.88503,11738.34172,12028.22437,11704.64852,12095.52855,12115.77472,12109.07614,11955.60179,12515.99747,12470.37688,12723.67561,12440.83169,12782.42339,12800.06244,12794.1991,12660.28531,12818.38204,12760.51973,13069.4709,12724.70611,13141.2341,13162.81046,13155.64108,12989.9986,12546.65079,12486.01329,12809.52616,12448.20994,12884.93529,12907.47716,12899.98486,12727.01401
Qinghai,QH,y2,13557.7648,13507.87659,13778.27351,13476.40702,13841.19645,13859.92358,13853.69821,13708.35489,12919.86798,12869.36255,13134.13637,12838.64147,13195.6549,13213.90139,13207.86358,13065.36507,12875.9641,12826.9511,13086.23589,12796.71641,13146.61986,13164.78155,13158.69323,13019.3697,12779.12486,12729.84203,12994.13714,12699.06074,13055.43539,13073.83023,13067.80523,12926.12313,12525.2036,12481.54051,12710.57406,12454.89025,12763.85791,12779.82362,12774.49038,12651.52774,12517.96755,12466.02646,12751.85264,12432.88773,12818.32485,12838.27907,12831.6511,12679.31944,12700.69549,12656.41533,12891.27997,12629.02725,12946.07222,12962.50129,12956.97924,12831.18747,12534.91038,12487.26871,12740.08795,12457.90854,12798.79165,12816.48996,12810.59045,12674.37109,12415.20087,12359.87487,12665.10781,12324.39711,12735.97421,12757.29321,12750.24063,12588.64019,13178.7071,13130.67117,13397.38157,13099.56126,13459.24037,13477.81356,13471.6397,13330.63518,13497.10279,13436.17677,13761.48653,13398.46561,13837.05,13859.7687,13852.21936,13677.80604,13210.98301,13147.13475,13487.77695,13107.33008,13567.18023,13590.91476,13583.02601,13400.89726
Qinghai,QH,y3,14275.09265,14222.56535,14507.27045,14189.43043,14573.52071,14593.23898,14586.68439,14433.65182,13603.44532,13550.26742,13829.05088,13517.92092,13893.82409,13913.03649,13906.67891,13756.64114,13557.21902,13505.61218,13778.61616,13473.77802,13842.19499,13861.31723,13854.90656,13708.21175,13455.25669,13403.36596,13681.64451,13370.95585,13746.18645,13765.55376,13759.21002,13610.03162,13187.89972,13141.9264,13383.07832,13113.86598,13439.18103,13455.99208,13450.37635,13320.90773,13180.28052,13125.59183,13426.54032,13090.69905,13496.52958,13517.53937,13510.56065,13350.1691,13372.67721,13326.05429,13573.3441,13297.21718,13631.03608,13648.3353,13642.52029,13510.07287,13198.11993,13147.95798,13414.15298,13117.04368,13475.96284,13494.59764,13488.38636,13344.95924,13072.07796,13013.82489,13335.20464,12976.46903,13409.82251,13432.26828,13424.84258,13254.69199,13875.9795,13825.40243,14106.22365,13792.64601,14171.35549,14190.91076,14184.41036,14035.94599,14211.22059,14147.07137,14489.59286,14107.36551,14569.15462,14593.07532,14585.12657,14401.4857,13909.96281,13842.73648,14201.40195,13800.82602,14285.00619,14309.99678,14301.69053,14109.92544
Qinghai,QH,y4,15021.8326,14966.55679,15266.15406,14931.68897,15335.87102,15356.62115,15349.723,15188.68509,14315.86341,14259.94397,14553.04686,14225.94166,14621.15161,14641.38378,14634.68027,14476.9985,14259.0528,14204.89852,14492.20185,14171.37959,14559.08685,14579.17213,14572.46434,14418.22849,14155.65396,14100.93168,14393.02059,14066.90336,14460.78109,14481.14221,14474.46608,14317.32838,13871.07837,13823.46044,14075.85911,13794.12273,14134.57312,14152.15013,14146.27814,14011.25331,13877.52497,13818.75741,14140.18108,13781.45109,14214.97088,14237.41427,14229.95194,14058.59831,14070.55709,14022.40704,14278.30105,13992.59373,14337.96626,14355.86539,14349.84163,14212.72698,13876.83643,13823.53724,14105.71014,13790.7402,14171.22745,14190.98914,14184.41433,14032.2689,13776.01221,13714.79018,14052.9823,13675.48097,14131.50294,14155.1234,14147.30917,13968.72917,14622.28612,14568.91098,14865.81098,14534.32766,14934.69139,14955.36472,14948.4866,14791.28655,14947.86516,14880.2813,15240.44589,14838.49818,15324.10966,15349.26174,15340.89715,15147.45406,14637.0429,14565.90559,14944.9981,14521.61034,15033.35567,15059.76459,15050.98803,14848.51136
Qinghai,QH,y5,15823.80084,15765.57486,16081.16734,15728.84612,16154.60532,16176.46341,16169.19731,15999.56197,15079.28612,15020.33929,15329.36891,14984.48399,15401.16858,15422.465,15415.41743,15249.10352,15028.04528,14970.8398,15273.46204,14935.55131,15343.93806,15365.13487,15358.02937,15195.41948,14915.02043,14857.5004,15165.96949,14821.57446,15237.51299,15258.98208,15251.95005,15086.58772,14618.65878,14567.69814,14835.01176,14536.5931,14897.20207,14915.83617,14909.61159,14766.09682,14610.21263,14549.59019,14883.18965,14510.91233,14960.77205,14984.06068,14976.3258,14798.53296,14823.48255,14771.80121,15045.9199,14739.83553,15109.87179,15129.04673,15122.60214,14975.78408,14629.98788,14574.3835,14869.45936,14540.11641,14937.97392,14958.63001,14951.7449,14792.75762,14490.27066,14425.69794,14781.94484,14384.28989,14864.65678,14889.53965,14881.30744,14692.69721,15381.388,15325.32323,15636.61268,15289.01386,15708.80965,15730.48713,15723.28131,15558.71033,15753.00047,15681.89189,16061.57308,15637.87733,16149.76633,16176.28172,16167.47088,15963.9071,15419.05883,15344.53869,15742.11653,15298.08245,15834.79061,15862.49229,15853.28475,15640.71509
Qinghai,QH,y6,16659.10599,16597.8063,16930.05822,16559.13792,17007.37345,17030.38495,17022.73516,16844.14538,15875.29081,15813.23241,16138.57373,15775.48272,16214.16342,16236.58377,16229.16429,16054.07061,15821.34422,15761.11872,16079.71494,15723.96786,16153.91191,16176.22811,16168.74733,15997.55343,15702.35291,15641.79703,15966.54912,15603.97361,16041.86928,16064.47167,16057.06849,15882.97683,15390.34671,15336.69579,15618.12015,15303.94868,15683.59324,15703.21118,15696.65813,15545.56772,15381.45457,15317.6319,15668.84093,15276.91283,15750.51962,15775.0381,15766.89446,15579.71659,15605.98235,15551.57299,15840.16248,15517.92005,15907.48935,15927.67647,15920.89113,15766.32367,15402.27399,15343.73402,15654.38619,15307.6584,15726.51797,15748.26383,15741.01547,15573.63577,15255.18083,15187.19954,15562.25342,15143.60574,15649.33094,15675.52588,15666.85973,15468.29406,16193.33872,16134.31432,16462.03522,16096.08926,16538.04447,16560.86596,16553.27941,16380.02097,16584.56671,16509.70476,16909.42875,16463.36774,17002.27758,17030.19397,17020.91731,16806.60767,16232.99767,16154.54434,16573.10991,16105.6347,16670.67552,16699.84005,16690.14672,16466.35587
Qinghai,QH,y7,17149.03849,17085.93613,17427.95865,17046.13024,17507.54827,17531.23591,17523.3618,17339.51974,16342.17154,16278.28717,16613.19655,16239.42876,16691.01079,16714.09136,16706.45328,16526.20966,16286.63909,16224.64244,16552.60857,16186.39901,16628.98708,16651.95953,16644.25831,16468.0297,16164.14798,16101.8106,16436.11347,16062.87511,16513.64948,16536.9153,16529.29475,16350.08383,15842.96658,15787.73806,16077.4382,15754.02737,16144.83612,16165.03204,16158.28568,16002.75135,15833.81226,15768.11281,16129.65136,15726.19616,16213.73123,16238.97092,16230.58766,16037.90514,16064.94347,16008.93417,16306.01084,15974.29145,16375.31727,16396.09813,16389.11316,16230.00041,15855.24342,15794.98226,16114.77046,15757.84492,16189.02362,16211.41024,16203.94802,16031.64507,15703.82526,15633.84471,16019.92733,15588.96871,16109.5668,16136.53234,16127.61146,15923.2057,16669.57322,16608.81292,16946.17296,16569.46364,17024.41644,17047.90901,17040.09971,16861.74627,17072.30739,16995.24337,17406.72358,16947.54411,17502.30251,17531.03901,17521.49026,17300.87792,16710.39798,16629.63797,17060.5134,16579.28956,17160.94777,17190.96974,17180.99088,16950.6195
Qinghai,QH,y8,17643.77898,17578.85567,17930.74561,17537.90245,18012.63028,18037.00238,18028.90116,17839.75469,16814.5889,16748.90957,17093.17064,16708.97174,17173.16348,17196.92603,17189.05228,17003.84804,16747.8627,16684.25596,17021.70531,16644.88667,17100.26598,17123.85622,17115.97777,16934.82144,16626.41662,16562.14238,16905.213,16522.17522,16984.80034,17008.71558,17000.8749,16816.30936,16292.17054,16236.24125,16532.69398,16201.78172,16601.6559,16622.30067,16615.40444,16456.81143,16299.74167,16230.71659,16608.244,16186.89921,16696.08662,16722.44624,16713.68286,16512.42019,16526.46673,16469.91264,16770.47098,16434.89494,16840.54952,16861.57297,16854.49867,16693.45137,16298.93264,16236.3308,16567.75494,16197.80984,16644.70756,16667.91912,16660.19632,16481.49522,16180.51084,16108.60349,16505.82453,16062.43318,16598.04918,16625.7931,16616.61472,16406.8648,17174.49549,17111.80476,17460.52462,17071.18484,17541.42825,17565.71014,17557.63161,17372.99263,17556.90139,17477.52149,17900.54934,17428.446,17998.81698,18028.35994,18018.53542,17791.3276,17191.82921,17108.27512,17553.5342,17056.24702,17657.31358,17688.33188,17678.02366,17440.20791
Qinghai,QH,y9,18171.77215,18104.90617,18467.32574,18062.72646,18551.66246,18576.76195,18568.4187,18373.61123,17316.78542,17249.09128,17603.97434,17207.9148,17686.42771,17710.88441,17702.79201,17511.79851,17257.9398,17192.24591,17539.77103,17151.7223,17620.70567,17645.04749,17636.88787,17450.14907,17128.14511,17062.09004,17416.33011,17020.83143,17498.48922,17523.14395,17515.06812,17325.16903,16787.80771,16729.28525,17036.2635,16693.56512,17107.68094,17129.08077,17121.93244,16957.12238,16778.10753,16708.48937,17091.59037,16664.07395,17180.68301,17207.42964,17198.54579,16994.37197,17023.02314,16963.67357,17278.46698,16926.96458,17351.90726,17373.92815,17366.52699,17197.92418,16800.81728,16736.96246,17075.82165,16697.6112,17154.50361,17178.22426,17170.31667,16987.73973,16640.36913,16566.21464,16975.32312,16518.66258,17070.30746,17098.88134,17089.42792,16872.83254,17663.7125,17599.3288,17956.80692,17557.63148,18039.71688,18064.612,18056.33646,17867.3451,18090.46502,18008.8051,18444.82379,17958.26061,18546.10377,18576.55387,18566.43485,18332.66615,17706.97162,17621.39443,18077.96576,17568.04446,18184.39174,18216.20443,18205.63025,17961.51971
Qinghai,QH,y10,18705.3853,18636.55562,19009.61694,18593.13638,19096.43013,19122.2673,19113.67901,18913.15169,17825.2908,17755.60859,18120.91291,17713.22361,18205.78899,18230.96301,18222.63361,18026.03139,17764.71805,17697.09472,18054.82595,17655.38086,18138.13634,18163.1932,18154.79361,17962.5714,17631.11121,17563.11667,17927.75782,17520.64716,18012.33034,18037.70969,18029.39647,17833.92105,17280.77988,17220.53888,17536.5322,17183.77046,17610.04646,17632.07521,17624.71611,17455.06657,17270.7961,17199.13422,17593.48243,17153.41303,17685.19382,17712.7241,17703.57942,17493.4106,17522.90266,17461.81025,17785.84701,17424.02309,17861.4443,17884.11237,17876.49296,17702.93928,17294.17249,17228.44214,17577.25111,17187.9345,17658.24353,17682.66267,17674.52301,17486.58259,17129.01262,17052.68055,17473.80147,17003.7324,17571.5771,17600.98918,17591.2583,17368.30203,18182.40537,18116.13138,18484.10776,18073.20983,18569.45159,18595.07695,18586.55882,18392.01838,18621.68991,18537.63234,18986.4555,18485.60318,19090.70795,19122.05335,19111.63752,18871.00406,18226.93593,18138.84596,18608.82463,18083.92832,18718.37405,18751.12115,18740.23721,18488.95764
Qinghai,QH,y11,19254.38883,19183.53889,19567.55099,19138.84655,19656.91075,19683.50721,19674.66561,19468.25379,18348.46314,18276.73632,18652.7627,18233.10752,18740.1292,18766.04333,18757.46782,18555.09615,18286.11326,18216.50565,18584.73573,18173.56701,18670.49114,18696.28353,18687.63742,18489.7739,18148.5851,18078.59463,18453.93982,18034.87873,18540.99337,18567.11697,18558.56091,18357.34726,17787.97207,17725.96316,18051.22956,17688.11416,18126.90159,18149.57714,18142.00185,17967.37447,17777.69478,17703.92948,18109.8516,17656.86721,18204.25462,18232.59336,18223.18084,18006.84235,18037.20107,17974.31533,18307.86301,17935.41903,18385.67924,18409.01087,18401.16896,18222.52152,17801.75626,17734.09685,18093.14541,17692.40098,18176.51353,18201.64888,18193.27021,17999.81552,17631.74933,17553.17721,17986.65906,17502.79314,18087.30194,18117.57904,18107.56197,17878.06089,18716.06059,18647.84116,19026.61685,18603.6588,19114.46615,19140.84359,19132.07547,18931.82478,19168.23735,19081.71232,19543.70833,19028.15576,19651.02092,19683.28601,19672.56458,19424.86818,18761.8976,18671.2223,19154.99383,18614.69303,19267.76003,19301.46751,19290.26406,19031.61018
Qinghai,QH,y12,19471.26467,19399.61635,19787.95334,19354.42056,19878.3207,19905.21649,19896.27552,19687.53871,18556.1888,18483.70681,18863.62463,18439.6324,18951.90361,18978.12687,18969.43826,18765.05125,18482.55096,18412.35587,18784.75802,18368.90953,18871.45578,18897.48874,18888.79408,18688.8746,18348.52626,18277.59448,18656.2001,18233.48837,18744.0309,18770.42287,18761.76923,18558.08723,17979.66062,17917.93835,18245.09615,17879.91041,18321.20129,18343.98408,18336.37327,18161.35436,17988.01595,17911.84172,18328.47016,17863.4858,18425.41247,18454.50309,18444.83137,18222.72325,18238.22385,18175.81189,18507.5013,18137.16824,18584.8388,18608.04008,18600.23275,18422.50389,17987.12333,17918.03655,18283.78958,17875.52526,18368.71219,18394.32774,18385.80568,18188.59465,17856.43517,17777.07994,18215.44451,17726.12712,18317.22129,18347.83861,18337.70901,18106.23385,18953.37467,18884.1893,19269.02872,18839.36222,19358.31198,19385.10929,19376.19281,19172.43074,19375.38797,19287.7864,19754.62925,19233.62741,19863.07538,19895.67768,19884.8354,19634.0944,18972.50187,18880.29394,19371.67208,18822.87708,19486.20052,19520.43196,19509.05548,19246.60746
Qinghai,QH,y13,19711.14581,19638.61549,20031.73757,19592.86338,20123.21714,20150.4437,20141.39277,19930.08488,18783.73104,18710.30285,19095.24923,18665.63729,19184.68768,19211.21513,19202.4372,18995.26482,18719.90201,18648.64225,19025.60797,18604.68552,19113.3977,19139.80136,19130.95037,18928.39289,18579.11023,18507.45906,18891.70874,18462.70728,18980.82793,19007.57121,18998.81139,18792.82527,18209.94188,18146.46208,18479.44564,18107.7159,18556.91239,18580.12544,18572.37106,18393.60032,18199.42119,18123.90598,18539.45874,18075.72756,18636.10079,18665.11165,18655.47576,18434.00582,18465.08425,18400.70669,18742.16695,18360.88774,18821.82841,18845.7141,18837.68587,18654.80065,18224.05526,18154.79108,18522.3557,18112.10479,18607.70217,18633.43305,18624.85605,18426.81105,18050.01407,17969.57777,18413.34226,17917.99804,18516.37428,18547.36919,18537.11505,18302.16981,19160.04729,19090.2097,19477.97097,19044.98038,19567.90505,19594.9077,19585.93163,19380.93051,19622.95078,19534.37349,20007.32972,19479.54745,20117.18883,20150.21803,20139.24266,19885.67009,19206.97208,19114.14574,19609.39402,19056.27502,19724.83482,19759.3425,19747.87311,19483.08176
Qinghai,QH,y14,19943.13537,19869.75078,20267.50005,19823.46076,20360.05705,20387.60434,20378.44709,20164.65078,19004.80512,18930.51256,19319.99002,18885.32277,19410.48082,19437.32165,19428.44005,19218.82935,18940.22528,18868.12734,19249.52933,18823.65266,19338.35227,19365.06738,19356.11185,19151.17008,18797.77676,18725.28304,19114.05506,18680.00349,19204.22176,19231.27996,19222.41719,19014.00719,18424.2642,18360.03672,18696.93843,18320.83468,18775.31841,18798.80389,18790.95928,18610.08311,18413.61882,18337.2148,18757.65899,18288.46871,18855.43795,18884.79082,18875.04168,18650.96453,18682.40901,18617.27369,18962.75267,18576.9863,19043.35114,19067.51839,19059.39518,18874.35808,18438.54247,18368.46264,18740.35377,18325.27474,18826.70507,18852.73856,18844.06109,18643.68541,18262.45325,18181.07031,18630.05769,18128.88328,18734.30234,18765.66073,18755.28669,18517.57628,19385.55082,19314.89102,19707.21576,19269.13008,19798.20816,19825.52936,19816.44792,19609.03385,19853.90348,19764.28295,20242.8052,19708.81137,20353.95693,20387.37538,20376.27124,20119.715,19433.02783,19339.10891,19840.18496,19280.55793,19956.98556,19991.89876,19980.29477,19712.38702
Qinghai,QH,y15,20177.56077,20103.31347,20505.73773,20056.47873,20599.38175,20627.25348,20617.98911,20401.68018,19228.19974,19153.03386,19547.089,19107.31294,19638.64474,19665.80111,19656.81404,19444.73958,19162.86051,19089.9152,19475.80054,19044.91813,19565.66732,19592.69664,19583.636,19376.28603,19018.73805,18945.39192,19338.73293,18899.57982,19429.961,19457.33709,19448.36962,19237.51075,18640.83464,18575.85252,18916.71439,18536.18959,18996.01613,19019.77762,19011.8399,18828.83864,18630.06466,18552.76292,18978.14833,18503.44448,19077.07711,19106.77427,19096.91124,18870.20003,18902.0138,18836.11305,19185.653,18795.35241,19267.19987,19291.65107,19283.43204,19096.21968,18655.28112,18584.37722,18960.64067,18540.68185,19048.00713,19074.34675,19065.56714,18862.83537,18477.12201,18394.78266,18849.04763,18341.98282,18954.51747,18986.24559,18975.7485,18735.24355,19613.42122,19541.93088,19938.86749,19495.63194,20030.93022,20058.57157,20049.38314,19839.53113,20087.27891,19996.60506,20480.75239,19940.48161,20593.21093,20627.02179,20615.78679,20356.21439,19661.45721,19566.4339,20073.40047,19507.19436,20191.57312,20226.89754,20215.15658,19944.09982
Qinghai,QH,y16,20403.65347,20328.57421,20735.5075,20281.21369,20830.20137,20858.3849,20849.016,20630.2828,19444.75779,19368.80498,19766.91628,19322.62136,19859.42288,19886.9014,19877.79718,19663.62276,19367.59491,19294.03888,19684.27381,19248.51137,19775.12135,19802.40223,19793.29209,19583.79887,19227.15229,19152.82423,19549.55929,19106.6055,19641.59603,19669.25124,19660.18422,19446.74857,18840.62283,18775.94494,19118.76861,18736.09634,19198.51894,19222.39297,19214.41746,19031.01708,18849.37834,18769.55692,19206.13705,18718.88464,19307.72013,19338.20326,19328.0685,19095.32511,19111.56831,19046.16745,19393.73981,19005.67308,19474.78086,19499.09315,19490.91137,19304.67186,18848.44317,18776.04855,19159.31411,18731.50253,19248.30468,19275.14674,19266.21719,19059.56191,18711.498,18628.34223,19087.69697,18574.94918,19194.34777,19226.43258,19215.81728,18973.25811,19860.9637,19788.46601,20191.73397,19741.4925,20285.29213,20313.37258,20304.02952,20090.51034,20303.1853,20211.38869,20700.58776,20154.63652,20814.2264,20848.38985,20837.02868,20574.28133,19881.00744,19784.3842,20299.29099,19724.21814,20419.30481,20455.17535,20443.25382,20168.23734
Qinghai,QH,y17,20648.20051,20572.22151,20984.03244,20524.2937,21079.86115,21108.38138,21098.90058,20877.54713,19676.69593,19599.77702,20003.02264,19552.9905,20096.7153,20124.50364,20115.30823,19898.28676,19609.83246,19535.1861,19930.07164,19489.13927,20022.03527,20049.69482,20040.42243,19828.23545,19462.3488,19387.29202,19789.80847,19340.41156,19883.16321,19911.17855,19902.00189,19686.22289,19075.63112,19009.1332,19357.94591,18968.54498,19439.09635,19463.41225,19455.28968,19268.01995,19064.60987,18985.50465,19420.81218,18935.03523,19522.04817,19552.43844,19542.34474,19310.34541,19342.90161,19275.46361,19633.15629,19233.75248,19716.60546,19741.62704,19733.21703,19541.63797,19090.41437,19017.85713,19402.89648,18973.14173,19492.29971,19519.2537,19510.26912,19302.80936,18908.09981,18823.83993,19288.70001,18769.80743,19396.62937,19429.09756,19418.35588,19172.24238,20070.90303,19997.7451,20403.94071,19950.36575,20498.14908,20526.43664,20517.03327,20302.28654,20555.8131,20463.02455,20958.46462,20405.59256,21073.54574,21108.1461,21096.64877,20831.0216,20120.05862,20022.81945,20541.61072,19962.19723,20662.5395,20698.68766,20686.67324,20409.29473
Qinghai,QH,y18,20884.49773,20807.64948,21224.17445,20759.17392,21321.09932,21349.94653,21340.35696,21116.47003,19901.87652,19824.07744,20231.93855,19776.75427,20326.70189,20354.80885,20345.50768,20126.00301,19834.24875,19758.74746,20158.15145,19712.17242,20251.16762,20279.1436,20269.7655,20055.14979,19685.07591,19609.16045,20016.28155,19561.74288,20110.70539,20139.04161,20129.7603,19911.51252,19293.93269,19226.67389,19579.47804,19185.62155,19661.55688,19686.15238,19677.93603,19488.52281,19282.78476,19202.77455,19643.06358,19151.72722,19745.45881,19776.19623,19765.98778,19531.33333,19564.26249,19496.05263,19857.83895,19453.86347,19942.24195,19967.55038,19959.04404,19765.27199,19308.8848,19235.49684,19624.94239,19190.27049,19715.36992,19742.6323,19733.54523,19523.71105,19124.48377,19039.25931,19509.43975,18984.60924,19618.60536,19651.44406,19640.58004,19391.64963,20300.59504,20226.5997,20637.44273,20178.67796,20732.73014,20761.34095,20751.83052,20534.62617,20791.05439,20697.2042,21198.31277,20639.11277,21314.71115,21349.70734,21338.07852,21069.41133,20350.31282,20251.9601,20776.68975,20190.6451,20899.00181,20935.56314,20923.41063,20642.85922
Qinghai,QH,y19,21123.36017,21045.63295,21466.9201,20996.60255,21564.9541,21594.13175,21584.43265,21357.98483,20129.49935,20050.81045,20463.33635,20002.94598,20559.18286,20587.61241,20578.2048,20356.18926,20061.09726,19984.73304,20388.70595,19937.62629,20482.7858,20511.08112,20501.5967,20284.52669,19910.21922,19833.43527,20245.21347,19785.47629,20340.71724,20369.37695,20359.98923,20139.24541,19514.60233,19446.5742,19803.41278,19405.051,19886.43171,19911.30752,19902.99703,19711.41821,19503.32829,19422.40246,19867.72628,19370.77091,19971.29263,20002.38173,19992.05583,19754.71836,19788.0231,19719.03375,20084.95735,19676.36276,20170.32651,20195.92406,20187.32038,19991.33207,19529.72481,19455.49798,19849.39799,19409.75475,19940.85924,19968.43387,19959.24224,19747.00844,19343.2153,19257.0165,19732.57453,19201.74085,19842.98796,19876.20267,19865.21413,19613.43671,20532.77755,20457.93598,20873.47846,20409.46675,20969.85641,20998.79378,20989.17465,20769.4855,21028.84662,20933.92272,21440.76349,20875.16813,21558.49341,21593.88963,21582.12763,21310.38733,20583.06315,20483.58697,21014.31699,20421.57083,21138.0285,21175.00891,21162.71761,20878.95541
Qinghai,QH,y20,21353.52952,21274.95509,21700.83318,21225.39017,21799.93506,21829.4306,21819.62628,21590.70972,20349.99468,20270.50559,20687.14975,20222.17076,20783.96222,20812.72076,20803.19267,20579.04707,20269.2386,20192.25813,20600.65914,20144.61057,20695.73727,20724.28779,20714.75306,20495.50736,20122.25648,20044.46804,20459.67408,19996.09877,20555.99499,20584.93798,20575.44878,20352.07662,19717.73336,19650.04482,20008.82748,19608.34061,20092.29089,20117.27587,20108.92992,19916.99201,19726.89622,19643.35869,20100.26248,19590.32797,20206.57648,20238.47905,20227.8728,19984.2922,20001.29243,19932.84718,20296.60047,19890.46714,20381.41304,20406.85846,20398.29542,20203.38669,19725.91801,19650.1527,20051.26186,19603.53275,20144.39519,20172.48538,20163.13992,19946.86597,19582.59666,19495.56964,19976.31011,19439.69178,20087.92738,20121.50362,20110.39486,19856.54423,20785.57453,20709.70211,21131.7439,20660.54211,21229.65819,21259.04597,21249.26815,21025.80799,21248.38486,21152.31486,21664.2868,21092.91998,21783.21667,21818.97019,21807.08033,21532.10049,20806.55224,20705.43098,21244.30904,20642.46307,21369.9089,21407.44935,21394.97357,21107.15487
Qinghai,QH,y21,21608.87637,21529.36255,21960.33289,21479.2054,22060.62093,22090.46912,22080.54646,21848.89319,20592.17216,20511.67434,20933.68262,20462.70976,21031.73232,21060.81462,21051.191,20824.07181,20522.19807,20444.07851,20857.33681,20395.88898,20953.57876,20982.52524,20972.82141,20750.76228,20367.85222,20289.30344,20710.5466,20240.24173,20808.24476,20837.56328,20827.96069,20602.14319,19963.14187,19893.55016,20258.592,19851.07379,20343.51674,20368.965,20360.46382,20164.48185,19951.60817,19868.82224,20324.38316,19816.00455,20430.32936,20462.13304,20451.56923,20208.77669,20242.84729,20172.27163,20546.60697,20128.61942,20633.93817,20660.12369,20651.32211,20450.82959,19978.61217,19902.67918,20305.63314,19855.88378,20399.19635,20427.40517,20418.00162,20200.89014,19787.81596,19699.63528,20186.12403,19643.08942,20299.07581,20333.05398,20321.81289,20064.24803,21004.7197,20928.15821,21353.2508,20878.57494,21451.84431,21481.44661,21471.60658,21246.86871,21512.19062,21415.08503,21933.57603,21354.98027,22054.01087,22090.22162,22078.18952,21800.20336,21056.16225,20954.39838,21497.32818,20890.95722,21623.8829,21661.71265,21649.13886,21358.85522
Qinghai,QH,y22,21855.58338,21775.1621,22211.05368,21724.43306,22312.48551,22342.67539,22332.63965,22098.34227,20827.27265,20745.85576,21172.6816,20696.33178,21271.85041,21301.26489,21291.53158,21061.82013,20756.49968,20677.48804,21095.46395,20628.74743,21192.80481,21222.08178,21212.26779,20987.67286,20600.39145,20520.94554,20946.99817,20471.32392,21045.81216,21075.46513,21065.75204,20837.35656,20191.06053,20120.6738,20489.8826,20077.71286,20575.7786,20601.51703,20592.91903,20394.69889,20179.39423,20095.66301,20556.42665,20042.24277,20663.58221,20695.74822,20685.06491,20439.49959,20473.95882,20402.57735,20781.1879,20358.42761,20869.5151,20895.99944,20887.09718,20684.31589,20206.70774,20129.90777,20537.46224,20082.57827,20632.09366,20660.62297,20651.11311,20431.52325,20013.73354,19924.54631,20416.58905,19867.35335,20530.82968,20565.19598,20553.82575,20293.32128,21244.53007,21167.09373,21597.04158,21116.94509,21696.75912,21726.69951,21716.74692,21489.44347,21757.79502,21659.58094,22183.99061,21598.78946,22305.80066,22342.42508,22330.25485,22049.09564,21296.55933,21193.63445,21742.76174,21129.46865,21870.76187,21909.02399,21896.30704,21602.70877
Qinghai,QH,y23,22104.96053,22023.62173,22464.48633,21972.3131,22567.07482,22597.60862,22587.45903,22350.48812,21064.91416,20982.56862,21414.26522,20932.48021,21514.56658,21544.31574,21534.47204,21302.13838,20993.33377,20913.42048,21336.16588,20864.12496,21434.61764,21464.22891,21454.30335,21227.14592,20835.44387,20755.09179,21186.00572,20704.90502,21285.94804,21315.93846,21306.11533,21075.11357,20421.4437,20350.25449,20723.67559,20306.80283,20810.55131,20836.58293,20827.88698,20627.40502,20409.64491,20324.95912,20790.97776,20270.92865,20899.35642,20931.88926,20921.08377,20672.71785,20707.57044,20635.37448,21018.30305,20590.71989,21107.63904,21134.4262,21125.42212,20920.32708,20437.26935,20359.59323,20771.79734,20311.7235,20867.50804,20896.36443,20886.74541,20664.65056,20242.09313,20151.88828,20649.54488,20094.04413,20765.08845,20799.84818,20788.34805,20524.87144,21486.93398,21408.6148,21843.46787,21357.89204,21944.32392,21974.60582,21964.5394,21734.64235,22006.05561,21906.72007,22437.11333,21845.23589,22560.31429,22597.35628,22585.04706,22300.67974,21539.55632,21435.45674,21990.85117,21370.55867,22120.31079,22159.01051,22146.1485,21849.19965
Qinghai,QH,y24,22345.23514,22263.01192,22708.66859,22211.14536,22812.37348,22843.23833,22832.97877,22593.43203,21295.09374,21211.91303,21647.90831,21161.33474,21749.21681,21779.31071,21769.33978,21534.78547,21210.58746,21130.03237,21557.40089,21080.17257,21656.89459,21686.77038,21676.79336,21447.36471,21056.77995,20975.37975,21409.86682,20924.76381,21510.66196,21540.94959,21531.01921,21297.27343,20633.47036,20562.63827,20938.08427,20518.99614,21025.42262,21051.5685,21042.83403,20841.98214,20643.05757,20555.6407,21033.76379,20500.14697,21145.01649,21178.39992,21167.30106,20912.4081,20930.19727,20858.57327,21239.22057,20814.22553,21327.97251,21354.59807,21345.63793,21141.67781,20642.03394,20562.75044,20982.48729,20513.9648,21079.94651,21109.34223,21099.56235,20873.24342,20492.05624,20400.98844,20904.0553,20342.51535,21020.85543,21055.99123,21044.36698,20778.72698,21750.90431,21671.50759,22113.15075,21620.06528,22215.6115,22246.36352,22236.13114,22002.29415,22235.20697,22134.67556,22670.42603,22072.52318,22794.87836,22832.29263,22819.85007,22532.10018,21772.85516,21667.03687,22230.94337,21601.14669,22362.37644,22401.66063,22388.60471,22087.41887
Qinghai,QH,y25,22611.82424,22528.61987,22979.59418,22476.13454,23084.53525,23115.76861,23105.38592,22862.98163,21547.93135,21463.69708,21905.29093,21412.45946,22007.89219,22038.32445,22028.25444,21790.59355,21474.7083,21392.96305,21825.40184,21342.53804,21926.11095,21956.40058,21946.2466,21713.88141,21313.19802,21231.00415,21671.79874,21179.66665,21774.03164,21804.7109,21794.66205,21558.36412,20889.70492,20816.88351,21198.86732,20772.43479,21287.73503,21314.36327,21305.46848,21100.38979,20877.63541,20791.0078,21267.71251,20735.73895,21378.57604,21411.85571,21400.80206,21146.74104,21182.3924,21108.54115,21500.251,21062.86282,21591.63564,21619.03569,21609.82571,21400.02807,20905.89357,20826.43641,21248.09176,20777.46947,21345.99833,21375.51627,21365.67695,21138.48825,20706.2412,20613.96832,21123.03715,20554.79857,21241.23026,21276.78589,21265.02271,20995.50377,21979.62571,21899.51057,22344.33467,21847.62633,22447.50289,22478.4801,22468.1827,22233.01429,22510.65044,22409.03783,22951.59279,22346.14386,23077.61952,23115.50951,23102.91891,22812.03015,22033.45567,21926.96939,22495.09774,21860.583,22627.52602,22667.11185,22653.955,22350.1982
Qinghai,QH,y26,22869.36611,22785.21412,23241.32373,22732.13107,23347.46185,23379.05043,23368.54957,23123.3833,21793.35455,21708.16096,22154.78651,21656.34093,22258.55627,22289.33344,22279.14953,22038.783,21719.29939,21636.62264,22073.98675,21585.6219,22175.84334,22206.47794,22196.20855,21961.19585,21555.94958,21472.81906,21918.63373,21420.89571,22022.03226,22053.06083,22042.89743,21803.90682,21127.63228,21053.98077,21440.31667,21009.02719,21530.1961,21557.12826,21548.13142,21340.71631,21115.42539,21027.81087,21509.94501,20971.91144,21622.07205,21655.7301,21644.55087,21387.59574,21423.65375,21348.96174,21745.13161,21302.76271,21837.55676,21865.27072,21855.95548,21643.76761,21144.00533,21063.64333,21490.1014,21014.1181,21589.12254,21618.97719,21609.02568,21379.24822,20942.0795,20848.75514,21363.62185,20788.9106,21483.16219,21519.12166,21507.22505,21234.63644,22229.96742,22148.93984,22598.83075,22096.46425,22703.17469,22734.50247,22724.08915,22486.24243,22767.03988,22664.27017,23213.00549,22600.6597,23340.46662,23378.78881,23366.05445,23071.85425,22284.41044,22176.71124,22751.30972,22109.56829,22885.2479,22925.28397,22911.97681,22604.76023
Shaanxi,SN,y1,28327.33733,25835.79436,27427.81163,32594.93937,35011.99002,34838.29165,33825.12436,32925.14428,24965.11605,22935.74299,24219.75435,28387.07097,30336.43621,30196.355,29379.27785,28634.41995,24404.71899,22615.05583,23755.71862,27457.66821,29189.31122,29064.80846,28338.98193,27690.54653,23627.16858,22000.62746,23036.76423,26399.68084,27972.72964,27859.70552,27200.32713,26610.02109,23577.8199,21939.91423,22985.2732,26378.2061,27965.36391,27851.34628,27186.03182,26593.54669,24590.13703,22684.1519,23904.37726,27864.80692,29717.38007,29584.22539,28807.71034,28122.59802,26995.70477,24701.52644,26170.63894,30938.82193,33169.24369,33009.08645,32074.10931,31247.55543,28105.68008,25589.10889,27188.47641,32378.92521,34806.99343,34632.46407,33614.70492,32699.80423,23317.4408,21561.09612,22672.83223,26281.02028,27968.89185,27847.59173,27140.11411,26493.87073,23067.91443,21313.60767,22435.1199,26074.87941,27777.49794,27655.23557,26941.61806,26308.63549,26128.26995,23879.95634,25319.91444,29993.2461,32179.38728,32022.32846,31106.00155,30298.45615,28864.81132,26229.97539,27916.60707,33390.88479,35951.66897,35767.65721,34694.29233,33745.30432
Shaanxi,SN,y2,29765.89584,27147.82462,28820.68901,34250.22139,36790.01826,36607.4985,35542.87921,34597.19456,26232.92977,24100.49776,25449.71652,29828.66288,31877.02203,31729.82797,30871.25817,30088.57302,25644.07446,23763.52502,24962.11573,28852.06068,30671.64414,30540.81886,29778.13131,29096.76659,24827.03597,23117.89449,24206.6497,27740.34628,29393.28,29274.51519,28581.6529,27961.36875,24775.182,23054.09721,24152.54264,27717.78078,29385.54057,29265.73257,28566.63025,27944.05778,25838.90809,23836.12989,25118.32355,29279.87604,31226.53053,31086.61315,30270.66266,29550.75937,28366.63722,25955.95296,27499.6728,32510.00007,34853.69077,34685.39968,33702.94147,32834.41309,29532.9822,26888.61082,28569.19915,34023.2363,36574.61007,36391.21823,35321.77345,34360.41131,24501.57834,22656.04214,23824.23513,27615.66016,29389.24673,29261.78672,28518.38161,27839.31934,24239.38155,22395.98548,23574.45056,27399.05075,29188.13381,29059.66334,28309.80482,27644.67722,27455.1515,25092.66081,26605.74507,31516.40408,33813.56588,33648.53043,32685.66946,31837.11396,30330.66431,27562.02223,29334.30689,35086.58774,37777.41674,37584.06045,36456.18552,35459.00497
Shaanxi,SN,y3,31276.32119,28525.39912,30283.15198,35988.19756,38656.87246,38465.09079,37346.44875,36352.77756,27564.08065,25323.44203,26741.12342,31342.27358,33494.57428,33339.91008,32437.77375,31615.37228,26945.34377,24969.36971,26228.78045,30316.11614,32228.03025,32090.56623,31289.1775,30573.23787,26086.84697,24290.97676,25434.9798,29147.98825,30884.79788,30760.00698,30031.98537,29380.22611,26032.36126,24223.94361,25378.12733,29124.27801,30876.66536,30750.77837,30016.20083,29362.03658,27150.06436,25045.6592,26392.91467,30765.63938,32811.07287,32664.0568,31806.702,31050.2682,29806.06012,27273.04937,28895.1024,34159.67183,36622.28927,36445.45828,35413.14632,34500.54516,31031.58886,28253.03329,30018.9003,35749.69429,38430.53389,38237.83605,37114.12383,36103.97962,25744.87429,23805.68818,25033.16015,29016.97521,30880.56,30746.632,29965.50378,29251.98376,25469.37174,23532.43567,24770.70055,28789.37457,30669.24117,30534.25155,29746.34414,29047.4652,28848.32199,26365.95065,27955.8135,33115.6564,35529.38455,35355.9751,34344.25523,33452.64018,31869.74889,28960.61572,30822.83253,36867.00358,39694.37464,39491.20769,38306.10061,37258.31916
Shaanxi,SN,y4,32844.71462,29955.84436,31801.74172,37792.87511,40595.37269,40393.97387,39219.23755,38175.73654,28907.39979,26565.51139,28047.31524,32856.59755,35106.25455,34944.59894,34001.647,33142.24171,28294.11996,26223.43681,27543.6037,31828.12744,33832.28155,33688.19732,32848.13085,32097.57929,27374.89695,25491.01758,26691.14831,30586.3514,32408.35795,32277.42222,31513.70043,30829.61491,27354.47158,25451.51495,26665.97579,30607.74224,32451.65725,32319.18464,31546.26359,30858.04046,28601.44795,26361.75195,27795.96436,32450.87085,34628.30011,34471.82659,33559.10458,32755.33051,31418.38809,28758.50166,30460.71347,35985.37424,38569.68467,38384.11373,37300.83462,36340.12499,32488.96433,29563.06,31424.25811,37464.49044,40290.03188,40086.90675,38902.5198,37841.37487,26870.64359,24876.42646,26137.3785,30229.91526,32144.40211,32006.83808,31204.37725,30469.32956,26797.21308,24751.04368,26058.98121,30303.81844,32289.4552,32146.87908,31314.6268,30577.4123,30426.7041,27802.47987,29483.65635,34939.68939,37491.99403,37308.59366,36238.8166,35294.86695,33533.34256,30467.15103,32429.76505,38799.89034,41779.72341,41565.62092,40316.59299,39212.84665
Shaanxi,SN,y5,34527.03538,31490.19562,33430.64004,39728.64097,42674.6858,42462.97105,41228.06277,40131.11383,30428.96119,27955.44029,29520.47051,34599.84162,36975.84179,36805.10309,35809.20307,34901.3257,29745.91577,27564.56775,28954.87622,33467.02995,35577.66004,35425.90846,34541.22801,33750.87638,28798.19089,26815.66629,28078.57211,32177.4933,34094.81807,33957.05784,33153.36826,32433.868,28738.04219,26741.66583,28015.81015,32151.31765,34085.84067,33946.86971,33135.94304,32413.78768,29971.91382,27648.7868,29136.06931,33963.27458,36221.30143,36059.0047,35112.54103,34277.48661,32903.96156,30107.68106,31898.32359,37710.06618,40428.63732,40233.42759,39093.8225,38086.36893,34256.86637,31189.5202,33138.92351,39465.34931,42424.82355,42212.09667,40971.5912,39856.45568,28420.67432,26279.93936,27634.98873,32032.8626,34090.14014,33942.29236,33079.97718,32292.29772,28116.53793,25978.28656,27345.2508,31781.60559,33856.85765,33707.83838,32838.0377,32066.52156,31846.68077,29106.30248,30861.41066,36557.54153,39222.14119,39030.70873,37913.83464,36929.55041,35182.14034,31970.64514,34026.41257,40698.78656,43820.0208,43595.73742,42287.45546,41130.77297
Shaanxi,SN,y6,36274.88234,33084.31062,35122.98545,41739.8075,44834.98906,44612.55631,43315.13404,42162.65376,31969.35375,29370.61674,31014.8727,36351.37534,38847.65531,38668.27355,37621.95722,36668.12022,31251.73173,28959.95935,30420.6467,35161.21833,37378.69322,37219.26001,36289.79486,35459.43229,30256.03053,28173.14547,29499.98225,33806.40046,35820.7862,35676.05175,34831.67792,34075.75454,30192.83637,28095.39708,29434.04293,33778.90122,35811.35388,35665.34756,34813.37076,34054.65811,31489.16953,29048.43972,30611.01247,35682.58362,38054.91774,37884.40514,36890.02863,36012.70119,34569.64491,31631.80999,33513.09838,39619.04694,42475.23909,42270.14756,41072.85278,40014.39896,35991.03733,32768.41431,34816.50195,41463.18768,44572.47811,44348.98178,43045.67885,41874.09282,29859.40331,27610.29818,29033.94391,33654.4486,35815.87139,35660.53856,34754.57055,33927.01655,29539.87106,27293.37453,28729.53849,33390.47297,35570.77985,35414.21611,34500.38515,33689.81185,33458.84234,30579.73904,32423.69396,38408.1798,41207.66724,41006.54413,39833.13112,38799.01971,36963.15141,33589.0829,35748.918,42759.06528,46038.3042,45802.66635,44428.15641,43212.91948
Shaanxi,SN,y7,37295.10675,34014.80088,36110.81271,42913.73167,46095.96389,45867.27628,44533.36386,43348.47143,32868.48566,30196.66044,31887.16039,37373.75068,39940.23855,39755.81126,38680.06765,37699.4049,32130.68067,29774.45214,31276.22226,36150.12077,38429.9617,38266.04468,37310.43839,36456.72265,31106.9753,28965.50895,30329.66351,34757.19951,36828.23918,36679.43368,35811.31212,35034.12902,31042.00404,28885.57575,30261.86968,34728.92648,36818.54189,36668.4288,35792.49053,35012.43913,32374.79705,29865.42171,31471.9425,36686.14992,39125.20558,38949.89621,37927.55324,37025.55182,35541.90962,32521.44793,34455.64853,40733.32568,43669.84762,43458.98769,42228.01853,41139.79736,37003.27879,33690.02046,35795.70941,42629.33197,45826.07059,45596.2883,44256.33085,43051.79409,30699.19266,28386.83262,29850.51693,34600.97396,36823.18597,36663.48437,35732.03689,34881.20809,30370.67406,28060.99622,29537.55136,34329.57366,36571.20151,36410.23468,35470.70178,34637.33077,34399.86652,31439.78753,33335.60448,39488.40221,42366.62551,42159.84557,40953.43038,39890.23497,38002.73315,34533.76941,36754.34938,43961.65458,47333.12286,47090.8575,45677.68936,44428.27466
Shaanxi,SN,y8,38323.17163,34952.44161,37106.23134,44096.67726,47366.63024,47131.63821,45760.95608,44543.40058,33729.11742,30996.60406,32725.57193,38337.03486,40961.93318,40773.31347,39673.079,38670.32697,33013.54198,30597.47229,32137.84185,37137.01728,39475.46409,39307.34577,38327.15688,37451.41412,31940.99455,29742.88598,31143.19773,35688.11532,37814.03038,37661.25504,36770.1452,35971.95451,31917.16204,29696.79532,31113.82729,35713.07347,37864.55261,37709.98301,36808.13935,36005.1223,33372.13315,30758.85816,32432.29711,37863.63414,40404.257,40221.68331,39156.72018,38218.87761,36658.93515,33555.38269,35541.52128,41987.68858,45003.05858,44786.53434,43522.56659,42401.61078,37908.0818,34494.14135,36665.78339,43713.51964,47010.35789,46773.35148,45391.41024,44153.26753,31352.63236,29025.78198,30497.05969,35272.22618,37506.04711,37345.53731,36409.22727,35551.57483,31266.95405,28879.48691,30405.58646,35358.4556,37675.29573,37508.93783,36537.86647,35677.68616,35501.83963,32439.89879,34401.4923,40767.58396,43745.61058,43531.61847,42283.40367,41182.00574,39126.66088,35549.03249,37839.0084,45271.66128,48748.52765,48498.71344,47041.3492,45753.49918
Shaanxi,SN,y9,39420.74822,35953.48056,38168.95458,45359.60708,48723.21201,48481.48986,47071.55126,45819.12452,34741.82988,31917.7251,33704.57393,39503.87452,42216.63843,42021.70046,40884.64423,39848.0885,33961.97393,31471.45093,33058.81613,38210.50251,40620.28366,40447.02422,39436.95299,38534.5797,32879.92252,30616.40419,32058.3075,36738.1918,38927.2705,38769.98394,37852.38379,37030.90502,32811.24867,30531.91413,31986.65028,36708.30672,38917.0204,38758.35188,37832.48951,37007.97876,34220.00346,31567.60715,33265.69049,38777.08309,41355.15216,41169.85181,40089.2415,39135.82987,37567.62685,34375.01446,36419.45371,43054.92872,46158.81771,45935.93997,44634.81257,43484.56695,39112.28664,35610.18877,37835.89185,45058.99733,48437.93489,48195.05659,46778.72761,45505.53957,32448.89871,30004.74467,31551.85329,36573.06282,38921.92888,38753.12595,37768.5905,36869.26889,32101.65575,29660.33679,31221.04972,36286.19435,38655.58238,38485.44181,37492.3605,36611.49222,36360.49251,33231.70446,35235.57365,41739.05077,44781.31793,44562.75315,43287.57843,42163.78593,40168.70463,36502.02772,38849.16929,46467.25685,50030.88263,49774.80992,48281.09734,46960.47184
Shaanxi,SN,y10,40527.7023,36963.07227,39240.75746,46633.32746,50091.38366,49842.87403,48393.34399,47105.74962,35717.39932,32813.98978,34651.01585,40613.16249,43402.10338,43201.69075,42032.7066,40967.04332,34915.64316,32355.18509,33987.12373,39283.47312,41760.92187,41582.79666,40544.36293,39616.65056,33803.20661,31476.12684,32958.5212,37769.81937,40020.36804,39858.66491,38915.29812,38070.7509,33732.60439,31389.2649,32884.85171,37739.09452,40009.83015,39846.70602,38894.84464,38047.18176,35180.91839,32454.04128,34199.80824,39865.96252,42516.42674,42325.923,41214.96662,40234.7832,38622.54418,35340.2818,37442.12952,44263.93281,47454.98047,47225.84428,45888.18042,44705.63419,40210.57909,36610.13969,38898.34288,46324.27659,49798.09618,49548.39794,48092.29787,46783.35655,33360.0812,30847.29342,32437.84521,37600.05327,40014.87668,39841.33339,38829.15267,37904.57563,33003.08591,30493.21356,32097.75145,37305.12828,39741.05105,39566.13189,38545.16518,37639.56138,37381.51288,34164.86772,36225.00501,42911.10381,46038.80002,45814.09708,44503.11618,43347.76683,41296.6625,37527.02215,39940.07379,47772.08056,51435.77497,51172.51128,49636.85536,48279.14524
Shaanxi,SN,y11,41665.13773,38000.46332,40342.07509,47942.1208,51497.2303,51241.74631,49751.53365,48427.80203,36719.82971,33734.93597,35623.51849,41752.99733,44620.21102,44414.17425,43212.3811,42116.80874,35895.57189,33263.25463,34940.99357,40385.98866,42932.96879,42749.84466,41682.26535,40728.51641,34751.91584,32359.52516,33883.52346,38829.85291,41143.56465,40977.32262,40007.48026,39139.23125,34679.33223,32270.22525,33807.78618,38798.26664,41132.73216,40965.02931,39986.4527,39114.99996,36168.29359,33364.88371,35159.64729,40984.82699,43709.67728,43513.82666,42371.69174,41363.99803,39706.51143,36332.12939,38492.96693,45506.22842,48786.83508,48551.26744,47176.06098,45960.32654,41339.1142,37637.62746,39990.04862,47624.39761,51195.71137,50939.00502,49442.03869,48096.36158,34296.35227,31713.04262,33348.23404,38655.32315,41137.91895,40959.50516,39918.91636,38968.39183,33929.33833,31349.02577,32998.59563,38352.12103,40856.40844,40676.58028,39626.95851,38695.93981,38430.64858,35123.72616,37241.68316,44115.43156,47330.9087,47099.89909,45752.12292,44564.34863,42455.67984,38580.24259,41061.01721,49112.83521,52879.35272,52608.70032,51029.9453,49634.1301
Shaanxi,SN,y12,42081.86728,38380.53929,40745.57097,48421.63309,52012.29835,51754.25885,50249.14178,48912.17026,37037.23303,34036.719,35935.26167,42097.0913,44979.4366,44772.31731,43564.17215,42463.07079,36251.47523,33598.43961,35289.88644,40779.37733,43347.17533,43162.56944,42086.24443,41124.60938,35073.73234,32660.03603,34197.69032,39188.36716,41522.79197,41355.03107,40376.52293,39500.04662,35047.56361,32609.42576,34165.43779,39215.77464,41578.26805,41408.53847,40418.24262,39536.46673,36645.23706,33775.65477,35613.22181,41577.26067,44367.06339,44166.58335,42997.17071,41967.34493,40254.40404,36846.45927,39027.39514,46105.79683,49416.91029,49179.15032,47791.21349,46560.3171,41626.06732,37877.28903,40261.92422,48000.89564,51621.08398,51360.8323,49843.35192,48483.77372,34427.66504,31872.60037,33488.1785,38731.68855,41184.60033,41008.3478,39980.20637,39038.43517,34333.58374,31711.95632,33387.73462,38826.37531,41370.44951,41187.77501,40121.46154,39176.91606,38983.82125,35621.56978,37775.55402,44766.02549,48036.13429,47801.15429,46430.51595,45221.09283,42964.1625,39035.64412,41550.21808,49711.85908,53529.7318,53255.41656,51655.1139,50240.95437
Shaanxi,SN,y13,42547.15063,38804.89912,41196.08004,48957.01223,52587.3791,52326.48682,50804.72797,49452.97369,37497.15539,34449.07269,36377.63593,42636.86981,45564.77995,45354.38172,44127.14796,43008.38352,36655.4488,33967.40765,35680.66252,41240.92363,43841.82061,43654.81995,42564.64098,41590.70251,35487.58172,33044.54674,34600.8072,39651.84628,42014.53691,41844.77566,40854.40233,39967.77293,35413.46227,32953.35686,34523.46617,39619.59047,42003.47435,41832.2213,40832.93029,39943.02817,36933.94286,34071.18848,35903.94543,41852.43848,44634.97107,44434.97438,43268.66156,42239.63676,40547.06136,37101.24719,39307.82855,46469.55358,49819.60796,49579.05371,48174.7354,46933.26588,42214.22686,38434.3814,40836.60263,48632.5618,52279.47748,52017.33793,50488.68193,49114.5173,35022.37486,32384.3792,34054.18515,39473.61974,42008.77147,41826.58073,40763.9637,39793.31665,34647.5914,32012.65554,33697.14724,39163.9997,41721.3008,41537.66686,40465.82587,39515.09762,39244.19147,35867.26368,38030.05583,45049.31595,48332.86055,48096.96077,46720.65464,45507.73523,43354.42741,39396.94996,41930.24191,50152.50777,53998.75935,53722.37797,52110.2029,50684.83987
Shaanxi,SN,y14,42994.19374,39212.62227,41628.92711,49471.40392,53139.91529,52876.28189,51338.53286,49972.57601,37891.13896,34811.02997,36759.85593,43084.8555,46043.52943,45830.91978,44590.79165,43460.27294,37040.58915,34324.30308,36055.55986,41674.24215,44302.46702,44113.50138,43011.86773,42027.69581,35860.45008,33391.74563,34964.35682,40068.46805,42455.98388,42284.43977,41283.65924,40387.71477,35785.55148,33299.59705,34886.20485,40035.87331,42444.80488,42271.75269,41261.96198,40362.71005,37322.00836,34429.1742,36281.18797,42292.18186,45103.95141,44901.85346,43723.28583,42683.44842,40973.09033,37491.07095,39720.83638,46957.80923,50343.06262,50099.98097,48680.9084,47426.39458,42657.77087,38838.21102,41265.67232,49143.54521,52828.77849,52563.88417,51019.16583,49630.56425,35390.35488,32724.64188,34411.99287,39888.36997,42450.15859,42266.0532,41192.27083,40211.42551,35011.63456,32349.01257,34051.20263,39575.49572,42159.66728,41974.10365,40891.00055,39930.28277,39656.53051,36244.12111,38429.63769,45522.64835,48840.69468,48602.31618,47211.54867,45985.88559,43809.95312,39810.89401,42370.80308,50679.46125,54566.12553,54286.84041,52657.72488,51217.38516
Shaanxi,SN,y15,43445.29817,39624.04913,42065.70671,49990.46845,53697.47027,53431.07049,51877.18769,50496.89961,38288.69947,35176.27436,37145.54748,43536.91145,46526.62748,46311.78717,45058.64666,43916.26712,37429.22537,34684.44084,36433.86256,42111.49691,44767.29811,44576.34887,43463.15787,42468.65918,36236.70549,33742.09921,35331.2107,40488.87512,42901.4407,42728.09578,41716.81668,40811.47101,36161.02078,33648.98389,35252.23771,40455.93789,42890.14504,42715.27779,41694.89148,40786.20435,37713.59856,34790.41242,36661.85724,42735.92014,45577.19144,45372.97238,44182.03904,43131.29143,41402.98835,37884.4344,40137.5952,47450.50053,50871.27225,50625.64021,49191.67791,47924.00072,43105.34573,39245.71044,41698.64088,49659.16969,53383.06886,53115.39468,51554.47001,50151.29882,35761.67861,33067.99498,34773.05053,40306.88632,42895.55436,42709.51809,41624.46821,40633.33263,35378.98422,32688.42583,34408.47407,39990.72948,42602.01464,42414.50312,41320.03715,40349.23944,40072.61456,36624.40167,38832.84965,46000.28167,49353.14055,49112.26109,47706.90184,46468.37795,44269.61537,40228.59861,42815.36554,51211.20043,55138.64475,54856.42814,53210.22037,51754.76837
Shaanxi,SN,y16,43877.29057,40018.046,42483.98177,50487.54234,54231.40368,53962.35531,52393.02172,50999.00927,38617.427,35488.89582,37468.43918,43893.16374,46898.48451,46682.52828,45422.83788,44274.75832,37798.14522,35031.91797,36795.53095,42519.23045,45196.58372,45004.10102,43881.85471,42879.19196,36570.15388,34053.47789,35656.73486,40860.34019,43294.36204,43119.4443,42099.18732,41185.31597,36542.86828,34000.70641,35623.1066,40888.91624,43352.20526,43175.23435,42142.68875,41223.29076,38208.70611,35216.69389,37132.66024,43351.15309,46259.98462,46050.95094,44831.6447,43757.88202,41971.85929,38418.51304,40692.5007,48072.90151,51525.2842,51277.38016,49830.22665,48546.81403,43402.04361,39493.32478,41979.70097,50048.85413,53823.49817,53552.14276,51969.91921,50552.33469,35896.52207,33232.44553,34916.9531,40384.17678,42941.74189,42757.96946,41685.96233,40704.01076,35798.42615,33064.94723,34812.22262,40482.90282,43135.5201,42945.05164,41833.24513,40848.39936,40647.06748,37141.36433,39387.24958,46675.96884,50085.59609,49840.59069,48411.47397,47150.45228,44797.22921,40701.10027,43322.95888,51832.81616,55813.57871,55527.56017,53858.98069,52384.48517
Shaanxi,SN,y17,44366.03727,40463.80466,42957.20775,51049.91915,54835.48487,54563.4385,52976.62491,51567.08362,39100.1549,35921.76766,37932.77612,44459.59198,47512.66906,47293.27624,46013.5781,44846.98708,38222.46589,35419.51043,37206.00749,43003.96865,45716.05341,45521.05909,44384.27421,43368.70076,37004.67185,34457.19756,36079.98718,41346.95748,43810.65411,43633.63596,42600.9237,41676.39123,36927.38359,34362.10853,35999.33994,41313.32388,43799.11787,43620.54449,42578.5329,41650.58868,38512.86545,35527.72774,37438.83521,43641.62556,46543.1115,46334.56481,45118.39171,44045.37661,42280.44519,38687.32214,40988.23446,48456.12188,51949.39114,51698.55285,50234.20021,48939.65775,44018.88055,40077.4471,42582.36245,50711.59905,54514.42067,54241.07335,52647.06786,51214.15831,36519.57809,33768.80793,35509.99817,41161.1131,43804.64269,43614.66343,42506.61945,41494.47733,36128.77285,33381.1939,35137.69466,40838.25753,43504.88211,43313.3981,42195.73577,41204.36327,40921.87599,37400.5852,39655.83706,46975.16899,50399.08508,50153.10089,48717.95766,47453.18634,45207.82449,41081.16562,43722.75388,52296.5228,56307.20124,56019.00372,54337.9087,52851.61073
Shaanxi,SN,y18,44836.22378,40892.6364,43412.46463,51590.94121,55416.62521,55141.69673,53538.06673,52113.58682,39514.53471,36302.46299,38334.78408,44930.76965,48016.20391,47794.48632,46501.22571,45322.27232,38627.54346,35794.88324,37600.31258,43459.71958,46200.54883,46003.48714,44854.6558,43828.31829,37396.84408,34822.37206,36462.36003,41785.14871,44274.95498,44096.06131,43052.40494,42118.07324,37318.73614,34726.27503,36380.85828,41751.15783,44263.29714,44082.83111,43029.77657,42091.99762,38921.02155,35904.24732,37835.60821,44104.13491,47036.3711,46825.61463,45596.55275,44512.16492,42728.52787,39097.32671,41422.62276,48969.65544,52499.94519,52246.44906,50766.57739,49458.31526,44485.38791,40502.18344,43033.64668,51249.03541,55092.15861,54815.91538,53205.01598,51756.92131,36906.60886,34126.68627,35886.32931,41597.33447,44268.88061,44076.88763,42957.1,41934.23208,36511.66262,33734.96401,35510.08119,41271.05591,43965.94336,43772.42893,42642.92126,41641.04322,41355.56218,37796.95312,40076.10581,47473.00779,50933.20935,50684.61874,49234.26544,47956.09105,45686.93313,41516.54014,44186.12433,52850.75614,56903.93906,56612.68831,54913.7762,53411.7269
Shaanxi,SN,y19,45311.09255,41325.73608,43872.25329,52137.34966,56003.5524,55725.7119,54105.09647,52665.53028,39933.03957,36686.94855,38740.79333,45406.63873,48524.75207,48300.6862,46993.72769,45802.28654,39036.65485,36173.99257,37998.54454,43920.00926,46689.86533,46490.7174,45329.71914,44292.51066,37792.91963,35191.18163,36848.53813,42227.70284,44743.87863,44563.08986,43508.37919,42564.15265,37713.98489,35094.06681,36766.17397,42193.35206,44732.09701,44549.71912,43485.51254,42537.8012,39333.24047,36284.51536,38236.33173,44571.24932,47534.54089,47321.55245,46079.47369,44983.60068,43181.07388,39511.41294,41861.33798,49488.30116,53055.98082,52799.80016,51304.25487,49982.13694,44956.54096,40931.14932,43489.42293,51791.8234,55675.64894,55396.47925,53768.51933,52305.08709,37297.49285,34488.12819,36266.40762,42037.89877,44737.73886,44543.71249,43412.06619,42378.36467,36898.36345,34092.25641,35886.17491,41708.16544,44431.59355,44236.02981,43094.55998,42082.07083,41793.56528,38197.26677,40500.55814,47975.80203,51472.65223,51221.42809,49755.71379,48464.00178,46170.81124,41956.24869,44654.10656,53410.50803,57506.61867,57212.28235,55495.37728,53977.41954
Shaanxi,SN,y20,45766.50502,41741.09346,44313.2039,52661.37226,56566.43295,56285.79978,54648.8961,53194.86068,40280.16807,37016.93269,39081.70884,45783.06094,48917.78085,48692.52728,47378.59838,46181.08616,39425.61125,36540.2792,38379.8264,44349.96982,47142.60208,46941.83113,45771.2653,44725.43036,38144.74646,35519.71032,37191.99787,42619.65433,45158.47742,44976.02699,43911.84221,42958.62232,38116.28543,35464.66719,37156.923,42649.46069,45218.81092,45034.22079,43957.21496,42998.23216,39853.84868,36733.01035,38731.47166,45217.71493,48251.78989,48033.75619,46761.95072,45641.9545,43779.03076,40072.69007,42444.58741,50142.76459,53743.79565,53485.21707,51975.7541,50637.08236,45270.79476,41193.77883,43787.21104,52203.79548,56140.964,55857.92465,54207.57569,52728.95398,37442.10999,34663.32674,36420.3646,42122.98805,44790.67463,44598.98907,43480.82429,42456.59333,37339.79007,34488.61737,36311.12354,42225.96625,44992.79454,44794.12677,43634.44828,42607.19916,42397.19831,38740.55081,41083.13629,48685.68494,52242.12006,51986.56566,50495.91554,49180.59731,46726.05148,42453.55787,45188.30475,54064.56936,58216.73035,57918.39537,56177.97458,54639.99146
Shaanxi,SN,y21,46275.04229,42204.90216,44805.59324,53246.52366,57194.97436,56911.22312,55256.13092,53785.93972,40782.57734,37467.42809,39564.96764,46372.62239,49557.0701,49328.23662,47993.47431,46776.68716,39867.12262,36943.55877,38806.92717,44854.36633,47683.14868,47479.76324,46294.06518,45234.79253,38596.92898,35939.83973,37632.45592,43126.0563,45695.76247,45511.12715,44433.97886,43469.66437,38516.31516,35840.66071,37548.33945,43090.97589,45683.7301,45497.4729,44410.6255,43442.7519,40170.01717,37056.43371,39049.77232,45519.45974,48545.79331,48328.27386,47059.77123,45940.58423,44099.70971,40351.97949,42751.89716,50541.11808,54184.69746,53923.06655,52395.70386,51045.46032,45912.94814,41801.92049,44414.61893,52893.64435,56860.0953,56574.98717,54912.39338,53417.82778,38090.9618,35221.83008,37037.94091,42932.21542,45689.49185,45491.33736,44335.61589,43279.92372,37683.34044,34817.53694,36649.61884,42595.46667,45376.83413,45177.10926,44011.3557,42977.32602,42682.68357,39009.87766,41362.1688,48996.44146,52567.68428,52311.11614,50814.21917,49495.02769,47153.05128,42848.82743,45604.081,54546.76575,58730.01677,58429.41937,56675.98965,55125.73835
Shaanxi,SN,y22,46764.21061,42651.04627,45279.22864,53809.38577,57799.5772,57512.82694,55840.23782,54354.50502,41213.68477,37863.49231,39983.2042,46862.82253,50080.93224,49849.68024,48500.80932,47271.15973,40288.55349,37334.08585,39217.15169,45328.51676,48187.20158,47981.66562,46783.43497,45712.96414,39004.93297,36319.75646,38030.26537,43581.93776,46178.80677,45992.21982,44903.68616,43929.17822,38923.46679,36219.52723,37945.25973,43546.48564,46166.64738,45978.4216,44880.0845,43901.98128,40594.65055,37448.15371,39462.5642,46000.64186,49058.96513,48839.14589,47557.23391,46426.21686,44565.88273,40778.53784,43203.82327,51075.38273,54757.47738,54493.08084,52949.57375,51585.0562,46398.28915,42243.80456,44884.12121,53452.77775,57461.15672,57173.03529,55492.8668,53982.50228,38493.61672,35594.1558,37429.46543,43386.04764,46172.47113,45972.22226,44804.28283,43737.43115,38081.68728,35185.58988,37037.03843,43045.7387,45856.50778,45654.67203,44476.59513,43431.63498,43133.87791,39422.24711,41799.40379,49514.37757,53123.37055,52864.09012,51351.37133,50018.23391,47651.50041,43301.77889,46086.15659,55123.37377,59350.84616,59047.07034,57275.10429,55708.4661
Shaanxi,SN,y23,47258.23264,43101.61621,45757.56364,54377.8339,58410.17811,58120.39664,56430.13981,54928.7121,41649.07128,38263.48661,40405.59096,47357.88591,50609.99247,50376.29733,49013.17633,47770.53602,40714.16633,37728.48793,39631.4457,45807.37222,48696.25676,48488.55038,47277.65968,46195.88056,39416.98525,36703.44213,38432.02016,44042.34205,46666.6454,46478.0871,45378.05364,44393.25041,39334.65867,36602.15476,38346.1167,44006.51538,46654.35711,46464.14227,45354.20286,44365.76646,41023.49651,37843.76026,39879.45023,46486.59744,49577.22935,49355.08883,48059.63423,46916.66816,45036.68197,41209.32575,43660.23308,51614.94833,55335.94103,55068.75148,53508.93835,52130.00543,46888.44635,42690.07253,45358.28269,54017.45827,58068.18297,57777.01776,56079.09893,54552.77927,38900.26761,35970.1765,37824.87413,43844.38098,46660.2412,46457.87746,45277.60033,44199.47843,38483.98629,35557.29341,37428.30101,43500.47854,46340.94034,46136.97225,44946.45064,43890.45205,43589.54876,39838.70736,42240.97752,50037.45237,53684.57216,53422.5527,51893.85192,50546.63185,48154.89625,43759.22257,46573.0158,55705.70263,59977.83416,59670.85034,57880.16509,56296.97678
Shaanxi,SN,y24,47731.95514,43533.67208,46216.24239,54922.92378,58995.68858,58703.0037,56995.8029,55479.32369,42010.0069,38606.63179,40760.08013,47749.22333,51018.56405,50783.63614,49413.2806,48164.34165,41118.75087,38109.50839,40028.05544,46254.58776,49167.14913,48957.7574,47736.91966,46646.17225,39782.87988,37045.10995,38789.21449,44449.96314,47097.81566,46907.5315,45797.64357,44803.48787,39753.1968,36987.70335,38752.63307,44481.04899,47160.74082,46968.22328,45844.96621,44844.79944,41565.37946,38310.51599,40394.80287,47159.59814,50323.9721,50096.57521,48770.15103,47602.05702,45659.12959,41793.61903,44267.37807,52296.15491,56051.83267,55782.15027,54207.86247,52811.70088,47214.95739,42962.85339,45667.65948,54445.69691,58551.94757,58256.75372,56535.53002,54993.40823,39050.06781,36151.94981,37984.44323,43931.96839,46714.21758,46514.30104,45348.11669,44279.89869,38943.3552,35969.73698,37870.51134,44039.36777,46925.01868,46717.81852,45508.3377,44436.97332,44217.95399,40404.27141,42847.4592,50776.50067,54485.66744,54219.13817,52664.47194,51292.66728,48732.71046,44276.73382,47128.92528,56386.38143,60716.85891,60405.71213,58590.54796,56986.51659
Shaanxi,SN,y25,48261.01331,44016.19729,46728.5008,55531.68716,59649.59365,59353.66412,57627.54062,56094.25353,42532.82989,39075.40646,41262.96469,48362.78198,51683.89444,51445.24054,50053.19671,48784.18776,41578.08712,38529.05482,40472.39185,46779.36703,49729.55049,49517.43636,48280.85245,47176.11883,40253.38083,37482.25916,39247.51574,44976.88404,47656.87227,47464.31371,46340.93819,45335.23856,40169.3075,37378.82209,39159.79025,44940.29636,47644.32381,47450.07247,46316.58183,45307.1715,41893.98164,38646.77362,40725.65947,47473.00452,50629.21793,50402.36269,49079.41967,47912.20142,45992.32297,42083.75393,44586.66695,52710.17507,56510.12468,56237.26587,54644.35413,53236.16152,47883.37938,43595.92028,46320.74666,55163.66399,59300.34185,59002.99791,57269.05085,55710.34392,39725.69943,36733.4337,38627.48688,44774.72298,47650.33392,47443.67523,46238.3534,45137.35469,39300.58493,36311.79068,38222.49838,44423.52426,47324.25751,47115.9609,45900.17687,44821.7706,44514.48359,40684.05267,43137.29573,51099.2061,54823.71403,54556.13465,52994.99774,51619.19028,49176.70444,44687.75732,47561.25674,56887.73207,61250.51507,60937.01658,59108.33444,57491.55165
Shaanxi,SN,y26,48769.86117,44480.28838,47221.18988,56117.19428,60278.51825,59979.46961,58235.14589,56685.69202,42981.28166,39487.40397,41698.02785,48872.70186,52228.83138,51987.6617,50580.93953,49298.55127,42016.47275,38935.29269,40899.11921,47272.59207,50253.88254,50039.53183,48789.90985,47673.52715,40677.79934,37877.45944,39661.32819,45451.1051,48159.34963,47964.76091,46829.54125,45813.23721,40592.83831,37772.93172,39572.67633,45414.13222,48146.66929,47950.37023,46804.92782,45784.87422,42335.69765,39054.25149,41155.05768,47973.54412,51163.03472,50933.7875,49596.8962,48417.37144,46477.24984,42527.4702,45056.77298,53265.93338,57105.94718,56830.21186,55220.50449,53797.46533,48388.24523,44055.58098,46809.13809,55745.29212,59925.58526,59625.10543,57872.87657,56297.7352,40144.55369,37120.73822,39034.76159,45246.8125,48152.74186,47943.90521,46725.87525,45613.26806,39714.95612,36694.64937,38625.5028,44891.90929,47823.22785,47612.73597,46384.13285,45294.35582,44983.82867,41113.0107,43592.12039,51637.97834,55401.75674,55131.35592,53553.75754,52163.44455,49695.20631,45158.93074,48062.72678,57487.53658,61896.3198,61579.51496,59731.55226,58097.72312
Shandong,SD,y1,102911.2626,99007.26394,105135.9302,115232.8391,117040.5759,116643.6826,110735.5187,106394.7765,88930.03655,85412.73051,90849.11868,99805.64163,101409.0371,101056.9399,95816.17197,91908.40739,98167.1202,95596.35497,99632.47354,106281.7739,107472.2932,107210.9288,103319.963,100457.0015,98325.9812,96219.55037,99504.21068,104915.6515,105884.4684,105671.8545,102505.3425,100162.7146,97989.45152,96148.00931,99029.86123,103777.5819,104627.4833,104441.0383,101662.8341,99612.41041,96373.28818,93732.98535,97884.48528,104724.031,105948.5652,105679.6818,101677.5292,98740.5432,110040.4918,106136.7031,112267.5838,122367.9572,124176.2399,123779.3491,117869.0563,113524.3634,111190.5493,106881.468,113580.7582,124617.8295,126593.7443,126159.94,119701.7142,114918.7109,100701.7111,98159.72103,102100.8444,108594.0123,109756.4863,109501.4502,105701.8741,102871.33,99618.87924,97216.52271,100974.0845,107164.5318,108272.8948,108029.7008,104407.2858,101732.569,101542.9765,98529.95418,103237.7482,110994.0249,112382.5124,112077.8014,107539.1653,104190.0299,106409.8632,102633.8281,108579.0984,118373.7838,120127.3463,119742.5531,114011.124,109801.014
Shandong,SD,y2,108267.4806,104160.2908,110607.9393,121230.3532,123132.1784,122714.6323,116498.9602,111932.3051,93558.57345,89858.20328,95577.53973,105000.2206,106687.0677,106316.647,100803.1134,96691.96307,103276.4213,100571.8561,104818.0413,111813.4158,113065.8994,112790.9331,108697.4532,105685.4853,103443.5505,101227.4857,104683.1042,110376.19,111395.4316,111171.759,107840.4325,105375.8799,103089.505,101152.2221,104184.0656,109178.8954,110073.0303,109876.8765,106954.0744,104796.9353,101389.2248,98611.50291,102979.0753,110174.6031,111462.8682,111179.9884,106969.5354,103879.6898,115767.7666,111660.7915,118110.7726,128736.8293,130639.2315,130221.6831,124003.7922,119432.9598,116977.6816,112444.32,119492.2958,131103.8053,133182.5684,132726.1769,125931.8182,120899.8803,105942.9318,103268.6366,107414.884,114246.0014,115468.9815,115200.674,111203.3387,108225.471,104803.7396,102276.3479,106229.4811,112742.1149,113908.1678,113652.3155,109841.3666,107027.4443,106827.9823,103658.1389,108610.9601,116770.9193,118231.675,117911.1152,113136.2543,109612.8064,111948.1755,107975.6096,114230.3104,124534.7872,126379.6055,125974.7902,119945.0624,115515.8297
Shandong,SD,y3,113898.151,109577.3577,116360.3297,127535.1815,129535.9212,129096.6532,122557.7301,117753.5677,98424.27622,94531.45999,100548.2423,110460.9656,112235.5381,111845.8585,106045.5821,101720.6214,108647.5199,105802.2985,110269.3149,117628.5034,118946.1201,118656.8516,114350.481,111181.8759,108823.3412,106492.0265,110127.3587,116116.5348,117188.7814,116953.4695,113448.8906,110856.1672,108450.8844,106412.8473,109602.3691,114856.96,115797.5978,115591.2471,112516.4391,110247.1138,106662.1751,103739.9934,108334.7137,115904.456,117259.7198,116962.1314,112532.7007,109282.1633,121788.5031,117467.9375,124253.3586,135432.0575,137433.3878,136994.1198,130452.8603,125644.3118,123061.3506,118292.2162,125706.7324,137922.125,140108.9896,139628.8794,132481.159,127187.5223,111452.7044,108639.3309,113001.2215,120187.5928,121474.1749,121191.9105,116986.6825,113853.953,110254.2723,107595.4365,111754.1591,118605.5005,119832.1925,119563.0373,115553.8895,112593.6177,112383.7866,109049.0902,114259.4893,122843.842,124380.5657,124043.317,119020.1396,115313.4402,117770.2701,113591.0984,120171.0932,131011.4653,132952.2316,132526.366,126183.0458,121523.4622
Shandong,SD,y4,119753.5556,115210.6373,122342.3139,134091.6549,136195.2492,135733.4049,128858.3179,123807.1871,103654.4183,99573.48418,105883.1629,116278.4855,118139.4446,117730.7804,111648.1326,107112.8731,114438.3071,111491.1307,116118.1554,123740.8492,125105.6621,124806.0368,120345.4639,117064.2545,114379.069,111935.8904,115746.0906,122023.3773,123147.2015,122900.6065,119227.407,116502.3891,114054.0752,111906.1906,115264.5152,120797.212,121787.6531,121570.3382,118332.8299,115944.7389,112379.1045,109264.1226,114162.0531,122231.3604,123676.0416,123358.8498,118637.0908,115174.7685,128308.1765,123715.0339,130924.7961,142802.5032,144929.0286,144462.2807,137511.9507,132411.1649,129224.427,124229.1033,132010.2444,144829.7226,147124.7236,146620.8572,139119.6714,133559.3322,116930.0647,114044.4314,118513.5657,125876.6132,127194.8483,126905.6455,122597.0131,119384.5692,115928.2343,113110.92,117512.4716,124763.8743,126062.1746,125777.2898,121534.0721,118405.1237,118188.8464,114659.4264,120176.6956,129266.6072,130893.8063,130536.7356,125217.7151,121289.7395,124022.9103,119607.2803,126558.1313,138009.4981,140059.656,139609.7803,132908.9547,127987.6582
Shandong,SD,y5,126038.7672,121257.4151,128763.3937,141129.397,143343.3942,142857.3074,135621.3835,130305.1394,108915.5056,104607.7459,111265.8667,122235.2145,124198.9385,123767.7239,117349.182,112563.2096,120228.4594,117079.9618,122023.1277,130166.7431,131624.8148,131304.7013,126539.3153,123032.9555,120423.0261,117843.212,121866.0374,128493.6062,129680.1515,129419.7539,125541.6241,122672.5277,120010.8641,117755.5905,121285.0916,127099.7767,128140.6827,127912.3309,124509.7766,121998.5566,118031.5023,114797.8322,119882.3096,128258.9356,129758.6576,129429.3445,124527.7716,120930.755,134770.1668,129989.0648,137497.7604,149868.0063,152082.6702,151596.5895,144358.0666,139036.9783,136178.6818,130901.2023,139106.0471,152623.4982,155043.4773,154512.1788,146602.5702,140744.6825,123332.6574,120219.4072,125046.2228,132998.6165,134422.3326,134109.9819,129456.5193,125989.8622,122006.4825,119064.2396,123666.2389,131247.8801,132605.3286,132307.4802,127870.9941,124595.1829,124362.9912,120672.8397,126438.6268,135937.9868,137638.5083,137265.3278,131706.7187,127604.9218,130323.6171,125698.9902,132980.3546,144976.2273,147123.8662,146652.5947,139633.1279,134476.8736
Shandong,SD,y6,132578.4056,127548.9592,135444.4159,148452.0337,150780.9073,150269.5904,142658.232,137066.1568,114566.6956,110035.4193,117039.0033,128577.5032,130643.1166,130189.5287,123437.9513,118403.6643,126466.6271,123154.7608,128354.4203,136920.5634,138454.2935,138117.5772,133104.9309,129416.6397,126671.2922,123957.6033,128189.1793,135160.6325,136408.7488,136134.8246,132055.4736,129037.5041,126237.7432,123865.4359,127578.0892,133694.4756,134789.3892,134549.1863,130970.0842,128328.5638,124155.6741,120754.2207,126102.5217,134913.7721,136491.3085,136144.9072,130989.0134,127205.3619,141762.8501,136733.6855,144631.9656,157644.0536,159973.6302,159462.3199,151848.2326,146251.0445,143244.45,137693.1432,146323.6959,160542.5103,163088.0473,162529.191,154209.1863,148047.3527,129731.8924,126457.0836,131534.3748,139899.3811,141396.9706,141068.4124,136173.4957,132526.9681,128336.8922,125241.9854,130082.7861,138057.8049,139485.6907,139172.3831,134505.7161,131059.9249,130815.6734,126934.0528,132999.0089,142991.2553,144780.0179,144387.4815,138540.4447,134225.8274,137085.587,132220.9978,139880.1624,152498.4548,154757.521,154261.8135,146878.132,141454.342
Shandong,SD,y7,136406.5211,131231.8526,139355.2669,152738.4769,155134.59,154608.5289,146777.3892,141023.8367,117874.7206,113212.6162,120418.4215,132290.0844,134415.3475,133948.6581,127002.1375,121822.484,130118.2583,126710.7746,132060.561,140874.0548,142452.0669,142105.6281,136948.243,133153.4457,130328.8374,127536.8033,131890.5385,139063.2906,140347.4411,140065.6168,135868.4832,132763.3788,129882.7769,127441.9831,131261.8134,137554.8041,138681.3305,138434.2058,134751.7548,132033.9648,127740.5854,124240.9193,129743.6409,138809.2985,140432.3935,140075.9911,134771.2236,130878.3296,145856.1401,140681.7619,148808.1067,162195.91,164592.7464,164066.6827,156232.7356,150473.9365,147380.5298,141668.9297,150548.6868,165178.0642,167797.1064,167222.1017,158661.8658,152322.1117,133477.8085,130108.4621,135332.3199,143938.8664,145479.701,145141.6631,140105.4144,136353.5867,132042.536,128858.2683,133838.8294,142044.1227,143513.2346,143190.8826,138389.4655,134844.1867,134592.8923,130599.1932,136839.2633,147120.0302,148960.443,148556.5514,142540.7099,138101.492,141043.8395,136038.7899,143919.1169,156901.739,159226.0363,158716.0042,151119.1318,145538.7288
Shandong,SD,y8,140268.8227,134947.6461,143301.0773,157063.2271,159527.1834,158986.2182,150933.3445,145016.8838,121411.7072,116631.6501,124022.2571,136198.4312,138378.1978,137899.5179,130774.8452,125462.6374,134043.0013,130590.9412,136010.6321,144939.1916,146537.8167,146186.8607,140962.1318,137118.8085,133973.6152,131111.8958,135574.8259,142927.4905,144243.8359,143955.0033,139652.5383,136460.6905,133592.961,131077.1103,135010.7604,141491.279,142651.3878,142396.8455,138604.7035,135807.5136,131631.0391,127982.413,133719.4254,143171.1073,144863.2834,144491.7503,138961.1008,134905.6361,150288.9523,144908.9515,153353.8386,167266.3352,169757.1592,169210.4616,161069.4611,155094.8254,151362.1709,145511.0799,154625.2246,169640.8483,172329.0111,171738.8277,162952.5932,156439.696,136961.6397,133581.6482,138816.4054,147440.8405,148984.9028,148646.1449,143599.4039,139836.633,135788.176,132488.2161,137643.8203,146137.4641,147658.1976,147324.505,142354.3628,138689.3897,138436.0574,134301.9999,140764.4412,151411.5808,153317.5537,152899.2874,146669.0762,142068.1779,145269.5805,140097.4867,148239.1108,161652.2308,164053.6073,163526.6778,155677.8956,149913.5295
Shandong,SD,y9,144391.3155,138913.7379,147512.6793,161679.2929,164215.67,163658.8136,155369.2644,149278.9147,124774.7275,119839.7072,127467.3242,140033.9207,142283.5919,141789.5739,134436.4305,128953.5763,137734.9672,134128.015,139790.9546,149120.3565,150790.7372,150424.0285,144964.7421,140947.8199,137957.8642,135002.3992,139610.9953,147203.5962,148562.9123,148264.6064,143821.7802,140534.9086,137485.6799,134902.0261,138945.4482,145606.8103,146799.2792,146537.688,142639.6878,139762.807,135218.0923,131513.5739,137338.4175,146934.7495,148652.8431,148275.5874,142660.3002,138539.5146,154394.0897,148916.8096,157518.8543,171690.3356,174227.4736,173670.6145,165378.0896,159282.1843,156007.7076,149961.7586,159361.3172,174847.0522,177619.393,177010.7426,167949.4222,161238.5566,141291.1679,137724.588,143254.2446,152364.5785,153995.6119,153637.7811,148306.7274,144335.2876,139771.8827,136401.2301,141673.3261,150358.9307,151914.0371,151572.8032,146490.333,142737.5275,142471.5104,138244.064,144849.3904,155731.9476,157680.0957,157252.577,150884.5635,146185.5056,149300.0806,144002.0532,152343.6647,166086.2581,168546.6107,168006.7321,159965.1463,154058.0914
Shandong,SD,y10,148554.1028,142918.6063,151765.4554,166340.4832,168949.9862,168377.0738,159848.5472,153582.6119,128371.9732,123294.6803,131142.1989,144071.0828,146385.6173,145877.3532,138312.2258,132671.3044,141705.8515,137994.9059,143821.1118,153419.4906,155138.0302,154760.7365,149144.0662,145011.3362,141935.1766,138894.4915,143635.9541,151447.4771,152845.9801,152539.0616,147968.148,144586.5305,141449.3922,138791.2238,142951.2394,149804.6463,151031.4995,150762.3571,146751.976,143792.1625,139116.4347,135305.1064,141297.8636,151170.8729,152938.5061,152550.3691,146773.1786,142533.598,158845.2608,153210.0787,162060.1076,176640.1552,179250.439,178677.5226,170145.9385,163874.2846,160505.3977,154285.1484,163955.6975,179887.8771,182740.1481,182113.9524,172791.3901,165887.0519,145364.5763,141695.1696,147384.256,156757.251,158435.2913,158067.1472,152582.3943,148496.4556,143801.4843,140333.6483,145757.7506,154693.7673,156293.7022,155942.6443,150713.6339,146852.6359,146578.9636,142229.6031,149025.3811,160221.702,162226.0064,161786.1599,155234.5592,150400.0251,153604.3951,148153.6176,156735.7204,170874.5077,173405.7952,172850.3545,164576.9365,158499.5735
Shandong,SD,y11,152834.6946,147036.8215,156138.5815,171133.6004,173818.2947,173228.872,164454.5872,158008.1067,132071.0171,126847.4223,134921.0687,148222.5041,150603.7203,150080.8239,142297.6894,136494.231,145789.121,141971.2433,147965.3362,157840.2841,159608.3361,159220.1731,153441.6663,149189.8439,146025.0381,142896.7466,147774.8464,155811.4346,157250.2347,156934.4855,152231.8604,148752.7998,145525.2595,142790.5149,147070.3796,154121.2761,155383.4826,155106.5855,150980.6453,147935.5257,143125.0794,139203.9319,145369.3756,155526.8706,157345.4323,156946.1115,151002.4693,146640.7147,163422.3969,157624.8365,166729.8831,181730.0481,184415.5557,183826.1221,175048.6951,168596.3313,165130.3705,158730.8891,168680.0923,185071.3564,188005.8181,187361.5732,177770.381,170667.0959,149553.2689,145778.1267,151631.1382,161274.2181,163000.6198,162621.8577,156979.0637,152775.3903,147945.1469,144377.3728,149957.7702,159151.2664,160797.3184,160436.1354,155056.4591,151084.2024,150802.6325,146327.968,153319.5598,164838.4991,166900.5536,166448.0312,159707.6533,154733.8121,158030.5119,152422.6721,161252.0661,175798.2712,178402.4895,177831.0415,169319.228,163066.7487
Shandong,SD,y12,154475.8508,148615.719,157815.2157,172971.2534,175684.7727,175089.0185,166220.5194,159704.8268,133708.8017,128444.6014,136583.7576,149993.1868,152393.7314,151866.5653,144020.2791,138170.0214,147619.4503,143817.7586,149786.3609,159619.2437,161379.7897,160993.2896,155239.3762,151006.7743,147543.0459,144391.4739,149306.4279,157403.8038,158853.4779,158535.3741,153797.1309,150282.0051,147123.8197,144353.1652,148685.2264,155822.1305,157099.736,156819.4028,152643.1868,149562.6826,144963.188,140945.0236,147263.1046,157672.0982,159535.647,159126.4965,153035.664,148569.4556,165510.8667,159585.9481,168886.1674,184207.7852,186950.8912,186348.8245,177383.2492,170803.4988,166692.7798,160249.0632,170286.3321,186822.8014,189783.2324,189133.2647,179457.1292,172284.5801,150833.6961,147111.3715,152876.3221,162374.2837,164074.7378,163701.6699,158143.7505,153999.8766,149541.386,145907.1908,151584.9691,160938.8908,162613.6347,162246.1561,156772.6109,152736.4432,152457.4549,147904.6821,155021.667,166747.1868,168846.1997,168385.5779,161524.3391,156457.4452,159983.1025,154287.16,163253.394,178025.0568,180669.6556,180089.3484,171445.614,165097.4143
Shandong,SD,y13,156297.6904,150368.4441,159676.4338,175011.2166,177756.7374,177153.9572,168180.8617,161588.3137,135063.5373,129721.5831,137978.1626,151580.9866,154016.1618,153481.4107,145521.9335,139586.9738,149092.465,145188.0881,151317.9882,161416.6861,163224.803,162827.8535,156918.4081,152570.2471,149333.7368,146134.5767,151123.1839,159341.8731,160813.2739,160490.3709,155681.1907,152123.3016,148822.6243,146025.9136,150402.7617,157613.4169,158904.2194,158621.0591,154401.621,151287.5145,146368.0618,142358.0748,148663.2154,159050.8532,160910.6288,160502.2591,154423.9354,149963.3572,167125.2878,161196.3605,170507.7148,185847.7631,188594.1105,187991.3331,179015.0253,172416.4562,168871.9485,162327.4764,172502.1212,189264.7797,192265.7311,191606.8978,181798.3775,174534.1464,152941.9027,149081.2265,155066.8629,164928.4304,166693.9523,166306.6125,160535.9619,156237.0377,151297.339,147648.7319,153355.5819,162757.3875,164440.7315,164071.369,158569.791,154507.5408,154219.5842,149643.5232,156793.5385,168573.4781,170682.2554,170219.4797,163326.3782,158239.8275,161611.2369,155876.3367,164905.7855,179781.5797,182444.8093,181860.4071,173155.7359,166761.5812
Shandong,SD,y14,158055.0383,152059.1315,161471.7751,176978.9768,179755.3691,179145.8126,170071.8267,163405.1543,136582.1481,131180.127,139529.5362,153285.3068,155747.8666,155207.1066,147158.1296,141156.4331,150768.8039,146820.5308,153019.351,163231.5943,165060.0374,164658.6303,158682.7347,154285.6896,151012.7915,147777.6533,152822.3578,161133.4555,162621.4007,162294.8632,157431.6136,153833.7209,150495.9307,147667.7724,152093.8388,159385.5729,160690.886,160404.5301,156137.6559,152988.5363,148013.7679,143958.6896,150334.7258,160839.1614,162719.8484,162306.8825,156160.2288,151649.4873,169004.3808,163008.7941,172424.8426,187937.3645,190714.5925,190105.0374,181027.8034,174355.042,170770.6881,164152.6289,174441.6586,191392.8054,194427.4938,193761.2488,183842.4524,176496.5372,154661.528,150757.448,156810.3709,166782.8215,168568.1956,168176.5057,162340.968,157993.7133,152998.4748,149308.8407,155079.8471,164587.3689,166289.6356,165916.1234,160352.6957,156244.7576,155953.5797,151326.0613,158556.4678,170468.8574,172601.3556,172133.3576,165162.761,160019.0247,163428.3304,157628.951,166759.9321,181802.9812,184496.1537,183905.1857,175102.633,168636.5906
Shandong,SD,y15,159829.8097,153766.57,163284.9037,178966.2442,181773.8022,181157.4068,171981.5296,165240.0024,138115.7955,132653.1189,141096.2886,155006.525,157496.7327,156949.8903,148810.5405,142741.4561,152461.7603,148469.1487,154737.5715,165064.4955,166913.4749,166507.5567,160464.5497,156018.1391,152708.4894,149437.0095,154538.3782,162942.7981,164447.4509,164117.2404,159199.3824,155561.0864,152185.8278,149325.9119,153801.6655,161175.2757,162495.2441,162205.6802,157890.893,154706.4268,149675.7856,145575.1815,152022.8018,162645.1931,164547.0011,164129.4082,157913.7137,153352.3324,170902.0982,164839.1849,174360.9671,190047.6789,192856.0896,192239.693,183060.5285,176312.8398,172688.2341,165995.8629,176400.4306,193541.9164,196610.6879,195936.9629,185906.7836,178478.3809,156398.1955,152450.2671,158571.162,168655.6065,170461.0176,170064.9241,164163.8643,159767.7921,154716.4553,150985.4051,156821.2063,166435.4948,168156.8789,167779.1658,162153.2661,157999.1989,157704.7465,153025.2667,160336.8737,172383.0099,174539.4464,174066.2136,167017.3468,161815.8416,165263.4264,159398.9404,168632.4444,183844.4103,186567.8298,185970.2122,177068.8255,170530.1749
Shandong,SD,y16,161536.729,155408.7436,165028.7265,180877.5236,183715.0736,183092.0954,173818.2187,167004.7012,139820.4399,134315.6279,142826.8107,156849.1586,159359.4336,158808.174,150603.2418,144485.5798,154366.9275,150391.4585,156632.8911,166915.2122,168756.2234,168352.0616,162335.1504,157909.0936,154287.0234,150991.3994,156131.0194,164598.509,166114.4419,165781.7926,160826.9892,157151.1873,153848.6402,150951.3451,155481.421,162944.5286,164280.5293,163987.3993,159620.282,156398.9827,151589.2471,147387.4241,153994.2877,164879.0559,166827.7989,166399.9339,160030.7191,155360.3535,173076.1253,166880.3938,176605.7194,192627.6583,195496.1462,194866.5659,185491.1966,178610.679,174312.0696,167573.8183,178069.8736,195362.2041,198457.956,197778.2839,187659.8674,180159.4585,157728.0843,153835.6229,159864.0795,169796.173,171574.3541,171184.2329,165372.2922,161038.994,156376.7019,152576.4163,158513.7062,168295.1758,170046.4846,169662.2029,163938.4721,159717.8012,159426.0684,154665.2023,162107.479,174368.9614,176563.9167,176082.2435,168907.3791,163608.8999,167295.7076,161339.4047,170715.4714,186162.3258,188927.8132,188320.9735,179282.1563,172643.7769
Shandong,SD,y17,163415.8816,157216.6175,166948.4888,182981.6601,185852.2391,185221.9879,175840.2406,168947.4554,141214.6661,135629.4405,144262.0306,158484.3644,161030.4696,160471.3314,152149.371,145944.1084,155882.5189,151800.3333,158209.3687,168768.0025,170658.4966,170243.4204,164064.8617,159518.6733,156134.7847,152789.9241,158005.7114,166598.7107,168137.1455,167799.4903,162771.3102,159051.3759,155600.3937,152676.3193,157252.4683,164791.5305,166141.1443,165845.0299,161433.4629,158177.5283,153034.0331,148841.424,155433.6937,166294.4327,168238.9263,167811.917,161456.7902,156793.064,174736.5935,168537.6583,178273.0507,194311.7225,197183.1713,196552.9107,187167.8066,180268.7188,176562.8181,169720.2906,180358.2756,197884.3605,201022.003,200333.1272,190077.9248,182482.8538,159907.2727,155870.7788,162128.984,172439.6838,174285.6337,173880.6202,167847.1751,163352.4621,158187.8134,154373.0466,160339.7643,170169.7672,171929.7947,171543.576,165791.4619,161544.192,161243.1362,156458.6803,163934.3029,176250.7244,178455.5744,177971.695,170764.6676,165446.4652,168971.4169,162975.3471,172415.9999,187969.2753,190753.8188,190142.7815,181041.6826,174356.3181
Shandong,SD,y18,165228.3953,158960.3688,168800.2055,185011.209,187913.6039,187276.3852,177790.5774,170821.3332,142780.953,137133.7623,145862.1178,160242.1942,162816.5157,162251.2073,153836.9267,147562.8452,157611.4829,153484.005,159964.1752,170639.9034,172551.3344,172131.6981,165884.5874,161287.986,157866.533,154484.57,159758.2351,168446.5316,170002.0152,169660.6563,164576.6798,160815.4954,157326.2221,154369.7087,158996.6489,166619.3181,167983.8666,167684.5236,163223.9975,159931.9551,154731.4045,150492.2919,157157.7,168138.8847,170104.9301,169673.2171,163247.5864,158532.1375,176674.6716,170406.9792,180250.3838,196466.9414,199370.2142,198733.002,189243.7789,182268.1836,178521.149,171602.7297,182358.7308,200079.2042,203251.6284,202555.1387,192186.1797,184506.8674,161680.8695,157599.598,163927.2436,174352.3002,176218.6983,175809.2272,169708.8433,165164.2841,159942.3353,156085.2498,162118.175,172057.2061,173836.7265,173446.2621,167630.3203,163335.9563,163031.5606,158194.0283,165752.5859,178205.6248,180434.8908,179945.673,172658.7003,167281.5174,170845.5544,164782.9746,174328.3568,190054.1393,192869.5497,192251.7578,183049.7034,176290.1977
Shandong,SD,y19,167059.9298,160722.4197,170671.3312,187062.0248,189996.594,189352.3085,179761.3453,172714.8604,144363.6569,138653.8702,147478.9798,162018.4511,164621.3076,164049.7362,155542.191,149198.5611,159358.5871,155185.3461,161737.3421,172531.4189,174464.0275,174039.7455,167723.3893,163075.828,159616.4635,156197.0048,161529.1339,170313.73,171886.4514,171541.3134,166400.9876,162598.1031,159070.1614,156080.8785,160759.0971,168466.2689,169845.9447,169543.2791,165033.3125,161704.7819,156446.5857,152160.4735,158899.7669,170002.676,171990.5106,171554.022,165057.1638,160289.4366,178633.0902,172295.9157,182248.4194,198644.7472,201580.2074,200935.9206,191341.523,184288.6031,180500.028,173504.9129,184380.1494,202297.0481,205504.64,204800.4295,194316.5367,186552.0985,163473.078,159346.5595,165744.3516,176284.9647,178172.0629,177758.0445,171590.0448,166995.1106,161715.2759,157815.4356,163915.2397,173964.4295,175763.6825,175368.8804,169488.491,165146.5086,164838.736,159947.5747,167589.9324,180180.9962,182434.9872,181940.3345,174572.593,169135.8044,172739.3518,166609.5625,176260.7571,192160.8603,195007.4726,194382.8373,185078.7801,178244.344
Shandong,SD,y20,168821.4478,162417.1019,172470.9268,189034.445,191999.962,191348.8812,181656.7936,174536.0009,146125.8388,140372.775,149267.7801,163922.4902,166545.9581,165969.8438,157394.8967,151001.3502,161328.3158,157173.5703,163696.4649,174442.4867,176366.5126,175944.1318,169655.8776,165030.2062,161244.8058,157800.5565,163171.9554,172021.3012,173605.5939,173257.957,168079.699,164238.1317,160786.6543,157758.6911,162493.0636,170292.734,171688.9852,171382.635,166818.5773,163451.9963,158425.3805,154034.0602,160938.8775,172314.5016,174351.1323,173903.9646,167247.5231,162366.5417,180881.2272,174406.101,184569.9973,201314.4669,204312.3137,203654.3367,193856.175,186665.3707,182172.9207,175130.7867,186100.1763,204172.33,207407.683,206697.3675,196122.6374,188284.0021,164841.0527,160773.0548,167073.3719,177453.3656,179311.7376,178904.0186,172829.9787,168301.2703,163428.7257,159457.0471,165662.0922,175884.6771,177714.9636,177313.3468,171331.5012,166920.4974,166615.5951,161640.0379,169417.9428,182232.3728,184526.3064,184022.9148,176524.4898,170987.0587,174840.1267,168615.2272,178414.1203,194557.5812,197447.7728,196813.5671,187367.1291,180429.396
Shandong,SD,y21,170780.6958,164302.0433,174472.5353,191228.2774,194228.2036,193569.5737,183765.0109,176561.5757,147578.9263,141741.9783,150763.6281,165626.9445,168287.7652,167703.463,159006.4431,152521.5188,162907.8232,158641.6429,165339.5703,176374.0535,178349.7126,177915.9662,171458.9448,166707.8705,163171.4543,159675.8264,165126.7154,174106.9754,175714.7216,175361.87,170107.0808,166219.5218,162612.9844,159557.1081,164339.5374,172218.3582,173628.7678,173319.3403,168708.9429,165306.2869,159930.9638,155549.3999,162438.7875,173788.9867,175821.0942,175374.8797,168733.3261,163859.417,182611.6198,176133.3068,186307.4751,203068.9718,206069.8118,205411.1859,195603.0872,188393.0845,184520.1446,177369.2257,188486.6772,206802.621,210081.6568,209361.7559,198644.363,190706.9994,167113.9683,162895.545,169435.8198,180211.1988,182140.316,181717.081,175411.7049,170714.4367,165317.0083,161330.2943,167565.968,177838.9782,179678.3038,179274.7003,173263.3478,168824.6704,168510.0366,163509.9216,171322.5009,184193.9999,186498.1889,185992.5189,178460.7015,172902.819,176586.6164,170320.308,180186.4507,196440.6825,199350.6964,198712.1457,189200.8699,182214.2044
Shandong,SD,y22,172670.3133,166119.9672,176402.9886,193344.138,196377.2674,195711.3454,185798.2893,178515.1527,149211.8209,143310.293,152431.7746,167459.5179,170149.7901,169559.0248,160765.7719,154209.1068,164710.3295,160396.947,167168.9773,178325.5471,180323.0731,179884.54,173356.0548,168552.4119,164976.8708,161442.5776,166953.7728,176033.3866,177658.9204,177302.1824,171989.2429,168058.6493,164412.2214,161322.5464,166157.8741,174123.8808,175549.8895,175237.0564,170575.6224,167135.3148,161700.529,157270.4805,164236.1045,175711.8882,177766.4812,177315.3261,170600.2882,165672.4447,184632.1357,178082.1346,188368.8775,205315.843,208349.8875,207683.9628,197767.3549,190477.5719,186561.7716,179331.7375,190572.1956,209090.798,212406.1101,211678.2626,200842.2745,192817.0905,168963.0046,164697.902,171310.5571,182205.1518,184155.6185,183727.6996,177352.5639,172603.3128,167146.1722,163115.3583,169420.0118,179806.6838,181666.358,181258.3083,175180.4297,170692.6321,170374.5187,165319.1043,173218.1145,186232.0279,188561.711,188050.4558,180435.2866,174815.9043,178540.4658,172204.8158,182180.1342,198614.2134,201556.4234,200910.8052,191294.2881,184230.333
Shandong,SD,y23,174579.662,167956.8802,178353.6168,195482.0899,198548.754,197875.4718,187852.7969,180489.1338,150861.7694,144894.9746,154117.3318,169311.2562,172031.273,171433.9728,162543.476,155914.3094,166531.6516,162170.5849,169017.4951,180297.4326,182317.0392,181873.6555,175272.9867,170416.2255,166801.1568,163227.7735,168799.9072,177979.9248,179623.4381,179262.758,173891.0594,169916.9991,166230.2491,163106.4118,167995.2154,176049.2929,177491.078,177174.7849,172461.8224,168983.4536,163488.5814,159009.5463,166052.1863,177654.8637,179732.1797,179276.0424,172486.7444,167504.408,186673.7593,180051.3277,190451.8209,207586.1805,210653.768,209980.4843,199954.2162,192583.8268,188624.7298,181314.7515,192679.497,211402.881,214754.8501,214018.9469,203063.1378,194949.2157,170831.3545,166519.112,173204.8713,184219.9308,186191.9619,185759.3215,179313.6734,174511.921,168994.4259,164919.0553,171293.4162,181794.949,183675.1889,183262.6248,177117.5283,172580.1083,172258.4838,167147.1627,175133.516,188291.3356,190646.7831,190129.8671,182430.4945,176748.9734,180514.7221,174109.0187,184194.6369,200810.4345,203785.1851,203132.4306,193409.5731,186267.5051
Shandong,SD,y24,176415.8041,169723.3677,180229.4591,197538.0813,200636.9945,199956.6311,189828.5483,182387.4252,152699.2469,146687.3814,155982.527,171296.4735,174037.9626,173435.9286,164475.2418,157794.0897,168585.6018,164243.9515,171060.2841,182289.6993,184300.2918,183858.9066,177287.7717,172454.0197,168498.3333,164899.1477,170512.1771,179759.6013,181415.1629,181051.894,175640.6957,171626.3206,168019.5821,164855.4031,169802.7442,177953.2793,179412.3485,179092.2065,174322.8388,170804.822,165552.075,160963.2221,168178.6431,180065.9969,182194.2419,181726.9688,174771.0796,169670.5339,189018.0906,182251.6763,192872.7875,210370.5189,213503.2191,212815.6512,202576.7129,195062.4393,190367.8781,183008.9714,194471.8244,213356.9366,216737.8362,215995.5665,204945.1403,196753.8761,172256.3591,168005.3547,174589.0931,185436.0318,187377.9993,186951.9471,180604.664,175872.226,170780.4986,166630.1435,173114.3368,183796.7816,185709.3896,185289.7134,179038.7747,174429.3468,174110.7297,168911.3335,177039.1368,190430.017,192827.1523,192301.1099,184465.3747,178678.8433,182705.2307,176200.3062,186440.0019,203309.6686,206329.8799,205667.1489,195795.7514,188545.9268
Shandong,SD,y25,178458.3199,171688.4023,182316.1263,199825.1537,202959.9435,202271.6941,192026.3557,184499.0854,154213.4985,148114.1303,157541.3723,173072.8615,175853.3167,175242.7519,166154.7368,159378.2735,170231.515,165773.5475,172772.5737,184303.1216,186367.6109,185914.3748,179167.0558,174202.3894,170506.9992,166854.2281,172550.1548,181934.129,183614.1586,183245.4712,177754.4161,173692.0705,169923.4119,166730.1725,171727.5952,179960.6125,181434.4205,181111.108,176293.429,172737.7891,167120.8341,162542.2787,169741.3938,181601.8448,183725.312,183259.0382,176318.9045,171225.8872,190821.1092,184051.5537,194683.1169,212198.1496,215333.8987,214645.6493,204396.6242,196862.4889,192815.4298,185343.0458,196960.2837,216099.6513,219526.0932,218773.8333,207574.621,199280.4294,174626.7459,170218.6863,177052.9798,188312.7804,190328.6213,189886.3586,183297.5195,178389.0748,172749.0082,168583.0748,175099.0644,185833.9079,187755.9228,187334.1919,181052.5696,176414.3503,176085.575,170860.6995,179024.486,192474.6262,194882.4048,194354.0154,186483.5779,180675.8315,184525.2457,177977.2296,188286.9196,205271.8749,208312.7104,207645.453,197706.5833,190405.8454
Shandong,SD,y26,180428.0221,173583.381,184328.4014,202030.6801,205200.0738,204504.2286,194145.8073,186535.4581,155915.5924,149748.9138,159280.1988,174983.1212,177794.2557,177176.9573,167988.6332,161137.3792,172110.4038,167603.2415,174679.5232,186337.3275,188424.5964,187966.3605,181144.5777,176125.117,172388.9237,168695.851,174454.6515,183942.1923,185640.7679,185268.0031,179716.3379,175609.1602,171798.9144,168570.4275,173622.9949,181946.8924,183436.9741,183110.0836,178239.2321,174644.3443,168965.3901,164336.3142,171614.8758,183606.2438,185753.1401,185281.72,178264.989,173115.7544,192927.2561,186082.9904,196831.8967,214540.2394,217710.595,217014.7591,206652.622,199035.317,194943.5888,187388.7348,199134.1966,218484.8004,221949.0592,221188.501,209865.6851,201479.9471,176554.151,172097.43,179007.1655,190391.2349,192429.326,191982.1939,185320.6243,180358.0111,174655.6832,170443.7853,177031.6881,187885.0153,189828.2401,189401.8571,183050.9082,178361.486,178029.0968,172746.5362,181000.4342,194599.0308,197033.3793,196499.1554,188541.8575,182670.0061,186561.9089,179941.6145,190365.1029,207537.5194,210611.9286,209937.3007,199888.7277,192507.4055
Shanghai,SH,y1,21715.75082,20257.30829,23805.16885,30234.19284,31001.56666,29957.3181,28120.58453,26244.41227,18833.82718,17742.64971,20313.44106,24971.94594,25527.97867,24771.28287,23440.40527,22050.22245,17974.02859,16946.36887,19401.82225,23851.42648,24382.53691,23659.77219,22388.49827,21073.3709,16639.40442,15737.50966,17902.19244,21824.74251,22292.90445,21655.68235,20535.03598,19379.52981,17387.00297,16357.98767,18835.31389,23324.46722,23860.24463,23131.09383,21848.50026,20531.27681,18773.00958,17595.38003,20469.76307,25678.43816,26300.17949,25454.08365,23965.97362,22449.55844,23361.47362,21910.88497,25400.06433,31722.6126,32477.35195,31450.3632,29643.99647,27785.58652,24763.93176,23267.91043,26841.3165,33316.58481,34089.60422,33037.7813,31187.78477,29277.41559,21681.73431,20318.11922,23558.11762,29429.17068,30129.98958,29176.33845,27499.00808,25752.75154,16742.15035,15831.30795,17999.62999,21928.84317,22397.84853,21759.60475,20636.97094,19472.67615,16761.37257,15807.605,18104.74091,22267.18439,22764.02443,22087.88577,20898.73239,19677.28727,19768.58501,18541.15191,21525.4941,26933.37126,27578.76885,26700.42078,25155.40176,23579.30352
Shanghai,SH,y2,22573.0876,21057.06724,24744.99706,31427.83909,32225.50814,31140.03299,29230.78403,27280.5409,19577.38638,18443.1281,21115.4157,25957.83728,26535.82229,25749.25293,24365.83219,22920.76557,18683.64179,17615.41114,20167.80604,24793.08088,25345.15831,24593.85934,23272.39632,21905.34717,17296.32764,16358.82654,18608.97083,22686.38304,23173.02794,22510.6489,21345.75917,20144.63361,18073.44187,17003.80095,19578.93059,24245.31695,24802.24714,24044.30862,22711.07815,21341.85121,19514.16798,18290.04529,21277.9093,26692.22196,27338.50965,26459.01077,24912.15012,23335.86743,24283.78374,22775.92633,26402.85906,32975.01996,33759.55653,32692.02313,30814.34118,28882.56155,25741.61098,24186.52773,27901.01167,34631.92294,35435.46063,34342.11269,32419.07781,30433.28678,22537.72832,21120.27784,24488.19223,30591.03378,31319.52062,30328.22051,28584.66872,26769.46981,17403.13008,16456.32839,18710.25477,22794.59403,23282.11487,22618.6728,21451.71737,20241.45758,17423.1123,16431.68983,18819.51665,23146.29281,23662.74813,22959.9144,21723.81373,20454.14683,20549.04925,19273.15649,22375.32026,27996.69997,28667.57896,27754.55177,26148.53669,24510.21387
Shanghai,SH,y3,23463.38261,21887.56887,25720.95244,32667.36914,33496.49851,32368.21225,30383.6613,28356.50018,20349.52784,19170.53536,21948.21866,26981.62765,27582.40938,26764.81708,25326.83377,23824.77135,19420.53429,18310.17191,20963.23519,25770.93217,26344.78469,25563.85366,24190.27175,22769.30561,17978.50429,17004.02683,19342.91862,23581.14617,24086.98305,23398.48061,22187.64716,20939.14825,18786.26789,17674.44045,20351.13462,25201.56541,25780.46018,24992.62926,23606.81546,22183.58539,20283.81694,19011.41448,22117.12067,27744.97816,28416.75465,27502.56795,25894.6972,24256.24513,25241.5495,23674.22172,27444.20103,34275.57249,35091.05122,33981.41348,32029.67468,30021.70512,26756.87357,25140.4561,29001.44165,35997.82461,36833.05381,35696.58325,33697.70318,31633.59259,23426.62869,21953.27212,25454.01864,31797.55946,32554.77943,31524.38027,29712.0628,27825.27195,18089.51805,17105.37497,19448.19762,23693.62474,24200.37358,23510.76609,22297.78463,21039.79121,18110.28785,17079.76416,19561.76731,24059.1939,24596.01898,23865.46588,22580.61195,21260.86954,21359.51356,20033.29938,23257.81414,29100.90451,29798.24309,28849.2058,27179.84898,25476.91002
Shanghai,SH,y4,24374.93057,22737.89539,26720.20652,33936.49035,34797.8309,33625.71028,31564.06052,29458.14373,21116.00392,19888.21681,22783.5377,28030.13461,28656.36096,27804.1322,26305.25358,24740.49188,20122.93964,18980.07419,21709.38462,26655.21707,27245.57545,26442.19639,25029.13207,23566.21715,18674.69485,17664.19258,20087.53083,24478.82228,25002.91818,24289.56251,23035.01154,21739.62957,19566.14964,18399.66206,21213.38101,26312.10811,26920.63142,26092.46706,24635.71656,23142.90322,21289.95238,19944.32063,23222.95822,29164.1523,29873.3234,28908.23944,27210.85045,25472.04727,26280.61012,24661.61607,28556.36412,35613.85348,36456.33992,35309.97681,33293.62927,31230.97593,27736.13665,26049.94197,30088.81661,37407.50186,38281.20266,37092.37672,35001.42502,32840.49544,24136.74086,22628.01294,26200.76858,32674.79298,33447.58733,32395.99285,30546.39845,28617.83357,18703.67987,17689.47434,20103.69272,24478.53911,25000.72357,24290.0986,23040.12707,21745.49497,18866.95392,17791.93798,20384.241,25081.50003,25642.18041,24879.15964,23537.22478,22157.63473,22274.21232,20888.91767,24256.49564,30358.84152,31087.12525,30095.99148,28352.55215,26574.32734
Shanghai,SH,y5,25347.79015,23645.41822,27786.67065,35290.97323,36186.69237,34967.78995,32823.85596,30633.88613,21983.85409,20710.17245,23710.93906,29148.59467,29797.62605,28914.37094,27360.89962,25738.20294,20980.24961,19780.71075,22646.84913,27840.66528,28460.60545,27616.95588,26133.05713,24597.96987,19422.40581,18369.66449,20896.40027,25475.01133,26021.4732,25277.67478,23969.59738,22620.82757,20295.04362,19093.92153,21985.589,27225.56984,27850.95861,26999.85433,25502.7422,23965.20805,21912.86578,20538.27217,23893.40709,29973.25204,30698.98092,29711.37378,27974.37106,26204.33004,27268.76607,25575.56167,29648.31816,37028.33521,37909.30826,36710.5525,34602.06409,32432.8279,28905.79,27159.55394,31330.6251,38888.9063,39791.21575,38563.47239,36404.05674,34174.17082,25308.08423,23716.39878,27498.29995,34351.30728,35169.34114,34056.18856,32098.31885,30059.99347,19542.33606,18479.15279,21010.13451,25596.52346,26143.97048,25398.97867,24088.58015,22729.55256,19564.77277,18451.48642,21132.82605,25991.45291,26571.39162,25782.16599,24394.12199,22968.38642,23074.95377,21642.22742,25125.71276,31438.07665,32191.41959,31166.16319,29362.73566,27523.02866
Shanghai,SH,y6,26344.48812,24575.17731,28879.269,36678.64604,37609.58633,36342.75598,34114.51905,31838.43952,22848.27904,21524.51564,24643.27502,30294.74349,30969.29566,30051.31106,28436.75543,26750.25344,21805.212,20558.5059,23537.3434,28935.38474,29579.70301,28702.88027,27160.63286,25565.18488,20186.11263,19091.97873,21718.06573,26476.71148,27044.66202,26271.61618,24912.10315,23510.29897,21093.06389,19844.71274,22850.08209,28296.10471,28946.08392,28061.51276,26505.53436,24907.54166,22774.49914,21345.85524,24832.91706,31151.82728,31906.09312,30879.65125,29074.34846,27234.7096,28340.99872,26581.21568,30814.11714,38484.32329,39399.93695,38154.04383,35962.64915,33708.1169,30042.39135,28227.4925,32562.57459,40418.05393,41355.8423,40079.82235,37835.49717,35517.93078,26303.2216,24648.9492,28579.55747,35702.03194,36552.23186,35395.30908,33360.45337,31241.98013,20310.75904,19205.77037,21836.2718,26603.00188,27171.97444,26397.68985,25035.76525,23623.29979,20334.07881,19177.01537,21963.78774,27013.46096,27616.20326,26795.9442,25353.31974,23871.52459,23982.28191,22493.21996,26113.67721,32674.25073,33457.21554,32391.6451,30517.30494,28605.25909
Shanghai,SH,y7,26908.79896,25101.58906,29497.87522,37464.32056,38415.20153,37121.23368,34845.26785,32520.43243,23337.70042,21985.57977,25171.14554,30943.67124,31632.67347,30695.02409,29045.88385,27323.25526,22272.29039,20998.87905,24041.52385,29555.19487,30213.31312,29317.70864,27742.42636,26112.80286,20618.50821,19500.93707,22183.27613,27043.85564,27623.97172,26834.36626,25445.73206,24013.90056,21544.8867,20269.79534,23339.5416,28902.2201,29566.12247,28662.60307,27073.29484,25441.07278,23262.34008,21803.09371,25364.84993,31819.11426,32589.53518,31541.10781,29697.1338,27818.08862,28948.07492,27150.59799,31474.17023,39308.67506,40243.90138,38971.32124,36732.98461,34430.15983,30685.91357,28832.13793,33260.07954,41283.82653,42241.70361,40938.35145,38645.95097,36278.74067,26866.64778,25176.94112,29191.74572,36466.78554,37335.19639,36153.49229,34075.04943,31911.19785,20745.8249,19617.16702,22304.01544,27172.84993,27754.01057,26963.14069,25572.04148,24129.32223,20769.64371,19587.79669,22434.26241,27592.10136,28207.75497,27369.92498,25896.40022,24382.86304,24495.9941,22975.03435,26673.04447,33374.1474,34173.88498,33085.48973,31170.99955,29217.99645
Shanghai,SH,y8,27470.25025,25625.33304,30113.34791,38246.0108,39216.73207,37895.76641,35572.31339,33198.9707,23797.48008,22413.77825,25676.77085,31589.62132,32295.37108,31334.91888,29645.70033,27882.23335,22678.30818,21390.31304,24466.21292,30040.10598,30705.43257,29800.0332,28207.52764,26558.84011,21046.15523,19907.3295,22638.40211,27587.33624,28177.98333,27374.0419,25960.17816,24500.2991,22050.81299,20736.19494,23907.22152,29653.42609,30339.22385,29405.89274,27764.15284,26081.77127,23993.51664,22477.00661,26171.99281,32867.64374,33666.87294,32579.23391,30666.29777,28706.68688,29617.92758,27793.34045,32182.67476,40136.37995,41085.852,39793.91449,37521.51455,35196.92998,31258.28929,29357.96685,33909.72955,42157.79861,43142.44989,41802.65703,39446.17946,37010.83979,27201.81492,25501.49498,29527.94721,36824.09359,37695.0242,36509.8901,34425.42068,32251.95019,21078.82011,19935.82285,22656.61655,27587.01613,28175.51231,27374.6451,25965.94264,24506.90927,21262.82789,20051.29731,22972.79201,28266.54595,28898.42514,28038.51028,26526.16604,24971.38613,25102.76595,23541.55649,27336.77628,34214.04489,35034.81162,33917.81566,31952.98108,29948.94447
Shanghai,SH,y9,28072.7367,26187.35515,30773.80265,39084.83513,40076.84552,38726.90901,36352.49572,33927.10016,24347.16878,22936.56409,26259.91952,32282.13629,33000.94069,32022.73402,30302.25975,28505.11981,23235.6759,21907.18278,25081.43729,30833.60157,31520.18623,30585.84251,28942.42212,27242.30826,21510.35916,20344.44747,23142.81168,28213.63445,28818.8426,27995.08339,26546.38458,25052.61873,22476.80818,21146.5627,24349.09078,30152.38181,30845.0018,29902.40125,28244.34588,26541.52427,24268.54913,22746.18444,26462.00322,33195.44553,33999.19241,32905.41437,30981.68055,29021.35576,30200.22081,28324.99424,32835.58094,41008.9667,41984.64696,40657.02172,38321.86596,35919.43337,32013.2298,30079.26844,34698.74111,43069.55376,44068.86318,42709.1346,40317.57696,37847.97313,28028.76152,26265.96736,30454.43134,38044.15266,38950.12667,37717.30782,35548.96263,33291.51301,21643.18255,20465.70544,23268.77261,28348.20858,28954.50805,28129.42764,26678.1573,25173.03255,21668.03169,20435.06328,23404.65316,28785.59408,29427.87741,28553.8085,27016.54517,25437.54162,25555.56475,23968.81726,27826.78375,34817.7418,35652.07184,34516.59797,32519.29728,30481.81766
Shanghai,SH,y10,28672.83144,26747.14701,31431.6369,39920.32967,40933.54634,39554.75175,37129.58376,34652.34105,24867.62441,23426.86549,26821.2636,32972.21383,33706.38318,32707.2647,30950.01452,29114.45723,23732.37082,22375.48013,25617.58954,31492.71399,32193.97599,31239.6593,29561.10786,27824.6522,21970.17449,20779.33965,23637.52192,28816.7407,29434.88664,28593.51917,27113.85028,25588.15454,22957.28209,21598.60121,24869.58762,30796.933,31504.35715,30541.60834,28848.10984,27108.88719,24787.32451,23232.41709,27027.66679,33905.0458,34725.97366,33608.81526,31643.95879,29641.72963,30845.79494,28930.48078,33537.48872,41885.59304,42882.12906,41526.12364,39141.05163,36687.262,32697.55775,30722.25539,35440.47644,43990.22723,45010.89908,43622.10368,41179.42271,38657.02877,28627.91669,26827.44021,31105.4384,38857.40041,39782.741,38523.56901,36308.8719,34003.16765,22105.83618,20903.18889,23766.17605,28954.19178,29573.45203,28730.73404,27248.44159,25711.14279,22131.21838,20871.89111,23904.9613,29400.9277,30056.9413,29164.1867,27594.0634,25981.30493,26101.85162,24481.18465,28421.62136,35562.02166,36414.18674,35254.4395,33214.44381,31133.41043
Shanghai,SH,y11,29285.331,27318.51009,32103.06964,40773.09447,41807.95481,40399.70619,37922.73209,35392.57298,25398.83961,23927.30339,27394.21012,33676.55469,34426.40774,33405.94761,31611.15874,29736.39103,24239.3351,22853.45788,26164.82346,32165.45044,32881.69281,31906.98987,30192.58171,28419.03265,22439.49361,21223.22091,24142.45883,29432.3141,30063.66519,29204.32407,27693.04768,26134.76006,23447.68884,22059.98381,25400.84338,31454.80609,32177.34262,31194.02704,29464.35415,27687.97802,25316.82257,23728.69977,27605.02286,34629.31451,35467.77798,34326.7556,32319.92607,30274.92669,31504.71157,29548.48292,34253.905,42780.33928,43798.16231,42413.19186,39977.16929,37470.96333,33396.03254,31378.53472,36197.54366,44929.93201,45972.40629,44553.94396,42059.08427,39482.80685,29239.45607,27400.51835,31769.90256,39687.45991,40632.56716,39346.49654,37084.49043,34729.53135,22578.05426,21349.71555,24273.86038,29572.70132,30205.19006,29344.47066,27830.51394,26260.37537,22603.9772,21317.75056,24415.61072,30028.98045,30699.00714,29787.18237,28183.51922,26536.30898,26659.43007,25004.144,29028.75536,36321.68675,37192.05383,36007.53361,33923.96045,31798.47252
Shanghai,SH,y12,29385.36052,27411.82265,32212.72293,40912.3623,41950.75769,40537.70104,38052.26506,35513.46249,25456.53985,23976.37331,27466.84668,33791.91638,34546.86794,33519.45819,31712.47434,29826.06523,24259.34393,22881.55647,26171.89453,32134.37517,32846.08552,31877.56519,30174.03761,28410.41088,22513.40375,21295.18525,24216.65639,29510.60842,30142.43455,29282.44523,27770.01264,26208.35687,23588.10312,22181.83544,25573.93274,31720.7382,32454.34742,31455.94868,29699.75356,27900.08272,25666.24366,24044.00947,27996.59296,35159.03822,36013.98678,34850.52101,32804.22298,30707.99704,31682.76571,29730.97508,34426.31478,42934.5198,43950.18433,42568.17853,40137.35798,37650.71141,33437.48517,31404.68067,36273.7738,45096.86337,46150.16023,44716.9631,42196.20191,39591.07932,29098.21037,27279.35236,31586.51116,39391.31496,40322.963,39055.20587,36825.41542,34500.42066,22548.3462,21325.66562,24236.14128,29510.26586,30139.79072,29283.09053,27776.17816,26215.42743,22745.18317,21449.18927,24574.35793,30237.17048,30913.1016,29993.23746,28375.45855,26712.2847,26852.82577,25182.77462,29242.58012,36599.30389,37477.29179,36282.42348,34180.60918,32036.85866
Shanghai,SH,y13,29516.52522,27534.17724,32356.50732,41094.97761,42138.00832,40718.6432,38222.11397,35671.9805,25599.35019,24116.19674,27610.47479,33942.41586,34698.18742,33669.67052,31860.71312,29971.14557,24430.69212,23033.87494,26371.38257,32419.38166,33141.27803,32158.8801,30430.93721,28643.38748,22616.64257,21390.76806,24333.05205,29664.66813,30301.00301,29434.87786,27911.67093,26341.08138,23632.79613,22234.13618,25601.37164,31703.12669,32431.36726,31440.28919,29696.96006,27906.56048,25516.68624,23916.02625,27822.95062,34902.69621,35747.77953,34597.74814,32575.07586,30513.93185,31753.4256,29781.7544,34524.32272,43118.0695,44143.92748,42748.0222,40292.76935,37766.77833,33659.67824,31626.2522,36483.30621,45284.63158,46335.33629,44905.67646,42391.12024,39794.50468,29470.28787,27616.83203,32020.71016,40000.7729,40953.34132,39657.11798,37377.25436,35003.70397,22756.29785,21518.2613,24465.49225,29806.16423,30443.64554,29576.13208,28050.22198,26467.68791,22782.42473,21486.04459,24608.3607,30266.04389,30941.36135,30022.33688,28406.01332,26745.8004,26869.89403,25201.53954,29257.92217,36608.42788,37485.66759,36291.79563,34191.77323,32049.50548
Shanghai,SH,y14,29632.15603,27642.04249,32483.2648,41255.96898,42303.08481,40878.16002,38371.85046,35811.72601,25699.63679,24210.67372,27718.63943,34075.38509,34834.11837,33801.5732,31985.52823,30088.55829,24526.3997,23124.10998,26474.6934,32546.38497,33271.10975,32284.86385,30550.15188,28755.59945,22705.24423,21474.56595,24428.37726,29780.88048,30419.70858,29550.19092,28021.01526,26444.27413,23725.37869,22321.23871,25701.66561,31827.32503,32558.41864,31563.45738,29813.29941,28015.88623,25616.64919,24009.71782,27931.94766,35039.42936,35887.82247,34733.28622,32702.69062,30633.47135,31877.82151,29898.42554,34659.5739,43286.98603,44316.86317,42915.48949,40450.61803,37914.73101,33791.54049,31750.14961,36626.2302,45462.03619,46516.85693,45081.59578,42557.18966,39950.40068,29585.73862,27725.0225,32146.1519,40157.47739,41113.77741,39812.47612,37523.68096,35140.83211,22845.44503,21602.55942,24561.33581,29922.93086,30562.90977,29691.99674,28160.11037,26571.37583,22871.67514,21570.21704,24704.76503,30384.6125,31062.57527,30139.95071,28517.29449,26850.57794,26975.15773,25300.268,29372.54171,36751.84314,37632.51831,36433.96998,34325.72046,32175.05989
Shanghai,SH,y15,29747.80564,27749.92671,32610.04151,41416.98311,42468.18734,41037.70061,38521.60957,35951.49335,25799.93855,24305.16352,27826.82035,34208.37536,34970.0706,33933.49454,32110.36284,30205.98965,24622.1232,23214.36008,26578.0197,32673.40838,33400.96188,32410.86672,30669.38341,28867.82719,22793.85894,21558.37819,24523.7185,29897.11003,30538.43128,29665.51941,28130.37705,26547.48058,23817.97466,22408.35535,25801.97474,31951.54199,32685.48887,31686.64487,29929.6552,28125.22691,25716.62649,24103.4237,28040.96116,35176.18105,36027.88612,34868.84516,32830.3236,30753.02902,32002.23553,30015.11511,34794.84378,43455.92742,44489.82495,43082.98111,40608.48981,38062.70525,33923.42335,31874.0651,36769.17641,45639.46662,46698.40389,45257.54121,42723.28281,40106.32053,29701.20715,27833.22859,32271.61281,40314.20507,41274.23847,39967.8577,37670.12984,35277.98139,22934.60846,21686.87141,24657.19499,30039.71489,30682.19184,29807.88028,28270.01379,26675.0804,22960.93954,21654.40152,24801.18346,30503.19958,31183.80756,30257.58254,28628.59307,26955.37096,27080.43736,25399.01017,29487.17707,36895.27918,37779.39159,36576.16525,34459.68809,32300.63501
Shanghai,SH,y16,29847.68582,27843.09788,32719.53193,41556.04466,42610.77689,41175.48746,38650.94821,36072.20296,25857.05245,24353.59817,27898.98895,34323.57174,35090.40087,34046.82545,32211.41308,30295.32492,24641.02154,23241.55593,26583.66221,32639.95211,33362.86026,32379.10195,30648.77176,28857.39789,22867.61186,21630.22634,24597.66211,29974.90388,30616.67186,29743.15129,28206.92377,26620.69766,23959.21959,22530.82547,25976.29231,32219.80732,32964.9576,31950.85142,30167.02591,28339.03923,26070.05613,24422.29846,28437.06948,35712.20229,36580.60093,35398.83083,33320.33854,31191.13122,32181.23659,30198.73909,34967.9513,43610.01703,44641.66129,43237.91216,40768.84617,38243.07769,33963.56338,31898.77759,36844.47672,45806.38149,46876.24977,45420.5047,42860.08253,40213.97409,29556.01863,27708.5432,32083.46874,40011.066,40957.37182,39669.66941,37404.79704,35043.22283,22903.10363,21661.18592,24617.45223,29974.55818,30613.98534,29743.80655,28213.18611,26627.8794,23103.03725,21786.65311,24960.99204,30712.89779,31399.46272,30465.12716,28821.89547,27132.55513,27275.30619,25578.98076,29702.66003,37175.12829,38066.92913,36853.26207,34718.37918,32540.90023
Shanghai,SH,y17,30048.27432,28030.21544,32939.42008,41835.31763,42897.13798,41452.20285,38910.69826,36314.62124,26060.53164,24550.65786,28107.8858,34553.89824,35323.28551,34276.24137,32434.69491,30511.0864,24870.81934,23448.83803,26846.47161,33003.42718,33738.32857,32738.23307,30979.16115,29159.40724,23024.08847,21776.12915,24771.42012,30199.0866,30846.88542,29965.15716,28414.50952,26815.62474,24058.54877,22634.69207,26062.58737,32274.26878,33015.62921,32006.69654,30231.96082,28409.30737,25976.37823,24346.88113,28324.19041,35531.47974,36391.78738,35221.03838,33161.92679,31063.65064,32325.4741,30318.28208,35146.29079,43894.85484,44939.19444,43518.14235,41018.65739,38447.15928,34266.06796,32196.01044,37140.56434,46100.44939,47170.08209,45714.66655,43154.80968,40511.41561,30001.20473,28114.35844,32597.57397,40721.40013,41691.12874,40371.55433,38050.61798,35634.30719,23166.25889,21905.91933,24906.24484,30343.13185,30992.09737,30108.95488,28555.55682,26944.51192,23192.857,21873.12273,25051.68863,30811.29735,31498.77925,30563.19961,28917.75782,27227.63485,27353.96355,25655.55271,29785.013,37267.94008,38160.98406,36945.6045,34807.74955,32626.88809
Shanghai,SH,y18,30234.02397,28203.48867,33143.04293,42093.93102,43162.31621,41708.44906,39151.23268,36539.10889,26221.63003,24702.42256,28281.6409,34767.50127,35541.64452,34488.12665,32635.19625,30699.69654,25024.56303,23593.79234,27012.4284,33207.44459,33946.88937,32940.61141,31170.66518,29339.66276,23166.41724,21910.74311,24924.54975,30385.76905,31037.57138,30150.3931,28590.1597,26981.39143,24207.27108,22774.61219,26223.69979,32473.77983,33219.72225,32204.55265,30418.84607,28584.92538,26136.95697,24497.38717,28499.28203,35751.12468,36616.75068,35438.76474,33366.92523,31255.67681,32525.30201,30505.70113,35363.55414,44166.2011,45216.99608,43787.15868,41272.22282,38684.82806,34477.89097,32395.03599,37370.15675,46385.4294,47461.67494,45997.26133,43421.58086,40761.84545,30186.66358,28288.15248,32799.08196,40973.12824,41948.85178,40621.11935,38285.8358,35854.58899,23309.46628,22041.33634,25060.20843,30530.70434,31183.68163,30295.07977,28732.07797,27111.07573,23336.22935,22008.33554,25206.55042,31001.76357,31693.49668,30752.13334,29096.51882,27395.94794,27523.05849,25814.14857,29969.13626,37498.32046,38396.88352,37173.99108,35022.92106,32828.57744
Shanghai,SH,y19,30420.71863,28377.64587,33347.70047,42353.86127,43428.84406,41965.99938,39392.99206,36764.73842,26383.54923,24854.96085,28456.28015,34982.19063,35761.11441,34701.09155,32836.71875,30889.26736,25179.09025,23739.48441,27179.23015,33412.50177,34156.51151,33144.02011,31363.14451,29520.83647,23309.47004,22046.0419,25078.45973,30573.40169,31229.22947,30336.57188,28766.70453,27148.00165,24356.75138,22915.24537,26385.63068,32674.30497,33424.85473,32403.41568,30606.68312,28761.43705,26298.35275,24648.65833,28675.26562,35971.88774,36842.8593,35657.59914,33572.96587,31448.68159,32726.14544,30694.07537,35581.92507,44438.92743,45496.21158,44057.54416,41527.07949,38923.70788,34690.79245,32595.07656,37600.91844,46671.85931,47754.75109,46281.29514,43689.70965,41013.55034,30373.06606,28462.83267,33001.61701,41226.13713,42207.88659,40871.95543,38522.25178,36075.99066,23453.40263,22177.44134,25214.95588,30719.23163,31376.24163,30482.15266,28909.49926,27278.48741,23480.32974,22144.23661,25362.20141,31193.20035,31889.20434,30942.02774,29276.19005,27565.11901,27693.01322,25973.55135,30154.1951,37729.87261,38633.98594,37403.54166,35239.18821,33031.29431
Shanghai,SH,y20,30592.20085,28537.61114,33535.68181,42592.6107,43673.65246,42202.56064,39615.05032,36971.98111,26502.02617,24961.06969,28594.89593,35179.7316,35965.68921,34896.08323,33014.8875,31051.00516,25255.66155,23821.28938,27246.7594,33454.11709,34195.05663,33186.75966,31413.26888,29577.21114,23438.01691,22169.76681,25211.22095,30722.59272,31380.36778,30485.05936,28910.51151,27284.71918,24556.85366,23092.83062,26624.23997,33023.49169,33787.22939,32747.82742,30919.5062,29045.92319,26720.3423,25031.484,29146.3982,36603.00061,37493.06014,36281.81289,34151.47409,31969.15754,32983.95841,30952.01007,35840.18525,44697.81665,45755.19355,44316.43052,41785.77657,39197.0051,34810.74453,32694.45388,37763.51767,46948.96644,48045.5226,46553.46344,43929.17579,41217.06289,30293.25806,28399.70099,32883.75238,41009.09507,41979.0046,40659.18186,38337.81588,35917.33361,23474.39461,22201.49832,25231.50628,30722.23675,31377.6142,30485.73079,28916.93066,27292.0799,23679.31464,22330.09612,25583.61411,31478.99429,32182.68507,31225.04287,29540.8233,27809.34439,27955.65659,26217.01669,30443.55746,38102.41678,39016.46363,37772.52327,35584.38752,33352.59519
Shanghai,SH,y21,30796.95876,28728.61729,33760.14106,42877.68915,43965.96559,42485.02827,39880.19893,37219.43946,26709.85725,25162.36469,28808.22405,35414.84561,36203.40299,35130.27015,33242.83959,31271.3016,25490.5027,24033.08928,27515.38015,33825.74305,34578.95539,33553.94107,31751.03921,29885.94485,23597.75835,22318.70451,25388.62637,30951.52981,31615.4678,30711.77103,29122.48732,27483.76462,24657.99309,23198.65874,26711.96476,33078.41667,33838.24933,32804.17707,30985.22176,29117.15516,26623.60719,24953.5099,29029.91749,36416.78387,37298.52747,36098.60787,33988.19134,31837.63499,33130.89884,31073.69499,36021.99795,44988.54241,46058.90267,44602.44256,42040.67989,39405.11086,35119.84345,32998.20908,38065.96118,47249.09164,48345.37524,46853.69552,44230.05813,41520.80064,30748.71662,28814.85745,33409.77688,41736.01741,42729.90807,41377.45408,38998.68975,36522.17477,23743.47063,22451.72905,25526.81087,31099.16381,31764.29908,30859.15138,29267.04757,27615.86327,23770.73157,22418.11478,25675.87757,31578.99391,32283.60581,31324.71402,29638.27429,27906.0404,28035.51776,26294.78797,30527.13938,38196.51091,39111.80512,37866.14345,35675.02134,33439.82156
Shanghai,SH,y22,30986.50858,28905.43761,33967.92811,43141.59354,44236.56824,42746.51767,40125.6551,37448.51926,26874.25218,25317.2344,28985.53326,35632.81824,36426.22907,35346.48948,33447.44253,31463.77129,25647.39086,24181.00948,27684.73188,34033.93432,34791.78265,33760.46005,31946.46124,30069.88771,23742.99812,22456.07225,25544.88836,31142.03125,31810.05616,30900.79618,29301.73008,27652.92243,24809.75802,23341.44297,26876.37243,33282.00849,34046.51757,33006.0809,31175.93071,29296.36627,26787.47101,25107.09423,29208.59181,36640.92316,37528.09301,36320.78753,34197.3826,32033.58891,33334.81325,31264.94853,36243.7064,45265.4391,46342.38698,44876.9623,42299.43324,39647.64335,35335.99944,33201.30629,38300.25069,47539.9006,48642.93241,47142.07297,44502.28686,41776.35365,30937.96964,28992.20813,33615.40843,41992.89449,42992.90385,41632.12475,39238.71883,36746.96063,23889.60842,22589.91478,25683.92343,31290.57248,31959.80197,31049.08423,29447.18171,27785.83504,23917.03671,22556.09329,25833.90851,31773.35583,32482.30526,31517.51302,29820.69208,28077.79762,28208.0705,26456.62876,30715.02794,38431.60381,39352.53184,38099.202,35894.59483,33645.6383
Shanghai,SH,y23,31177.01497,29083.14945,34176.76521,43406.82979,44508.53789,43009.32519,40372.34958,37678.75483,27039.47519,25472.88531,29163.73769,35851.89106,36650.18071,35563.8029,33653.08059,31657.21207,25805.07359,24329.67619,27854.93992,34243.17673,35005.68395,33968.02063,32142.87084,30254.75971,23888.97224,22594.13347,25701.94054,31333.49389,32005.62624,31090.77669,29481.87912,27822.9342,24962.29031,23484.94729,27041.61032,33486.62824,34255.83713,33209.00418,31367.60214,29476.48094,26952.16231,25261.45469,29388.16791,36866.19337,37758.81829,36544.09079,34407.63049,32230.53368,33539.75727,31457.16827,36466.53599,45543.73326,46627.30335,45152.86932,42559.49273,39891.3989,35553.24753,33405.4303,38535.72245,47832.1792,48941.99274,47431.90475,44775.88928,42033.1973,31128.17794,29170.45402,33822.07763,42251.06944,43257.22638,41888.082,39479.96206,36972.88406,24036.48273,22728.79964,25841.83021,31482.9492,32156.29327,31239.97552,29628.22436,27956.66292,24064.08013,22694.77044,25992.73728,31968.70158,32682.00869,31711.28556,30004.03137,28250.42124,28381.49586,26619.28606,30903.86562,38667.88362,39594.47313,38333.43919,36115.27717,33852.49398
Shanghai,SH,y24,31351.93251,29246.31875,34368.51259,43650.36226,44758.25114,43250.62706,40598.85729,37890.14918,27160.18218,25580.95673,29305.02569,36053.39083,36858.86671,35762.69764,33834.78523,31822.13156,25882.86518,24412.87119,27923.41044,34284.9227,35044.26187,34010.92559,32193.39122,30311.73632,24020.0808,22720.33383,25837.3204,31485.56251,32159.67283,31242.12982,29628.4803,27962.31271,25166.70266,23666.32097,27285.43086,33843.6029,34626.30692,33561.09219,31687.36619,29767.25495,27383.91974,25653.12033,29870.22447,37512.00528,38424.16963,37182.84095,34999.59693,32763.08396,33803.08772,31720.67705,36730.24605,45807.84922,46891.48562,45416.99168,42823.49189,40170.43024,35675.23904,33506.39315,38701.3435,48114.90486,49238.69251,47709.58015,45020.1205,42240.65469,31045.56541,29104.98223,33700.39304,42027.52126,43021.51778,41668.91819,39289.903,36809.31067,24057.36147,22752.85418,25858.10876,31485.19843,32156.85149,31242.81923,29635.05816,27969.85655,24267.37116,22884.64466,26218.96141,32260.74881,32981.91539,32000.4909,30274.44432,28499.96655,28649.91173,26868.09481,31199.59691,39048.65876,39985.4041,38710.57171,36468.09629,34180.87859
Shanghai,SH,y25,31560.91346,29441.26388,34597.60065,43941.31978,45056.5929,43538.91963,40869.47439,38142.71118,27372.42551,25786.54532,29522.84454,36293.3524,37101.4708,36001.71663,34067.46692,32047.0222,26122.82376,24629.26034,28197.93017,34664.83049,35436.72674,34386.28539,32538.661,30627.30127,24183.12791,22872.34561,26018.42122,31719.31835,32399.7263,31473.61147,29844.90366,28165.53088,25269.66343,23774.12801,27374.58638,33898.96453,34677.64521,33617.92265,31753.8459,29839.43953,27284.03673,25572.5101,29750.03872,37320.14435,38223.76063,36994.07569,34831.30796,32627.40402,33952.74912,31844.51393,36915.56542,46104.53562,47201.44688,45708.85848,43083.54782,40382.60031,35991.03203,33816.76584,39010.23106,48421.15961,49544.63808,48015.95677,45327.23591,42550.77228,31511.47432,29529.64397,34238.54519,42771.32719,43789.87308,42403.8705,39966.0962,37428.14947,24332.45552,23008.66997,26160.03288,31870.61405,32552.24914,31624.64852,29993.05066,28300.90669,24360.39193,22974.22128,26312.79855,32362.34721,33084.43748,32101.76005,30373.48597,28598.28183,28730.97075,26947.06114,31284.39937,39144.01976,40082.01923,38805.45708,36559.98168,34269.3351
Shanghai,SH,y26,31754.309,29621.67159,34809.60454,44210.579,45332.68687,43805.71303,41119.90952,38376.43816,27540.15658,25944.55919,29703.75283,36515.7464,37328.81795,36222.32413,34276.2213,32243.39732,26282.89689,24780.17962,28370.71843,34877.24565,35653.8717,34596.99387,32738.04806,30814.97573,24331.31526,23012.50062,26177.85323,31913.68478,32598.26236,31666.47302,30027.78508,28338.12108,25424.5075,23919.80874,27542.33001,34106.68839,34890.14061,33823.92392,31948.42504,30022.28641,27451.22494,25729.21085,29932.3379,37548.83157,38457.9854,37220.76399,35044.74423,32827.33577,34160.80014,32039.64811,37141.77262,46387.05056,47490.68343,45988.94841,43347.55149,40630.05311,36211.57469,34023.9867,39249.27455,48717.86968,49848.23266,48310.18444,45604.98814,42811.51077,31704.56696,29710.59294,34448.34967,43033.41742,44058.20471,42663.70944,40210.99749,37657.49771,24481.55738,23149.66115,26320.33391,32065.90858,32751.71858,31818.435,30176.83948,28474.32636,24509.66526,23115.00108,26474.03477,32560.65413,33287.16958,32298.47048,30559.60584,28773.52353,28907.02594,27112.18398,31476.10238,39383.8823,40327.62973,39043.24567,36784.01034,34479.32805
Shanxi,SX,y1,35305.14607,34239.72806,36395.90586,39125.67068,40312.60384,40886.20466,41677.47806,39324.89125,31682.52719,30705.77098,32652.32424,35116.80149,36188.30523,36706.11341,37420.49428,35284.12827,32013.94462,31068.78681,32980.86326,35401.90732,36454.61608,36963.16098,37664.92561,35579.33552,31898.19343,31015.13055,32794.77967,35047.87736,36027.4919,36501.12866,37154.0952,35209.73345,31302.88504,30471.06641,32149.69418,34274.60699,35198.44067,35645.14785,36260.91238,34428.97397,32632.12724,31769.78674,33521.85789,35739.96125,36704.24132,37170.46077,37813.37068,35905.73709,33085.1045,32167.49643,34026.10738,36379.26761,37402.46329,37896.95406,38579.04357,36553.62898,34282.93334,33314.30697,35263.84475,37732.00737,38805.36019,39323.89352,40039.22945,37907.56257,32064.90617,31131.20105,33009.96271,35388.79732,36423.11263,36922.87437,37612.49182,35557.94568,33291.10975,32264.74152,34348.17045,36986.03997,38133.12298,38687.3809,39451.99724,37182.88753,35821.81918,34762.65837,36911.56906,39632.08938,40814.9877,41386.59698,42175.18558,39834.8111,38184.17053,37066.40518,39338.8995,42215.85439,43466.80033,44071.3662,44905.21034,42432.96667
Shanxi,SX,y2,36961.09129,35845.70215,38103.01333,40960.81453,42203.41795,42803.92485,43632.31096,41169.37936,33168.55911,32145.98947,34183.84247,36763.91354,37885.67645,38427.77131,39175.65721,36939.08916,33515.52154,32526.03256,34527.7921,37062.39218,38164.47717,38696.8744,39431.55643,37248.14338,33394.34116,32469.859,34332.97968,36691.75718,37717.31899,38213.17125,38896.76464,36861.20392,32771.11082,31900.27632,33657.63808,35882.21687,36849.38227,37317.04168,37961.68739,36043.82401,34162.699,33259.9112,35094.16102,37416.30213,38425.81042,38913.89741,39586.96324,37589.85273,34636.92276,33676.27525,35622.06164,38085.59529,39156.78201,39674.46692,40388.55006,38268.13393,35890.93352,34876.87488,36917.85404,39501.784,40625.47946,41168.33422,41917.22208,39685.57277,33568.87298,32591.37372,34558.2557,37048.66736,38131.49632,38654.69894,39376.66187,37225.74979,34852.59027,33778.08076,35959.23142,38720.82722,39921.71167,40501.96721,41302.44664,38926.90681,37501.99878,36393.15991,38642.86283,41490.98623,42729.36715,43327.78727,44153.36262,41703.21633,39975.15449,38804.96192,41184.04482,44195.93908,45505.55948,46138.48168,47011.43594,44423.23453
Shanxi,SX,y3,38693.23938,37525.57804,39888.67655,42880.40568,44181.24315,44809.89083,45677.09978,43098.74359,34722.97443,33652.48109,35785.83691,38486.82143,39661.15405,40228.65316,41011.58982,38670.2059,35086.19485,34050.33481,36145.905,38799.28664,39953.02062,40510.36753,41279.47917,38993.74307,34959.33582,33991.52981,35941.96311,38411.28202,39484.90604,40003.99621,40719.62541,38588.67127,34306.89822,33395.25355,35234.97282,37563.80319,38576.29427,39065.87063,39740.7267,37732.98481,35763.70225,34818.60576,36738.81705,39169.78321,40226.60065,40737.56057,41442.16973,39351.46778,36260.15064,35254.48274,37291.45646,39870.44173,40991.82832,41533.7734,42281.32119,40061.53501,37572.92896,36511.3477,38647.97543,41352.9978,42529.35438,43097.65057,43881.63557,41545.3996,35142.04687,34118.73852,36177.7968,38784.91932,39918.49428,40466.21512,41222.01269,38970.30034,36485.9254,35361.05992,37644.42839,40535.44261,41792.60719,42400.05413,43238.04736,40751.18056,39259.49587,38098.69266,40453.82519,43435.42323,44731.83924,45358.30398,46222.56969,43657.5992,41848.55324,40623.51982,43114.09687,46267.14142,47638.1358,48300.71895,49214.58315,46505.08889
Shanxi,SX,y4,40483.5424,39261.85385,41734.29112,44864.4449,46225.47149,46883.20534,47790.53885,45092.88526,36312.14372,35194.08463,37423.83082,40246.82866,41474.23201,42067.3722,42885.66599,40438.51013,36739.68502,35657.73294,37846.53816,40617.99419,41823.0469,42405.19488,43208.54121,40820.89244,36556.99873,35545.05666,37583.83805,40164.95673,41287.18218,41829.80728,42577.83135,40350.08783,35899.58644,34947.28526,36870.2373,39304.49933,40362.81583,40874.524,41579.94697,39483.15575,37488.14849,36497.74741,38508.75733,41054.60059,42161.37309,42696.5124,43434.40253,41243.40211,37983.86589,36927.76777,39068.26029,41778.37425,42956.7941,43526.2751,44311.82403,41979.7998,39264.07273,38150.77334,40390.92225,43226.99481,44460.32892,45056.16623,45878.13955,43428.05723,36726.62313,35658.50943,37807.07328,40527.51776,41710.3919,42281.88076,43070.55212,40721.15503,38248.02037,37067.76432,39463.27915,42496.32559,43815.24334,44452.53147,45331.68799,42723.38043,41152.36749,39937.10365,42403.15821,45525.14665,46882.5684,47538.5554,48443.50849,45758.39104,43853.83333,42570.66857,45179.63253,48482.54352,49918.73296,50612.80669,51570.0999,48731.07959
Shanxi,SX,y5,42400.00302,41120.47989,43709.96064,46988.29363,48413.74938,49102.62188,50052.90762,47227.54872,38049.3897,36876.34649,39214.07478,42173.80932,43460.6414,44082.50698,44940.4483,42374.76187,38447.40803,37312.31348,39608.63681,42516.20972,43780.46807,44391.20907,45234.00023,42729.29294,38308.39622,37247.87453,39385.15808,42091.03409,43267.50983,43836.32859,44620.51349,42285.41633,37593.45549,36594.47551,38610.43743,41162.36831,42271.85435,42808.33212,43547.83817,41347.75748,39189.81928,38154.18396,40258.3483,42922.19832,44080.25765,44640.16745,45412.27701,43121.2872,39733.82653,38631.81661,40863.92976,43689.97908,44918.79373,45512.65622,46331.81833,43899.37792,41172.36684,40009.0883,42350.40197,45314.56284,46603.61272,47226.35011,48085.43882,45525.39631,38508.61043,37387.27087,39643.58392,42500.46544,43742.63409,44342.8275,45171.02916,42703.60566,39981.22964,38748.60402,41250.7161,44418.68674,45796.2844,46461.92496,47380.19724,44655.09146,43020.50523,41748.49788,44329.25031,47596.48122,49017.09219,49703.57144,50650.63275,47839.94215,45857.59116,44515.20193,47244.37196,50699.47419,52201.80829,52927.86668,53929.27779,50960.21727
Shanxi,SX,y6,44381.93209,43042.59977,45753.12171,49184.69632,50676.78395,51397.85619,52392.56177,49435.13439,39827.95606,38600.07925,41047.08187,44145.16595,45492.14914,46143.08231,47041.12597,44355.51162,40244.57857,39056.42499,41460.08761,44503.57087,45826.92519,46466.21572,47348.40182,44726.61468,40099.06862,38988.97521,41226.16248,44058.52136,45289.98984,45885.39751,46706.23849,44261.99047,39350.70859,38305.03486,40415.22941,43086.44569,44247.79365,44809.34896,45583.41997,43280.50166,41021.69331,39937.64851,42140.16933,44928.53731,46140.72843,46726.81072,47535.011,45136.93208,41591.12891,40437.60771,42774.05744,45732.20638,47018.46016,47640.08179,48497.53438,45951.39385,43096.91322,41879.25743,44330.01254,47432.72967,48782.03398,49433.8804,50333.12692,47653.41814,40308.64168,39134.88636,41496.66814,44487.09062,45787.32345,46415.57291,47282.48614,44699.72631,41850.09737,40559.85421,43178.92388,46494.97601,47936.96953,48633.72418,49594.91896,46742.43359,45031.43858,43699.97386,46401.3596,49821.31304,51308.32866,52026.89582,53018.2277,50076.15306,48001.14075,46596.0033,49452.74528,53069.3512,54641.90982,55401.90667,56450.12731,53342.28166
Shanxi,SX,y7,45528.03974,44154.12158,46934.63858,50454.82925,51985.44706,52725.14083,53745.53326,50711.73477,40856.46288,39596.87803,42107.07068,45285.15893,46666.92617,47334.66995,48255.90479,45500.93641,41283.84377,40065.00888,42530.74143,45652.81953,47010.34792,47666.14665,48571.11419,45881.62301,41134.57687,39995.81612,42290.77611,45196.27727,46459.54616,47070.32937,47912.36788,45404.99975,40366.89178,39294.21389,41458.90161,44199.09868,45390.43717,45966.49206,46760.55593,44398.16585,42081.02678,40968.9878,43228.38535,46088.76048,47332.25393,47933.47151,48762.54202,46302.53685,42665.16775,41481.85824,43878.64454,46913.1827,48232.65273,48870.32736,49749.92194,47138.0315,44209.83666,42960.73691,45474.78013,48657.62023,50041.76868,50710.44851,51632.91584,48884.00698,41349.56116,40145.49606,42568.26734,45635.91407,46969.72335,47614.19636,48503.4971,45854.04012,42930.82303,41607.26133,44293.96485,47695.65121,49174.88087,49889.62874,50875.64493,47949.49729,46194.31913,44828.47088,47599.61623,51107.8859,52633.30235,53370.4256,54387.35669,51369.30702,49240.70986,47799.28632,50729.80043,54439.79965,56052.96831,56832.59056,57907.88024,54719.77912
Shanxi,SX,y8,46678.34436,45269.71218,48120.48139,51729.61255,53298.90379,54057.28486,55103.45861,51993.00913,41868.63665,40579.49192,43150.4345,46405.40786,47820.62826,48504.53191,49448.04087,46626.42006,42361.60045,41114.0882,43637.82447,46833.36855,48222.81979,48894.04807,49820.32167,47067.31478,42150.95889,40984.16962,43334.92615,46311.00903,47604.95666,48230.61373,49093.10141,46524.46799,41392.94836,40294.92733,42512.13012,45318.88369,46539.14355,47129.15324,47942.51993,45524.87773,43224.59284,42082.64136,44401.37492,47336.78568,48612.91594,49229.94298,50080.74462,47554.47762,43796.16572,42578.4631,45046.4956,48171.31079,49530.0524,50186.6762,51092.42958,48403.55888,45272.26939,43988.61339,46571.55052,49841.60106,51263.65832,51950.67221,52898.42409,50073.42865,42346.53856,41114.98295,43592.31983,46729.04935,48092.92549,48751.86289,49661.21797,46952.31441,44100.74091,42739.88173,45501.95947,48999.12346,50519.86207,51254.66797,52268.35371,49260.92131,47449.5123,46048.28748,48891.69959,52491.41573,54056.54952,54812.91641,55856.3454,52760.35087,50564.35745,49084.84315,52093.03016,55901.35416,57557.30959,58357.59035,59461.36828,56187.92022
Shanxi,SX,y9,47907.74907,46462.01717,49387.869,53092.05678,54702.67921,55481.03494,56554.76341,53362.39176,42991.99231,41666.57071,44307.96991,47652.1732,49106.16351,49808.80899,50778.19717,47879.2288,43441.71282,42159.16984,44753.78472,48039.0508,49467.53662,50157.61245,51109.88264,48279.81437,43284.64321,42086.36019,44501.27626,47558.6451,48887.94416,49530.65203,50416.70342,47778.27738,42476.8314,41348.08534,43625.92048,46509.34575,47762.95363,48369.11883,49204.68789,46718.81676,44280.56385,43110.39945,45487.89442,48497.77693,49806.26824,50438.91045,51311.3157,48722.72763,44895.23691,43650.0768,46172.1408,49365.29228,50753.72906,51424.73422,52350.30553,49601.89386,46520.64466,45206.25486,47851.7053,51200.9088,52657.40593,53361.03697,54331.7208,51439.13047,43510.86545,42243.86464,44793.27145,48021.26115,49424.78852,50102.94658,51038.73088,48250.78894,45174.77799,43782.03436,46609.16928,50188.65897,51745.20657,52497.3141,53534.8691,50455.77367,48608.8539,47171.61356,50087.60491,53779.24838,55384.39635,56160.04862,57230.13212,54054.334,51814.47675,50297.71143,53381.40122,57285.31852,58982.80617,59803.17856,60934.67325,57579.93198
Shanxi,SX,y10,49142.78775,47659.78621,50661.06549,54460.74562,56112.8891,56911.30942,58012.71794,54738.04756,44100.3051,42740.7151,45450.20821,48880.62307,50372.09652,51092.85579,52087.23506,49113.53279,44561.61927,43246.0133,45907.51635,49277.47439,50742.78608,51450.652,52427.47077,49524.44463,44400.50067,43171.32724,45648.49912,48784.68491,50148.25354,50807.52895,51716.42282,49009.97919,43571.86417,42414.02093,44750.57547,47708.33432,48994.26002,49616.05219,50473.16015,47923.20511,45422.0952,44221.76557,46660.55082,49748.0265,51090.25015,51739.20113,52634.09625,49978.77671,46052.61506,44775.35508,47362.43668,50637.90566,52062.13652,52750.44042,53699.87079,50880.60661,47719.92507,46371.65115,49085.29895,52520.84378,54014.89001,54736.65923,55732.36694,52765.20617,44632.5544,43332.89135,45948.0216,49259.22669,50698.93517,51394.57628,52354.48383,49494.67113,46339.36234,44910.71464,47810.73229,51482.49889,53079.17344,53850.66985,54914.97247,51756.49949,49861.96693,48387.67525,51378.84018,55165.6521,56812.1798,57607.8279,58705.49814,55447.82987,53150.22875,51594.36169,54757.54707,58762.10699,60503.35514,61344.87632,62505.53988,59064.31593
Shanxi,SX,y11,50408.93684,48887.72531,51966.33183,55863.90989,57558.6199,58377.6124,59507.39759,56148.35683,45236.53666,43841.91689,46621.21844,50140.01771,51669.91837,52409.24787,53429.24578,50378.92706,45709.73603,44360.2334,47090.30909,50547.09251,52050.15863,52776.26238,53778.24774,50800.42711,45544.46657,44283.62306,46824.61765,50041.60795,51440.30752,52116.56957,53048.8804,50272.70583,44694.48067,43506.80513,45903.56113,48937.52429,50256.5821,50894.39335,51773.5868,49157.93182,46592.38206,45361.12605,47862.7459,51029.76946,52406.57454,53072.2463,53990.19792,51266.4654,47239.14654,45928.97847,48582.71493,51942.57566,53403.50122,54109.5387,55083.43158,52191.52947,48949.41345,47566.40263,50349.96668,53874.02806,55406.56654,56146.93248,57168.29458,54124.68563,45782.49925,44449.34936,47131.85746,50528.37466,52005.17869,52718.74121,53703.38121,50769.88642,47533.28156,46067.82626,49042.56134,52808.9291,54446.74188,55238.11663,56329.83964,53089.98946,51146.64552,49634.37003,52702.6001,56586.97786,58275.92782,59092.07594,60218.02773,56876.42507,54519.62804,52923.6756,56168.35902,60276.09405,62062.20479,62925.40781,64115.97628,60586.08919
Shanxi,SX,y12,50799.1697,49266.18285,52368.62159,56296.37246,58004.20184,58829.53373,59968.06618,56583.02162,45564.85591,44161.90374,46959.8125,50502.13959,52042.29754,52786.57663,53813.37983,50742.66197,46101.33947,44743.69495,47490.2292,50967.88105,52479.99389,53210.48036,54218.52664,51222.48021,45872.10166,44602.30629,47160.59067,50399.40554,51807.58564,52488.47602,53427.10495,50631.71009,45047.17384,43852.21751,46265.15737,49319.6943,50647.68023,51289.77722,52174.94882,49543.8747,47040.51817,45797.7535,48321.18852,51515.74046,52904.52903,53576.02782,54501.9403,51752.64926,47662.55022,46337.34728,49023.26056,52423.93902,53902.63046,54617.22198,55602.93683,52676.68918,49268.96623,47871.98646,50682.94982,54241.68383,55789.28283,56536.9461,57568.36641,54493.97817,46084.94802,44744.6691,47440.70729,50854.35227,52338.63293,53055.74312,54045.37743,51097.32858,47994.01333,46513.01572,49518.9337,53324.83014,54979.82357,55779.49758,56882.67428,53609.74067,51638.41924,50113.49216,53207.92259,57125.42817,58828.73409,59651.87367,60787.41756,57418.10525,55028.24636,53418.11867,56691.87235,60836.39992,62638.54551,63509.47564,64710.69699,61148.26542
Shanxi,SX,y13,51245.88491,49699.41787,52829.13956,56791.42851,58514.27609,59346.86772,60495.40979,57080.59952,45987.60705,44569.83188,47395.28004,50972.50148,52527.80344,53279.40873,54316.34224,51215.37814,46468.66337,45096.75525,47872.15865,51386.33507,52914.35559,53652.51655,54671.13891,51643.87532,46300.64963,45018.87224,47602.05576,50872.45771,52294.38112,52981.87099,53929.66078,51107.39294,45436.55139,44229.1559,46665.70694,49750.04355,51091.00242,51739.40339,52633.19179,49974.11052,47365.96386,46114.2647,48657.419,51877.027,53276.69109,53953.41498,54886.60771,52117.65198,48023.46668,46691.54607,49389.34323,52804.98864,54290.16991,55007.92904,55997.99207,53058.07525,49762.12958,48356.15605,51185.93649,54768.50855,56326.49196,57079.15125,58117.47009,55023.32793,46542.63456,45187.35064,47914.39633,51367.30833,52868.62976,53594.04182,54595.02947,51612.82895,48322.48648,46832.69822,49856.82345,53685.72608,55350.73148,56155.24471,57265.09352,53971.45256,51995.84362,50458.45841,53577.63059,57526.50214,59243.4947,60073.19325,61217.83928,57820.75518,55424.82869,53802.3767,57100.9323,61276.86965,63092.63497,63970.17063,65180.5047,61592.01146
Shanxi,SX,y14,51668.42683,50109.20747,53264.73449,57259.69469,58996.74851,59836.2038,60994.21803,57551.24894,46366.79202,44937.32685,47786.07078,51392.78827,52960.91474,53718.71659,54764.20007,51637.66822,46851.81419,45468.59362,48266.88188,51810.03493,53350.65409,54094.90099,55121.92221,52069.69826,46682.41487,45390.06881,47994.55208,51291.91926,52725.56591,53418.72552,54374.3299,51528.79217,45811.19258,44593.84139,47050.48262,50160.25031,51512.26641,52166.01368,53067.17229,50386.16587,47756.51337,46494.49359,49058.61728,52304.77223,53715.97586,54398.28018,55339.16745,52547.38005,48419.43658,47076.53445,49796.57615,53240.38453,54737.81124,55461.48964,56459.71616,53495.55838,50172.43721,48754.86987,51607.98325,55220.0934,56790.92437,57549.7891,58596.66958,55477.01546,46926.39459,45559.93652,48309.46789,51790.84994,53304.55042,54035.94382,55045.18478,52038.39518,48720.9228,47218.8507,50267.91146,54128.38475,55807.11852,56618.26518,57737.26569,54416.46628,52424.56763,50874.50646,54019.39832,58000.82927,59731.97802,60568.51792,61722.60227,58297.50868,55881.82579,54245.99704,57571.75059,61782.12044,63612.85718,64497.62791,65717.94231,62099.86032
Shanxi,SX,y15,52093.68825,50521.63596,53703.13501,57730.97623,59482.32621,60328.69062,61496.23595,58024.93008,46748.41825,45307.18751,48179.37798,51815.78109,53396.81415,54160.85389,55214.9423,52062.67629,47237.43305,45842.8272,48664.14706,52236.46226,53789.76246,54540.13379,55575.60739,52498.26356,47066.63889,45763.65662,48389.57576,51714.08149,53159.52981,53858.39358,54821.86392,51952.90451,46188.24598,44960.87585,47437.73541,50573.09942,51936.2419,52595.37116,53503.94796,50800.87402,48149.57752,46877.17132,49462.39927,52735.27017,54158.09127,54846.0103,55794.64114,52979.87709,48817.9586,47464.00307,50206.43199,53678.58508,55188.33692,55917.97086,56924.41319,53935.8584,50585.38564,49156.15254,52032.74828,55674.58902,57258.34777,58023.45845,59078.95534,55933.62393,47312.62741,45934.92224,48707.08406,52217.11894,53743.27992,54480.69101,55498.23967,52466.70123,49121.92489,47607.49049,50681.64604,54573.89319,56266.44427,57084.26736,58212.47916,54864.34721,52856.05274,51293.23371,54464.00933,58478.2095,60223.60803,61067.03272,62230.61587,58777.33163,56341.76676,54692.47424,58045.60028,62290.62309,64136.42793,65028.4822,66258.84019,62610.97866
Shanxi,SX,y16,52493.92366,50909.79359,54115.73494,58174.52206,59939.32853,60792.19577,61968.71036,58470.73538,47084.983,45635.2258,48526.47794,52186.98329,53778.52371,54547.63361,55608.69318,52435.53146,47639.36423,46236.42541,49074.59019,52668.26319,54230.82298,54985.67894,56027.35627,52931.35693,47402.47945,46090.32162,48733.95449,52080.82269,53535.98198,54239.58887,55209.53184,52320.87673,46550.03013,45315.20766,47808.64688,50965.09012,52337.38058,53000.89905,53915.60107,51196.74863,48609.87593,47325.65013,49933.27117,53234.40008,54669.52096,55363.42242,56320.22458,53479.21299,49252.65971,47883.24561,50658.76598,54172.89797,55700.92281,56439.35321,57457.95343,54434.08016,50912.66915,49469.08413,52373.82551,56051.28568,57650.5155,58423.12286,59488.95298,56311.99686,47622.42539,46237.43246,49023.41637,52550.94607,54084.74624,54825.7807,55848.42902,52802.02914,49595.18196,48064.77536,51170.97577,55103.84527,56814.05196,57640.40479,58780.38409,55398.26042,53361.17131,51785.37034,54983.03741,59031.23655,60791.36825,61641.96908,62815.39747,59333.67824,56864.08992,55200.24412,58583.21682,62866.0139,64728.28247,65628.26961,66869.56449,63188.28359
Shanxi,SX,y17,52999.04128,51399.66731,54636.4587,58734.30077,60516.08761,61377.16201,62564.99802,59033.36291,47560.87377,46094.59568,49016.70295,52716.3047,54324.81494,55102.13312,56174.53964,52967.49115,48058.38653,46639.54419,49509.89642,53144.29629,54724.59145,55488.00445,56541.47447,53410.64711,47884.62489,46558.99729,49230.55319,52612.83703,54083.40477,54794.41479,55774.62971,52855.81093,46990.96583,45742.26486,48262.17106,51452.02524,52838.85943,53509.44244,54433.8086,51683.75859,48986.3843,47691.8644,50322.02162,53651.77428,55099.32133,55799.19638,56764.31404,53900.63069,49666.38088,48288.89424,51078.98533,54611.48126,56147.47162,56889.7871,57913.72045,54873.22698,51464.52581,50010.45154,52937.04094,56642.17529,58253.45789,59031.86627,60105.70781,56905.71275,48134.88836,46733.23927,49553.57974,53124.61731,54677.30027,55427.52857,56462.76083,53378.53699,49975.63044,48434.87576,51562.45834,55522.34987,57244.31735,58076.35305,59224.17211,55817.85172,53774.65432,52184.67524,55410.55657,59494.52132,61270.25286,62128.336,63312.14186,59798.84152,57320.94928,55642.99216,59054.39227,63373.19206,65251.07566,66158.63257,67410.37333,63699.11458
Shanxi,SX,y18,53480.3873,51866.4886,55132.67637,59267.7362,61065.70613,61934.60048,63133.22465,59569.51564,47992.8296,46513.23479,49461.88121,53195.08343,54818.20259,55602.58092,56684.72759,53448.55126,48494.86208,47063.13397,49959.55453,53626.9622,55221.61055,55991.95541,57054.99426,53895.73197,48319.52215,46981.85475,49677.67401,53090.67654,54574.60072,55292.06773,56281.18527,53335.85689,47417.74542,46157.70442,48700.49653,51919.32127,53318.75077,53995.42501,54928.18562,52153.15909,49431.28729,48125.01084,50779.0556,54139.04886,55599.74308,56305.97464,57279.85762,54390.16536,50117.45961,48727.46271,51542.89363,55107.47268,56657.41335,57406.47066,58439.70275,55371.59589,51931.93599,50464.65608,53417.82516,57156.6089,58782.52672,59568.00361,60651.59879,57422.53982,48572.05819,47157.67902,50003.63512,53607.10394,55173.8896,55930.93105,56975.56497,53863.33014,50429.51756,48874.76991,52030.75753,56026.61397,57764.21942,58603.81217,59762.05595,56324.79908,54263.04625,52658.62592,55913.80534,60034.86122,61826.72012,62692.59697,63887.15345,60341.94539,57841.54709,56148.35112,59590.73506,63948.75849,65843.6977,66759.49698,68022.60608,64277.64187
Shanxi,SX,y19,53965.74654,52337.19999,55633.03033,59805.61724,61619.90497,62496.68528,63706.18736,60110.1356,48428.3854,46935.36321,49910.77045,53677.85219,55315.70229,56107.1993,57199.16557,53933.62114,48934.97448,47490.25276,50412.95995,54113.65123,55722.77121,56500.10795,57572.79304,54384.86022,48758.04387,47408.23591,50128.52089,53572.49839,55069.88986,55793.86846,56791.96123,53819.90266,47848.08373,46576.60582,49142.47534,52390.51326,53802.64272,54485.45688,55426.68482,52626.47187,49879.89797,48561.76583,51239.89797,54630.38397,56104.33609,56816.97701,57799.69768,54883.78085,50572.29829,49169.68626,52010.66841,55607.59761,57171.60542,57927.45961,58970.06988,55874.11743,52403.24122,50922.64566,53902.61628,57675.33057,59316.00467,60108.61096,61202.0392,57943.67578,49012.87152,47585.6563,50457.43937,54093.61234,55674.61746,56438.5289,57492.64407,54352.1645,50887.18802,49318.33046,52502.96072,56535.08079,58288.45602,59135.6679,60304.42277,56835.97172,54755.50796,53136.52638,56421.24809,60579.70504,62387.82559,63261.56004,64466.95994,60889.5754,58366.4852,56657.92258,60131.548,64529.1228,66441.25862,67365.36951,68639.94166,64860.99063
Shanxi,SX,y20,54426.39183,52783.94441,56107.90742,60316.11157,62145.88692,63030.14952,64249.97501,60623.22852,48818.33037,47315.20343,50312.89223,54108.15233,55758.28277,56555.705,57655.82442,54365.84905,49393.12136,47938.53589,50881.18223,54607.14921,56227.23254,57009.87668,58089.90184,54879.92763,49147.51522,47787.05303,50528.00658,53998.08291,55506.81172,56236.32006,57241.96953,54246.97431,48263.6849,46983.40398,49568.63561,52841.2774,54264.08559,54952.0304,55900.40648,53081.46407,50399.36056,49067.85711,51771.47333,55194.12737,56682.07991,57401.52598,58393.55168,55447.9525,51065.80656,49645.98085,52523.67709,56167.17356,57751.45005,58517.06521,59573.16295,56437.97218,52786.92649,51290.19864,54301.87222,58114.7112,59772.81498,60573.86335,61678.93208,58385.02089,49375.55829,47939.57969,50828.12437,54485.51366,56075.77694,56844.09151,57904.38784,54745.8391,51420.93822,49834.19257,53054.74237,57132.39317,58905.55696,59762.33097,60944.27785,57437.64617,55325.56588,53691.75408,57007.13814,61204.36379,63029.29207,63911.20681,65127.83238,61517.93977,58957.43675,57232.34105,60739.85127,65180.31211,67111.13624,68044.25368,69331.24579,65514.44468
Shanxi,SX,y21,54948.61773,53290.40995,56646.26838,60894.84898,62742.17996,63634.92839,64866.45913,61204.9136,49310.40575,47790.19177,50819.78809,54655.47987,56323.15979,57129.07143,58240.92794,54915.90531,49826.22037,48355.18608,51331.1244,55099.21622,56737.64224,57529.13739,58621.3591,55375.36401,49646.06651,48271.67565,51041.50496,54548.20701,56072.86964,56810.03485,57826.30667,54800.11823,48719.53429,47424.89954,50037.50131,53344.69434,54782.54269,55477.79406,56436.1633,53584.95199,50788.35458,49446.21445,52173.12384,55625.36037,57126.15668,57851.77683,58852.39746,55883.37117,51493.36435,50065.20696,52957.93137,56620.37172,58212.86346,58982.4855,60044.08423,56891.74545,53357.65356,51850.09227,54884.33721,58725.76378,60396.31951,61203.3607,62316.70304,58998.99584,49905.53656,48452.32681,51376.41343,55078.8129,56688.61247,57466.43675,58539.74984,55342.07291,51813.98966,50216.55796,53459.18957,57564.74676,59350.05487,60212.69862,61402.73931,57871.11793,55752.76283,54104.29447,57448.84049,61683.03513,63524.08643,64413.73448,65641.08563,61998.54931,59429.50531,57689.82657,61226.71602,65704.38177,67651.34431,68592.28558,69890.07188,66042.29408
Shanxi,SX,y22,55446.18893,53772.96622,57159.21179,61446.26415,63310.32367,64211.15619,65453.83752,61759.13601,49756.92224,48222.94043,51279.97263,55150.39696,56833.17742,57646.38793,58768.31193,55413.18195,50277.40758,48793.05232,51795.93916,55598.15125,57251.41282,58050.07554,59152.1874,55876.79877,50095.6225,48708.78551,51503.69628,55042.15235,56580.62119,57324.46073,58349.93604,55296.34447,49160.70013,47854.34191,50490.60023,53827.74125,55278.60923,55980.15656,56947.20515,54070.17426,51248.25381,49893.96113,52645.56221,56129.05958,57643.4455,58375.63648,59385.31755,56389.40712,51959.64834,50518.55748,53437.47616,57133.08038,58739.99273,59516.58358,60587.79558,57406.91208,53840.81843,52319.60684,55381.32575,59257.53803,60943.21986,61757.56933,62880.99335,59533.24426,50357.44158,48891.0736,51841.63838,55577.56193,57201.93814,57986.80801,59069.84001,55843.20692,52283.1764,50671.28005,53943.27446,58086.00714,59887.48227,60757.93684,61958.75371,58395.15318,56257.6148,54594.22051,57969.05183,62241.58706,64099.30972,64997.01431,66235.47996,62559.95892,59967.65273,58212.21991,61781.1368,66299.34961,68263.9409,69213.40274,70522.94073,66640.32091
Shanxi,SX,y23,55947.88882,54259.52613,57676.41202,62002.25608,63883.18313,64792.16545,66046.09182,62317.95896,50207.1442,48659.28289,51743.97495,55649.42148,57347.42745,58167.9966,59300.07157,55914.58368,50732.33867,49234.55241,52264.60977,56101.22607,57769.44915,58575.33653,59687.42131,56382.39635,50548.90877,49149.52367,51969.72337,55540.1969,57092.58642,57843.15743,58877.91015,55796.68897,49605.52665,48287.34843,50947.46073,54314.79709,55778.79488,56486.68865,57462.48733,54559.42443,51711.96989,50345.42261,53121.92143,56636.93931,58165.0285,58903.84347,59922.66079,56899.64287,52429.80082,50975.67141,53921.00133,57650.04506,59271.49789,60055.1154,61136.01909,57926.3541,54327.99389,52793.01621,55882.43987,59793.72555,61494.66056,62316.37825,63449.96741,60071.92621,50813.09633,49333.46044,52310.72358,56080.45086,57719.52691,58511.49719,59604.32968,56348.50021,52756.25614,51129.77562,54431.37547,58611.59414,60429.36991,61307.70183,62519.38414,58923.53804,56766.65782,55088.21243,58493.58064,62804.77517,64679.3088,65585.13483,66834.80601,63126.02768,60510.26554,58738.94819,62340.15865,66899.25417,68881.6225,69839.6755,71161.06182,67243.31166
Shanxi,SX,y24,56423.96425,54721.23542,58167.19555,62529.84976,64426.7807,65343.49868,66608.09549,62848.23863,50610.07463,49051.77956,52159.4892,56094.04387,57804.7372,58631.42819,59771.92533,56361.19937,51205.96023,49697.98904,52748.63715,56611.35634,58290.89996,59102.26876,60221.93261,56894.14533,50951.34098,49540.94659,52382.49924,55979.93626,57544.03692,58300.32123,59342.8806,56237.96217,50035.07139,48707.80102,51387.91765,54780.67241,56255.70078,56968.89481,57952.07895,55029.67406,52249.13103,50868.75916,53671.60369,57219.87698,58762.44123,59508.29236,60536.72653,57483.01877,52940.0373,51468.10071,54451.41463,58228.63635,59871.05927,60664.77405,61759.63414,58509.37405,54724.3267,53172.66552,56294.87424,60247.65382,61966.61315,62797.06216,63942.68891,60527.88254,51187.75443,49699.07155,52693.63231,56485.25623,58133.88509,58930.39876,60029.61006,56755.13614,53308.20363,51663.22071,55001.97261,59229.28108,61067.52455,61955.74424,63181.06961,59545.73758,57356.13961,55662.36319,59099.42954,63450.70375,65342.60927,66256.89372,67518.17164,63775.78804,61121.3088,59332.89774,62969.14248,67572.5769,69574.26797,70541.63287,71875.86092,67918.97415
Shanxi,SX,y25,56963.79964,55244.78071,58723.70913,63128.10328,65043.18223,65968.67196,67245.36849,63449.53901,51118.81392,49542.84585,52683.55035,56659.91183,58388.75177,59224.21973,60376.8518,56929.88832,51653.54426,50128.56108,53213.63868,57119.92188,58818.43519,59638.95718,60771.23572,57406.19701,51466.78396,50041.98816,52913.39811,56548.70488,58129.28303,58893.48237,59947.02462,56809.85517,50506.27221,49164.15703,51872.57351,55301.0545,56791.63471,57512.38336,58505.89968,55550.12319,52650.96407,51259.60244,54086.51771,57665.36153,59221.19821,59973.43011,61010.7465,57932.83576,53381.82944,51901.29577,54900.10816,58696.86373,60347.75951,61145.60583,62246.13656,58978.19015,55314.48994,53751.64032,56897.162,60879.46939,62611.28979,63447.92932,64602.10256,61162.72124,51735.76952,50229.26512,53260.58917,57098.76983,58767.6067,59573.95708,60686.63384,57371.6844,53714.21311,52058.19762,55419.74939,59675.87273,61526.65574,62420.93545,63654.6197,59993.48006,57797.4353,56088.51281,59555.71613,63945.19478,65853.76551,66776.04084,68048.40387,64272.28057,61609.02063,59805.53971,63472.14118,68114.02154,70132.38625,71107.83535,72453.21645,68464.32533
Shanxi,SX,y26,57478.0693,55743.53006,59253.86752,63698.02348,65630.39368,66564.23804,67852.46038,64022.36175,51580.31428,49990.11984,53159.17812,57171.43884,58915.88601,59758.89663,60921.93441,57443.85246,52119.87329,50581.12314,53694.05296,57635.60019,59349.44851,60177.37884,61319.87819,57924.4609,51931.42691,50493.76819,53391.10107,57059.22748,58654.07492,59425.17348,60488.22743,57322.73485,50962.24264,49608.01177,52340.87971,55800.31328,57304.34939,58031.60515,59034.09038,56051.63005,53126.29726,51722.37448,54574.81057,58185.96608,59755.84792,60514.86988,61561.55174,58455.85296,53863.76134,52369.86102,55395.74702,59226.77948,60892.57889,61697.62826,62808.09618,59510.64574,55813.86917,54236.91056,57410.83005,61429.08937,63176.54493,64020.73739,65185.33113,61714.89958,52202.84081,50682.73592,53741.42649,57614.25719,59298.16118,60111.79215,61234.51258,57889.63758,54199.14546,52528.1798,55920.07894,60214.62733,62082.11985,62984.4726,64229.29475,60535.10211,58319.23177,56594.88047,60093.38552,64522.49233,66448.29401,67378.89452,68662.74604,64852.53124,62165.2275,60345.46418,64045.16801,68728.95491,70765.54102,71749.79789,73107.32575,69082.4224
Sichuan,SC,y1,42752.50389,39414.74933,40826.98907,51381.81829,56113.03779,55656.04772,52603.06595,52265.64692,36992.64767,33948.90461,35212.57551,44657.43292,48891.10063,48482.28595,45750.19891,45407.69437,37670.98653,35352.07854,36327.51599,43617.97097,46885.95186,46570.23688,44461.52001,44222.8891,37343.69743,35102.1885,36040.16916,43050.43491,46192.72601,45889.11876,43861.45574,43619.31161,37313.27958,35040.34855,35997.30926,43148.58067,46354.23195,46044.62636,43976.05773,43744.27706,38521.26935,36056.31749,37096.12469,44867.75699,48351.34732,48014.9492,45766.94056,45518.04056,42615.57607,39576.19669,40857.355,50431.98735,54723.62238,54309.25063,51539.67595,51231.19,46697.08635,43364.61885,44769.82568,55271.36582,59978.60912,59524.12214,56486.45559,56153.56469,43861.60887,41106.68028,42247.49685,50773.38238,54595.10633,54225.93496,51759.8778,51436.63314,40349.08452,38064.37971,39025.27659,46206.20598,49424.98182,49114.17353,47036.97568,46801.27603,42268.95442,39585.81783,40716.52744,49167.37064,52955.5043,52589.63359,50145.13561,49871.69897,45868.32485,42467.31907,43902.00303,54623.91188,59429.99373,58965.92225,55864.46055,55529.24709
Sichuan,SC,y2,44836.60574,41336.14317,42817.22562,53886.58364,58848.44134,58369.17238,55167.36561,54813.49698,38795.96843,35603.8483,36929.12105,46834.39734,51274.44743,50845.70579,47980.4327,47621.23173,39507.3748,37075.42515,38098.4129,45744.2638,49171.55125,48840.44695,46628.93363,46378.66979,39164.13119,36813.35355,37797.05845,45149.06115,48444.53276,48126.12493,45999.61751,45745.66981,39132.22936,36748.49847,37752.10949,45251.99137,48613.91157,48289.21373,46119.8056,45876.72612,40399.10696,37813.99445,38904.48991,47054.9747,50708.38348,50355.5857,47997.99103,47736.95777,44693.00366,41505.4611,42849.07267,52890.45033,57391.29469,56956.72277,54052.1359,53728.61186,48973.4795,45478.5603,46952.26853,57965.7394,62902.45162,62425.80902,59240.06142,58890.94321,45999.77839,43110.55193,44306.98126,53248.48814,57256.51387,56869.34551,54283.07234,53944.06987,42316.0249,39919.94527,40927.68368,48458.66859,51834.3548,51508.39565,49329.93849,49082.74875,44329.48489,41515.55069,42701.38044,51564.18582,55536.98403,55153.27765,52589.61505,52302.84847,48104.31736,44537.51968,46042.14215,57286.72332,62327.09182,61840.39773,58587.74653,58236.1925
Sichuan,SC,y3,47020.51938,43349.55452,44902.77858,56511.30574,61714.84616,61212.23427,57854.47142,57483.36763,40685.65274,37338.0501,38727.87418,49115.61955,53771.93639,53322.31045,50317.47672,49940.7793,41431.71037,38881.30411,39954.1203,47972.38691,51566.61331,51219.38014,48900.14876,48637.69445,41071.74788,38606.46697,39638.08767,47348.19332,50804.18195,50470.26468,48240.17914,47973.86117,41038.29326,38538.45442,39590.94904,47456.13738,50981.8114,50641.2976,48366.22177,48111.30193,42366.8781,39655.84774,40799.46053,49346.94025,53178.30055,52808.31863,50335.88958,50062.14296,46869.92233,43527.11958,44936.1766,55466.65235,60186.72519,59730.98502,56684.92155,56345.63964,51358.89331,47693.74286,49239.23248,60789.1498,65966.32061,65466.46151,62125.54206,61759.41933,48240.3478,45210.39163,46465.09716,55842.12945,60045.37926,59639.35256,56927.10632,56571.59245,44377.16536,41864.37605,42921.2007,50819.0074,54359.11651,54017.28023,51732.7141,51473.48416,46488.69727,43537.70139,44781.28946,54075.78794,58242.0936,57839.69775,55151.16383,54850.42854,50447.39566,46706.86524,48284.77371,60077.05968,65362.93629,64852.53577,61441.45319,61072.77574
Sichuan,SC,y4,49282.78405,45435.20104,47063.15363,59230.19242,64684.08786,64157.2936,60637.98208,60249.02325,42607.36713,39122.59469,40570.06666,51388.52633,56237.94001,55769.66028,52640.24142,52247.99623,43503.97767,40838.05907,41959.30279,50339.71235,54096.2163,53733.32022,51309.33888,51034.69517,42951.5689,40375.58388,41452.83488,49503.99787,53112.90331,52764.1961,50435.4661,50152.5305,43102.52784,40470.05721,41579.18955,49867.49499,53582.80477,53223.99065,50826.52874,50562.13517,44542.65203,41682.88768,42889.152,51904.91293,55946.22596,55555.93321,52948.05283,52662.80296,49276.02546,45758.68849,47241.17512,58320.36163,63286.35994,62806.90949,59602.10526,59246.42275,54052.0809,50185.51485,51818.36479,64021.28181,69491.16068,68963.03842,65433.24719,65045.27582,50094.78166,46977.95413,48265.7804,57890.15571,62204.30282,61787.5483,59003.75575,58635.70715,46573.20528,43938.93203,45046.94444,53327.37146,57038.9605,56680.54504,54285.30433,54014.24791,48837.32086,45723.41615,47035.58486,56842.48438,61238.46762,60813.90632,57977.17104,57658.26,52940.54144,49001.66097,50663.32095,63081.71017,68648.23743,68110.74938,64518.53603,64131.63801
Sichuan,SC,y5,51706.72126,47669.89778,49377.92018,62143.38589,67865.52692,67312.82366,63620.41678,63212.32684,44740.50303,41059.26745,42587.60749,54010.62495,59131.0047,58636.56767,55332.26322,54918.02235,45560.91532,42756.32796,43936.06414,52753.45502,56705.89204,56324.05188,53773.67947,53485.06935,45165.07789,42454.09989,43588.53481,52067.05198,55867.47401,55500.27737,53047.93523,52755.07625,45128.28826,42379.30778,43536.69793,52185.75328,56062.80762,55688.35601,53186.54012,52906.21448,46589.28397,43608.06547,44865.65255,54264.99947,58478.20383,58071.34951,55352.51025,55051.4807,51541.11527,47865.15928,49414.64592,60994.61979,66185.10903,65683.94937,62334.3056,61961.20983,56477.46911,52447.03856,54146.55661,66847.5725,72540.71643,71991.03941,68317.15507,67914.54136,53048.12083,49716.19194,51095.94377,61407.5178,66029.67543,65583.18374,62600.62716,62209.68139,48799.92209,46036.70171,47198.85168,55883.77711,59776.70311,59400.79885,56888.54728,56603.48097,51121.89603,47876.79505,49244.32327,59465.13813,64046.66926,63604.17024,60647.68961,60316.98216,55475.12944,51361.80697,53096.97484,66064.51463,71877.19629,71315.9285,67564.88752,67159.46621
Sichuan,SC,y6,54219.02681,49986.06287,51777.07396,65162.78367,71162.94984,70583.39131,66711.57914,66283.66122,46914.33626,43054.23972,44656.83643,56634.87006,62004.037,61485.57649,58020.72405,57586.35739,47774.61065,44833.75453,46070.81238,55316.61883,59461.09498,59060.70207,56386.41414,56083.77966,47359.53993,44516.84333,45706.3962,54596.86489,58581.94003,58196.90278,55625.40743,55318.31751,47320.96301,44438.41586,45652.04089,54721.33338,58786.76346,58394.11945,55770.74643,55476.79997,48852.94504,45726.87647,47045.56736,56901.6058,61319.51865,60892.89551,58041.95526,57726.30001,54045.37346,50190.81175,51815.58534,63958.20174,69400.88432,68875.3734,65362.98,64971.75491,59221.57416,54995.31424,56777.40784,70095.53511,76065.29415,75488.91034,71636.51994,71214.34608,55625.60128,52131.78119,53578.57273,64391.16175,69237.89856,68769.71284,65642.24038,65232.30014,51170.99267,48273.51445,49492.12984,58599.03479,62681.1095,62286.94056,59652.62364,59353.70786,53605.78574,50203.01363,51636.9869,62354.40556,67158.54308,66694.54336,63594.4141,63247.63865,58170.53259,53857.35348,55676.83009,69274.42999,75369.53702,74780.99759,70847.70161,70422.58221
Sichuan,SC,y7,55678.47248,51331.56902,53170.79003,66916.81028,73078.48668,72483.32771,68507.29564,68067.85984,48177.15881,44213.15687,45858.89234,58159.34671,63673.03809,63140.62234,59582.50378,59136.44398,49060.58918,46040.5731,47310.92834,56805.60939,61061.64464,60650.47497,57904.20111,57593.42162,48634.34567,45715.13077,46936.7032,56066.48187,60158.82542,59763.42535,57122.71018,56807.35559,48594.73094,45634.59303,46880.88542,56194.30157,60369.16272,59965.94946,57271.96092,56970.10331,50167.95014,46957.73505,48311.921,58433.26074,62970.09367,62531.9877,59604.30676,59280.15423,55500.14599,51541.82962,53210.33618,65679.80452,71268.99123,70729.3349,67122.39531,66720.64004,60815.67695,56475.65711,58305.72048,71982.3402,78112.79068,77520.89206,73564.80552,73131.26596,57122.9092,53535.04474,55020.77972,66124.4172,71101.61725,70620.82935,67409.17304,66988.19832,52548.39377,49572.92215,50824.34011,60176.38166,64368.3347,63963.55626,61258.32995,60951.36815,55048.72536,51554.3596,53026.93036,64032.83786,68966.29069,68489.80184,65306.22404,64950.11491,59736.34408,55307.06476,57175.51712,71139.13277,77398.30412,76793.92386,72754.75274,72318.19041
Sichuan,SC,y8,57146.10907,52684.62387,54572.32579,68680.67892,75004.77159,74393.92516,70313.08796,69862.06877,49405.59525,45364.80865,47043.23233,59587.83388,65210.99685,64668.00056,61039.26689,60584.43645,50445.26488,47353.98574,48654.12778,58371.67597,62727.54949,62306.75126,59496.01151,59177.54644,49804.71507,46817.7186,48066.85121,57402.61829,61587.34364,61182.99812,58482.70713,58154.62714,49979.76053,46927.26666,48213.36581,57824.11308,62132.22054,61716.15559,58936.16639,58629.58677,51649.66469,48333.6097,49732.3392,60186.61268,64872.738,64420.17234,61396.19111,61065.42746,57138.27244,53059.72485,54778.75067,67625.6799,73384.0272,72828.07868,69111.93145,68699.49902,62676.37223,58192.87547,60086.25513,74236.21104,80578.83681,79966.44947,75873.46352,75423.58795,58087.6649,54473.53112,55966.83602,67126.83192,72129.32355,71646.07371,68418.11188,67991.34016,54004.20374,50949.61786,52234.41867,61836.03149,66139.8246,65724.22158,62946.80705,62632.50278,56629.56958,53018.82562,54540.35745,65911.99849,71009.38394,70517.08239,67227.73036,66857.93498,61387.47908,56820.13056,58746.9188,73146.7257,79601.42034,78978.1735,74812.80537,74364.17434
Sichuan,SC,y9,58713.75415,54129.88,56069.36559,70564.74247,77062.3194,76434.71531,72241.93264,71778.54043,50803.50948,46623.41188,48358.86385,61329.86989,67144.13859,66582.69747,62830.61049,62360.23496,51735.09927,48550.44852,49890.05651,59902.33511,64390.38692,63956.80247,61060.81525,60733.09325,51285.62022,48207.2643,49495.43166,59122.91406,63438.35007,63021.39421,60236.72269,59904.17592,51243.84511,48122.3368,49436.57084,59257.70257,63660.15369,63234.95937,60394.11058,60075.79651,52902.82724,49517.60891,50945.6188,61618.71727,66402.87356,65940.88388,62853.60252,62511.77824,58525.70529,54351.60398,56111.06821,69260.30156,75154.17976,74585.10475,70781.53442,70357.87829,64131.00959,59554.39519,61484.22387,75906.41674,82371.0652,81746.8993,77575.14907,77117.97636,60236.93343,56453.47712,58020.20744,69729.15396,74977.68204,74470.68433,71083.94733,70640.02159,55413.0407,52275.3616,53595.00037,63456.86234,67877.33924,67450.49415,64597.79432,64274.09808,58049.67552,54364.81562,55917.66418,67523.55165,72725.94959,72223.48422,68866.3565,68490.83406,62992.83768,58322.09846,60292.408,75017.24224,81617.62877,80980.30072,76720.93784,76260.57591
Sichuan,SC,y10,60291.58908,55584.53191,57576.13739,72461.05458,79133.24287,78488.77336,74183.31554,73707.47094,52168.77032,47876.33968,49658.4288,62978.0098,68948.52615,68371.99757,64519.07897,64036.06357,53125.39513,49855.16216,51230.76963,61512.11208,66120.77204,65675.5356,62701.72481,62365.19604,52663.83705,49502.75603,50825.5407,60711.74614,65143.15215,64714.99083,61855.48587,61514.00244,52620.93992,49415.54557,50765.09705,60850.15527,65370.91542,64934.29483,62017.10314,61690.23515,54324.50432,50848.31331,52314.698,63274.61865,68187.34144,67712.93647,64542.68993,64191.67991,60098.48778,55812.21282,57618.96136,71121.55765,77173.82433,76589.45644,72683.67246,72248.63104,65854.42447,61154.82315,63136.51115,77946.27778,84584.65213,83943.71324,79659.85303,79190.39527,61855.70169,57970.57185,59579.40452,71603.01022,76992.58434,76471.96085,72994.21094,72538.35669,56902.17454,53680.17628,55035.2776,65162.16187,69701.4317,69263.11527,66333.75373,66001.35823,59609.66584,55825.78092,57420.35974,69338.13644,74680.33936,74164.37174,70717.02634,70331.41186,64685.66652,59889.40832,61912.66702,77033.20739,83810.9688,83156.51326,78782.68687,78309.95425
Sichuan,SC,y11,61910.93176,57077.44964,59122.54672,74407.24995,81258.6426,80596.8646,76175.7688,75687.14308,53569.94551,49162.22676,50992.17965,64669.50555,70800.38123,70208.3673,66251.96577,65755.9765,54552.26415,51194.1971,52606.75198,63164.23605,67896.67804,67439.48295,64385.80041,64040.23215,54078.30934,50832.32585,52190.63847,62342.37218,66892.80038,66453.13855,63516.83151,63166.17675,54034.25912,50742.77357,52128.57136,62484.50011,67126.68058,66678.33362,63682.78942,63347.14282,55783.57894,52214.02448,53719.79263,64974.08227,70018.75105,69531.60553,66276.21009,65915.77256,61712.64287,57311.2458,59166.51932,73031.77783,79246.5987,78646.53511,74635.84681,74189.12049,67623.17636,62797.3494,64832.26405,80039.79786,86856.47003,86198.31582,81799.39868,81317.33077,63517.05345,59527.57473,61179.61948,73526.16068,79060.48952,78525.88406,74954.72649,74486.62878,58430.48196,55121.94577,56513.44342,66912.32061,71573.50795,71123.419,68115.37921,67774.05615,61210.69259,57325.17823,58962.58492,71200.45514,76686.14149,76156.31628,72616.38082,72220.40915,66423.02754,61497.94854,63575.5487,79102.20476,86062.00674,85389.97327,80898.67286,80413.24272
Sichuan,SC,y12,62456.73557,57580.64153,59643.76875,75063.22001,81975.01569,81307.40349,76847.33146,76354.39761,53996.89104,49580.59118,51414.99143,65125.37196,71271.0982,70677.64122,66711.68714,66214.58888,55133.17641,51754.62337,53175.58854,63796.19561,68556.86306,68096.96025,65025.01658,64676.95529,54433.10127,51168.5213,52533.73663,62737.08246,67310.69716,66868.77618,63917.54521,63558.97628,54624.41321,51288.24919,52693.86666,63197.74703,67906.21005,67451.47918,64413.14384,64078.07442,56449.50251,52825.28438,54353.99945,65779.79498,70901.40533,70406.7826,67101.78138,66740.27842,62448.17145,57990.60186,59869.37763,73910.1805,80203.65654,79596.04125,75534.54985,75083.78928,68500.92912,63600.77825,65670.11148,81135.03256,88067.08384,87397.78658,82924.4354,82432.75298,63485.791,59535.79408,61167.87246,73364.97378,78832.35025,78304.19142,74776.25379,74309.82143,59022.85036,55684.40112,57088.59971,67582.49571,72286.24358,71832.01844,68796.49692,68452.98376,61892.19402,57945.90083,59608.83036,72037.24582,77608.3346,77070.28279,73475.24864,73071.08868,67092.25908,62100.46492,64206.30932,79944.30091,86998.83564,86317.66949,81765.21002,81274.88742
Sichuan,SC,y13,63073.15015,58148.9323,60232.42069,75804.05567,82784.06559,82109.86414,77605.77344,77107.97515,54575.58392,50085.12134,51949.42666,65883.50896,72129.47666,71526.34984,67495.67643,66990.37665,55576.34258,52155.2378,53594.30964,64349.9831,69171.26357,68705.48621,65594.47843,65242.42392,55093.4905,51786.57235,53170.38368,63512.6913,68148.5406,67700.62589,64709.19643,64351.95993,55048.61342,51695.33869,53107.15165,63657.48551,68386.81235,67930.04797,64878.27019,64536.32256,56830.77209,53194.20842,54728.24434,66193.80306,71333.17444,70836.88278,67520.37552,67153.17105,62871.14037,58387.11763,60277.22037,74402.76101,80734.24947,80122.92236,76036.94426,75581.83147,68892.62825,63976.20826,66049.32305,81542.33905,88486.97801,87816.46774,83334.97252,82843.85554,64709.42306,60645.05186,62328.10912,74906.4248,80544.64842,80000.00513,76361.80939,75884.92403,59527.36423,56156.71884,57574.3384,68168.42731,72917.11673,72458.57878,69394.07114,69046.34047,62359.76599,58401.31143,60069.45595,72537.06108,78125.72826,77585.95639,73979.56681,73576.16264,67669.94883,62652.4151,64769.01702,80587.14546,87677.60063,86992.95047,82417.33747,81922.79428
Sichuan,SC,y14,63661.02413,58690.90889,60793.81612,76510.58608,83555.65353,82875.16824,78329.09734,77826.66031,55084.25537,50551.93994,52433.622,66497.57645,72801.7596,72193.01071,68124.76942,67614.75972,56094.34188,52641.3504,54093.83508,64949.75573,69815.97439,69345.85514,66205.8506,65850.51491,55606.98823,52269.24902,53665.95891,64104.66112,68783.71891,68331.62927,65312.31864,64951.7514,55561.69328,52177.16439,53602.13674,64250.80565,69024.21164,68563.1903,65482.96887,65137.83331,57360.46373,53690.00427,55238.33854,66810.7622,71998.03464,71497.11753,68149.69866,67779.07307,63457.13007,58931.31436,60839.03351,75096.23176,81486.73289,80869.70811,76745.64617,76286.29148,69534.74162,64572.49885,66664.93486,82302.3547,89311.71949,88634.96183,84111.69545,83616.00082,65312.54744,61210.29397,62909.03782,75604.5902,81295.3641,80745.64554,77073.53916,76592.20834,60082.18905,56680.12735,58110.95995,68803.79106,73596.74074,73133.92886,70040.8582,69689.88676,62940.98971,58945.63983,60629.33313,73213.14223,78853.89807,78309.09504,74669.09252,74261.92893,68300.66729,63236.36714,65372.69611,81338.25756,88494.79884,87803.76879,83185.50874,82686.35503
Sichuan,SC,y15,64253.43489,59237.06981,61359.54723,77222.57189,84333.19928,83646.38123,79058.00636,78550.89229,55596.8533,51022.3613,52921.55393,67116.38246,73479.23161,72864.81774,68758.71886,68243.96308,56616.33932,53131.2155,54597.21642,65554.16085,70465.66237,69991.16827,66821.94371,66463.30156,56124.45141,52755.65232,54165.35811,64701.20008,69423.80044,68967.50466,65920.09651,65556.17439,56078.73568,52662.71075,54100.94306,64848.7056,69666.53097,69201.21969,66092.33362,65743.98733,57894.24391,54189.62813,55752.37075,67432.48374,72668.02862,72162.44951,68783.88103,68409.8059,64047.64355,59479.71196,61405.18445,75795.0565,82245.02544,81622.25757,77459.819,76996.19014,70181.81223,65173.39167,67285.30007,83068.2372,90142.82927,89459.77222,84894.41544,84394.10673,65920.32604,61779.89909,63494.4521,76308.14512,82051.87604,81497.04169,77790.7633,77304.95361,60641.29686,57207.57614,58651.72358,69444.05933,74281.61043,73814.49188,70692.6368,70338.40071,63526.70099,59494.17124,61193.53242,73894.44289,79587.69064,79037.81721,75363.94148,74952.9891,68936.25368,63824.82532,65981.03563,82095.16799,89318.30646,88620.84518,83959.60802,83455.81121
Sichuan,SC,y16,64816.13526,59755.8395,61896.90439,77898.85075,85071.74965,84378.91634,79750.35915,79238.8036,56036.70706,51453.57491,53357.27239,67585.58338,73963.47439,73347.59901,69231.82391,68715.94736,57215.91764,53709.73437,55184.37939,66206.19634,71146.70424,70669.42873,67481.43686,67120.22797,56489.39663,53101.49133,54518.28019,65107.07348,69853.46283,69394.84875,66332.12964,65960.01636,56687.93545,53225.74162,54684.45911,65585.14023,70471.47274,69999.56426,66846.45024,66498.72338,58581.97002,54820.84181,56407.30627,68264.72955,73579.81644,73066.50844,69636.65519,69261.4967,64807.24771,60181.28707,62131.03623,76702.25255,83233.47329,82602.90519,78387.98531,77920.19607,71088.65842,66003.39638,68150.90187,84200.03399,91393.9548,90699.37381,86057.03424,85546.778,65884.06556,61784.85088,63478.58373,76136.44934,81810.36508,81262.25454,77601.04286,77116.99009,61252.53019,57787.96505,59245.20939,70135.52941,75016.96812,74545.58405,71395.39115,71038.90129,64230.26813,60134.89737,61860.64575,74758.56487,80540.10973,79981.73205,76250.89066,75831.46271,69626.77412,64446.40561,66631.8024,82964.32116,90285.35192,89578.45312,84854.01753,84345.17254
Sichuan,SC,y17,65486.54922,60373.91362,62537.12438,78704.58373,85951.6732,85251.67429,80575.24201,80058.39588,56663.83631,52001.55309,53937.19425,68404.44269,74889.40321,74263.1979,70078.29716,69553.66258,57702.88851,54150.87973,55645.01524,66812.23754,71817.99911,71334.39828,68104.35216,67738.82737,57201.55906,53768.10822,55204.86852,65942.90872,70756.14228,70291.08877,67185.19677,66814.29203,57154.96637,53673.38369,55139.2172,66093.24482,71003.5314,70529.28887,67360.74049,67005.70831,59005.31732,55229.6045,56822.3388,68726.60914,74062.63096,73547.35023,70103.94186,69722.6871,65276.81036,60621.21296,62583.63721,77249.67236,83823.4246,83188.70566,78946.38348,78473.857,71528.70109,66424.16209,68576.60062,84662.43424,91872.79938,91176.63361,86523.65907,86013.75068,67185.43185,62965.54445,64713.00092,77772.60847,83626.56868,83061.08649,79283.67947,78788.54626,61805.0895,58305.47192,59777.33465,70776.79039,75707.18121,75231.09777,72049.33104,71688.29457,64745.86926,60635.94969,62367.92355,75312.58339,81115.09112,80554.66619,76810.28395,76391.44349,70259.23803,65049.71511,67247.30627,83670.69133,91032.45153,90321.60591,85570.91334,85057.44771
Sichuan,SC,y18,66128.49606,60965.743,63150.15749,79476.10238,86794.23363,86087.37238,81365.09899,80843.18633,57219.29649,52511.30983,54465.92608,69074.99167,75623.52283,74991.18,70765.25459,70235.47676,58268.5338,54681.70539,56190.48685,67467.17975,72522.01026,72033.66891,68771.96011,68402.85145,57762.29052,54295.18169,55746.0263,66589.32877,71449.74509,70980.13311,67843.79532,67469.2529,57715.24055,54199.5286,55679.73214,66741.13802,71699.55943,71220.66844,68021.0589,67662.54696,59583.72953,55771.00514,57379.35253,69400.31704,74788.64642,74268.314,70791.15019,70406.15927,65916.7001,61215.46541,63197.12698,78006.92912,84645.12193,84004.1818,79720.27238,79243.11352,72229.87767,67075.29934,69248.83815,85492.35788,92773.40223,92070.41242,87371.82697,86856.91985,67844.03221,63582.77792,65347.36363,78534.98997,84446.33628,83875.31058,80060.87511,79560.88809,62410.9483,58877.02324,60363.31443,71470.59529,76449.31728,75968.56634,72755.60981,72391.03542,65380.55527,61230.34743,62979.29864,76050.85158,81910.24015,81344.32155,77563.23309,77140.28664,70947.96956,65687.37943,67906.51225,84490.89219,91924.81654,91207.00284,86409.74091,85891.24131
Sichuan,SC,y19,66776.29004,61562.96214,63768.77554,80254.64893,87644.46897,86930.68308,82162.1501,81635.12509,57779.81577,53025.70977,54999.47258,69751.64987,76364.32973,75725.79203,71458.47002,70923.50344,58839.33103,55217.36626,56740.92839,68128.08727,73232.43442,72739.30991,69445.64957,69072.92488,58328.12897,54827.05676,56292.1128,67241.63651,72149.66553,71675.45221,68508.39222,68130.181,58280.61771,54730.4671,56225.16943,67394.93408,72401.92654,71918.34453,68687.39132,68325.36738,60167.41151,56317.3374,57941.43903,70080.16198,75521.27443,74995.84582,71484.6198,71095.85674,66562.41955,61815.13084,63816.20491,78771.0835,85474.30482,84827.08528,80501.21153,80019.37798,72937.4396,67732.36783,69927.19961,86329.83926,93682.20867,92972.33293,88227.72009,87707.76883,68508.63159,64205.63339,65987.50646,79304.31815,85273.5714,84696.95216,80845.14939,80340.26612,63022.32421,59453.7821,60954.633,72170.72061,77198.21278,76712.75406,73468.32263,73100.1769,66021.02138,61830.158,63596.24298,76795.84403,82712.63181,82141.16909,78323.04101,77895.95276,71642.97478,66330.85254,68571.72484,85318.56355,92825.31122,92100.46549,87256.20954,86732.63124
Sichuan,SC,y20,67394.37473,62132.79143,64359.02237,80997.48929,88455.70976,87735.31753,82922.64629,82390.74335,58265.71891,53500.28107,55479.70329,70273.98428,76905.57316,76265.19895,71985.70874,71449.31251,59491.83719,55846.18494,57379.48891,68839.72792,73976.75794,73480.49695,70165.6949,69790.11785,58736.41607,55213.74824,56686.89311,67696.88465,72632.07596,72155.21723,68970.67044,68583.75504,58942.85226,55342.94172,56859.68287,68193.96738,73274.66722,72783.98775,69505.45034,69143.89115,60912.22808,57001.49082,58651.06052,70980.14548,76506.65403,75972.92804,72406.64255,72016.56102,67385.1333,62575.1617,64602.46707,79753.29327,86544.31162,85888.66113,81506.0814,81019.68464,73916.40378,68628.8621,70861.79069,87549.32006,95029.39776,94307.18811,89480.18715,88949.63494,68504.78434,64242.51115,66003.61771,79164.98441,85064.59517,84494.68205,80687.83581,80184.52829,63689.01643,60086.63913,61601.84902,72925.36137,78000.97264,77510.83791,74235.33785,73864.66741,66785.20269,62526.92657,64321.32175,77732.28999,83743.81247,83163.22312,79283.97742,78847.86538,72396.36966,67009.93746,69282.26391,86264.45344,93876.69755,93141.68106,88229.31715,87700.23222
Sichuan,SC,y21,68089.61361,62773.75227,65022.94983,81833.05809,89368.21734,88640.3937,83778.07437,83240.68439,58916.20058,54068.59338,56081.17518,71123.49164,77866.22644,77215.12935,72863.88046,72318.39193,59996.5537,56303.3547,57856.88222,69467.99807,74672.73401,74169.91192,70811.47316,70431.41762,59475.29772,55905.36834,57399.23924,68564.11221,73568.67027,73085.13127,69855.78154,69470.13134,59426.8531,55806.87878,57330.97933,68720.42382,73825.89268,73332.79959,70038.30105,69669.15742,61350.75353,57424.95869,59081.00314,71458.46315,77006.59072,76470.82673,72890.5446,72494.13556,67871.53637,63030.88127,65071.31059,80320.31387,87155.37199,86495.42217,82084.46967,81593.15972,74371.9377,69064.49558,71302.49359,88027.732,95524.70501,94800.86751,89962.93929,89432.76193,69856.0252,65468.3991,67285.31574,80864.03591,86950.68999,86362.72942,82435.17341,81920.35863,64261.81626,60623.08999,62153.45858,73590.13854,78716.50998,78221.5026,74913.26209,74537.87586,67319.48975,63046.20326,64847.02346,78306.22618,84339.38297,83756.6808,79863.46145,79427.97196,73052.01436,67635.41565,69920.35945,86996.56646,94650.9531,93911.85324,88972.3219,88438.44552
Sichuan,SC,y22,68755.2382,63387.41106,65658.59571,82633.03625,90241.85723,89506.91756,84597.06649,84054.42367,59492.15007,54597.15409,56629.41066,71818.77523,78627.4251,77969.96505,73576.17838,73025.35756,60583.06386,56853.76107,58422.47378,70147.09732,75402.71467,74894.97566,71503.70684,71119.93537,60056.71292,56451.88396,57960.35883,69234.37613,74287.85734,73799.5906,70538.67276,70149.25263,60007.79321,56352.43094,57891.43074,69392.21614,74547.59471,74049.6815,70722.97623,70350.22425,61950.50286,57986.33009,59658.56306,72157.02224,77759.38611,77218.3855,73603.1017,73202.81789,68535.02987,63647.05359,65707.43062,81105.50359,88007.37864,87340.97863,82886.90508,82390.79278,75098.97811,69739.65082,71999.5267,88888.26673,96458.52823,95727.61493,90842.39333,90307.03197,70538.91892,66108.39959,67943.07903,81654.54094,87800.6964,87206.98852,83241.03663,82721.18939,64890.02259,61215.72483,62761.05392,74309.53609,79486.02137,78986.1754,75645.5928,75266.53698,67977.588,63662.52595,65480.95039,79071.72732,85163.86114,84575.46373,80644.18432,80204.43756,73766.15039,68296.60056,70603.88155,87847.02217,95576.23607,94829.90991,89842.09129,89302.99615
Sichuan,SC,y23,69426.9058,64006.63932,66300.01122,83440.27363,91123.42517,90381.30613,85423.4906,84875.54541,60073.32507,55130.51034,57182.61873,72520.36902,79395.53193,78731.64938,74294.93975,73738.73861,61174.89654,57409.16158,58993.20119,70832.36072,76139.32033,75626.62136,72202.22149,71814.70255,60643.4031,57003.35981,58526.57018,69910.72292,75013.57153,74520.5355,71227.76082,70834.53759,60594.00651,56902.9348,58456.96906,70070.10499,75275.84576,74773.06811,71413.86622,71037.47179,62555.69433,58552.79531,60241.36416,72861.92022,78519.01255,77972.72679,74322.12691,73917.93263,69204.54473,64268.81814,66349.32319,81897.81873,88867.11841,88194.20808,83696.62279,83195.66432,75832.61491,70420.93415,72702.88628,89756.61147,97400.82666,96662.77287,91729.82794,91189.23649,71228.00918,66754.20912,68606.81076,82452.21996,88658.41625,88058.90855,84054.21427,83529.28852,65523.92957,61813.73827,63374.16328,75035.46129,80262.51649,79757.78593,76384.57069,76001.81271,68641.65657,64284.4423,66120.62976,79844.17426,85995.82253,85401.67598,81431.99265,80987.95121,74486.76759,68963.78659,71293.60713,88705.19543,96509.91512,95756.29778,90719.75372,90175.3923
Sichuan,SC,y24,70067.67345,64597.38213,66911.91961,84210.377,91964.43801,91215.4703,86211.89769,85658.89597,60576.91778,55622.44951,57680.38916,73061.50768,79956.14858,79290.37282,74841.13014,74283.45621,61851.67078,58061.40954,59655.53272,71570.3582,76911.1578,76395.21235,72948.92291,72558.44878,61066.28388,57403.88416,58935.46326,70382.18312,75513.13549,75017.36161,71706.49695,71304.23319,61280.90949,57538.20166,59115.10663,70898.98424,76181.21634,75671.07332,72262.48901,71886.58706,63328.40385,59262.5401,60977.54276,73795.67928,79541.40508,78986.50791,75278.76089,74873.2065,70058.0658,65057.29901,67165.02149,82916.82676,89977.22155,89295.5631,84739.14255,84233.45176,76848.40894,71351.12919,73672.62985,91022.09547,98798.88241,98048.02515,93029.55368,92477.95535,71222.12936,66790.787,68621.75068,82305.18258,88438.81048,87846.29148,83888.44009,83365.16847,66215.33751,62470.06516,64045.37941,75818.05561,81094.99849,80585.4216,77179.99352,76794.62034,69434.33769,65007.15168,66872.72439,80815.65824,87065.63622,86462.01768,82428.89592,81975.48452,75268.07988,69667.98729,72030.44907,89686.26282,97600.45791,96836.28524,91729.06527,91178.99299
Sichuan,SC,y25,70788.55626,65261.98475,67600.33484,85076.76439,92910.60358,92153.92982,87098.87725,86540.18639,61251.52677,56211.7707,58304.12637,73942.69085,80952.69477,80275.79028,75752.06551,75184.95506,62374.7038,58535.11291,60150.21822,72221.57573,77632.61982,77109.86601,73618.30434,73223.18424,61832.78509,58121.35126,59674.43616,71281.8635,76484.79221,75982.08599,72624.73165,72223.79487,61782.4197,58018.9565,59603.46906,71444.3702,76752.21026,76239.57237,72814.48623,72430.70967,63782.58169,59701.17422,61422.86142,74290.94123,80058.98364,79501.98445,75779.78674,75367.66483,70561.83412,65529.30559,67650.61418,83504.05808,90610.04327,89923.93624,85338.14143,84827.35745,77319.89925,71802.08033,74128.78773,91516.98329,99311.12175,98558.59292,93528.89852,92977.707,72624.98498,68063.44111,69952.37829,84069.33232,90397.25001,89785.98377,85702.74586,85167.52527,66809.03244,63026.07327,64617.1035,76507.11075,81836.68248,81322.0535,77882.68093,77492.41482,69987.90693,65545.23444,67417.43554,81410.13655,87682.4361,87076.6357,83029.09585,82576.34549,75947.65629,70316.35386,72691.86929,90444.94479,98402.73747,97634.33878,92499.01506,91943.97736
Sichuan,SC,y26,71478.63899,65898.19189,68259.33768,85906.13572,93816.34222,93052.29313,87947.96226,87383.82498,61848.63839,56759.75009,58872.50583,74663.52209,81741.86257,81058.3596,76490.53606,75917.8967,62982.76439,59105.7421,60736.5921,72925.62945,78389.42137,77861.57223,74335.97265,73937.00182,62435.56354,58687.94681,60256.17264,71976.75477,77230.40488,76722.79902,73332.71428,72927.8695,62384.70614,58584.55501,60184.51452,72140.84621,77500.4299,76982.79467,73524.31907,73136.80137,64404.36619,60283.17248,62021.64354,75015.16762,80839.44073,80277.01076,76518.52656,76102.38711,71249.70727,66168.11793,68310.10759,84318.09848,91493.35685,90800.56109,86170.06063,85654.29836,78073.65304,72502.04372,74851.43323,92409.13761,100279.2579,99519.39215,94440.66679,93884.10046,73332.96954,68726.95847,70634.30896,84888.88344,91278.48758,90661.26324,86538.21994,85997.78267,67460.32036,63640.48446,65247.02404,77252.94199,82634.46683,82114.82211,78641.92086,78247.85056,70670.1848,66184.20402,68074.65544,82203.76342,88537.20793,87925.50276,83838.50638,83381.34222,76688.03325,71001.83356,73400.50699,91326.64911,99362.01755,98586.12861,93400.74255,92840.29443
Tianjin,TJ,y1,12653.31431,12325.66518,13836.11896,16145.6776,16215.7027,16338.21899,15504.23895,14306.14914,10617.40215,10362.47779,11501.91877,13243.95029,13296.8675,13389.21137,12760.09774,11850.52574,11108.77731,10814.59268,12138.71318,14163.24907,14224.55845,14331.86344,13600.79422,12544.82811,10125.39996,9849.661347,11099.11814,13009.55051,13067.42575,13168.73609,12478.83862,11483.93806,10131.79578,9850.806054,11136.04685,13101.14636,13160.72672,13264.89216,12555.32907,11535.83742,11428.44474,11079.88666,12694.33565,15162.67593,15237.48997,15368.40745,14476.97625,13198.9835,12937.86277,12495.66277,14508.70263,17586.51115,17679.89997,17843.02592,16731.62856,15131.22759,12910.16064,12465.64171,14475.62874,17549.02808,17642.15865,17805.15427,16695.38372,15094.94074,10973.30675,10671.05715,12016.3913,14073.35675,14135.66655,14244.74797,13501.93224,12425.48866,10050.00264,9774.342756,11028.22365,12945.3093,13003.43473,13105.12201,12412.74564,11415.68295,11441.99066,11134.09945,12547.49051,14708.59331,14773.98595,14888.61913,14108.26252,12988.69617,12986.42226,12649.29551,14211.01754,16599.028,16671.35642,16797.99327,15935.7205,14699.4293
Tianjin,TJ,y2,13210.19425,12868.12616,14445.05506,16856.25851,16929.36464,17057.27396,16186.58875,14935.77156,11084.68075,10818.53676,12008.12518,13826.82385,13882.07103,13978.47862,13321.6769,12372.07436,11597.682,11290.54988,12672.94528,14786.58194,14850.58951,14962.61726,14199.37277,13096.93291,10571.02508,10283.15078,11587.59742,13582.10892,13642.53072,13748.30044,13028.03926,11989.35314,10577.70237,10284.34595,11626.15136,13677.73526,13739.93809,13848.6872,13107.89705,12043.53692,11931.41782,11567.51902,13253.02106,15829.99379,15908.10136,16044.78063,15114.1168,13779.87908,13507.26534,13045.60426,15147.23894,18360.50316,18458.00332,18628.30823,17467.99655,15797.16207,13478.34486,13014.26208,15112.70879,18321.37117,18418.60014,18588.76975,17430.15817,15759.27835,11456.24832,11140.69612,12545.23981,14692.73287,14757.78586,14871.66731,14096.16031,12972.3429,10492.30933,10204.51734,11513.58188,13515.04069,13575.72405,13681.88562,12959.0384,11918.09377,11945.5599,11624.11822,13099.71298,15355.92791,15424.19794,15543.87558,14729.17547,13560.33592,13557.96304,13205.99833,14836.45278,17329.56024,17405.07281,17537.28282,16637.06158,15346.35944
Tianjin,TJ,y3,13791.05912,13433.94939,15080.21824,17597.4446,17673.76507,17807.29857,16898.32892,15592.51206,11572.08433,11294.23764,12536.13332,14434.80281,14492.47927,14593.1251,13907.44381,12916.08639,12107.6426,11787.00593,13230.18712,15436.76238,15503.58408,15620.53682,14823.73287,13672.8184,11035.84268,10735.31077,12097.11476,14179.32736,14242.40509,14352.82521,13600.89499,12516.53611,11042.81383,10736.55841,12137.3638,14279.15849,14344.09583,14457.62673,13684.26311,12573.1025,12456.05332,12076.15362,13835.76878,16526.05334,16607.59531,16750.28474,15778.69858,14385.79278,14101.1919,13619.23126,15813.27761,19167.83208,19269.61901,19447.4127,18236.08136,16491.7788,14071.00093,13586.51148,15777.22977,19126.97907,19228.48367,19406.13513,18196.57897,16452.22868,11959.99047,11630.56372,13096.86601,15338.7861,15406.6997,15525.58902,14715.98252,13542.74868,10953.66596,10653.21994,12019.84581,14109.30997,14172.6615,14283.49174,13528.85969,12442.14423,12470.8171,12135.24151,13675.71988,16031.14231,16102.41427,16227.35473,15376.83181,14156.59775,14154.11905,13786.6785,15488.82503,18091.55789,18170.38989,18308.41379,17368.60858,16021.15321
Tianjin,TJ,y4,14389.28298,14016.6828,15734.36215,18360.78104,18440.41186,18579.73708,17631.33945,16268.87912,12100.93839,11809.07619,13115.14696,15111.95384,15172.61356,15278.46943,14557.33344,13513.67124,12594.96986,12261.76731,13760.5226,16052.10093,16121.47647,16242.93016,15415.46142,14220.74824,11500.34948,11187.32267,12602.78239,14766.98739,14832.5647,14947.33472,14165.78298,13037.33311,11555.44063,11233.31155,12712.42641,14973.9265,15042.50043,15162.38179,14345.77335,13174.89577,13075.14931,12674.2167,14528.28988,17362.98367,17448.89143,17599.2431,16575.50753,15105.94701,14722.5672,14219.24111,16510.76974,20014.42434,20120.74114,20306.44335,19041.2734,17223.04325,14660.15317,14156.87691,16434.4477,19916.98658,20022.51667,20207.18685,18949.7169,17133.07447,12394.62273,12054.9007,13563.64862,15870.50397,15940.36326,16062.71647,15229.62052,14022.45708,11430.4158,11115.92137,12545.93932,14732.29804,14798.61085,14914.55984,14124.96585,12988.98029,13072.35644,12722.86732,14335.00943,16800.00274,16874.55193,17005.31832,16115.22654,14838.15132,14805.5484,14420.83243,16197.41054,18913.9493,18996.25139,19140.3062,18159.39772,16752.82542
Tianjin,TJ,y5,15028.81174,14639.65145,16433.67282,19176.82132,19259.99168,19405.50992,18414.96075,16991.94576,12610.68297,12307.89986,13661.25668,15730.33181,15793.18538,15902.86422,15155.64227,14075.3105,13194.30852,12844.8938,14417.6012,16822.21748,16895.03694,17022.48744,16154.1688,14899.95951,12026.31413,11698.80891,13182.83576,15451.92659,15520.66661,15640.99733,14821.58041,13639.90018,12033.91002,11700.16823,13226.69747,15560.71845,15631.48452,15755.20447,14912.43182,13701.54291,13573.98911,13159.99315,15077.53403,18009.2737,18098.13295,18253.62875,17194.84193,15676.9234,15366.77952,14841.56267,17232.52554,20888.15214,20999.07395,21192.82503,19872.77757,17971.92116,15333.87787,14805.90572,17193.24172,20843.63259,20954.24747,21147.84333,19829.7278,17928.82249,13033.40458,12674.41085,14272.31462,16715.44815,16789.45663,16919.0154,16036.74681,14758.2155,11936.76173,11609.35051,13098.63103,15375.62608,15444.6631,15565.44011,14743.07927,13558.83034,13590.07743,13224.38339,14903.12098,17469.94441,17547.61199,17683.76594,16756.90777,15427.15758,15424.4569,15024.03818,16878.95342,19715.28181,19801.18923,19951.60048,18927.44812,17459.05843
Tianjin,TJ,y6,15687.83731,15281.61199,17154.30314,20017.74185,20104.5586,20256.45762,19222.47187,17737.05715,13163.67181,12847.61193,14260.31402,16420.11979,16485.72808,16600.21719,15820.2297,14692.52413,13772.88985,13408.15293,15049.82446,17559.88539,17635.89771,17768.93672,16862.54197,15553.33379,12553.67808,12211.81132,13760.91354,16129.5065,16201.26071,16326.86823,15471.51891,14238.02105,12561.60785,12213.23064,13806.69804,16243.06889,16316.93716,16446.08321,15566.35412,14302.36657,14169.21954,13737.07002,15738.69729,18798.99533,18891.75113,19054.06505,17948.85099,16364.36853,16040.62631,15492.37778,17988.18592,21804.11538,21919.90114,22122.14844,20744.21408,18760.00493,16006.28179,15455.1574,17947.1786,21757.64342,21873.10803,22075.19373,20699.27832,18715.01616,13604.92911,13230.19437,14898.16782,17448.43491,17525.68823,17660.92889,16739.97153,15405.37511,12460.19881,12118.42972,13673.01617,16049.85906,16121.92515,16247.99841,15389.57573,14153.3969,14186.01383,13804.28386,15556.63442,18236.01465,18317.08944,18459.21405,17491.71181,16103.65042,16100.83197,15682.85413,17619.1094,20579.81268,20669.48814,20826.49506,19757.43219,18224.65225
Tianjin,TJ,y7,16066.03413,15650.01639,17567.85338,20500.32278,20589.23348,20744.79449,19685.88101,18164.65543,13481.01816,13157.33746,14604.09658,16815.97085,16883.16082,17000.41033,16201.61933,15046.72616,14104.92158,13731.39234,15412.64124,17983.21348,18061.05854,18197.30486,17269.05899,15928.28887,12856.31729,12506.20998,14092.65775,16518.35126,16591.83598,16720.47054,15844.50156,14581.26655,12864.43852,12507.66347,14139.54593,16634.65196,16710.30116,16842.56039,15941.62244,14647.16377,14510.80585,14068.23851,16118.12044,19252.19507,19347.18765,19513.41502,18381.55561,16758.87605,16427.32768,15865.8636,18421.83896,22329.76169,22448.33935,22655.46117,21244.30899,19212.26531,16392.1546,15827.74601,18379.84408,22282.16983,22400.41801,22607.37589,21198.29021,19166.1921,13932.91242,13549.14323,15257.32811,17869.07522,17948.19174,18086.6934,17143.53325,15776.76288,12760.58512,12410.57725,14002.64147,16436.7846,16510.58672,16639.69965,15760.5823,14494.60194,14528.0054,14137.07222,15931.6688,18675.64304,18758.67262,18904.2236,17913.39593,16491.87176,16488.98541,16060.93202,18043.86609,21075.94489,21167.78155,21328.57353,20233.73754,18664.00647
Tianjin,TJ,y8,16444.4011,16018.58558,17981.58956,20983.11977,21074.12367,21233.34854,20149.49771,18592.44727,13829.22946,13495.68198,14988.28948,17270.28668,17339.6098,17460.58497,16636.45277,15443.73189,14393.81923,14013.02805,15725.83985,18344.70701,18423.99249,18562.79235,17617.14139,16251.797,13142.86299,12785.1284,14402.7481,16876.05077,16950.99459,17082.156,16188.98061,14899.36244,13205.82095,12837.68636,14528.0517,17112.54637,17190.91415,17327.91623,16394.67769,15056.57234,14942.57961,14484.38487,16603.26135,19842.81518,19940.99231,20112.81812,18942.86921,17263.4214,16825.28603,16250.07448,18868.885,22872.942,22994.4434,23206.66756,21760.80333,19682.88762,16753.95792,16178.80197,18781.66219,22761.58717,22882.19079,23093.23554,21656.16995,19580.07064,14164.85801,13776.61664,15500.8478,18137.1736,18217.01187,18356.83936,17404.75866,16025.18436,13062.94039,12703.52898,14337.7862,16836.40693,16912.19061,17044.69974,16142.33343,14844.10428,14939.38759,14539.98394,16382.37672,19199.42706,19284.62396,19434.06719,18416.84918,16957.37821,16920.11881,16480.45806,18510.77124,21615.29354,21709.35013,21873.97951,20752.9744,19145.51144
Tianjin,TJ,y9,16849.27692,16412.97742,18424.31187,21499.74351,21592.98743,21756.13239,20645.59654,19050.20916,14138.23695,13798.77723,15316.06737,17635.77353,17706.23929,17829.2045,16991.47094,15780.27624,14792.55773,14400.81785,16164.02994,18859.92194,18941.55995,19084.44913,18110.95133,16704.81516,13483.08088,13115.90622,14779.69494,17323.64474,17400.71141,17535.61792,16616.94463,15292.12401,13491.59891,13117.4295,14828.86939,17445.6146,17524.95292,17663.65832,16718.79911,15361.23425,15218.22994,14754.08536,16903.90201,20190.76709,20290.39121,20464.72264,19277.68295,17575.8956,17228.1841,16639.34714,19319.9308,23418.36929,23542.72838,23759.94723,22279.99925,20148.89131,17191.29638,16599.37165,19275.88732,23368.45739,23492.47057,23709.51827,22231.7376,20100.57109,14612.1623,14209.68408,16001.14463,18740.21909,18823.19293,18968.4461,17979.30505,16545.90332,13382.6817,13015.61045,14685.29029,17238.10072,17315.5009,17450.9082,16528.93337,15201.23511,15236.26754,14826.27693,16708.36148,19586.1075,19673.18479,19825.83116,18786.70063,17295.87437,17292.84744,16843.92583,18923.52952,22103.42671,22199.74074,22368.37171,21220.16166,19573.903
Tianjin,TJ,y10,17254.73022,16807.931,18867.66596,22017.10271,22112.59155,22279.66269,21142.40261,19508.6254,14478.45229,14130.8244,15684.62608,18060.1532,18132.31422,18258.23879,17400.34574,16160.00497,15148.51835,14747.35283,16552.99408,19313.75744,19397.36216,19543.68872,18546.76444,17106.7925,13807.53225,13431.52035,15135.34665,17740.51313,17819.43443,17957.58681,17016.80649,15660.1069,13816.2543,13433.08181,15185.7051,17865.41791,17946.66501,18088.70952,17121.11366,15730.88021,15584.43409,15109.12098,17310.67013,20676.62928,20778.64915,20957.17621,19741.57252,17998.83392,17642.75513,17039.74802,19784.83671,23981.89865,24109.25011,24331.69705,22816.13548,20633.74491,17604.98007,16998.81031,19739.73441,23930.78622,24057.78261,24280.05294,22766.71164,20584.26232,14963.78209,14551.61938,16386.18863,19191.17517,19276.14571,19424.89377,18411.95118,16944.05608,13704.71631,13328.81238,15038.67058,17652.9109,17732.17416,17870.84045,16926.67846,15567.03113,15602.90524,15183.0488,17110.42356,20057.41898,20146.59085,20302.91053,19238.77482,17712.07444,17708.97522,17249.25056,19378.89684,22635.31425,22733.94544,22906.63481,21730.79355,20044.92135
Tianjin,TJ,y11,17669.68475,17212.14047,19321.40972,22546.58594,22644.37146,22815.46033,21650.84992,19977.78234,14826.64139,14470.65286,16061.8218,18494.47659,18568.37391,18697.32645,17818.8022,16548.63419,15512.82101,15102.00772,16951.07209,19778.22936,19863.84398,20013.68995,18992.79103,17518.18956,14139.58627,13754.53212,15499.33277,18167.15065,18247.96897,18389.44395,17426.03837,16036.71307,14148.5179,13756.12989,15550.90113,18295.05891,18378.25916,18523.71983,17532.85385,16109.1868,15959.21893,15472.47641,17726.969,21173.87602,21278.35036,21461.16926,20216.33262,18431.68267,18067.04098,17449.53267,20260.63653,24558.6331,24689.04644,24916.84317,23364.8341,21129.96001,18028.35731,17407.6107,20214.44964,24506.29066,24636.34148,24863.95703,23314.22248,21079.288,15323.64295,14901.56693,16780.25653,19652.69868,19739.71202,19892.03692,18854.73505,17351.53906,14034.2976,13649.35338,15400.3313,18077.44078,18158.60985,18300.6105,17333.74308,15941.39785,15978.1356,15548.18161,17521.90773,20539.77525,20631.09122,20791.1697,19701.44364,18138.028,18134.85205,17664.0722,19844.93532,23179.66396,23280.66858,23457.51011,22253.3921,20526.97532
Tianjin,TJ,y12,17776.68481,17316.3696,19438.41123,22683.11782,22781.49569,22953.62018,21781.95862,20098.75967,14949.63785,14589.06764,16202.60195,18669.48025,18744.42039,18875.19646,17984.29572,16694.94369,15559.97008,15148.32806,16999.9079,19830.94817,19916.65692,20066.70168,19044.43686,17568.47578,14207.6633,13820.9469,15569.62132,18243.30475,18324.32057,18466.10808,17500.57061,16106.46999,14275.72317,13877.76161,15705.07665,18498.96057,18583.67732,18731.77936,17722.93273,16276.41749,16153.1888,15657.87253,17948.41541,21450.42846,21556.55932,21742.30621,20477.5713,18662.06061,18188.42773,17566.61406,20397.59427,24726.04896,24857.3939,25086.81252,23523.80821,21277.54497,18111.32112,17489.56696,20303.30518,24605.67226,24736.04711,24964.19049,23410.69659,21166.39653,15312.45821,14892.76282,16756.68688,19606.60105,19692.90739,19844.06417,18814.84863,17323.50281,14121.26647,13732.73672,15499.39655,18200.44938,18282.3726,18425.6188,17450.14367,16046.73471,16149.73902,15717.97546,17709.63525,20754.91505,20847.01424,21008.56479,19908.93559,18331.22206,18290.94463,17815.66183,20010.46595,23366.50904,23468.18574,23646.15253,22434.32707,20696.63177
Tianjin,TJ,y13,17903.00897,17439.4235,19576.54439,22844.30785,22943.38562,23116.73335,21936.74508,20241.58479,15022.42478,14661.73476,16273.91504,18738.69282,18813.56483,18944.22016,18054.09609,16767.15452,15717.66486,15301.42641,17174.90788,20039.39689,20126.14076,20277.96607,19243.58642,17749.51336,14326.2955,13936.15711,15703.99816,18407.04342,18488.92981,18632.27278,17656.14577,16248.4741,14335.3456,13937.77676,15756.24786,18536.64115,18620.94029,18768.32139,17764.37169,16321.90568,16169.9577,15676.78701,17961.05001,21453.47145,21559.32561,21744.559,20483.28434,18675.06891,18305.6124,17679.95002,20528.17388,24882.92425,25015.0598,25245.86505,23673.36111,21408.97647,18266.41789,17637.47402,20481.3774,24829.89061,24961.65901,25192.28007,23622.0811,21357.63455,15525.98851,15098.33863,17001.83591,19912.20732,20000.37017,20154.70757,19103.7081,17580.66228,14219.61726,13829.58989,15603.68998,18316.14972,18398.39067,18542.26611,17562.63159,16151.9011,16189.12316,15753.49145,17753.2803,20810.9973,20903.51946,21065.71278,19961.59613,18377.53616,18374.31919,17897.32274,20106.98296,23485.74651,23588.08463,23767.26185,22547.24258,20798.02998
Tianjin,TJ,y14,18020.42937,17553.80348,19704.94088,22994.13788,23093.86402,23268.34898,22080.62173,20374.34255,15120.95148,14757.89666,16380.6503,18861.59269,18936.95755,19068.46932,18172.50666,16877.12511,15820.75171,15401.7842,17287.55312,20170.82875,20258.14255,20410.96311,19369.79876,17865.92716,14420.25855,14027.56101,15806.99453,18527.76956,18610.19292,18754.47604,17771.94727,16355.0428,14429.36681,14029.19163,15859.5881,18658.21685,18743.07,18891.41728,17880.88304,16428.95584,16276.01153,15779.60676,18078.85152,21594.17881,21700.72711,21887.17657,20617.62854,18797.55365,18425.67287,17795.90721,20662.81183,25046.12416,25179.12632,25411.44488,23828.62845,21549.392,18386.22196,17753.15302,20615.70826,24992.74242,25125.37544,25357.50902,23777.01208,21497.71387,15627.81794,15197.36469,17113.34616,20042.80691,20131.54676,20286.89582,19229.00372,17695.96899,14312.87969,13920.29449,15706.02892,18436.28057,18519.06084,18663.88074,17677.8205,16257.83685,16295.30288,15856.8141,17869.71959,20947.49125,21040.61958,21203.87544,20092.51867,18498.06985,18494.83236,18014.70601,20238.85831,23639.78323,23742.79163,23923.14369,22695.12397,20934.43758
Tianjin,TJ,y15,18138.35527,17668.67512,19833.88983,23144.61065,23244.98969,23420.61634,22225.11679,20507.67266,15219.90274,14854.47228,16487.84528,18985.02313,19060.88107,19193.25364,18291.42768,16987.56935,15924.28295,15502.57296,17400.6818,20302.82619,20390.71259,20544.53279,19496.55416,17982.84173,14514.62442,14119.35613,15910.43721,18649.01455,18731.97846,18877.20498,17888.24687,16462.06924,14523.79237,14120.99715,15963.37344,18780.31588,18865.72424,19015.04256,17997.89504,16536.46675,16382.52174,15882.86711,18197.15808,21735.48993,21842.73641,22030.40558,20752.54938,18920.56382,18546.25079,17912.36316,20798.02953,25210.0253,25343.8975,25577.73687,23984.5616,21690.41053,18506.54069,17869.32873,20750.61756,25156.29472,25289.79569,25523.4477,23932.60777,21638.39343,15730.08652,15296.81589,17225.33507,20173.96631,20263.28788,20419.65383,19354.83755,17811.77113,14406.54339,14011.38854,15808.80984,18556.92696,18640.249,18786.01501,17793.50322,16364.22666,16401.93867,15960.58152,17986.6575,21084.56988,21178.30973,21342.63511,20224.00404,18619.12061,18615.86096,18132.59392,20371.30107,23794.48074,23898.16453,24079.69629,22843.63984,21071.43216
Tianjin,TJ,y16,18247.13575,17774.63941,19952.83951,23283.41625,23384.39637,23561.07673,22358.40691,20630.66266,15345.27295,14975.15981,16631.39637,19163.55946,19240.48213,19374.71905,18460.24161,17136.76686,15971.7568,15549.2207,17449.80139,20355.76459,20443.74122,20597.75706,19548.43877,18033.41611,14583.66156,14186.71088,15981.66373,18726.10439,18809.26482,18954.80493,17963.71433,16532.72008,14653.52396,14245.0306,16120.70331,18988.52676,19075.48547,19227.50681,18191.96058,16707.16457,16580.67492,16072.25064,18423.41148,22018.10356,22127.04399,22317.70568,21019.50023,19155.94282,18669.77546,18031.50548,20937.40693,25380.41181,25515.23304,25750.72264,24146.3526,21840.64447,18590.62797,17952.41984,20840.62131,25256.85038,25390.67408,25624.85495,24030.24956,21726.55526,15717.69517,15286.89154,17200.14332,20125.48001,20214.07013,20369.22709,19312.77361,17781.96086,14494.97931,14096.16649,15909.58193,18682.11558,18766.20694,18913.24346,17911.95317,16471.40496,16577.1333,16133.94444,18178.31134,21304.18393,21398.72032,21564.54624,20435.81515,18816.34835,18775.00484,18287.14457,20540.03368,23984.89198,24089.26056,24271.93705,23028.04081,21244.35768
Tianjin,TJ,y17,18402.07963,17925.57102,20122.26718,23481.12509,23582.96287,23761.14369,22548.26104,20805.84606,15441.19447,15070.45086,16727.57238,19261.0588,19338.01852,19472.31625,18557.37814,17234.56105,16155.81626,15727.97428,17653.6807,20598.0221,20687.18483,20843.24242,19780.02712,18244.30576,14725.66114,14324.64628,16141.76841,18920.16443,19004.33402,19151.67235,18148.33483,16701.42262,14734.9633,14326.31189,16195.475,19053.37544,19140.02428,19291.51387,18259.57807,16776.90031,16620.71731,16113.79827,18461.73881,22051.51629,22160.32132,22350.71828,21054.28415,19195.6624,18815.9061,18172.80288,21100.42492,25576.56944,25712.38886,25949.62712,24333.28945,22005.78108,18775.61961,18129.14252,21052.32358,25522.05799,25657.4997,25894.54916,24280.57941,21953.00702,15958.79597,15519.2256,17475.78496,20467.28766,20557.90801,20716.54695,19636.24967,18070.74668,14616.00963,14215.108,16038.66346,18826.73664,18911.2712,19059.15728,18052.21402,16602.15622,16640.41687,16192.64251,18248.17788,21391.13228,21486.23328,21652.94827,20518.0534,18889.83499,18886.52855,18396.2351,20667.49195,24140.44403,24245.63396,24429.80608,23175.77839,21377.80303
Tianjin,TJ,y18,18548.40939,18068.11137,20282.27507,23667.84177,23770.49114,23950.0878,22727.5605,20971.29062,15563.98029,15190.2874,16860.58646,19414.21919,19491.79133,19627.15644,18704.94233,17371.60724,16284.2841,15853.04012,17794.06037,20761.81295,20851.68494,21008.98251,19937.31364,18389.38035,14842.75654,14438.55331,16270.12418,19070.61464,19155.45246,19303.96369,18292.64732,16834.22852,14852.13289,14440.23142,16324.25717,19204.88369,19292.22257,19444.91668,18404.77397,16910.30805,16752.88193,16241.93222,18608.54247,22226.86499,22336.53576,22528.44763,21221.70288,19348.30284,18965.52649,18317.30939,21268.21149,25779.95022,25916.84872,26155.97334,24526.7826,22180.76686,18924.91912,18273.30178,21219.72784,25725.00436,25861.52285,26100.45815,24473.65358,22127.57394,16085.69745,15642.63182,17614.7487,20630.04051,20721.38087,20881.28073,19792.39397,18214.44232,14732.23234,14328.14476,16166.19987,18976.44381,19061.64961,19210.71213,18195.76196,16734.17395,16772.73832,16321.40303,18393.28379,21561.23091,21657.08827,21825.12776,20681.20895,19040.04314,19036.71096,18542.51797,20831.83556,24332.40409,24438.43074,24624.06678,23360.06749,21547.79501
Tianjin,TJ,y19,18695.77807,18211.66485,20443.42003,23855.88524,23959.34926,24140.37263,22908.13292,21137.90836,15687.63721,15310.97598,16994.54507,19568.46595,19646.65527,19783.09586,18853.55467,17509.62633,16413.66383,15978.99459,17935.43612,20926.76693,21017.35433,21175.90212,20095.71805,18535.48539,14960.68312,14553.26917,16399.39263,19222.13177,19307.64382,19457.33433,18437.98316,16967.9786,14970.13433,14554.96022,16453.95502,19357.46821,19445.5004,19599.40807,18551.00156,17044.66177,16885.98579,16370.97516,18756.38895,22403.46004,22514.00143,22707.43793,21390.31208,19502.02604,19116.20913,18462.84221,21437.18898,25984.77258,26122.76018,26363.78442,24721.64972,22356.99564,19075.27933,18418.48534,21388.31996,25929.39086,26066.99604,26307.82907,24668.09869,22303.37977,16213.49941,15766.9135,17754.69896,20793.94703,20886.01347,21047.18441,19949.64565,18359.15731,14849.28102,14441.98277,16294.64202,19127.21316,19213.09614,19363.34231,18340.32835,16867.12886,16905.99894,16451.07789,18539.41938,21732.53611,21829.15603,21998.53124,20845.52337,19191.31767,19187.95912,18689.84007,20997.34698,24525.72678,24632.59519,24819.70667,23545.66532,21718.99424
Tianjin,TJ,y20,18834.24137,18346.54199,20594.82673,24032.5645,24136.79458,24319.15984,23077.79337,21294.45929,15839.01115,15456.98938,17166.51489,19780.15133,19859.5486,19998.10478,19054.20398,17688.14655,16485.65194,16049.51994,18011.25253,21010.7168,21101.52307,21260.49467,20177.41452,18613.64572,15052.89511,14643.17215,16495.87789,19328.62128,19414.45715,19564.68026,18541.70113,17064.66382,15125.00408,14703.36761,16639.39141,19599.48648,19689.24355,19846.15623,18777.29171,17244.72215,17114.16232,16589.37919,19016.18878,22726.54072,22838.9863,23035.78271,21695.80754,19772.28862,19270.48009,18611.67296,21611.07268,26197.03233,26336.19195,26579.25839,24923.26774,22543.3721,19188.78586,18530.04354,21511.17369,26069.49513,26207.62463,26449.34125,24803.42809,22425.61284,16223.41593,15778.75124,17753.56242,20773.0212,20864.46274,21024.61181,19934.16642,18354.09918,14961.35784,14549.71376,16421.47497,19283.21705,19370.01417,19521.78087,18488.27373,17001.37645,17110.50629,16653.05807,18763.20239,21989.6506,22087.22909,22258.39023,21093.34237,19421.76908,19379.09451,18875.53774,21200.91366,24756.61166,24864.33744,25052.89235,23768.97296,21927.89972
Tianjin,TJ,y21,18993.65742,18501.8297,20769.14408,24235.98028,24341.09252,24524.99989,23273.12717,21474.69738,15937.5866,15554.92487,17265.31852,19880.25014,19959.68342,20098.29782,19153.94741,17788.60597,16675.1822,16233.58589,18221.19962,21260.19236,21352.22191,21513.29649,20415.90218,18830.81005,15199.05162,14785.14528,16660.68235,19528.39704,19615.27155,19767.34752,18731.7557,17238.328,15208.65207,14786.86381,16716.11523,19665.88925,19755.3252,19911.68408,18846.57359,17316.2335,17155.02829,16631.81336,19055.23355,22760.41352,22872.71516,23069.23348,21731.12245,19812.74987,19420.78618,18757.00939,21778.74644,26398.78641,26538.97261,26783.83722,25115.53782,22713.20824,19379.20449,18711.94553,21729.09897,26342.52233,26482.31888,26726.9892,25061.13365,22658.73764,16471.82853,16018.12744,18037.58374,21125.25562,21218.78941,21382.52897,20267.50197,18651.67312,15085.87409,14672.08662,16554.26281,19431.96598,19519.21696,19671.85811,18632.54416,17135.87089,17175.36078,16713.19239,18834.80752,22078.79992,22176.95814,22349.03222,21177.65286,19497.09179,19493.67996,18987.62356,21331.89585,24916.49381,25025.0658,25215.15862,23920.81709,22065.04207
Tianjin,TJ,y22,19144.17917,18648.45454,20933.73607,24428.04741,24533.99198,24719.3575,23457.56335,21644.88198,16063.88966,15678.19576,17402.14327,20037.79798,20117.86171,20257.57435,19305.7402,17929.57833,16807.33022,16362.23531,18365.59987,21428.67708,21521.43505,21683.78579,20577.69477,18980.04172,15319.50184,14902.31503,16792.71573,19683.15664,19770.71978,19924.00014,18880.20139,17374.93963,15329.17865,14904.04686,16848.5884,19821.73899,19911.88273,20069.48185,18995.93047,17453.46203,17290.97926,16763.61893,19206.24396,22940.78639,23053.97841,23252.05428,21903.33768,19969.76407,19574.6939,18905.65542,21951.3402,26607.99356,26749.29025,26996.09527,25314.57603,22893.20702,19532.78211,18860.23531,21901.29926,26551.28351,26692.18747,26938.79686,25259.73971,22838.30479,16602.36484,16145.06844,18180.53004,21292.67128,21386.94531,21551.98213,20428.11908,18799.48443,15205.42771,14788.36033,16685.45366,19585.96169,19673.90411,19827.75513,18780.20478,17271.67073,17311.47366,16845.64161,18984.06997,22253.77194,22352.70791,22526.14483,21345.48395,19651.60395,19648.16463,19138.09935,21500.94867,25113.95482,25223.38566,25414.98551,24110.386,22239.90423
Tianjin,TJ,y23,19295.76484,18796.11412,21099.49129,24621.47012,24728.25426,24915.08751,23643.30284,21816.26871,16191.08602,15802.33668,17539.9352,20196.45884,20277.15652,20417.97516,19458.60472,18071.54694,16940.41209,16491.79278,18511.02131,21598.35081,21691.84436,21855.48056,20740.63137,19130.328,15440.80344,15020.31395,16925.68232,19839.00934,19927.26635,20081.76082,19029.69668,17512.5155,15450.55591,15022.05897,16981.99626,19978.68934,20069.54661,20228.39307,19146.34242,17591.65927,17427.89084,16896.35488,19358.32051,23122.43334,23236.52184,23436.1662,22076.77081,20127.88608,19729.68809,19055.35291,22125.1528,26818.67863,26961.09338,27209.85282,25515.01874,23074.47722,19687.44388,19009.57283,22074.71576,26761.5191,26903.53857,27152.10077,25459.74858,23019.14101,16733.82432,16272.90735,18324.48516,21461.26782,21556.28952,21722.63309,20589.87064,18948.34183,15325.82515,14905.45552,16817.57017,19741.04513,19829.68381,19984.75273,18928.90826,17408.42888,17448.54772,16979.02678,19134.38829,22429.97829,22529.69789,22704.50862,21514.49907,19807.20761,19803.7408,19289.6358,21671.19526,25312.80818,25423.10682,25616.22284,24301.2944,22416.00219
Tianjin,TJ,y24,19438.15906,18934.8212,21255.19479,24803.16447,24910.73755,25098.94951,23817.77933,21977.26237,16346.88618,15952.61518,17716.95685,20414.39855,20496.34202,20639.34137,19665.17408,18255.31393,17014.26129,16564.14604,18588.78059,21684.42156,21778.14027,21942.20926,20824.39891,19210.48912,15535.56345,15112.70284,17024.81544,19948.3904,20036.97862,20192.01846,19136.23754,17611.83905,15609.98519,15174.82832,17172.92985,20227.94081,20320.57474,20482.51912,19379.38196,17797.67078,17662.92438,17121.31437,19625.93926,23455.26433,23571.3148,23774.42183,22391.47928,20406.28311,19888.3841,19208.45333,22304.02747,27037.03562,27180.65618,27431.51755,25722.4276,23266.2217,19804.07046,19124.20571,22200.92596,26905.40827,27047.96724,27297.43438,25598.7456,23144.68607,16743.61529,16284.69329,18322.82811,21439.1046,21533.47783,21698.76259,20573.35177,18942.62098,15441.09076,15016.24753,16948.02701,19901.52944,19991.10974,20147.74277,19081.09815,17546.52144,17659.15193,17187.03495,19364.84085,22694.7448,22795.45253,22972.10207,21769.69674,20044.52394,20000.48157,19480.77871,21880.71748,25550.42799,25661.6089,25856.20844,24531.12137,22631.01334
Tianjin,TJ,y25,19602.14933,19094.56613,21434.51701,25012.41884,25120.89806,25310.69816,24018.71931,22162.6748,16448.17334,16053.2513,17818.44025,20517.14495,20599.12473,20742.18024,19767.57547,18358.49298,17209.39807,16753.65507,18804.94414,21941.29669,22036.27561,22202.50845,21069.95835,19434.0858,15685.97749,15258.81096,17194.43516,20154.02066,20243.6783,20400.62597,19331.85718,17790.58536,15695.88657,15260.58447,17251.64357,20295.91781,20388.21847,20549.58776,19450.35404,17870.98678,17704.61669,17164.6409,19665.69888,23489.5794,23605.47982,23808.29421,22427.31346,20447.48461,20042.96315,19357.92032,22476.46433,27244.51573,27389.19161,27641.90137,25920.15522,23440.86241,20000.04824,19311.41287,22425.22574,27186.44824,27330.72282,27583.23175,25864.00744,23384.64645,16999.53047,16531.29407,18615.44808,21802.03713,21898.56693,22067.55235,20916.8045,19249.20944,15569.17417,15142.13008,17084.60577,20054.50024,20144.54676,20302.07743,19229.46811,17684.84608,17725.60213,17248.62545,19438.21033,22786.1298,22887.43301,23065.01863,21856.11406,20121.71355,20118.19179,19595.92325,22015.29772,25714.73453,25826.78373,26022.96659,24687.15802,22771.93168
Tianjin,TJ,y26,19756.9615,19245.36826,21603.79972,25209.95871,25319.29579,25510.59482,24208.41288,22337.70866,16578.07571,16180.03501,17959.16503,20679.18393,20761.81022,20905.99524,19923.69407,18503.48246,17345.31353,16885.97046,18953.46089,22114.58345,22210.31037,22377.85803,21236.36229,19587.57086,15809.86087,15379.32078,17330.23157,20313.19079,20403.55708,20561.74394,19484.5339,17931.09038,15819.84665,15381.10773,17387.8904,20456.2092,20549.23797,20711.88112,19603.96725,18012.12648,17844.44286,17300.20279,19821.01264,23675.09304,23791.90862,23996.32433,22604.43742,20608.97189,20201.25646,19510.80331,22653.97583,27459.68405,27605.50256,27860.20853,26124.86494,23625.99031,20158.00286,19463.92939,22602.33339,27401.15827,27546.57279,27801.07527,26068.27367,23569.33192,17133.7875,16661.85255,18762.46681,21974.22306,22071.51531,22241.83512,21081.99957,19401.23448,15692.13499,15261.71805,17219.53429,20212.88499,20303.64267,20462.41715,19381.33661,17824.51609,17865.59385,17384.85046,19591.72771,22966.08834,23068.1914,23247.18037,22028.72667,20280.62849,20277.07891,19750.68603,22189.16827,25917.82169,26030.75653,26228.48839,24882.13055,22951.777
Tibet,XZ,y1,1421.835491,1314.136254,1501.83404,1814.262611,1702.664394,1715.661259,1774.321595,1797.832294,1212.400678,1127.632215,1275.84272,1522.673989,1434.533744,1444.821128,1491.103283,1509.895399,1347.598313,1242.789481,1427.150661,1734.128391,1624.489357,1637.2728,1695.002061,1718.920126,1337.655393,1233.822899,1414.848223,1716.162991,1608.541997,1620.989867,1677.636714,1700.147062,1340.304601,1242.673011,1413.882239,1698.823451,1597.118364,1609.048356,1662.490541,1684.429985,1273.291271,1186.857739,1338.216636,1589.940313,1499.99901,1510.382181,1557.788373,1577.271969,1294.757451,1202.945345,1363.407981,1630.81318,1535.334876,1546.430675,1596.749765,1617.137427,1269.481447,1174.138951,1340.983537,1618.80569,1519.447687,1531.125459,1583.248642,1604.547906,1312.178381,1218.187879,1383.23752,1657.61188,1559.452062,1570.977891,1622.653568,1643.861048,1498.187121,1385.968086,1583.520132,1912.30159,1794.728652,1808.598362,1870.362477,1895.987652,1684.211449,1554.300548,1782.551695,2162.362127,2026.618196,2042.433633,2113.813429,2143.499967,1814.243308,1671.18098,1922.252903,2340.24698,2190.860726,2208.396784,2286.901768,2319.335551
Tibet,XZ,y2,1520.545176,1405.369113,1606.097504,1940.216257,1820.870338,1834.769489,1897.502337,1922.645205,1296.570471,1205.917129,1364.416942,1628.384286,1534.125025,1545.126555,1594.621805,1614.71849,1441.154149,1329.068952,1526.229349,1854.518637,1737.268013,1750.939071,1812.675999,1838.25467,1430.520902,1319.479919,1513.07285,1835.306117,1720.213584,1733.525618,1794.105186,1818.17836,1433.354067,1328.944568,1512.039767,1816.762831,1707.996872,1720.755021,1777.907569,1801.370085,1361.688436,1269.254212,1431.121173,1700.320538,1604.135116,1615.239167,1665.936411,1686.772698,1384.644822,1286.458753,1458.061306,1744.030955,1641.924122,1653.79027,1707.602755,1729.405721,1357.614103,1255.652469,1434.080091,1731.18977,1624.933943,1637.422393,1693.164184,1715.942233,1403.275113,1302.759465,1479.267485,1772.690158,1667.715621,1680.041639,1735.304853,1757.984635,1602.197475,1482.187694,1693.454638,2045.061443,1919.32606,1934.158712,2000.210776,2027.614868,1801.136347,1662.206443,1906.303781,2312.48222,2167.314361,2184.227701,2260.563033,2292.310498,1940.195466,1787.201259,2055.703542,2502.716539,2342.959415,2361.712817,2445.667771,2480.353491
Tibet,XZ,y3,1626.045917,1502.878431,1717.534217,2074.83523,1947.208743,1962.072222,2029.1577,2056.045104,1386.53115,1289.587894,1459.084952,1741.367298,1640.567954,1652.332812,1705.26229,1726.753348,1541.146442,1421.284487,1632.124476,1983.191739,1857.805784,1872.425303,1938.445925,1965.799181,1529.775524,1411.030058,1618.055129,1962.646029,1839.568039,1853.803654,1918.586423,1944.329906,1532.805132,1421.15131,1616.950459,1942.816183,1826.503695,1840.147074,1901.264882,1926.355449,1456.167133,1357.319573,1530.417369,1818.294757,1715.435564,1727.310132,1781.524907,1803.806893,1480.716285,1375.717808,1559.226674,1865.037918,1755.846568,1768.536024,1826.082183,1849.397953,1451.810099,1342.774015,1533.581561,1851.305785,1737.677583,1751.032568,1810.641812,1835.000304,1500.639332,1393.149535,1581.904351,1895.685526,1783.427594,1796.608723,1855.706403,1879.959828,1713.36361,1585.02717,1810.95252,2186.954894,2052.495615,2068.357379,2138.992383,2168.297922,1926.105494,1777.536135,2038.569747,2472.930336,2317.690228,2335.777133,2417.408801,2451.359022,2074.813036,1911.203507,2198.335512,2676.363769,2505.522141,2525.576814,2615.356826,2652.449042
Tibet,XZ,y4,1737.878499,1606.240114,1835.658946,2217.533671,2081.129488,2097.015249,2168.714543,2197.451276,1483.331926,1379.64442,1560.888501,1862.67451,1754.906448,1767.477674,1824.04833,1847.036544,1653.067553,1523.681525,1751.464393,2130.778386,1995.32266,2011.113595,2082.457223,2112.071215,1628.543312,1502.439743,1722.134975,2087.803841,1957.167625,1972.284439,2041.057016,2068.497549,1640.287755,1521.144506,1730.006776,2077.644134,1953.569211,1968.103522,2033.306339,2059.671871,1557.859661,1452.581258,1637.044998,1943.912904,1834.273487,1846.940186,1904.712132,1928.600153,1580.822831,1468.294892,1665.064883,1992.880528,1875.823856,1889.43345,1951.12703,1976.259774,1550.995537,1434.341858,1638.225013,1977.706121,1856.310394,1870.583928,1934.245535,1960.089461,1608.967613,1494.183087,1695.968588,2031.403915,1911.37633,1925.464079,1988.699662,2014.890641,1837.57946,1699.776367,1942.093521,2345.425865,2201.197407,2218.221178,2293.951301,2325.438198,2066.292527,1906.476226,2187.496144,2655.111266,2487.993889,2507.471741,2595.354737,2631.713357,2220.32673,2045.148659,2352.555467,2864.320457,2681.424722,2702.887206,2799.002318,2838.717488
Tibet,XZ,y5,1859.302141,1718.466244,1963.914368,2372.470243,2226.53573,2243.531372,2320.240239,2350.984635,1585.428928,1474.579213,1668.390669,1991.166389,1875.90739,1889.359849,1949.882094,1974.456066,1762.223805,1625.16766,1866.252585,2267.68047,2124.307948,2141.024618,2216.515897,2247.792971,1749.221664,1613.442286,1850.165078,2244.187526,2103.453996,2119.7318,2193.807538,2223.243944,1752.685994,1625.015467,1848.901787,2221.513149,2088.515529,2104.116087,2174.001265,2202.690995,1665.054288,1552.026943,1749.955745,2079.128996,1961.514638,1975.092656,2037.084553,2062.562908,1693.124988,1573.064497,1782.897674,2132.577541,2007.722659,2022.232359,2088.033583,2114.693952,1660.072156,1535.394898,1753.573828,2116.875457,1986.947378,2002.218033,2070.378322,2098.231013,1715.90601,1592.996768,1808.828374,2167.62156,2039.260142,2054.332338,2121.907416,2149.639981,1959.14548,1812.399131,2070.733579,2500.673535,2346.925973,2365.063206,2445.830685,2479.340059,2202.405181,2032.523711,2331.002461,2827.672086,2650.162824,2670.844242,2764.18605,2803.006406,2372.444865,2185.365588,2513.686662,3060.288016,2864.939184,2887.870632,2990.52963,3032.942726
Tibet,XZ,y6,1988.078312,1837.488114,2099.93595,2536.788631,2380.746599,2398.919363,2480.941148,2513.814948,1695.236463,1576.709141,1783.944176,2129.075369,2005.833589,2020.217785,2084.931743,2111.207823,1884.276316,1737.72751,1995.510109,2424.741057,2271.438529,2289.312886,2370.032754,2403.476168,1870.373686,1725.190017,1978.30836,2399.621012,2249.140226,2266.545436,2345.751756,2377.226842,1874.077805,1737.564735,1976.957551,2375.376091,2233.167125,2249.848125,2324.573641,2355.250394,1780.37663,1659.521048,1871.158345,2223.130434,2097.370071,2111.888438,2178.173942,2205.416871,1810.391572,1682.015633,1906.381977,2280.280752,2146.77838,2162.293119,2232.651765,2261.158682,1775.049581,1641.736991,1875.027113,2263.491267,2124.564197,2140.8926,2213.773679,2243.555444,1834.750333,1703.328492,1934.108661,2317.752088,2180.500313,2196.616245,2268.871674,2298.525048,2094.836726,1937.926763,2214.153461,2673.871277,2509.475161,2528.868504,2615.230064,2651.060333,2354.944862,2173.297186,2492.448769,3023.517912,2833.714314,2855.828117,2955.634829,2997.143887,2536.761496,2336.725059,2687.785706,3272.244892,3063.366154,3087.885906,3197.655045,3243.005699
Tibet,XZ,y7,2065.973453,1909.482914,2182.213902,2636.182806,2474.026895,2492.911709,2578.147205,2612.309057,1761.657681,1638.486463,1853.841075,2212.495027,2084.424331,2099.372163,2166.621762,2193.927284,1958.104388,1805.813595,2073.69655,2519.745129,2360.436011,2379.010786,2462.893314,2497.647047,1943.656944,1792.784936,2055.820711,2493.640856,2337.264043,2355.35117,2437.66094,2470.369246,1947.506282,1805.644466,2054.417018,2468.446081,2320.665091,2337.999658,2415.653087,2447.531809,1850.133786,1724.542968,1944.472503,2310.235267,2179.547451,2194.634657,2263.517351,2291.82771,1881.324755,1747.918881,1981.076202,2369.624811,2230.891731,2247.014245,2320.129591,2349.753361,1844.597973,1706.062187,1948.49276,2352.177417,2207.807,2224.775237,2300.511867,2331.460438,1906.637948,1770.06669,2009.889183,2408.564244,2265.934724,2282.68214,2357.768677,2388.583869,2176.914796,2013.856897,2300.90644,2778.636644,2607.799281,2627.952467,2717.697764,2754.931843,2447.214171,2258.449401,2590.105727,3141.982819,2944.742428,2967.72271,3071.439917,3114.575422,2636.154708,2428.280507,2793.096176,3400.45523,3183.392337,3208.872739,3322.942791,3370.070362
Tibet,XZ,y8,2145.75295,1983.219475,2266.482136,2737.981685,2569.563788,2589.177972,2677.704883,2713.185933,1831.465093,1703.442499,1927.223861,2299.838169,2166.777347,2182.298999,2252.146561,2280.529936,2041.03713,1881.284608,2162.527439,2630.865236,2463.618461,2483.11541,2571.203229,2607.767444,2010.757276,1855.057405,2126.314466,2577.804751,2416.508569,2435.1731,2520.086611,2553.967219,2025.258009,1878.152254,2136.033793,2565.260498,2412.065605,2430.011071,2510.516679,2543.070131,1923.484243,1793.497387,2021.254255,2400.142913,2264.771571,2280.411093,2351.741958,2381.23637,1951.836815,1812.898773,2055.850148,2460.603184,2316.073652,2332.877354,2409.050224,2440.081522,1915.009233,1770.977249,2022.711169,2441.867291,2291.980439,2309.603901,2388.206611,2420.116188,1986.587074,1844.862962,2094.006914,2508.16788,2359.970183,2377.364237,2455.441103,2487.778897,2268.853381,2098.708377,2397.896619,2895.889748,2717.811267,2738.830579,2832.334224,2871.211072,2551.24472,2353.920058,2700.89437,3278.257282,3071.917959,3095.967222,3204.476065,3249.368012,2741.430133,2525.138405,2904.692657,3536.56716,3310.746447,3337.245955,3455.91904,3504.95524
Tibet,XZ,y9,2230.943496,2061.956968,2356.465736,2846.684651,2671.580348,2691.973179,2784.01476,2820.90452,1902.327742,1769.321215,2001.872046,2389.164907,2250.867756,2267.009145,2339.628642,2369.114465,2114.460904,1950.009597,2239.283183,2720.949225,2548.919087,2568.977194,2659.557705,2697.086612,2098.859976,1935.940504,2219.979966,2692.760469,2523.896819,2543.428259,2632.31051,2667.630622,2103.016512,1949.826926,2218.46418,2665.553836,2505.972447,2524.691221,2608.545273,2642.969567,1997.868785,1862.249452,2099.740457,2494.709702,2353.586431,2369.878281,2444.26141,2474.832395,2031.550314,1887.491984,2139.267059,2558.841527,2409.030541,2426.440469,2505.394117,2537.383511,1991.890945,1842.292892,2104.081816,2540.001069,2384.102596,2402.425619,2484.210008,2517.629853,2058.884822,1911.408306,2170.380804,2600.890343,2446.871887,2464.956412,2546.038749,2579.314529,2350.743527,2174.665315,2484.636181,3000.51341,2816.03455,2837.796947,2934.708541,2974.915872,2642.626651,2438.788825,2796.928185,3392.873204,3179.882894,3204.698185,3316.697388,3363.277144,2846.654231,2622.180998,3016.12756,3671.984836,3437.589336,3465.104351,3588.283009,3639.173758
Tibet,XZ,y10,2318.254318,2142.654432,2448.689239,2958.093449,2776.136305,2797.327186,2892.970881,2931.304295,1976.77791,1838.565938,2080.218046,2482.668097,2338.958396,2355.731589,2431.193136,2461.832894,2197.213065,2026.325759,2326.920531,2827.437188,2648.674573,2669.517497,2763.643034,2802.640697,2181.001582,2011.706183,2306.861967,2798.145301,2622.672954,2642.968714,2735.329495,2772.031967,2185.3209,2026.136015,2305.286756,2769.87377,2604.047026,2623.498434,2710.634144,2746.405654,2076.058046,1935.13112,2181.916592,2592.343514,2445.697088,2462.626688,2539.920735,2571.688185,2111.057762,1961.361442,2222.990122,2658.985251,2503.311119,2521.402476,2603.446066,2636.687363,2069.846284,1914.3936,2186.427882,2639.40744,2477.407607,2496.447785,2581.432833,2616.160637,2139.462125,1986.213799,2255.321492,2702.679699,2542.633378,2561.425939,2645.681427,2680.259444,2442.743104,2259.77377,2581.875674,3117.942461,2926.243788,2948.857954,3049.562264,3091.343159,2746.049371,2534.234052,2906.389711,3525.657774,3304.331885,3330.11837,3446.500779,3494.903617,2958.061745,2724.803651,3134.167773,3815.692805,3572.123927,3600.715759,3728.715269,3781.597693
Tibet,XZ,y11,2408.947512,2226.477824,2544.485148,3073.817904,2884.742341,2906.762268,3006.147707,3045.98085,2054.112052,1910.493068,2161.598916,2579.793282,2430.461621,2447.890811,2526.304609,2558.143095,2283.170935,2105.598331,2417.952686,2938.050245,2752.294106,2773.952509,2871.760385,2912.283668,2266.325158,2090.406854,2397.109314,2907.612439,2725.275332,2746.365133,2842.339186,2880.477493,2270.813554,2105.401198,2395.472629,2878.235006,2705.920789,2726.133019,2816.677756,2853.848631,2157.276128,2010.836023,2267.276193,2693.759406,2541.376036,2558.967817,2639.285823,2672.295974,2193.645161,2038.09247,2309.956379,2763.008275,2601.243934,2620.043085,2705.296364,2739.838049,2150.82132,1989.287017,2271.96373,2742.664492,2574.327032,2594.112077,2682.42196,2718.508237,2223.160591,2063.917147,2343.552679,2808.412074,2642.10456,2661.632271,2749.183825,2785.114718,2538.306443,2348.179093,2682.882036,3239.920497,3040.72234,3064.221183,3168.865134,3212.280603,2853.478415,2633.376533,3020.0915,3663.586222,3433.601701,3460.396963,3581.332468,3631.628803,3073.785081,2831.401546,3256.78052,3964.967788,3711.87007,3741.580537,3874.587496,3929.538679
Tibet,XZ,y12,2459.205901,2272.929356,2597.571309,3137.947794,2944.927441,2967.406753,3068.865784,3109.529807,2099.006582,1952.282287,2208.753889,2635.800016,2483.301471,2501.090549,2581.141583,2613.671222,2339.193089,2156.10388,2478.430776,3015.183751,2823.505409,2845.850542,2946.806284,2988.711792,2304.489913,2126.045316,2436.927782,2954.372033,2769.513658,2790.904784,2888.22241,2927.052436,2321.108862,2152.513875,2448.066925,2939.995399,2764.421644,2784.988529,2877.254529,2914.563536,2204.467973,2055.492629,2316.520253,2750.757354,2595.610803,2613.534939,2695.285921,2729.088802,2236.962386,2077.728111,2356.169982,2820.049609,2654.407119,2673.665538,2760.965885,2796.5302,2194.75491,2029.682744,2318.189964,2798.576834,2626.794431,2646.992272,2737.07738,2773.648219,2276.788818,2114.361588,2399.900758,2874.562563,2704.716075,2724.651104,2814.133436,2851.195234,2600.28886,2405.289016,2748.182811,3318.923199,3114.830905,3138.920746,3246.083435,3290.63954,2923.932155,2697.782121,3095.442758,3757.147312,3520.665769,3548.228145,3672.588081,3724.037795,3141.900074,2894.012258,3329.012023,4053.191233,3794.382492,3824.753115,3960.762032,4016.961464
Tibet,XZ,y13,2513.134974,2322.773518,2654.534612,3206.761245,3009.508065,3032.48033,3136.164248,3177.720076,2142.95282,1993.122324,2255.0885,2691.369898,2535.579501,2553.762586,2635.56779,2668.783338,2381.918621,2196.665898,2522.529612,3065.121524,2871.331326,2893.9265,2995.964584,3038.240609,2364.344235,2180.817283,2500.784795,3033.367242,2843.144021,2865.146104,2965.270916,3005.05866,2369.026697,2196.460174,2499.077303,3002.719126,2822.952413,2844.038907,2938.499607,2977.278265,2250.578689,2097.804982,2365.33633,2810.265084,2651.291071,2669.643733,2753.435493,2787.873384,2288.520753,2126.240387,2409.862491,2882.508897,2713.748325,2733.360377,2822.300949,2858.336567,2243.84477,2075.3242,2370.226766,2861.28533,2685.667249,2706.308001,2798.437191,2836.084366,2319.312789,2153.181992,2444.911833,2929.876447,2756.376187,2776.748376,2868.086716,2905.571526,2648.088671,2449.738327,2798.91721,3380.047722,3172.234077,3196.749394,3305.919202,3351.212319,2976.891929,2747.270677,3150.711048,3822.037004,3582.105679,3610.059814,3736.225776,3788.697498,3206.726966,2953.860207,3397.636958,4136.453494,3872.409298,3903.404673,4042.1642,4099.492104
Tibet,XZ,y14,2566.850303,2372.420147,2711.272291,3275.302058,3073.832806,3097.296155,3203.196181,3245.640277,2188.756046,2035.722957,2303.288392,2748.894844,2589.774675,2608.34641,2691.900085,2725.825571,2432.829301,2243.617107,2576.445841,3130.635061,2932.70279,2955.780892,3059.999995,3103.179514,2414.879433,2227.429755,2554.236126,3098.201931,2903.912993,2926.385193,3028.650164,3069.288393,2419.661931,2243.406952,2552.492263,3066.898867,2883.289824,2904.827052,3001.306712,3040.91413,2298.682312,2142.64319,2415.892561,2870.331295,2707.959388,2726.70439,2812.287032,2847.460994,2337.435314,2171.686293,2461.370586,2944.119264,2771.751566,2791.78293,2882.624438,2919.430247,2291.804472,2119.681793,2420.887599,2922.442026,2743.070296,2764.152266,2858.250601,2896.702351,2368.885395,2199.203742,2497.169032,2992.499225,2815.290664,2836.098225,2929.388728,2967.674766,2704.688559,2502.098704,2858.740925,3452.292369,3240.037057,3265.076239,3376.579486,3422.84077,3040.519589,2805.990468,3218.053905,3903.728704,3658.669126,3687.220784,3816.08331,3869.676532,3275.267019,3016.995484,3470.257563,4224.865404,3955.177515,3986.835483,4128.560793,4187.114053
Tibet,XZ,y15,2621.675452,2423.092423,2769.182046,3345.25891,3139.486461,3163.450969,3271.612913,3314.963553,2235.505405,2079.203806,2352.484194,2807.608261,2645.0893,2664.057785,2749.39607,2784.046116,2484.791971,2291.538308,2631.475809,3197.502033,2995.342109,3018.913102,3125.358195,3169.459899,2466.4585,2275.005191,2608.791941,3164.376211,2965.937408,2988.889628,3093.338894,3134.845061,2471.343242,2291.323735,2607.010692,3132.404571,2944.873685,2966.870883,3065.411345,3105.864771,2347.779591,2188.40771,2467.493326,2931.638378,2765.798381,2784.94373,2872.354365,2908.279566,2387.360327,2218.071227,2513.942747,3007.002443,2830.953121,2851.412304,2944.19412,2981.786114,2340.754832,2164.955861,2472.59509,2984.862053,2801.65926,2823.191469,2919.29959,2958.572737,2419.482251,2246.176298,2550.505797,3056.415741,2875.422173,2896.674101,2991.957354,3031.061068,2762.457734,2555.54073,2919.800371,3526.029591,3309.240711,3334.814713,3448.699511,3495.948765,3105.461764,2865.923343,3286.788023,3987.10809,3736.81422,3765.975709,3897.590698,3952.32857,3345.223107,3081.435325,3544.378498,4315.103891,4039.655789,4071.989946,4216.742332,4276.546126
Tibet,XZ,y16,2676.217252,2473.502765,2826.792605,3414.854199,3204.800935,3229.263955,3339.676138,3383.928571,2284.232423,2124.560533,2403.664279,2868.394833,2702.439102,2721.798036,2808.913065,2844.313286,2545.613922,2346.36822,2697.138605,3281.256994,3072.664139,3096.98109,3206.845586,3252.449032,2507.848499,2313.657134,2651.973284,3215.078993,3013.907832,3037.186675,3143.09205,3185.348553,2525.934053,2342.461329,2664.095311,3199.433648,3008.366536,3030.748378,3131.156207,3171.757587,2399.000132,2236.878553,2520.940421,2993.496409,2824.659085,2844.164983,2933.129945,2969.915824,2434.362005,2261.076234,2564.088994,3068.903452,2888.643848,2909.601716,3004.605849,3043.30853,2388.429984,2208.791109,2522.757461,3045.5357,2858.594442,2880.574682,2978.609231,3018.407352,2477.702903,2300.942471,2611.678786,3128.226809,2943.392302,2965.086428,3062.465131,3102.797456,2829.750085,2617.542628,2990.694883,3611.799784,3389.697461,3415.913018,3532.532288,3581.020198,3181.952948,2935.846495,3368.598409,4088.694642,3831.344953,3861.339569,3996.673535,4052.663432,3419.155401,3149.392763,3622.778923,4410.862848,4129.215611,4162.266262,4310.277267,4371.436062
Tibet,XZ,y17,2725.528383,2519.078741,2878.878152,3477.775232,3263.851568,3288.76533,3401.211908,3446.279847,2324.060877,2161.567645,2445.673461,2918.826475,2749.869716,2769.589598,2858.308319,2894.331054,2583.22243,2382.313368,2735.717026,3324.165166,3113.997179,3138.501803,3249.163584,3295.012308,2564.162817,2365.125439,2712.134393,3289.72716,3083.427529,3107.289059,3215.875804,3259.026181,2569.240988,2382.090311,2710.282618,3256.48899,3061.529502,3084.398102,3186.841986,3228.897859,2440.782646,2275.097405,2565.238655,3047.769884,2875.360434,2895.264203,2986.137487,3023.485853,2481.931161,2305.935928,2613.527997,3126.11929,2943.096175,2964.365848,3060.822918,3099.904017,2433.479563,2250.716665,2570.54242,3103.101993,2912.641873,2935.027081,3034.942344,3075.771252,2515.325628,2335.154553,2651.539517,3177.490055,2989.326687,3011.420643,3110.478258,3151.131007,2871.887405,2656.773858,3035.462991,3665.706825,3440.330182,3466.91726,3585.313424,3634.434458,3228.478907,2979.45169,3416.988184,4145.050058,3884.841281,3915.15798,4051.986586,4108.892894,3477.738031,3203.500744,3684.782589,4486.038936,4199.679378,4233.294298,4383.78092,4445.953757
Tibet,XZ,y18,2774.262835,2564.121778,2930.354653,3539.960407,3322.211652,3347.570892,3462.028047,3507.901818,2365.616791,2200.218059,2489.404017,2971.017266,2799.03946,2819.111917,2909.416977,2946.083856,2629.412386,2424.910968,2784.633631,3383.603718,3169.677692,3194.620671,3307.261036,3353.929635,2610.011928,2407.415628,2760.629365,3348.549821,3138.561554,3162.849609,3273.378035,3317.300003,2615.181034,2424.683843,2758.744489,3314.717331,3116.271917,3139.549469,3243.825071,3286.633008,2484.425716,2315.777959,2611.107059,3102.266206,2926.774101,2947.033716,3039.531795,3077.547988,2526.310043,2347.167784,2660.259861,3182.016653,2995.720876,3017.370869,3115.552732,3155.332779,2476.992028,2290.961308,2616.505643,3158.587818,2964.72208,2987.507543,3089.209463,3130.7683,2560.301545,2376.908749,2698.950914,3234.305867,3042.778085,3065.266994,3166.095831,3207.475579,2923.238871,2704.278884,3089.739286,3731.252371,3501.845948,3528.908374,3649.421454,3699.420827,3286.206526,3032.726453,3478.086488,4219.166629,3954.30521,3985.163994,4124.439187,4182.362927,3539.92258,3260.781733,3750.669234,4566.252657,4274.77273,4308.988779,4462.166204,4525.450727
Tibet,XZ,y19,2823.849906,2609.952782,2982.731638,3603.233524,3381.592716,3407.405281,3523.908267,3570.601914,2407.899879,2239.544658,2533.899483,3024.121164,2849.069433,2869.500612,2961.419839,2998.742049,2676.410417,2468.253721,2834.406083,3444.082108,3226.332344,3251.721077,3366.3749,3413.877627,2656.663135,2450.445609,2809.972775,3408.401742,3194.660065,3219.382268,3331.886278,3376.593307,2661.924559,2468.022611,2808.054243,3373.964514,3171.971987,3195.665509,3301.805092,3345.378097,2528.832202,2357.169957,2657.777855,3157.716083,2979.087061,2999.708896,3093.860277,3132.556003,2571.465184,2389.121,2707.809208,3238.891974,3049.266234,3071.303213,3171.240122,3211.730963,2521.265633,2331.909709,2663.272938,3215.044263,3017.71332,3040.906115,3144.425796,3186.727582,2606.064217,2419.393597,2747.191912,3292.115787,3097.164578,3120.055524,3222.686569,3264.805888,2975.488775,2752.615071,3144.96523,3797.944655,3564.437747,3591.983911,3714.651182,3765.544196,3344.944022,3086.933276,3540.253582,4294.579857,4024.984316,4056.394582,4198.159219,4257.118293,3603.195017,3319.064804,3817.708496,4647.86962,4351.179922,4386.007508,4541.922784,4606.338484
Tibet,XZ,y20,2872.786337,2655.182415,3034.421509,3665.676513,3440.194723,3466.454529,3584.97653,3632.479294,2452.010153,2280.610334,2580.214211,3079.07944,2900.9343,2921.715077,3015.228645,3053.229079,2732.590218,2518.709768,2895.244445,3522.266534,3298.352487,3324.45547,3442.389578,3491.342518,2692.05078,2483.596106,2846.76169,3451.227708,3235.280478,3260.269051,3373.953292,3419.313527,2711.464655,2514.515927,2859.774011,3434.433152,3229.332125,3253.358031,3361.140816,3404.724289,2575.207549,2401.17811,2706.104312,3213.369813,3032.131259,3053.069912,3148.569456,3188.057177,2613.166739,2427.153138,2752.422268,3294.315445,3100.81572,3123.313008,3225.295189,3266.84059,2563.860969,2371.027722,2708.054964,3269.231478,3068.559224,3092.153967,3197.389307,3240.110415,2659.69112,2469.9475,2803.507447,3357.996182,3159.585482,3182.873151,3287.404336,3330.699133,3037.596188,2809.801936,3210.362307,3877.087676,3638.672025,3666.813106,3791.998076,3844.047429,3415.668587,3151.485491,3616.023228,4389.010746,4112.7586,4144.956357,4290.230619,4350.333026,3670.29351,3380.716806,3888.873361,4734.8422,4432.507943,4467.986229,4626.86864,4692.519539
Tibet,XZ,y21,2925.640172,2704.032922,3090.249167,3733.117983,3503.487786,3530.230735,3650.933252,3699.310081,2494.696457,2320.272784,2625.23803,3133.130496,2951.768659,2972.936536,3068.16906,3106.836647,2772.885999,2557.226,2936.576852,3568.229708,3342.630906,3368.93479,3487.721409,3536.936409,2752.426994,2538.776011,2911.262928,3531.263231,3309.816833,3335.430189,3451.989633,3498.308146,2757.878006,2556.986415,2909.275105,3495.584638,3286.310901,3310.858634,3420.824029,3465.967862,2619.988092,2442.138104,2753.581772,3271.541099,3086.473203,3107.838285,3205.383593,3245.474112,2664.157917,2475.240801,2805.416613,3355.643069,3159.182122,3182.013465,3285.552612,3327.503086,2612.148838,2415.967252,2759.275026,3330.93579,3126.491816,3150.520605,3257.7718,3301.598466,2700.004128,2506.604547,2846.218937,3410.785488,3208.806873,3232.52301,3338.853524,3382.49117,3082.745164,2851.837612,3258.330664,3934.847729,3692.923832,3721.462973,3848.551804,3901.279373,3465.518076,3198.206908,3667.867879,4449.385023,4170.071416,4202.613996,4349.488688,4410.573199,3733.078116,3438.705943,3955.324082,4815.409689,4508.025273,4544.108389,4705.64384,4772.381499
Tibet,XZ,y22,2977.873201,2752.309365,3145.421017,3799.767388,3566.037465,3593.257814,3716.115385,3765.35593,2539.235753,2361.697883,2672.107886,3189.06801,3004.468244,3026.013907,3122.946743,3162.30463,2822.391827,2602.881538,2989.005184,3631.935246,3402.308659,3429.082204,3549.989551,3600.083238,2801.567574,2584.102126,2963.239236,3594.308753,3368.908787,3394.979409,3513.619879,3560.765326,2807.115843,2602.63773,2961.215954,3557.993176,3344.983277,3369.969102,3481.897899,3527.84761,2666.764126,2485.738956,2802.742986,3329.949697,3141.577688,3163.324206,3262.611005,3303.417351,2711.722456,2519.43265,2855.50322,3415.553168,3215.584744,3238.823726,3344.211321,3386.910824,2658.784884,2459.10076,2808.537904,3390.404799,3182.310741,3206.768444,3315.934581,3360.543602,2748.208763,2551.356414,2897.034044,3471.68017,3266.095493,3290.235036,3398.463896,3442.880618,3137.782998,2902.753036,3316.503409,4005.098696,3758.855552,3787.904143,3917.26209,3970.930992,3527.389779,3255.306214,3733.352247,4528.822316,4244.521934,4277.645617,4427.142563,4489.31754,3799.726855,3500.098992,4025.940651,4901.381797,4588.509477,4625.236831,4789.656236,4857.585385
Tibet,XZ,y23,3031.018441,2801.429056,3201.556403,3867.58068,3629.679434,3657.385653,3782.435819,3832.555116,2584.552671,2403.84633,2719.79615,3245.98232,3058.088148,3080.01825,3178.681127,3218.74137,2872.762178,2649.334334,3042.349127,3696.753265,3463.028661,3490.27998,3613.345168,3664.33284,2851.566283,2630.219769,3016.123258,3658.455254,3429.032715,3455.568593,3576.326345,3624.313249,2857.213636,2649.086211,3014.063908,3621.491609,3404.680166,3430.111966,3544.038316,3590.808002,2714.357059,2530.101114,2852.762761,3389.378271,3197.644519,3219.779086,3320.837827,3362.372427,2760.117784,2564.396172,2906.464571,3476.509547,3272.97232,3296.625997,3403.894522,3447.356019,2706.235426,2502.987665,2858.660985,3450.912355,3239.104546,3263.998769,3375.113071,3420.518242,2797.255176,2596.889626,2948.736459,3533.638182,3324.384484,3348.954868,3459.115277,3504.324676,3193.782105,2954.557611,3375.692072,4076.576492,3825.938661,3855.505798,3987.172286,4041.799065,3590.34215,3313.402674,3799.980287,4609.646873,4320.27277,4353.987449,4506.152425,4569.437016,3867.539375,3562.564273,4097.790344,4988.855353,4670.399259,4707.782012,4875.13582,4944.277305
Tibet,XZ,y24,3083.463514,2849.901413,3256.952346,3934.500727,3692.483332,3720.668948,3847.882686,3898.869093,2631.829656,2447.860376,2769.435611,3304.885452,3113.675679,3135.980488,3236.352128,3277.139349,2932.98593,2703.420448,3107.568615,3780.573611,3540.239034,3568.25647,3694.839147,3747.381968,2889.473609,2665.731848,3055.530444,3704.325345,3472.541672,3499.362904,3621.38408,3670.070743,2910.311159,2698.919331,3069.496936,3686.299212,3466.157162,3491.944948,3607.632021,3654.411561,2764.061646,2577.270104,2904.557849,3449.024284,3254.494272,3276.968466,3379.471654,3421.855219,2804.804426,2605.149976,2954.27248,3535.906177,3328.215853,3352.362956,3461.824212,3506.41621,2751.882913,2544.908623,2906.65147,3508.982578,3293.593788,3318.918797,3431.871708,3477.725909,2854.740695,2651.082408,3009.104036,3604.256897,3391.295601,3416.291078,3528.488082,3574.957659,3260.35997,3015.860159,3445.795965,4161.415956,3905.515751,3935.720637,4070.086116,4125.952569,3666.158518,3382.601522,3881.206172,4710.881369,4414.370086,4448.929049,4604.8572,4669.36695,3939.456362,3628.643581,4174.065913,5082.074266,4757.568338,4795.648348,4966.18247,5036.647896
Tibet,XZ,y25,3140.107731,2902.255199,3316.783571,4006.778678,3760.315146,3789.018541,3918.569298,3970.492482,2677.573144,2490.363154,2817.684243,3362.808527,3168.151811,3190.871199,3293.084968,3334.586989,2976.155757,2744.68647,3151.846153,3829.803042,3587.666408,3615.898532,3743.392968,3796.215767,2954.196891,2724.883942,3124.676473,3790.12665,3552.446895,3579.937901,3705.04187,3754.755779,2960.047508,2744.429324,3122.543047,3751.832627,3527.218001,3553.56504,3671.591726,3720.044831,2812.049486,2621.161911,2955.436418,3511.365315,3312.730845,3335.662141,3440.358103,3483.387398,2859.457174,2656.691214,3011.071081,3601.632506,3390.769799,3415.274816,3526.403992,3571.429693,2803.635538,2593.072655,2961.546912,3575.113964,3355.683174,3381.473337,3496.586686,3543.625965,2897.931103,2690.354172,3054.864456,3660.817092,3444.032394,3469.487007,3583.612178,3630.44873,3308.729499,3060.895003,3497.186437,4223.296531,3963.637967,3994.269216,4130.674594,4187.267322,3719.562031,3432.655306,3936.745265,4775.552476,4475.76357,4510.691642,4668.33321,4733.895553,4006.735936,3690.784388,4245.273837,5168.40911,4838.491493,4877.219621,5050.596656,5122.226663
Tibet,XZ,y26,3196.083682,2953.991101,3375.908843,4078.204004,3827.346888,3856.561957,3988.422246,4041.270867,2725.303854,2534.756644,2867.91255,3422.754243,3224.627558,3247.751926,3351.787785,3394.02972,3029.209013,2793.613606,3208.03134,3898.073527,3651.620524,3680.355926,3810.12315,3863.887548,3006.858801,2773.458084,3180.377307,3857.689842,3615.773251,3643.754304,3771.088308,3821.688516,3012.813691,2793.351909,3178.205784,3818.713255,3590.09449,3616.911338,3737.04187,3786.358685,2862.177375,2667.887067,3008.120432,3573.959392,3371.783908,3395.124049,3501.686237,3545.482631,2910.430208,2704.049791,3064.746695,3665.835594,3451.213954,3476.1558,3589.265994,3635.094406,2853.613415,2639.29708,3014.339902,3638.84441,3415.501778,3441.751798,3558.917271,3606.794995,2949.589934,2738.312718,3109.320791,3726.075316,3505.425975,3531.334453,3647.494097,3695.165453,3367.711268,3115.45879,3559.527706,4298.581508,4034.294146,4065.47143,4204.308398,4261.910027,3785.867376,3493.84615,4006.922126,4860.682074,4555.548944,4591.099732,4751.55152,4818.282384,4078.160356,3756.576749,4320.950626,5260.541766,4924.742915,4964.161488,5140.629189,5213.535959
Xinjiang,XJ,y1,55492.86702,54327.26492,54611.96716,56291.0741,57235.62674,56950.81593,57445.35371,57518.90966,53412.7642,52381.01454,52630.74466,54103.12969,54931.39903,54681.56722,55115.39137,55176.05057,53481.86019,52313.4914,52598.2296,54277.28135,55221.8531,54936.9871,55431.67147,55506.66471,52632.94108,51331.45067,51648.08236,53514.46431,54564.27239,54247.65881,54797.57859,54879.51109,51762.99973,50457.56735,50775.08862,52646.68438,53699.39518,53382.00229,53933.47701,54013.51307,54067.86351,52651.46823,52999.83054,55053.28771,56208.33226,55860.00713,56465.01887,56571.32724,56664.65785,55215.22731,55567.95154,57647.52671,58817.40654,58464.53684,59077.31741,59168.16456,56195.76722,54716.19361,55075.59747,57193.63465,58385.17392,58025.75229,58649.79969,58740.37471,52769.87122,51455.10101,51774.17763,53655.09969,54713.22058,54394.10645,54948.35257,55028.51643,53723.33143,52333.93253,52674.78817,54683.72091,55813.77347,55472.93535,56064.94643,56163.7309,56951.98504,55518.71823,55868.18891,57927.94773,59086.69669,58737.22578,59344.11695,59437.16578,57715.74892,56364.1923,56694.30958,58640.80762,59735.60328,59405.41316,59978.91199,60075.12964
Xinjiang,XJ,y2,59230.91894,57986.80108,58290.68104,60082.89414,61091.07296,60787.07575,61314.92709,61393.43801,57010.69815,55909.44938,56176.00144,57747.56773,58631.62941,58364.97025,58828.01618,58892.76144,57084.44772,55837.37731,56141.29596,57933.4502,58941.64908,58637.595,59165.60051,59245.64511,56178.34609,54789.18507,55127.1461,57119.24968,58239.77318,57901.83298,58488.79584,58576.24684,55249.80454,53856.43716,54195.34641,56193.01502,57316.63788,56977.86392,57566.48626,57651.9134,57709.92609,56198.12171,56569.94982,58761.72965,59994.57811,59622.79011,60268.55553,60382.02573,60481.64289,58934.57716,59311.06107,61530.71918,62779.40227,62402.76277,63056.821,63153.78787,59981.16659,58401.92786,58785.54172,61046.25169,62318.05551,61934.42113,62600.50588,62697.18128,56324.49982,54921.16487,55261.73467,57269.35758,58398.75498,58058.14446,58649.72527,58735.28968,57342.18555,55859.19522,56223.01211,58367.26764,59573.44222,59209.64526,59841.53468,59946.97265,60788.32387,59258.51086,59631.52335,61830.02905,63066.83299,62693.82003,63341.59329,63440.90932,61603.53639,60160.93808,60513.29181,62590.90748,63759.44925,63407.01767,64019.14904,64121.84714
Xinjiang,XJ,y3,63218.37005,61890.49703,62214.83471,64127.6996,65203.74935,64879.28853,65442.67442,65526.46982,60848.68205,59673.29667,59957.79409,61635.15751,62578.73564,62294.12434,62788.34338,62857.44684,60927.39707,59596.3739,59920.75238,61833.55499,62909.62609,62585.10191,63148.6538,63234.08835,59960.2957,58477.61645,58838.32784,60964.54142,62160.49857,61799.80838,62426.28596,62519.62442,58969.24414,57482.07523,57843.79958,59975.95183,61175.21799,60813.63815,61441.88729,61533.06501,61594.98213,59981.40229,60378.26204,62717.59388,64033.43836,63636.62164,64325.86043,64446.96832,64553.29249,62902.07779,63303.9071,65672.99328,67005.73901,66603.74395,67301.83261,67405.32767,64019.12423,62333.5698,62743.00911,65155.91051,66513.33265,66103.8721,66814.79786,66917.98183,60116.28872,58618.48102,58981.97877,61124.75566,62330.18396,61966.64341,62598.04971,62689.3738,61202.48622,59619.66067,60007.96868,62296.5769,63583.95118,63195.66249,63870.09222,63982.62783,64880.61969,63247.8184,63645.94249,65992.45232,67312.51825,66914.39393,67605.77582,67711.77794,65750.71259,64210.99682,64587.07211,66804.55414,68051.76212,67675.60521,68328.9448,68438.55662
Xinjiang,XJ,y4,67435.91039,66019.45023,66365.4256,68405.90531,69553.7432,69207.63584,69808.60715,69897.99323,64899.33694,63644.60228,63948.37206,65739.3103,66746.78641,66442.89849,66970.56572,67044.05501,64986.70185,63559.00506,63906.86022,65958.17935,67112.16568,66764.15618,67368.53456,67460.55223,63938.85569,62356.75756,62741.80852,65011.49238,66288.17406,65903.12372,66571.85358,66671.28156,62843.96272,61243.44474,61632.7512,63927.45356,65218.07479,64828.96651,65505.10047,65606.82921,65924.15193,64211.97405,64633.09307,67115.57728,68511.98334,68090.86495,68822.31389,68947.22844,68833.45796,67073.03631,67501.16359,70025.18142,71445.07027,71016.78743,71760.51984,71870.52151,68233.41514,66437.89001,66874.09057,69444.82594,70891.08146,70454.85796,71212.28166,71320.77912,64069.9177,62473.42032,62861.21368,65146.94324,66432.76814,66044.95168,66718.52702,66817.93203,65414.23253,63720.05883,64135.5786,66584.69862,67962.36105,67546.81869,68268.52069,68388.78497,69229.55942,67492.55889,67915.84862,70410.81158,71814.41878,71391.10585,72126.25763,72238.82844,70177.94459,68534.08706,68935.79895,71304.31763,72636.45014,72234.69218,72932.495,73050.27792
Xinjiang,XJ,y5,72008.39421,70495.89085,70865.32487,73044.15872,74269.82543,73900.25008,74541.97016,74637.41744,69309.22029,67970.40643,68294.46009,70205.04853,71279.82363,70955.63882,71518.57558,71597.28711,69398.87975,67882.78681,68252.26773,70431.03128,71656.72163,71287.07523,71928.98444,72026.29724,68297.3107,66608.47574,67019.3407,69441.18757,70803.43363,70392.59206,71106.17659,71212.49328,67168.46013,65474.51189,65886.53189,68315.1432,69681.15734,69269.30295,69984.90491,70088.75962,70159.28744,68321.35102,68773.39125,71437.98832,72936.79171,72484.79996,73269.87239,73407.82042,73528.92715,71648.12396,72105.82384,74804.31311,76322.36651,75864.47752,76659.6306,76777.51595,72920.48706,71000.57028,71466.93901,74215.33476,75761.49622,75295.10399,76104.87632,76222.40757,68474.99174,66768.92658,67182.96517,69623.67915,70996.71172,70582.62453,71301.82273,71405.84503,69712.21684,67909.31277,68351.61141,70958.43234,72424.80617,71982.53016,72750.73252,72878.91596,73901.76668,72041.93711,72495.41676,75168.1915,76671.80221,76218.32193,77005.83492,77126.57536,74892.8385,73139.03904,73567.40309,76093.20901,77513.83141,77085.37279,77829.5541,77954.40775
Xinjiang,XJ,y6,76847.18501,75233.04477,75627.30399,77952.55181,79260.5804,78866.17047,79551.01267,79652.87292,73966.63327,72537.8546,72883.6841,74922.65975,76069.65633,75723.68802,76324.45197,76408.45323,74062.31846,72444.34761,72838.65691,75163.82815,76471.88197,76077.39623,76762.43998,76866.29191,72886.72559,71084.40497,71522.8806,74107.46866,75561.25532,75122.8055,75884.34166,75997.80282,71682.01886,69874.24186,70313.94839,72905.75647,74363.56322,73924.03416,74687.7228,74798.55651,74873.82344,72912.38174,73394.79797,76238.45122,77837.96975,77355.60472,78193.43253,78340.64965,78469.89472,76462.70659,76951.16295,79830.98265,81451.04608,80962.38868,81810.97384,81936.78101,77820.56895,75771.63735,76269.34451,79202.4274,80852.48667,80354.75452,81218.94341,81344.37103,73076.34791,71255.63777,71697.5002,74302.22214,75767.52137,75325.60758,76093.13471,76204.14666,74396.71124,72472.6541,72944.67646,75726.66959,77291.57982,76819.58306,77639.40768,77776.20533,78867.78877,76882.9837,77366.93469,80219.31365,81823.96318,81340.01047,82180.44229,82309.29663,79925.45842,78053.80741,78510.95633,81206.49086,82722.57597,82265.32501,83059.51374,83192.75673
Xinjiang,XJ,y7,79764.10452,78088.69697,78497.92092,80911.42802,82269.10596,81859.72492,82570.56256,82676.28907,76774.21494,75291.20318,75650.15945,77766.52954,78957.06268,78597.96306,79221.53056,79308.72023,76873.53149,75194.14711,75603.42213,78016.85224,79374.55571,78965.09665,79676.14335,79783.93728,75653.31747,73782.58471,74237.70394,76920.39696,78429.36481,77974.27346,78764.7149,78882.4823,74402.88348,72526.48702,72982.88328,75673.07008,77186.21199,76729.99872,77522.6746,77637.71597,77715.83886,75679.94696,76180.67344,79132.26442,80792.49594,80291.82344,81161.45172,81314.25788,81448.40802,79365.03348,79872.02935,82861.16038,84542.71679,84035.51042,84916.30637,85046.8887,80774.43528,78647.7332,79164.33257,82208.74551,83921.43829,83404.81273,84301.80351,84431.99248,75850.1367,73960.31744,74418.95074,77122.54223,78643.45914,78184.77306,78981.43186,79096.65832,77220.61686,75223.52841,75713.46753,78601.05743,80225.36857,79735.4559,80586.399,80728.3889,81861.40511,79801.26206,80303.58406,83264.2305,84929.78887,84427.46688,85299.79869,85433.54392,82959.22211,81016.52683,81491.02918,84288.87797,85862.51044,85387.90401,86212.23806,86350.53909
Xinjiang,XJ,y8,82746.71649,81008.66078,81433.18648,83936.94131,85345.38811,84920.69706,85658.11632,85767.79649,79634.23307,78094.62035,78467.35985,80664.91636,81901.13218,81528.24774,82175.71888,82265.89437,79741.43393,77989.58784,78416.4219,80933.47631,82349.47087,81922.4459,82664.04419,82776.95398,78455.68285,76514.38116,76986.85493,79771.85236,81338.39403,80865.92174,81686.48049,81808.48303,77112.20098,75148.29751,75625.99467,78441.69165,80025.33799,79547.88602,80377.53082,80502.35636,80891.72517,78790.81076,79307.54119,82353.65365,84067.10394,83550.37258,84447.89327,84601.16844,84461.56681,82301.45476,82826.78477,85923.86163,87666.12472,87140.6038,88053.19495,88188.17163,83725.28895,81522.1031,82057.34023,85211.74046,86986.35689,86451.09301,87380.48344,87513.61395,78616.50157,76657.53304,77133.36967,79938.05708,81515.81692,81039.94967,81866.45725,81988.43256,80266.03188,78187.20857,78697.06923,81702.2435,83392.69233,82882.80625,83768.36369,83915.93413,84947.59895,82816.22553,83335.62078,86397.04622,88119.33086,87599.90826,88501.97141,88640.10093,86111.30799,84094.22665,84587.14493,87493.41663,89127.99661,88635.02262,89491.25865,89635.78399
Xinjiang,XJ,y9,85930.60758,84125.67536,84566.536,87166.62906,88629.26762,88188.239,88954.02958,89067.93068,82709.57113,81111.90947,81498.61613,83778.60127,85061.17459,84674.31193,85346.08733,85440.01761,82816.56734,81007.34948,81448.2663,84048.27649,85510.94361,85069.82854,85835.84553,85951.97224,81502.01809,79486.6601,79976.96351,82867.0548,84492.67902,84002.40551,84853.95527,84980.82711,80154.91385,78133.4555,78625.1359,81523.29813,83153.41961,82661.93694,83515.89494,83639.82912,83723.9924,81530.70572,82070.14474,85249.91991,87038.50368,86499.12311,87435.98204,87600.60114,87745.12275,85500.68375,86046.87557,89267.09361,91078.6514,90532.23238,91481.12161,91621.79913,87019.04646,84727.92993,85284.46727,88564.24283,90409.34109,89852.77587,90819.1118,90959.36628,81714.053,79678.13369,80172.22289,83084.82842,84723.32575,84229.1788,85087.42689,85211.56071,83190.48485,81039.0027,81566.81779,84677.64544,86427.53072,85899.74483,86816.47255,86969.43957,88190.0487,85970.63653,86511.79302,89701.32499,91495.64677,90954.49055,91894.26165,92038.34728,89372.73617,87279.85295,87791.03808,90805.18774,92500.47528,91989.17755,92877.2409,93026.2334
Xinjiang,XJ,y10,89188.46758,87315.10409,87772.67839,90471.3493,91989.44023,91531.69055,92326.51478,92444.73285,85845.31186,84187.07813,84588.44636,86954.87132,88286.07103,87884.54075,88581.78405,88679.27592,85956.36274,84078.55484,84536.18814,87234.77116,88752.89152,88295.05286,89090.11163,89210.6416,84591.9765,82500.21286,83009.10438,86008.76515,87696.02253,87187.16198,88070.99548,88202.67741,83193.80072,81095.70217,81606.02385,84614.06414,86305.9883,85795.87172,86682.20528,86810.83932,86898.1917,84621.75315,85181.6428,88481.97152,90338.36532,89778.5365,90750.91415,90921.77391,91071.77463,88742.24251,89309.14217,92651.44865,94531.68565,93964.5516,94949.41543,95095.42589,90318.17087,87940.19115,88517.82853,91921.94954,93837.00028,93259.33374,94262.307,94407.87906,84812.05065,82698.94469,83211.76602,86234.79578,87935.41304,87422.53211,88313.31826,88442.15944,86344.45766,84111.40772,84659.2331,87888.00179,89704.22874,89156.43225,90107.9161,90266.68185,91533.56842,89230.01302,89791.68641,93102.14239,94964.49042,94402.818,95378.21874,95527.76688,92761.09496,90588.86568,91119.43128,94247.85494,96007.41587,95476.73306,96398.465,96553.10635
Xinjiang,XJ,y11,92568.50066,90624.1416,91099.05836,93900.00101,95475.6256,95000.52753,95825.47399,95948.17327,89098.64928,87377.57157,87794.15189,90250.25773,91631.90635,91215.15825,91938.82684,92040.01329,89213.90968,87264.9349,87739.91233,90540.76451,92116.41835,91641.22914,92466.41842,92591.51615,87797.81547,85626.77813,86154.95509,89268.2967,91019.4969,90491.35004,91408.68093,91545.35274,86346.65078,84169.04092,84698.70156,87820.74023,89576.78309,89047.33437,89967.25805,90100.76698,90191.43173,87828.71976,88409.82862,91835.23177,93761.97883,93180.93365,94190.16174,94367.49643,94523.18252,92105.36562,92693.75076,96162.72137,98114.21553,97525.58841,98547.77674,98699.32075,93741.01786,91272.91921,91872.44632,95405.57645,97393.20213,96793.6451,97834.62741,97985.7164,88026.22944,85833.04221,86365.29746,89502.89249,91267.96034,90735.64128,91660.18756,91793.91064,89616.71156,87299.03455,87867.62085,91218.751,93103.80976,92535.25269,93522.79617,93687.5793,95002.47727,92611.62139,93194.58104,96630.49577,98563.4231,97980.46358,98992.83003,99148.0456,96276.52398,94021.97268,94572.64415,97819.62862,99645.87215,99095.07784,100051.7415,100212.2439
Xinjiang,XJ,y12,94388.50325,92405.91662,92890.16948,95746.18281,97352.78602,96868.34609,97709.51126,97834.62314,90838.11811,89081.89445,89507.07592,92013.81099,93423.95239,92998.60595,93737.17046,93840.03189,90960.40257,88962.0875,89448.97319,92320.15661,93935.36534,93448.26417,94294.19765,94422.99334,89493.75532,87279.32935,87818.27583,90995.10033,92782.04175,92243.09556,93179.10131,93318.26873,87961.25814,85721.04888,86265.9545,89477.79643,91284.24893,90739.62261,91685.99262,91828.37965,92272.53001,89876.03434,90465.46443,93940.13942,95894.65847,95305.22839,96329.02063,96503.85926,96344.61854,93880.59652,94479.83692,98012.64658,100000.0321,99400.57529,100441.56,100595.5263,95504.75311,92991.59571,93602.13775,97200.33633,99224.62674,98614.05425,99674.20298,99826.06524,89677.20049,87442.61918,87985.40495,91184.68736,92984.42669,92441.61004,93384.39792,93523.53362,91558.80652,89187.51107,89769.10395,93197.08222,95125.36316,94543.73944,95553.8874,95722.21947,96899.03194,94467.79215,95060.26192,98552.40479,100517.001,99924.50009,100953.4752,101111.0382,98226.46513,95925.59487,96487.86343,99803.02403,101667.581,101105.247,102081.9481,102246.805
Xinjiang,XJ,y13,96344.79838,94321.12096,94815.41131,97730.61752,99370.51757,98876.03846,99734.63832,99862.34246,92733.39526,90942.1088,91375.68028,93931.98384,95369.99608,94936.24871,95689.43719,95794.75175,92853.35718,90824.8758,91319.22849,94234.34154,95874.27417,95379.69946,96238.55055,96368.75192,91379.49497,89119.88908,89669.61401,92909.96375,94732.60303,94182.91148,95137.66193,95279.9111,89869.13115,87602.68578,88153.9534,91403.35354,93231.0358,92679.98752,93637.43801,93776.39289,93870.75664,91411.65977,92016.4744,95581.6159,97586.96333,96982.2148,98032.61422,98217.18315,98379.22071,95862.77016,96475.15647,100085.6435,102116.7477,101504.1076,102567.9964,102725.7231,97565.14845,94996.36436,95620.35052,99297.61149,101366.3226,100742.3056,101825.7553,101983.008,91617.227,89334.56699,89888.53772,93154.13014,94991.20314,94437.16841,95399.42989,95538.60817,93272.59143,90860.36485,91452.1479,94939.98608,96901.94422,96310.19362,97338.02349,97509.52898,98878.06817,96389.67899,96996.41923,100572.5012,102584.2816,101977.5402,103031.2056,103192.7531,100204.0887,97857.56339,98430.70052,101810.1449,103710.8891,103137.6244,104133.3153,104300.3644
Xinjiang,XJ,y14,98288.17991,96223.68218,96727.94218,99701.95237,101374.9314,100870.4783,101746.3973,101876.6772,94603.93026,92776.51089,93218.82918,95826.69587,97293.71579,96851.21733,97619.59963,97727.0383,94726.31254,92656.91467,93161.23975,96135.15232,97808.16311,97303.61232,98179.79011,98312.6168,93222.72016,90917.5376,91478.3502,94784.06126,96643.46544,96082.68548,97056.69486,97201.81203,91681.89115,89369.72908,89932.11707,93247.06039,95111.60811,94549.44555,95526.21016,95667.96734,95764.23365,93255.53349,93872.54874,97509.60361,99555.40035,98938.45347,100010.0401,100198.3332,100363.6392,97796.42853,98421.16813,102104.4824,104176.5558,103551.559,104636.905,104797.8144,99533.14644,96912.54718,97549.11806,101300.5546,103410.9936,102774.3893,103879.6931,104040.1179,93465.24757,91136.54559,91701.68937,95033.15223,96907.28112,96342.07049,97323.74293,97465.72793,95154.0032,92693.1192,93296.83865,96855.03117,98856.56437,98252.87721,99301.43933,99476.40436,100872.5476,98333.96547,98952.94514,102601.1598,104653.5201,104034.5412,105109.4595,105274.2651,102225.3164,99831.45917,100416.1573,103863.7674,105802.852,105218.0262,106233.7985,106404.2181
Xinjiang,XJ,y15,100269.293,98163.18234,98677.60734,101711.562,103418.2622,102903.6405,103797.214,103930.1206,96510.78314,94646.53013,95097.76317,97758.19488,99254.78316,98803.36719,99587.23739,99696.84088,96635.63237,94524.52294,95039.01283,98072.86838,99779.6005,99264.88143,100158.7179,100294.2222,95101.73269,92750.08639,93322.20343,96694.54424,98591.4274,98019.34327,99012.98594,99161.02826,93529.84584,91171.08003,91744.80349,95126.56438,97028.69351,96455.20072,97451.65206,97596.26759,97694.47352,95135.20881,95764.6595,99475.02308,101562.0557,100932.6734,102025.8602,102217.9478,102386.5854,99767.62901,100404.9614,104162.5174,106276.357,105638.7613,106745.9855,106910.1364,101539.353,98865.93181,99515.33446,103342.3856,105495.3635,104845.928,105973.5102,106137.1678,95349.14977,92973.50937,93550.04414,96948.65606,98860.56006,98283.95783,99285.4159,99430.26308,97071.94289,94561.4585,95177.34626,98807.25724,100849.1337,100233.2787,101302.9756,101481.4667,102905.7509,100316.0011,100947.457,104669.2061,106762.9335,106131.4784,107228.0629,107396.191,104285.7873,101843.6781,102440.1619,105957.2625,107935.432,107338.818,108375.066,108548.9195
Xinjiang,XJ,y16,102234.78,100087.3864,100611.8941,103705.3201,105445.4754,104920.7668,105831.8566,105967.3677,98389.26106,96487.0467,96947.57166,99662.68492,101190.049,100729.3444,101529.304,101640.7156,98521.70922,96357.28026,96884.63869,99994.497,101743.9745,101216.3805,102132.6353,102272.1373,96933.14421,94534.63873,95118.38555,98559.2915,100494.7785,99911.03154,100924.8434,101075.5795,95273.2545,92846.82259,93437.02432,96915.85915,98872.47672,98282.57669,99307.61606,99461.83978,99942.91113,97347.20079,97985.62933,101749.1455,103866.1383,103227.7103,104336.6077,104525.9811,104353.5025,101684.6517,102333.706,106160.1889,108312.7811,107663.4917,108791.0117,108957.7769,103443.8213,100721.7516,101383.0456,105280.3533,107472.9177,106811.5906,107959.8666,108124.3525,97131.83901,94711.50231,95299.40794,98764.63967,100713.9872,100126.0467,101147.2059,101297.9068,99169.85713,96601.44265,97231.38154,100944.3179,103032.8934,102402.9202,103497.0392,103679.365,104954.002,102320.6598,102962.3798,106744.8165,108872.7244,108230.9698,109345.4816,109516.1422,106391.7818,103899.6458,104508.6551,108099.3964,110118.9483,109509.87,110567.7602,110746.3218
Xinjiang,XJ,y17,104036.0722,101850.843,102384.5917,105532.5225,107303.3374,106769.3837,107696.5265,107834.426,100136.3681,98202.08132,98670.26633,101430.6411,102983.4511,102515.0768,103328.3937,103442.1155,100265.9066,98075.49091,98609.30805,101757.1358,103527.9853,102993.9294,103921.3435,104061.9387,98674.38524,96234.39535,96828.00373,100327.0319,102295.1744,101701.6004,102732.5715,102886.1749,97043.44812,94596.07012,95191.34695,98700.14878,100673.7357,100078.6972,101112.5826,101262.6304,101364.5268,98709.1182,99362.21525,103211.9648,105377.4006,104724.3738,105858.6274,106057.931,106232.9041,103515.5638,104176.8384,108075.5523,110268.8013,109607.2536,110756.0724,110926.3904,105353.844,102579.9925,103253.7907,107224.611,109458.4684,108784.6364,109954.5782,110124.3839,98931.09548,96466.21098,97064.40385,100590.6912,102574.419,101976.1545,103015.2357,103165.5243,100718.6084,98113.81277,98752.83813,102519.1129,104637.6963,103998.7053,105108.5873,105293.7841,106771.5746,104084.5356,104739.713,108601.276,110773.6578,110118.48,111256.2609,111430.7043,108203.4527,105669.6029,106288.4935,109937.7201,111990.2036,111371.1752,112446.3526,112626.7371
Xinjiang,XJ,y18,105812.4542,103589.9128,104132.7766,107334.4566,109135.5074,108592.4367,109535.4091,109675.6634,101846.1646,99878.8502,100355.0294,103162.536,104741.8596,104265.4884,105092.6933,105208.3561,101977.9147,99750.0981,100293.0304,103494.6059,105295.6918,104752.5168,105695.7671,105838.7631,100359.218,97877.56617,98481.31124,102040.0848,104041.831,103438.1227,104486.6964,104642.9227,98700.43344,96211.26728,96816.70839,100385.4225,102392.7066,101787.508,102839.0474,102991.6573,103095.2923,100394.5444,101058.7926,104974.2759,107176.6852,106512.5092,107666.13,107868.837,108046.7967,105283.0586,105955.6243,109920.9076,112151.605,111478.7621,112647.1963,112820.4225,107152.7269,104331.5127,105016.8162,109055.4367,111327.4361,110642.0994,111832.0165,112004.722,100620.3122,98113.34067,98721.74716,102308.2439,104325.8435,103717.3645,104774.1874,104927.0423,102438.3465,99789.07572,100439.0105,104269.5943,106424.3511,105774.4497,106903.2824,107091.6413,108594.6643,105861.7452,106528.1098,110455.6069,112665.082,111998.7182,113155.9251,113333.348,110050.9923,107473.8772,108103.3356,111814.8719,113902.3996,113272.8026,114366.3378,114549.8027
Xinjiang,XJ,y19,107618.4505,105357.975,105910.1041,109166.4291,110998.2203,110445.8804,111404.9485,111547.5958,103584.4641,101583.5721,102067.8784,104923.304,106529.5832,106045.0805,106886.4035,107004.0403,103718.4633,101452.6217,102004.8219,105261.0414,107092.8676,106540.4218,107499.7719,107645.2089,102072.1385,99548.13044,100162.1804,103781.6934,105817.6068,105203.5934,106270.0634,106428.9568,100385.0424,97853.39042,98469.1659,102098.7901,104140.3341,103524.807,104594.2935,104749.5073,104854.9127,102108.0679,102783.6537,106765.9655,109005.9658,108330.453,109503.7642,109709.9308,109890.9273,107080.0178,107764.0634,111797.0267,114065.7969,113381.4699,114569.8467,114746.0302,108981.5975,106112.2319,106809.2315,110916.7841,113227.5609,112530.5261,113740.7544,113916.4076,102337.6893,99787.92853,100406.7191,104054.4302,106106.4661,105487.6021,106562.4608,106717.9252,104186.7537,101492.2642,102153.2928,106049.257,108240.7904,107579.7965,108727.8965,108919.4695,110448.1474,107668.5823,108346.3207,112340.8521,114588.0387,113910.2997,115087.259,115267.7098,111929.3304,109308.2311,109948.4317,113723.3154,115846.474,115206.1309,116318.3297,116504.9262
Xinjiang,XJ,y20,109396.7448,107098.9177,107660.1684,110970.3019,112832.3615,112270.8954,113245.8107,113390.8156,105281.8312,103246.3596,103739.1454,106644.4638,108278.8252,107785.8469,108641.8464,108761.0631,105423.5583,103107.5019,103671.8035,106999.5198,108871.555,108307.0023,109287.4435,109436.7188,103723.7073,101157.1759,101781.8179,105463.7731,107534.8487,106910.2075,107995.0426,108156.3379,101947.5351,99351.12152,99982.67003,103705.2109,105798.8985,105167.6739,106264.5209,106429.5486,106944.3212,104166.7709,104849.9233,108877.0891,111142.3862,110459.2335,111645.8141,111848.4531,111663.8919,108808.0772,109502.6013,113597.1443,115900.5334,115205.7603,116412.2667,116590.7144,110690.4839,107777.7218,108485.3424,112655.6726,115001.8347,114294.1796,115522.8974,115698.9051,103936.3214,101346.4296,101975.5209,105683.507,107769.4132,107140.2853,108232.9814,108394.2394,106117.1125,103368.7686,104042.8375,108015.8802,110250.7684,109576.664,110747.431,110942.5284,112306.4594,109488.6404,110175.3161,114222.7269,116499.7046,115812.9916,117005.58,117188.1953,113844.9614,111178.242,111829.9134,115672.2018,117833.23,117181.4844,118313.4847,118504.5554
Xinjiang,XJ,y21,111321.2122,108982.9617,109554.0866,112922.4511,114817.2675,114245.9233,115237.9898,115385.5455,107148.4315,105078.6945,105579.6651,108533.335,110194.8805,109693.7084,110563.9786,110685.6631,107287.0398,104943.2399,105514.4375,108882.693,110777.5466,110206.092,111198.4506,111348.8906,105584.0714,102973.221,103608.3985,107352.4462,109458.408,108823.2687,109926.4331,110090.792,103838.9286,101220.1724,101857.1328,105611.6402,107723.4266,107086.7215,108193.0047,108353.5588,108462.5905,105621.2369,106320.067,110439.3962,112756.4671,112057.7125,113271.3923,113484.6522,113671.877,110764.2545,111471.8347,115643.5568,117990.3883,117282.5161,118511.7807,118694.0254,112731.2607,109763.1689,110484.1512,114733.029,117123.3123,116402.2945,117654.1622,117835.8593,105858.7586,103221.2697,103861.3518,107634.5665,109757.2057,109117.0479,110228.8911,110389.7028,107771.4433,104984.2449,105668.0183,109698.0279,111964.9654,111281.2281,112468.8305,112666.9949,114248.2679,111373.0691,112074.1251,116206.0944,118530.597,117829.5411,119046.9947,119233.654,115780.4136,113069.1296,113731.3599,117636.1235,119832.3318,119169.9576,120320.4229,120513.4392
Xinjiang,XJ,y22,113218.9591,110840.8481,111421.7094,114847.4962,116774.6155,116193.5302,117202.5083,117352.5785,108975.0427,106870.0232,107379.5334,110383.5561,112073.4275,111563.7106,112448.8172,112572.5762,109116.0161,106732.2589,107313.1942,110738.8697,112666.025,112084.83,113094.1045,113247.1096,107384.0142,104728.6555,105374.6613,109182.5352,111324.3986,110678.4326,111800.4028,111967.5645,105609.1207,102945.7212,103593.5427,107412.0534,109559.8406,108912.281,110037.4241,110200.7156,110311.6058,107421.8137,108132.5576,112322.1107,114678.6813,113968.0146,115202.3857,115419.2814,115609.698,112652.507,113372.1499,117614.989,120001.8286,119281.8894,120532.1091,120717.4604,114653.0461,111634.3569,112367.6294,116688.9389,119119.9718,118386.662,119659.8706,119844.6642,107663.3851,104980.9332,105631.9273,109469.4665,111628.2904,110977.2207,112108.0167,112271.5711,109608.6759,106773.9628,107469.3935,111568.1039,113873.687,113178.295,114386.1416,114587.6842,116195.914,113271.6997,113984.7082,118187.116,120551.2467,119838.2399,121076.4482,121266.2898,117754.1803,114996.6751,115670.1941,119641.5249,121875.1733,121201.5065,122371.5845,122567.8907
Xinjiang,XJ,y23,115148.2853,112729.6482,113320.4094,116804.573,118764.531,118173.5443,119199.7163,119352.3451,110832.0493,108691.1593,109209.3509,112264.5644,113983.2323,113464.8297,114365.0194,114490.8872,110975.4241,108551.0467,109141.8823,112625.9329,114585.9284,113994.829,115021.3025,115176.9153,109213.9094,106513.3012,107170.3151,111043.0789,113221.4399,112564.4662,113705.5553,113875.5652,107408.7702,104699.9854,105358.8445,109242.426,111426.8126,110768.2179,111912.5348,112078.6092,112191.3887,109252.3524,109975.2079,114236.1539,116632.8822,115910.1052,117165.5101,117386.1016,117579.7632,114572.1804,115304.0867,119619.2271,122046.7385,121314.5299,122586.0572,122774.5654,116606.8098,113536.6786,114282.4469,118677.3964,121149.8553,120404.049,121698.9545,121886.8934,109498.0403,106769.8773,107431.965,111334.898,113530.5106,112868.3459,114018.4114,114184.7527,111476.4807,108593.4624,109300.7427,113469.2984,115814.1689,115106.927,116335.3571,116540.3348,118175.9703,115201.9247,115927.082,120201.1015,122605.5222,121880.3613,123139.6703,123332.7475,119760.7891,116956.2947,117641.2907,121680.2961,123952.0066,123266.8532,124456.8747,124656.5251
Xinjiang,XJ,y24,117047.9119,114589.3745,115189.8813,118731.5234,120723.8159,120123.0799,121166.1802,121321.3258,112645.2028,110467.3712,110994.6234,114103.138,115851.8059,115324.3496,116240.2159,116367.771,112796.8421,110318.8016,110922.5705,114483.0262,116485.9913,115881.9535,116930.9663,117090.6814,110978.1043,108232.0719,108900.3999,112839.8704,115055.796,114387.4669,115548.1752,115720.7518,109077.7086,106299.7035,106975.4199,110958.3146,113198.4331,112523.0613,113696.6217,113873.1918,114423.9661,111452.1552,112183.0873,116491.9116,118915.6439,118184.711,119454.2802,119671.094,119473.6238,116418.075,117161.1718,121542.0868,124006.5754,123263.2103,124554.0986,124745.0207,118432.1345,115315.6564,116072.7669,120534.7695,123045.0205,122287.8684,123602.5232,123790.8437,111205.589,108434.562,109107.6505,113074.9714,115306.7657,114633.6363,115802.7558,115975.2928,113538.9028,110598.3417,111319.5548,115570.4707,117961.6667,117240.4149,118493.0649,118701.8079,120161.1317,117146.2355,117880.9365,122211.4219,124647.6516,123912.9073,125188.9076,125384.289,121807.2356,118954.0061,119651.2571,123762.2712,126074.4442,125377.1104,126588.2861,126792.7155
Xinjiang,XJ,y25,119103.7219,116602.0031,117213.0558,120816.9063,122844.1916,122232.9033,123294.3239,123452.1899,114639.2203,112424.7873,112960.7805,116120.9431,117898.6481,117362.4386,118293.5496,118423.7418,114787.5191,112279.8629,112890.9934,116494.7244,118522.0476,117910.6435,118972.3764,119133.3343,112965.4951,110172.1196,110851.7016,114857.4977,117110.6879,116431.1456,117611.4333,117787.2835,111098.3476,108296.5147,108978.0054,112994.9912,115254.4132,114573.1953,115756.8202,115928.5999,116045.2522,113005.2597,113752.9448,118160.2577,120639.317,119891.71,121190.2383,121418.4069,121618.7244,118507.8267,119264.8748,123728.2467,126239.1447,125481.7827,126796.985,126991.9724,120612.3473,117436.7558,118208.1412,122754.0603,125311.4478,124540.0252,125879.4095,126073.8105,113259.3865,110437.5091,111122.3394,115159.3416,117430.3746,116745.4644,117935.0352,118107.091,115305.7872,112323.7355,113055.3103,117367.0596,119792.4778,119060.9416,120331.5693,120543.5873,122235.4074,119159.204,119909.2715,124330.1054,126817.1213,126067.0491,127369.6177,127569.3255,123874.6681,120973.8377,121682.366,125860.1159,128209.8588,127501.1689,128732.0735,128938.5823
Xinjiang,XJ,y26,121130.8753,118586.5787,119208.0315,122873.2176,124935.0115,124313.3138,125392.8017,125553.3652,116590.3879,114338.2659,114883.3815,118097.3309,119905.292,119359.9566,120306.9167,120439.3219,116741.2125,114190.875,114812.4072,118477.4735,120539.302,119917.492,120997.2966,121160.9935,114888.177,112047.2571,112738.4063,116812.382,119103.9207,118412.8132,119613.1885,119792.0311,112989.2511,110139.7297,110832.8195,114918.1744,117216.0525,116523.2404,117727.0096,117901.7122,118020.352,114928.6173,115689.0287,120171.3572,122692.6071,121932.2768,123252.9081,123484.9581,123688.6784,120524.839,121294.7714,125834.1106,128387.7493,127617.4919,128955.0747,129153.3792,122665.1779,119435.5393,120220.0531,124843.347,127444.2598,126659.7097,128021.8833,128219.5917,115187.07,112317.1643,113013.6501,117119.3625,119429.049,118732.481,119942.3008,120117.284,117268.3011,114235.495,114979.5218,119364.6586,121831.3584,121087.3681,122379.6213,122595.2454,124315.8601,121187.3021,121950.133,126446.2212,128975.5542,128212.7173,129537.4656,129740.5666,125983.0242,123032.8171,123753.4052,128002.2574,130391.9935,129671.2536,130923.1014,131133.1254
Yunnan,YN,y1,27611.78343,26585.50261,30130.98711,35379.77749,32914.66928,34507.32779,35116.67926,32493.96949,24651.85905,23748.95104,26806.89949,31334.10699,29207.79642,30581.54165,31107.17232,28833.04122,26242.26408,25358.06781,28414.00965,32938.11418,30813.32348,32186.05125,32711.31634,30454.2629,26982.30822,26118.88264,29097.21911,33506.76041,31435.70885,32773.82054,33285.71807,31083.63284,27030.51312,26163.45464,29139.9146,33546.48793,31476.96448,32814.01979,33325.67532,31120.98483,26245.77096,25402.4096,28281.96555,32545.11697,30542.96618,31836.40501,32331.32044,30196.2128,27039.72474,26217.47158,29061.50752,33272.04492,31294.4896,32572.20094,33060.94063,30960.09335,27216.40731,26358.23937,29309.64847,33679.21587,31627.08833,32952.8455,33460.15275,31276.48407,27305.06667,26422.04072,29458.9294,33955.09663,31843.4683,33207.76378,33729.80909,31482.73594,28124.51421,27175.80643,30448.62971,35294.16412,33018.49566,34488.79255,35051.33436,32631.92881,28440.42617,27458.03848,30829.44244,35820.67494,33476.61308,34990.97842,35570.41417,33074.2258,28487.20251,27431.61895,31058.72099,36428.39574,33906.38338,35535.77377,36159.19972,33475.84698
Yunnan,YN,y2,29076.8075,27996.07555,31729.67621,37256.95582,34661.05436,36338.21511,36979.89907,34218.03359,25959.83745,25009.02207,28229.21902,32996.63135,30757.50199,32204.13629,32757.65494,30362.86335,27634.62537,26703.51458,29921.59891,34685.7437,32448.21575,33893.77862,34446.91214,32070.10377,28413.93463,27504.69805,30641.05831,35284.56018,33103.62393,34512.7335,35051.7894,32732.86761,28464.69701,27551.63508,30686.01895,35326.39639,33147.06785,34555.06492,35093.86802,32772.2007,27638.31804,26750.20972,29782.54906,34271.89519,32163.51477,33525.57939,34046.75563,31798.36257,28474.39749,27608.51666,30603.45206,35037.39177,32954.91123,34300.41541,34815.0881,32602.77287,28660.45472,27756.75403,30864.75837,35466.16685,33305.15744,34701.25641,35235.48007,32935.95009,28753.81801,27823.94055,31021.96069,35756.68517,33533.0189,34969.69996,35519.44335,33153.14676,29616.74328,28617.69972,32064.1715,37166.80063,34770.38991,36318.69796,36911.08723,34363.31339,29949.41677,28914.9064,32465.18987,37721.24715,35252.81404,36847.52806,37457.70807,34829.07677,29998.67511,28887.08449,32706.63323,38361.21173,35705.38709,37421.23035,38077.73313,35252.00693
Yunnan,YN,y3,30618.40194,29480.37027,33411.91987,39232.24467,36498.71381,38264.79488,38940.49946,36032.20526,27336.17482,26334.95048,29725.87494,34746.04612,32388.20213,33911.53402,34494.39934,31972.64156,29099.75732,28119.28131,31507.98267,36524.71209,34168.55512,35690.75762,36273.21767,33770.39573,29920.38402,28962.94039,32265.58465,37155.27677,34858.71111,36342.52868,36910.16515,34468.29817,29973.83932,29012.36718,32312.93047,37199.3307,34904.45871,36387.10474,36954.47416,34509.71662,29103.64615,28168.45224,31361.55933,36088.92173,33868.75885,35303.03865,35851.84541,33484.24797,29984.0526,29072.26487,32225.98457,36895.00387,34702.11448,36118.95463,36660.91344,34331.3059,30179.97362,29228.36109,32501.14603,37346.51116,35070.92916,36541.04692,37103.59494,34682.14863,30278.28685,29299.1099,32666.68238,37652.4325,35310.87124,36823.72269,37402.61323,34910.86003,31186.96387,30134.95298,33764.15008,39137.30944,36613.84555,38244.24111,38868.03888,36185.18688,31537.27475,30447.91626,34186.42945,39721.15193,37121.84831,38801.11063,39443.6403,36675.64512,31589.14423,30418.61973,34440.67359,40395.0463,37598.41426,39405.22867,40096.53866,37120.99771
Yunnan,YN,y4,32223.40443,31025.71838,35163.35794,41288.78134,38411.9597,40270.61793,40981.74266,37920.99654,28761.62869,27711.5236,31271.87019,36542.83563,34067.22673,35666.63672,36278.62343,33632.53085,30694.50236,29661.93725,33229.97578,38512.24603,36031.34401,37634.16439,38247.45649,35611.22835,31526.70672,30517.95322,33994.63042,39141.93279,36724.38354,38286.3295,38883.89617,36311.7245,31528.76083,30517.45112,33986.73926,39122.9157,36710.74463,38269.17992,38865.54239,36295.57187,30575.37046,29592.76013,32954.1003,37930.60458,35593.44173,37103.31266,37681.02316,35191.46473,31618.12835,30657.15901,33977.07568,38892.09723,36583.67782,38075.16316,38645.67984,36192.00827,31773.5309,30771.13515,34219.76744,39325.49208,36927.60989,38476.75744,39069.52261,36517.68138,31877.67221,30846.08342,34395.46503,39650.46081,37182.46152,38776.99616,39387.14052,36760.53272,32864.84337,31754.05382,35585.53338,41258.1238,38594.02918,40315.28301,40973.85755,38142.37599,33174.92421,32024.88252,35975.35007,41823.82926,39077.16299,40851.63096,41530.59079,38605.65489,33245.09427,32014.21978,36239.15461,42493.9073,39556.19853,41454.15049,42180.32964,39054.63735
Yunnan,YN,y5,33947.22606,32685.46848,37044.454,43497.56321,40466.84309,42424.93211,43174.09949,39949.61605,30308.15604,29198.07775,32957.66315,38523.62596,35909.43923,37598.38717,38244.62144,35448.69808,32263.47486,31176.40212,34933.52072,40495.66809,37883.35065,39571.04765,40216.83212,37441.90379,33173.31936,32111.78347,35773.49065,41194.78776,38648.54059,40293.67751,40923.02771,38215.68153,33232.58606,32166.58418,35825.98273,41243.63148,38699.26164,40343.09976,40972.15391,38261.6031,32267.78566,31230.91823,34771.17877,40012.49967,37550.9605,39141.17499,39749.64896,37124.64571,33243.91029,32232.99307,35729.58473,40906.21868,38474.91872,40045.79678,40646.67797,38063.79616,33461.13131,32406.05916,36034.66188,41406.81335,38883.83118,40513.78,41137.48624,38452.78196,33570.1346,32484.50049,36218.19513,41745.99425,39149.85944,40827.18721,41469.01511,38706.35942,34577.60177,33411.2157,37434.97915,43392.30664,40594.49282,42402.14472,43093.76015,40119.23013,34965.99812,33758.20549,37903.16781,44039.62443,41157.72354,43019.55553,43731.94232,40663.0106,35023.50789,33725.72389,38185.05346,44786.78482,41686.10386,43689.3537,44455.82274,41156.78174
Yunnan,YN,y6,35742.92669,34414.42582,39003.98824,45798.44558,42607.41107,44669.07605,45457.87121,42062.82361,31911.36128,30742.5629,34701.01935,40561.4029,37808.93411,39587.22162,40267.63976,37323.8218,33970.11001,32825.53499,36781.39253,42637.7602,39887.25904,41664.23029,42344.17409,39422.4625,34928.08226,33810.39486,37665.79437,43373.86141,40692.92564,42425.08518,43087.72546,40237.17012,34990.48412,33868.09393,37721.06296,43425.28819,40746.3298,42477.12167,43139.45047,40285.52007,33974.64922,32882.93396,36610.46397,42129.03267,39537.28674,41211.61786,41852.27778,39088.42166,35002.40732,33938.0157,37619.566,43070.02732,40510.11956,42164.09188,42796.75727,40077.24958,35231.11899,34120.2371,37940.7807,43597.10199,40940.66184,42656.82971,43313.52843,40486.81149,35345.8876,34202.82735,38134.02151,43954.22428,41220.76352,42986.81611,43662.5937,40753.80161,36406.64701,35178.56314,39415.16958,45687.62135,42741.81241,44645.08356,45373.2829,42241.40942,36815.58851,35543.90627,39908.12484,46369.18018,43334.83681,45295.15328,46045.22319,42813.95421,36876.139,35509.70679,40204.92114,47155.86259,43891.16585,46000.38108,46807.39487,43333.84438
Yunnan,YN,y7,36796.41062,35428.75317,40153.58817,47148.306,43863.21827,45985.64851,46797.69366,43302.57992,32851.91429,31648.66783,35723.79481,41756.90738,38923.31226,40754.01213,41454.4854,38423.90066,34971.3427,33793.03175,37865.48507,43894.46195,41062.89262,42892.23808,43592.22277,40584.39645,35957.55069,34806.92045,38775.95292,44652.25881,41892.30634,43675.51894,44357.69044,41423.11674,36021.79029,34866.31945,38832.85094,44705.20192,41947.28383,43729.08901,44410.93936,41472.89359,34976.01476,33852.12384,37689.51821,43370.74074,40702.60521,42426.28602,43085.82893,40240.5106,36034.06585,34938.30171,38728.36183,44339.46985,41704.1112,43406.83367,44058.14541,41258.48377,36269.51835,35125.89497,39059.04419,44882.07988,42147.34357,43914.09434,44590.14836,41680.11729,36387.66942,35210.91928,39257.98156,45249.72807,42435.70016,44253.80687,44949.50205,41954.97655,37479.69421,36215.41369,40576.88927,47034.21584,44001.58101,45960.94809,46710.61332,43486.42964,37900.68816,36591.52526,41084.37431,47735.86155,44612.0846,46630.17976,47402.35502,44075.84954,37963.02369,36556.31715,41389.9175,48545.73125,45184.81146,47356.19291,48186.99116,44611.06286
Yunnan,YN,y8,37860.34368,36453.142,41314.59081,48511.55392,45131.48111,47315.28004,48150.80332,44554.63227,33792.9881,32559.18447,36742.35461,42935.38466,40026.71006,41905.91126,42624.95261,39515.97154,36063.98514,34850.78988,39042.99648,45249.31037,42334.4174,44217.62388,44938.20017,41840.80823,37041.76981,35856.55198,39941.41455,45989.15129,43148.6926,44983.87391,45685.97441,42663.84545,37044.18309,35855.96217,39932.14332,45966.80653,43132.66681,44963.72534,45664.41002,42644.86728,35924.01281,34769.51248,38718.86159,44565.92016,41819.91085,43593.90737,44272.67904,41347.61539,37149.18413,36020.1094,39920.7898,45695.61109,42983.37188,44735.76643,45406.08632,42523.18704,37331.77097,36154.02413,40205.93545,46204.82061,43387.46916,45207.61436,45904.07423,42905.83107,37454.13106,36242.08237,40412.36826,46586.63739,43686.90255,45560.37433,46277.25396,43191.16497,38613.99121,37308.88693,41810.62005,48475.53367,45345.40014,47367.75814,48141.54037,44814.73842,38978.3154,37627.09268,42268.62832,49140.2001,45913.05039,47997.93129,48795.66388,45359.05977,39060.75954,37614.5639,42578.58135,49927.49561,46475.88514,48705.85219,49559.0638,45886.58428
Yunnan,YN,y9,38995.76809,37546.36496,42553.6071,49966.40638,46484.96569,48734.25638,49594.83716,45890.81802,34815.50459,33540.33978,37859.04065,44252.75852,41249.79694,43189.91948,43932.26073,40720.53488,37061.61368,35812.87421,40128.74228,46518.077,43517.26225,45455.94847,46197.77249,43010.16516,38106.76868,36887.36384,41093.62942,47321.16815,44396.2496,46286.0465,47008.99211,43899.01759,38174.84862,36950.31302,41153.92878,47377.27576,44454.51476,46342.81995,47065.42446,43951.76875,37066.56571,35875.49792,39942.257,45963.05249,43135.44028,44962.14739,45661.11061,42645.7251,38187.85728,37026.59862,41043.19474,46989.68367,44196.8068,46001.30243,46691.54398,43724.54284,38437.38371,37225.4041,41393.64151,47564.72575,44666.53152,46538.88198,47255.34464,44171.37827,38562.59582,37315.50965,41604.46891,47954.34728,44972.12304,46898.89923,47636.17704,44462.66623,39719.89177,38380.04449,43002.21003,49845.49637,46631.59861,48708.0796,49502.55141,46085.65654,40166.04924,38778.63646,43540.02782,50589.08112,47278.59274,49417.31067,50235.64167,46710.30692,40232.11091,38741.32438,43863.83357,51447.35662,47885.55106,50186.71872,51067.17564,47277.51013
Yunnan,YN,y10,40143.39523,38651.33689,43805.94121,51436.89503,47852.99759,50168.48379,51054.39145,47241.36361,35840.10986,34527.4164,38973.21495,45555.09771,42463.75965,44460.97926,45225.16779,41918.92168,38152.32103,36866.83119,41309.71265,47887.08343,44797.95675,46793.69752,47557.35236,44275.93507,39228.23371,37972.94278,42302.99748,48713.8088,45702.81128,47648.22501,48392.44639,45190.94613,39298.31656,38037.74529,42365.07029,48771.56714,45762.79128,47706.66833,48450.53874,45245.2488,38157.41797,36931.29792,41117.74011,47315.72378,44404.89656,46285.36328,47004.8965,43900.77008,39311.70863,38116.27486,42251.07784,48372.56879,45497.49886,47355.10045,48065.65552,45011.33734,39568.57807,38320.93102,42611.83798,48964.53513,45981.04741,47908.50133,48646.04939,45471.3218,39697.4766,38413.68949,42828.86986,49365.62399,46295.63302,48279.11313,49038.08971,45771.18204,40888.83018,39509.55149,44267.74608,51312.42706,48003.9469,50141.53703,50959.389,47441.93663,41348.11814,39919.87486,44821.39091,52077.89547,48669.9805,50871.64005,51714.05397,48084.97024,41416.12347,39881.46384,45154.72718,52961.43033,49294.80216,51663.69175,52570.06013,48668.86597
Yunnan,YN,y11,41324.20151,39788.25388,45094.4779,52949.89389,49260.57681,51644.17328,52556.1386,48630.95285,36894.33471,35543.02898,40119.59969,46895.08457,43712.81721,45768.78436,46555.45052,43151.95342,39274.55837,37951.25673,42524.82412,49295.66593,46115.67323,48170.11804,48956.23733,45578.29718,40382.11897,39089.90408,43547.32562,50146.70892,47047.14486,49049.78196,49815.89419,46520.22187,40454.26399,39156.61192,43611.22476,50206.16731,47108.88815,49109.94379,49875.69606,46576.12307,39279.80676,38017.61975,42327.20472,48707.50138,45711.05298,47646.83149,48387.5308,45192.09737,40468.0494,39237.45262,43493.87874,49795.43117,46835.79347,48748.03497,49479.49048,46335.33083,40732.47456,39448.1284,43865.25107,50404.80987,47333.56563,49317.71386,50076.95688,46808.84608,40865.16441,39543.61517,44088.66657,50817.69621,47657.40336,49699.22785,50480.52789,47117.52694,42091.56177,40671.71195,45569.86749,52821.76543,49415.96622,51616.43393,52458.34275,48837.42588,42564.35945,41094.10395,46139.79729,53609.74918,50101.59132,52368.01237,53235.20505,49499.37288,42634.3655,41054.56483,46482.93763,54519.27273,50744.79265,53183.36262,54116.39087,50100.44575
Yunnan,YN,y12,41792.28784,40238.94382,45605.27259,53549.66966,49818.56241,52229.15766,53151.45314,49181.80602,37302.52179,35940.58368,40558.19227,47394.39266,44183.64042,46258.00379,47051.72079,43619.85933,39809.37104,38470.1814,43097.76581,49948.62915,46731.01242,48809.7979,49605.20918,46186.14075,40888.70327,39580.39421,44089.48721,50765.3045,47629.85279,49655.62608,50430.64175,47094.65241,40891.36656,39579.74467,44079.25326,50740.63944,47612.16369,49633.3837,50406.83741,47073.70416,39654.86241,38380.46166,42739.96595,49194.26537,46163.07216,48121.30599,48870.57124,45641.72718,41007.27318,39760.93902,44066.72005,50441.27948,47447.3634,49381.75147,50121.68639,46939.38646,41208.82147,39908.7608,44381.48005,51003.37166,47893.42789,49902.6015,50671.39157,47361.76935,41343.88984,40005.96463,44609.35217,51424.84146,48223.95855,50291.99832,51083.32696,47676.73625,42624.20581,41183.56152,46152.81687,53509.90822,50054.69831,52287.08588,53141.22775,49468.924,43026.36643,41534.8139,46658.39079,54243.60258,50681.29904,52982.70489,53863.28494,50069.77586,43117.37319,41520.98392,47000.53313,55112.66205,51302.58758,53764.14629,54705.96641,50652.08473
Yunnan,YN,y13,42309.81608,40737.2358,46170.01921,54212.79242,50435.48282,52875.92837,53809.64532,49790.84077,37774.29489,36390.75932,41076.48456,48013.57119,44755.40284,46860.40778,47665.83579,44181.16193,40211.28896,38856.42579,43539.07678,50471.40796,47215.56896,49319.01476,50123.88261,46665.37668,41345.2662,40022.22918,44585.96388,51342.74901,48169.25761,50219.65916,51004.04399,47629.76776,41419.13185,40090.52935,44651.38903,51403.62426,48232.47377,50281.25615,51065.27127,47687.00062,40216.66118,38924.37089,43336.74323,49869.2147,46801.29824,48783.24735,49541.61249,46269.9644,41433.24537,40173.2985,44531.24298,50983.09346,47952.86435,49910.71539,50659.61658,47440.46596,41703.97754,40388.99809,44911.47229,51607.00556,48462.50889,50493.98055,51271.33252,47925.27482,41839.83189,40486.76227,45140.21718,52029.73983,48794.07177,50884.59434,51684.52951,48241.31838,43095.48008,41641.76507,46656.74555,54081.60779,50594.57715,52847.52805,53709.51684,50002.23764,43579.55455,42074.23231,47240.26851,54888.38558,51296.55491,53617.03263,54504.90874,50679.97373,43651.22962,42033.7488,47591.59452,55819.60236,51955.09732,54451.82837,55407.1111,51295.38179
Yunnan,YN,y14,42810.46848,41219.28011,46716.34883,54854.29224,51032.28471,53501.60964,54446.37565,50380.0155,38221.27806,36821.37121,41562.54284,48581.71536,45284.99382,47414.90639,48229.86562,44703.95803,40687.10916,39316.21264,44054.27453,51068.63618,47774.27101,49902.60724,50716.99757,47217.56781,41834.5043,40495.81324,45113.54912,51950.28797,48739.24434,50813.90744,51607.57375,48193.37086,41909.24358,40564.91965,45179.7481,52011.88437,48803.20787,50876.23412,51669.5261,48251.2816,40692.54539,39384.96304,43849.5468,50459.31634,47355.09767,49360.49928,50127.83802,46817.47785,41923.52466,40648.66804,45058.18169,51586.37563,48520.2905,50501.30878,51259.07157,48001.8295,42197.46064,40866.92036,45442.90933,52217.67037,49035.96576,51091.475,51878.02579,48492.37499,42334.92246,40965.84323,45674.36047,52645.40801,49371.45214,51486.7115,52296.11237,48812.15731,43605.42871,42134.5126,47208.83502,54721.55462,51193.26223,53472.8724,54345.0619,50593.91481,44095.23113,42572.09738,47799.26351,55537.87896,51903.54755,54251.48206,55149.86431,51279.66882,44167.75415,42531.13408,48154.74504,56480.11535,52569.88132,55096.15701,56062.74348,51902.35966
Yunnan,YN,y15,43316.41006,41706.41724,47268.45042,55502.57055,51635.39381,54133.90123,55089.83218,50975.41587,38672.98387,37256.53316,42053.73619,49155.86292,45820.18004,47975.26497,48799.85551,45232.27699,41167.95627,39780.85935,44574.91576,51672.17467,48338.87589,50492.36497,51316.38089,47775.59356,42328.91112,40974.40006,45646.71042,52564.24565,49315.25415,51414.43571,52217.4819,48762.92896,42404.53453,41044.32342,45713.69099,52626.56976,49379.9736,51477.49867,52280.1668,48821.52425,41173.45746,39850.42185,44367.76893,51055.65405,47914.74909,49943.8503,50720.25802,47370.7748,42418.98554,41129.06192,45590.68708,52196.03353,49093.71216,51098.14221,51864.86097,48569.12349,42696.15715,41349.89417,45979.96124,52834.78947,49615.48219,51695.28456,52491.13039,49065.4664,42835.24423,41449.98417,46214.14965,53267.58014,49954.93218,52095.19158,52914.15745,49389.02932,44120.76475,42632.46556,47766.75718,55368.26407,51798.2741,54104.82425,54987.32126,51191.84233,44616.35667,43075.22112,48364.16316,56194.23613,52516.9524,54892.63547,55801.63659,51885.70249,44689.73701,43033.77504,48723.84687,57147.60731,53191.16142,55747.29235,56725.30249,52515.75028
Yunnan,YN,y16,43804.52748,42176.39062,47801.10118,56128.00834,52217.25367,54743.91634,55710.61894,51549.83855,39098.58463,37671.07112,42511.01072,49676.36536,46311.01869,48485.25961,49317.19446,45720.09363,41726.1347,40322.46546,45172.86047,52353.58344,48981.04315,51159.91987,51993.62843,48409.93655,42857.43611,41486.13421,46212.3318,53209.58198,49923.16174,52046.47236,52858.805,49362.19256,42860.22668,41485.45216,46201.60572,53183.72693,49904.62002,52023.15977,52833.85375,49340.23449,41564.18612,40228.4266,44797.83433,51562.89862,48385.75819,50438.27814,51223.61806,47839.31011,42981.71385,41675.3708,46188.46975,52869.95434,49731.88468,51759.41192,52534.97395,49199.44976,43192.96667,41830.31022,46518.38347,53459.11072,50199.42709,52305.33922,53111.14604,49642.17005,43334.53896,41932.19482,46757.22749,53900.87483,50545.87317,52713.48557,53542.91588,49972.3026,44676.49926,43166.49002,48375.00836,56086.33271,52464.75998,54804.63423,55699.90025,51850.78228,45098.02364,43534.65486,48904.92605,56855.35311,53121.53195,55533.74532,56456.72478,52480.56337,45193.41213,43520.16004,49263.54215,57766.25634,53772.73263,56352.81252,57339.97966,53090.91054
Yunnan,YN,y17,44331.41093,42683.69207,48376.05668,56803.12022,52845.32748,55402.37988,56380.71036,52169.88351,39579.17897,38129.53725,43039.14914,50307.69573,46893.84909,49099.43167,49943.34521,46292.17142,42132.6136,40713.0136,45619.40552,52882.96883,49471.56475,51675.51366,52518.83874,48895.08315,43320.77296,41934.52183,46716.31466,53795.94383,50470.82044,52619.19162,53441.05515,49905.55292,43398.16784,42006.08448,46784.86455,53859.72778,50537.05635,52683.73214,53505.20801,49965.52217,42138.2432,40784.20707,45407.40466,52252.00297,49037.49883,51114.14684,51908.74779,48480.77819,43412.95706,42092.8081,46658.97895,53419.10325,50244.08734,52295.48606,53080.17092,49707.20681,43696.62464,42318.81372,47057.37585,54072.82594,50778.08412,52906.62145,53721.11516,50215.18053,43838.96961,42421.24992,47297.04959,54515.75967,51125.48909,53315.89827,54154.05473,50546.32383,45154.61385,43631.43961,48886.03997,56665.6659,53012.02364,55372.62233,56275.79725,52391.38119,45661.81752,44084.57035,49497.4437,57510.99366,53747.54218,56178.89365,57109.19383,53101.5003,45736.91693,44042.15227,49865.5554,58486.70328,54437.54971,57053.57789,58054.50438,53746.31214
Yunnan,YN,y18,44840.62598,43173.98093,48931.73164,57455.59392,53452.33881,56038.76328,57028.33144,52769.13711,40033.80679,38567.51445,43533.52191,50885.55849,47432.4982,49663.41624,50517.02293,46823.90841,42616.57333,41180.66671,46143.41606,53490.41268,50039.82222,52269.08862,53122.10076,49456.71956,43818.38024,42416.20505,47252.92574,54413.87482,51050.55707,53223.60588,54054.90868,50478.79756,43896.66432,42488.59007,47322.26258,54478.39137,51117.55354,53288.88675,54119.79949,50539.45398,42622.26763,41252.67686,45928.9798,52852.199,49600.77154,51701.27334,52505.00127,49037.65612,43911.62291,42576.30988,47194.93019,54032.70549,50821.22016,52896.18178,53689.87993,50278.17201,44198.5489,42804.91285,47597.90412,54693.93784,51361.35099,53514.33702,54338.18639,50791.98062,44342.52955,42908.52389,47840.3314,55141.95898,51712.745,53928.31526,54776.09818,51126.92836,45673.28556,44132.61518,49447.57231,57316.56063,53620.95012,56008.66233,56922.2129,52993.17918,46186.31536,44590.95151,50065.99969,58171.59633,54364.91756,56824.19657,57765.18261,53711.45428,46262.27897,44548.0459,50438.34011,59158.51536,55062.85052,57708.9267,58721.3508,54363.67355
Yunnan,YN,y19,45355.3895,43669.60947,49493.45866,58115.1739,54065.96222,56682.07783,57683.00684,53374.91753,40493.38885,39010.263,44033.27933,51469.71583,47977.01552,50233.54383,51096.94867,47361.43995,43105.80468,41653.41372,46673.13467,54104.47392,50614.27113,52869.12844,53731.93246,50024.47455,44321.40746,42903.13627,47795.38006,55038.53646,51636.60852,53834.60281,54675.44961,51058.28473,44400.59012,42976.35207,47865.51346,55103.79381,51704.37481,53900.63403,54741.08538,51119.63868,43111.56327,41726.2503,46456.23645,53458.93279,50170.17953,52294.79483,53107.7491,49600.59946,44415.72027,43065.07828,47736.72067,54652.9914,51404.6391,53503.42045,54306.23038,50855.35636,44705.94041,43296.30477,48144.31969,55321.81471,51950.96962,54128.67147,54961.97934,51375.06352,44851.57383,43401.10669,48389.52977,55774.97821,52306.39887,54547.40337,55404.91864,51713.85628,46197.6071,44639.25035,50015.2218,57974.54462,54236.5088,56651.63359,57575.67035,53601.5311,46716.52589,45102.84729,50640.7485,58839.39673,54989.01789,57476.5289,58428.31652,54328.05319,46793.3605,45059.44976,51017.36277,59837.64408,55694.96187,58371.41609,59395.46115,54987.75897
Yunnan,YN,y20,45851.53019,44147.31185,50034.86705,58750.89435,54657.38824,57302.12247,58314.0006,53958.78487,40925.67803,39431.45536,44497.56867,51997.76395,48475.15387,50750.99766,51621.80738,47856.6127,43676.01517,42206.75098,47283.80777,54800.08928,51269.94849,53550.64364,54423.31298,50672.15385,44860.18256,43424.79892,48371.85489,55696.08761,52256.09323,54478.6263,55328.91868,51668.90961,44863.10351,43424.08521,48360.62591,55669.02728,52236.68479,54454.22462,55302.80379,51645.92501,43506.4994,42108.31761,46891.25743,53972.45519,50646.84523,52795.27985,53617.32007,50074.86208,44990.26867,43622.87968,48346.87672,55340.59041,52055.87822,54178.15053,54989.95541,51498.56165,45211.3933,43785.05894,48692.20789,55957.27755,52545.26859,54749.59033,55593.05307,51961.9707,45359.57972,43891.7047,48942.21314,56419.6858,52907.90431,55176.80824,56044.99936,52307.5304,46764.25159,45183.67887,50635.59311,58707.27185,54916.4612,57365.67861,58302.78138,54273.79037,47205.47275,45569.04843,51190.27381,59512.22883,55603.92373,58128.86144,59094.97152,54933.00262,47305.31986,45553.87562,51565.64779,60465.69852,56285.55614,58986.20264,60019.50178,55571.87118
Yunnan,YN,y21,46401.78134,44677.10952,50635.31975,59455.94534,55313.31462,57989.78802,59013.80886,54606.32738,41427.60918,39910.26668,45049.16787,52657.17015,49083.89136,51392.47915,52275.80437,48454.11302,44100.29564,42614.39766,47749.92784,55352.7149,51781.99046,54088.86892,54971.57982,51178.58576,45343.94405,43892.95182,48898.06533,56308.32728,52827.91355,55076.61854,55936.86435,52236.24674,45424.95457,43967.85733,48969.81593,56375.09054,52897.24309,55144.17293,56004.01378,52299.0167,44106.18781,42688.91485,47528.02592,54692.2815,51327.65295,53501.2857,54332.99553,50744.93213,45440.43324,44058.63026,48838.05108,55913.88766,52590.59222,54737.79528,55559.12683,52028.63806,45737.34926,44295.19249,49255.05375,56598.14198,53149.5272,55377.47114,56230.00456,52560.33503,45886.34195,44402.4109,49505.92192,57061.75913,53513.15623,55805.86242,56683.16207,52906.9435,47263.42921,45669.12013,51169.12093,59312.07234,55487.79641,57958.63999,58903.99552,54838.16939,47794.32093,46143.41222,51809.07803,60196.87819,56257.66626,58802.56666,59776.31381,55581.45153,47872.92797,46099.01317,52194.3814,61218.15621,56979.89707,59718.09906,60765.77136,56256.37814
Yunnan,YN,y22,46933.52344,45189.08928,51215.57669,60137.28283,55947.17938,58654.32314,59690.07862,55232.09039,41902.35067,40367.61907,45565.41069,53260.5977,49646.37017,51981.41357,52874.86063,49009.37424,44605.66495,43102.73828,48297.11931,55987.03098,52375.38792,54708.7027,55601.5281,51765.06901,45863.5647,44395.94471,49458.41496,56953.59471,53433.29707,55707.77071,56577.8746,52834.85064,45945.50264,44471.7085,49530.98778,57021.12298,53503.4215,55776.09947,56645.79433,52898.33924,44611.62503,43178.11052,48072.67594,55319.02885,51915.84358,54114.38458,54955.62685,51326.44526,45961.15969,44563.52184,49397.71266,56554.6354,53193.25644,55365.06562,56195.80866,52624.86166,46261.47628,44802.79364,49819.49438,57246.72978,53758.59612,56012.07136,56874.37357,53162.65154,46412.17803,44911.24174,50073.2381,57715.66067,54126.39184,56445.37124,57332.72529,53513.23364,47805.04545,46192.46656,51755.49548,59991.76108,56123.66108,58622.81926,59579.00855,55466.58936,48342.02073,46672.19499,52402.78636,60886.70544,56902.35269,59476.41629,60461.32095,56218.39073,48421.52866,46627.28713,52792.50529,61919.68704,57632.86068,60402.4408,61462.11842,56901.05051
Yunnan,YN,y23,47471.041,45706.62719,51802.1364,60826.01907,56587.9287,59326.07618,60373.69345,55864.64857,42382.24704,40829.93998,46087.25989,53870.57669,50214.95614,52576.74274,53480.42388,49570.66641,45116.52177,43596.38275,48850.25364,56628.23659,52975.22962,55335.26694,56238.31772,52357.92027,46388.82773,44904.40021,50024.84873,57605.86948,54045.25446,56345.77825,57225.84682,53439.95511,46471.70399,44981.03125,50098.25287,57674.1714,54116.18167,56414.88903,57294.54406,53504.1705,45122.55021,43672.61761,48623.23921,55952.5834,52510.42388,54734.14268,55585.01895,51914.27387,46487.54145,45073.89675,49963.4525,57202.34033,53802.4654,55999.14612,56839.40415,53227.56023,46791.29847,45315.90863,50390.06379,57902.36133,54374.27934,56653.56347,57525.74168,53771.50981,46943.72431,45425.59943,50646.71316,58376.66342,54746.28839,57091.82599,57989.34207,54126.10615,48352.54428,46721.49739,52348.23679,60678.83089,56766.43009,59294.21104,60261.3513,56101.83424,48895.66956,47206.71871,53002.94138,61584.02492,57554.04069,60157.5845,61153.76957,56862.2441,48976.0884,47161.29685,53397.12385,62628.83799,58292.91503,61094.21513,62166.02943,57552.72409
Yunnan,YN,y24,47989.05938,46205.39153,52367.41537,61489.77024,57205.43221,59973.45955,61032.5095,56474.26066,42833.56973,41269.68956,46571.97602,54421.81926,50734.98985,53116.93037,54028.33697,50087.61456,45712.12309,44174.36455,49488.10597,57354.78466,53660.07413,56047.09274,56960.4434,53034.41201,46951.49497,45449.19596,50626.87593,58292.55354,54692.19058,57018.33725,57908.26827,54077.6347,46954.55306,45448.44956,50615.12465,58264.23065,54671.87851,56992.7966,57880.9349,54053.57839,45534.70497,44071.34313,49077.25531,56488.56795,53007.9238,55256.51466,56116.878,52409.27469,47087.64558,45656.51149,50600.73358,57920.48317,54482.64328,56703.85343,57553.50357,53899.34509,47319.07845,45826.25101,50962.16359,58565.92035,54994.84767,57301.93288,58184.71526,54384.35687,47474.17309,45937.86773,51223.82376,59049.88493,55374.38764,57749.06731,58657.73156,54746.02675,48944.32954,47290.07306,52996.1462,61444.11406,57476.58122,60039.97743,61020.76741,56803.95183,49406.1196,47693.40691,53576.68575,62286.59688,58196.09269,60838.73999,61849.8882,57493.89527,49510.62143,47677.52781,53969.55906,63284.51711,58909.50269,61736.04934,62817.51794,58162.54665
Yunnan,YN,y25,48563.63454,46758.60974,52994.41284,62225.98991,57890.35529,60691.52347,61763.2542,57150.42827,43357.71643,41769.68031,47148.00318,55110.46099,51370.70322,53786.84783,54711.32738,50711.58337,46154.92281,44599.79673,49974.59058,57931.59181,54194.5057,56608.86248,57532.69875,53562.98918,47456.51217,45937.91792,51176.21926,58931.72454,55289.15865,57642.63036,58542.95464,54669.92745,47541.29701,46016.31356,51251.31351,59001.59956,55361.71852,57713.33211,58613.2334,54735.62032,46161.0891,44677.78538,49742.35007,57240.38718,53719.0018,55993.90257,56864.36226,53109.13187,47557.49625,46111.31621,51113.40959,58518.90809,55040.78106,57288.02241,58147.61872,54452.64508,47868.24538,46358.89885,51549.84102,59235.041,55625.75617,57957.49983,58849.75279,55009.11416,48024.18036,46471.11354,51812.39639,59720.25986,56006.3273,58405.85012,59324.02398,55371.87067,49465.42621,47796.83838,53553.08301,62075.41415,58072.96554,60658.92492,61648.32563,57393.0728,50021.05137,48293.22829,54222.85676,63001.44147,58878.70286,61542.17008,62561.28335,58170.98469,50103.32138,48246.76043,54626.11087,64070.30114,59634.58343,62500.35731,63596.84074,58877.35527
Yunnan,YN,y26,49118.8264,47293.1673,53600.25951,62937.37462,58552.17362,61385.366,62469.34819,57803.78808,43853.39295,42247.20361,47687.01127,55740.4984,51957.98643,54401.75375,55336.80166,51291.3316,46682.57797,45109.67269,50545.91371,58593.87994,54814.07268,57256.03061,58190.42674,54175.33586,47999.04778,46463.09335,51761.2801,59605.44819,55921.24016,58301.61737,59212.23434,55294.92896,48084.80112,46542.38422,51837.23258,59676.12049,55994.62899,58373.12732,59283.31489,55361.37311,46688.81552,45188.55407,50311.01933,57894.77535,54333.13194,56634.04094,57514.45159,53716.29008,48101.18718,46638.47373,51697.75178,59187.9118,55670.02235,57942.95394,58812.37792,55075.16265,48415.48796,46888.88626,52139.17201,59912.23234,56261.68494,58620.08602,59522.53881,55637.99292,48573.20547,47002.38401,52404.72959,60402.99783,56646.60708,59073.56217,60002.23236,56004.89765,50030.92767,48343.26512,54165.31589,62785.07685,58736.87148,61352.39411,62353.10534,58049.20602,50592.90522,48845.32934,54842.74739,63721.69167,59551.82031,62245.73628,63276.5006,58836.01099,50676.11628,48798.33093,55250.61267,64802.77048,60316.34118,63214.87797,64323.89641,59550.45773
Zhejiang,ZJ,y1,69757.22633,64270.38312,77068.1371,93485.42868,95683.00146,93701.01773,84522.68934,82814.68164,44771.41578,41513.80152,48853.3359,58268.56104,59528.92878,58392.20339,53128.44702,52060.12609,61852.82302,57340.5847,67895.92256,81436.71792,83249.19473,81614.43623,74044.31718,72651.44331,65494.37363,61343.09222,70946.80027,83266.81942,84915.95106,83428.58894,76540.87939,75235.89531,67818.70338,63478.05348,73530.02789,86425.02424,88151.1028,86594.35872,79385.2321,78025.73668,70355.54417,65940.23612,76245.38301,89465.16722,91234.71819,89638.66887,82248.04451,80882.74369,80671.79539,75455.61009,87517.48263,102990.72,105061.9775,103193.8748,94543.35041,92906.76661,82858.25375,77385.09794,89985.41363,106149.3573,108313.1069,106361.532,97324.96895,95585.48947,74247.39415,69329.38535,80623.41094,95111.91585,97051.17914,95302.00606,87202.1679,85628.35039,64696.95672,60591.33243,70061.94423,82211.04123,83837.30401,82370.44999,75578.46579,74275.99132,66198.84709,61755.28515,72046.50058,85248.33405,87015.54007,85421.58905,78041.04039,76648.3052,71137.4449,65736.12559,78278.95882,94369.29931,96523.09785,94580.44183,85585.121,83905.58472
Zhejiang,ZJ,y2,73417.33682,67642.6042,81111.84631,98390.54092,100703.4195,98617.44176,88957.53384,87159.90743,47120.53997,43692.00009,51416.63535,61325.8711,62652.3691,61456.00067,55916.05802,54791.6832,65098.19548,60349.20352,71458.37283,85709.64391,87617.21886,85896.68614,77929.3685,76463.41103,68930.81578,64561.71991,74669.32776,87635.7683,89371.42982,87806.02635,80556.92401,79183.46836,71377.1013,66808.70082,77388.09483,90959.68286,92776.32881,91137.90146,83550.51768,82119.68996,74047.04851,69400.07296,80245.92233,94159.33891,96021.74078,94341.94428,86563.54001,85126.60232,84904.58561,79414.71061,92109.46219,108394.5707,110574.5,108608.3853,99503.97123,97781.51699,87205.76616,81445.43794,94706.87997,111718.9323,113996.2158,111942.2412,102431.5382,100600.7902,78143.10086,72967.04762,84853.66274,100102.3714,102143.3863,100302.4338,91777.60295,90121.20797,68091.55851,63770.51547,73738.04419,86524.5957,88236.18697,86692.36841,79544.01259,78173.19907,69672.25292,64995.54004,75826.72848,89721.25202,91581.18204,89903.59812,82135.79778,80669.98573,74869.97451,69185.25211,82386.19828,99320.78895,101587.5929,99543.01046,90075.71017,88308.04926
Zhejiang,ZJ,y3,77266.55854,71189.05915,85364.48467,103549.0886,105983.2312,103787.8878,93621.51635,91729.64254,49591.03704,45982.74175,54112.37478,64541.14381,65937.18968,64678.0961,58847.69845,57664.37334,68511.2493,63513.2709,75204.88646,90203.34139,92210.93019,90400.19075,82015.15169,80472.33612,72544.81139,67946.64704,78584.18977,92230.45298,94057.11286,92409.63515,84780.46866,83335.00271,75119.35407,70311.43561,81445.50009,95728.63636,97640.52566,95916.19874,87931.01335,86425.16956,77929.28409,73038.67128,84453.16144,99096.04899,101056.0928,99288.226,91102.0071,89589.73258,89356.07551,83578.36973,96938.69787,114077.6223,116371.8447,114302.6491,104720.8968,102908.1369,91777.90426,85715.56627,99672.2989,117576.2801,119972.9604,117811.2975,107801.9551,105875.2224,82240.09085,76792.66063,89302.48176,105350.6695,107498.6909,105561.2199,96589.43995,94846.20116,71661.55311,67113.95999,77604.07911,91061.02066,92862.34987,91237.59022,83714.45139,82271.76581,73325.1215,68403.21198,79802.27197,94425.27595,96382.72115,94617.18196,86442.12096,84899.45859,78795.35619,72812.58798,86705.65024,104528.1102,106913.7577,104761.9835,94798.31848,92937.97994
Zhejiang,ZJ,y4,81271.37856,74878.87434,89789.03049,108916.166,111476.4722,109167.3384,98474.03333,96484.10047,52292.30062,48469.01626,57108.90578,68192.23967,69675.90325,68337.76905,62141.44399,60893.3708,72730.02707,67473.57159,79746.77577,95491.3175,97598.78,95697.98108,86895.81807,85268.59653,76356.93277,71509.25595,82726.96407,97117.48237,99043.75251,97306.43175,89261.16917,87713.84884,79147.82079,74072.31239,85835.75011,100926.2986,102946.2568,101124.4521,92687.88496,91115.18304,82508.61405,77335.26591,89402.59452,104882.9522,106955.1052,105086.124,96431.71078,94813.14236,94070.7776,87971.40682,102093.9259,120210.612,122635.7209,120448.4643,110320.0937,108426.7311,96247.54141,89882.89963,104535.1471,123331.3558,125847.4674,123578.1103,113069.9244,111052.7483,86082.43334,80403.87102,93432.46039,110146.1101,112383.2393,110365.3997,101021.5993,99200.79583,75247.20941,70485.0173,81459.57877,95537.99278,97422.4941,95722.69666,87852.1377,86348.82865,77236.96782,72022.86299,84106.38354,99607.46448,101682.4245,99810.88467,91144.94294,89504.14197,83007.90246,76692.35396,91356.85138,110168.8958,112687.0411,110415.7714,99898.85994,97936.76551
Zhejiang,ZJ,y5,85571.20385,78840.49107,94539.49906,114678.5911,117374.3679,114943.0555,103683.9989,101588.7854,54921.10404,50924.98842,59928.39728,71478.05549,73024.14981,71629.72756,65172.67565,63862.16714,75874.86954,70339.70567,83287.94169,99898.43803,102121.8021,100116.4444,90830.17751,89121.53911,80341.96082,75249.58292,87030.4533,102143.4232,104166.4136,102341.8659,93892.71196,92291.88673,83193.21574,77868.5401,90199.29911,106017.5939,108134.9772,106225.3166,97381.87919,95714.18525,86305.15932,80888.90049,93530.22555,109746.9389,111917.6506,109959.7709,100893.6924,99218.87811,98960.10752,92561.41021,107357.7163,126338.7357,128879.5484,126587.9525,115976.3458,113968.7467,101642.2347,94928.31439,110385.1225,130213.4315,132867.7091,130473.7094,119388.5613,117254.7382,91079.29246,85046.3705,98900.75226,116673.807,119052.6988,116906.9882,106970.9172,105040.317,79363.76833,74327.39851,85945.00069,100848.3004,102843.2372,101043.8474,92712.1179,91114.37204,81206.13882,75755.21977,88379.45614,104574.148,106741.98,104786.6805,95732.95956,94024.48989,87264.31582,80638.51777,96024.81193,115762.8325,118404.8958,116021.8437,104987.2844,102926.9967
Zhejiang,ZJ,y6,90047.28078,82964.49644,99484.69224,120677.2262,123513.9969,120955.5189,109107.5243,106902.7135,57793.92864,53588.78305,63063.14473,75216.94501,76843.91238,75376.55084,68581.74202,67202.68275,79843.74866,74019.05018,87644.58496,105123.9468,107463.6119,105353.3562,95581.34085,93783.32777,84544.50535,79185.75415,91582.86054,107486.364,109615.1728,107695.1857,98804.07078,97119.51045,87544.90537,81941.70464,94917.46266,111563.1812,113791.3226,111781.7697,102475.7517,100720.8221,90819.62752,85120.05515,98422.6249,115487.6023,117771.8596,115711.5676,106171.2589,104408.8388,104136.5325,97403.13351,112973.4035,132947.2892,135621.0011,133209.535,122042.862,119930.2483,106958.9592,99893.84489,116159.1692,137024.6688,139817.7818,137298.5505,125633.5627,123388.1206,95843.4874,89494.99464,104074.0742,122776.8058,125280.138,123022.1862,112566.3712,110534.7856,83515.1459,78215.33205,90440.63035,106123.4951,108222.7837,106329.2715,97561.72363,95880.40224,85453.88716,79717.84021,93002.42771,110044.2342,112325.4623,110267.8834,100740.5789,98942.74376,91828.95721,84856.5744,101047.7003,121818.1867,124598.4531,122090.7488,110478.9807,108310.9243
Zhejiang,ZJ,y7,92669.88477,85380.81782,102382.1597,124191.9201,127111.3219,124478.3202,112285.2536,110016.2284,59477.16384,55149.54341,64899.84266,77407.6202,79081.97093,77571.87447,70579.16818,69159.94393,82169.17772,76174.83683,90197.21236,108185.6563,110593.4632,108421.748,98365.125,96514.74426,87006.84366,81492.0198,94250.18951,110616.8777,112807.6884,110831.7811,101681.7163,99948.09275,90094.62839,84328.23684,97681.91154,114812.4336,117105.4676,115037.3875,105460.3314,103654.2916,93464.72749,87599.15564,101289.1587,118851.1501,121201.9378,119081.6397,109263.4738,107449.7202,107169.4844,100239.9753,116263.73,136819.3466,139570.9377,137089.2326,125597.3298,123423.1915,110074.1133,102803.2286,119542.2771,141015.4782,143889.9363,141297.3411,129292.6087,126981.7742,98634.90603,92101.51446,107105.2073,126352.652,128928.8868,126605.1787,115844.8444,113754.0837,85947.50432,80493.33443,93074.69199,109214.3158,111374.745,109426.0852,100403.1844,98672.8961,87942.71047,82039.60231,95711.09998,113249.2456,115596.9147,113479.4089,103674.6245,101824.4272,94503.45347,87328.00137,103990.6877,125366.1112,128227.3472,125646.606,113696.6554,111465.4528
Zhejiang,ZJ,y8,95317.00607,87819.7264,105306.7124,127739.4717,130742.2558,128034.0537,115492.6905,113158.8495,61329.65546,56845.61596,66978.68412,79977.47964,81717.55691,80148.16237,72880.96326,71417.19347,85299.50662,79134.60933,93528.9154,111994.4889,114466.1718,112236.8709,101913.4824,100005.0381,89553.22793,83867.7571,97024.15191,113901.6938,116160.8706,114123.2977,104687.6244,102872.8885,92826.44751,86873.77057,100670.2102,118368.7667,120737.8234,118601.1653,108706.5563,106862.0559,96768.06571,90700.6394,104853.4908,123009.2212,125439.4894,123247.5091,113097.4026,111199.1065,110328.446,103174.959,119738.1842,140985.8617,143830.0856,141264.8251,129386.0295,127165.4451,112881.4078,105416.8024,122601.3052,144645.9479,147596.9006,144935.3393,132611.1051,130245.3063,100959.5265,94299.57295,109579.8134,129181.9827,131805.7344,129439.1655,118480.5384,116345.0527,88251.71713,82666.50571,95537.73112,112049.2316,114259.4195,112265.8559,103035.0771,101271.9603,90585.35338,84470.12762,98641.96875,116822.0039,119255.5683,117060.5798,106896.9591,104972.5866,97353.64316,89946.6173,107145.4894,129208.7086,132162.042,129498.2469,117163.7642,114862.5676
Zhejiang,ZJ,y9,98142.24703,90422.74411,108428.0512,131525.729,134617.5204,131829.0411,118915.9481,116512.9331,62989.42153,58406.24679,68732.32198,81978.71015,83751.9363,82152.66502,74747.02498,73243.99175,87021.44986,80673.13074,95523.55749,114574.2597,117124.2507,114824.2909,104173.8034,102214.1531,92144.79037,86304.30362,99815.87195,117149.0486,119469.2285,117376.6442,107686.2469,105850.2491,95414.9156,89308.00603,103450.2441,121592.3646,124020.8029,121830.6006,111687.9996,109775.3091,98984.02554,92772.07972,107270.5088,125869.5738,128359.1764,126113.6774,115715.7233,113794.8643,113498.0795,106159.367,123129.357,144898.8344,147812.9002,145184.6534,133014.1233,130711.6022,116574.2324,108873.987,126601.5189,149342.7564,152386.9605,149641.2655,136927.6242,134480.3274,104459.5157,97540.31283,113430.0059,133814.0503,136542.4219,134081.4913,122685.7382,120471.5119,91022.89525,85246.64409,98570.95788,115663.6615,117951.6739,115887.9369,106332.2148,104499.7482,93135.92209,86884.22258,101363.0529,119936.8623,122423.1635,120180.6195,109796.8411,107837.3842,100084.0918,92484.91358,110131.5707,132769.2584,135799.4622,133066.312,120410.6935,118047.7323
Zhejiang,ZJ,y10,100996.2625,93052.27321,111581.1853,135350.5488,138532.2464,135662.6777,122374.0675,119901.1717,64821.17913,60104.72314,70731.08606,84362.68487,86187.47681,84541.69729,76920.69912,75373.95673,89552.06796,83019.13786,98301.42033,117906.1246,120530.2745,118163.4266,107203.2188,105186.5819,94824.39735,88814.06807,102718.5584,120555.7935,122943.439,120790.0074,110817.8064,108928.4166,98189.62031,91905.1181,106458.6182,125128.3184,127627.3888,125373.484,114935.93,112967.6184,101862.5218,95469.92832,110389.9784,129529.9097,132091.9171,129781.1109,119080.7835,117104.0685,116798.6506,109246.5248,126710.0121,149112.5554,152111.3658,149406.681,136882.239,134512.745,119964.2601,112040.0861,130283.1335,153685.691,156818.4274,153992.8882,140909.5363,138391.0584,107497.2401,100376.8242,116728.5976,137705.424,140513.1311,137980.6421,126253.4861,123974.8711,93669.87713,87725.65084,101437.4407,119027.212,121381.7581,119258.0104,109424.398,107538.6435,95844.35244,89410.85142,104310.7313,123424.6821,125983.2776,123675.5215,112989.776,110973.3388,102994.5769,95174.41216,113334.2375,136630.2444,139748.5573,136935.9404,123912.2881,121480.6095
Zhejiang,ZJ,y11,103931.772,95756.88661,114824.3453,139284.5776,142558.7637,139605.7869,125930.9397,123386.1646,66705.24023,61851.6984,72786.92141,86814.73186,88692.56042,86998.94578,79156.43762,77564.74017,92154.94613,85432.13126,101158.603,121333.1288,124033.5447,121597.9133,110319.1372,108243.8853,97580.51834,91395.49557,105704.1258,124059.8084,126516.8611,124300.8247,114038.7834,112094.4778,101043.5526,94576.38861,109552.8947,128765.246,131336.9306,129017.5326,118276.6038,116251.08,104823.2089,98244.81133,113598.52,133294.7594,135931.2351,133553.2638,122541.9297,120507.7574,120193.4614,112421.8314,130392.8957,153446.5824,156532.5583,153749.2746,140860.7916,138422.4302,123451.081,115296.5893,134069.8862,158152.6534,161376.4343,158468.7715,145005.142,142413.4678,110621.7023,103294.3283,120121.3752,141707.8965,144597.2183,141991.117,129923.1097,127578.2664,96392.4406,90275.44238,104385.7724,122486.7995,124909.7765,122724.3031,112604.8758,110664.3103,98630.11807,92009.62405,107342.5773,127012.0808,129645.0553,127270.2111,116273.8834,114198.8363,105988.1684,97940.70631,116628.3622,140601.4769,143810.4287,140916.0616,127513.8619,125011.5063
Zhejiang,ZJ,y12,105073.3783,96808.6979,116085.6039,140814.5108,144124.6549,141139.247,127314.1869,124741.4581,67607.18043,62664.16889,73834.42846,88163.74402,90081.92828,88351.89564,80340.84792,78727.25051,94030.51631,87234.59859,103102.2644,123457.9184,126182.5956,123725.1099,112345.0505,110241.2634,98719.63608,92452.2175,106955.2632,125560.3402,128050.7625,125804.6223,115403.1445,113402.6592,102327.892,95765.91793,110974.5191,130484.6439,133096.1944,130740.8317,119833.4461,117800.146,106672.9636,99984.49371,115585.9877,135600.093,138279.1121,135862.7696,124673.7255,122581.1245,121621.3469,113735.648,131994.2366,155416.7656,158552.1205,155724.2793,142629.6087,140181.7311,124435.6204,116206.9607,135150.4257,159451.4821,162704.482,159770.4996,146184.7904,143576.835,111293.4503,103951.8038,120796.0887,142404.6748,145296.9897,142688.1813,130607.8545,128253.7917,97284.90739,91128.0091,105316.6964,123518.2672,125954.6798,123757.0615,113581.4478,111637.8639,99857.40775,93116.24508,108738.6737,128779.5663,131462.2198,129042.5573,117838.621,115717.2771,107318.4791,99153.29226,118112.5924,142434.1331,145689.7623,142753.3061,129156.3036,126619.5669
Zhejiang,ZJ,y13,106338.4586,97974.27314,117483.2694,142509.9147,145859.9161,142838.5566,128847.0446,126243.3394,68249.89507,63283.96188,74472.40628,88825.04568,90746.36289,89013.52797,80989.41807,79360.86023,94288.92377,87410.43269,103501.0731,124142.763,126905.72,124413.6845,112873.7323,110750.4249,99840.13195,93511.88571,108151.8536,126932.5905,129446.5412,127179.1913,116679.5119,114690.1832,103383.3585,96766.43858,112089.7458,131746.9736,134378.2245,132005.1066,121015.465,118943.0365,107250.5388,100519.808,116229.0543,136381.3986,139078.9184,136645.8798,125379.5586,123298.2819,122976.7116,115025.1177,133412.3345,156999.8536,160157.2942,157309.5467,144122.6222,141627.7925,126309.7647,117966.4453,137174.4579,161814.9039,165113.3341,162138.342,148362.9437,145711.2577,113183.3042,105686.2541,122902.9537,144989.3487,147945.574,145279.115,132931.6687,130532.5209,98624.54392,92365.89747,106802.973,125323.1535,127802.2402,125566.1561,115212.4003,113226.8983,100914.0379,94140.23626,109828.2467,129953.2241,132647.1688,130217.3328,118966.3688,116843.2719,108442.4739,100208.6607,119329.0514,143857.2919,147140.5547,144179.169,130466.6273,127906.3256
Zhejiang,ZJ,y14,107560.2676,99099.97846,118833.1285,144147.3281,147535.8191,144479.7524,130327.4701,127693.851,69034.07317,64011.08239,75328.08041,89845.63205,91789.02336,90036.27899,81919.96997,80272.70309,95372.28565,88414.76213,104690.2821,125569.1487,128363.8452,125843.1685,114170.6315,112022.9282,100987.2772,94586.32095,109394.4985,128391.0141,130933.8544,128640.448,118020.1387,116007.9529,104571.2134,97878.26663,113377.6386,133260.7181,135922.207,133521.822,122405.9119,120309.6711,108482.8257,101674.7633,117564.5051,137948.3904,140676.9051,138215.9144,126820.1451,124714.9504,124389.6961,116346.735,134945.2131,158803.7517,161997.4742,159117.0085,145778.5581,143255.0747,127761.0401,119321.8553,138750.5648,163674.1231,167010.4582,164001.2804,150067.5972,147385.4577,114483.7616,106900.57,124315.0868,146655.2467,149645.4417,146948.3565,134459.0262,132032.3174,99757.72151,93427.16396,108030.1195,126763.0893,129270.6673,127008.8878,116536.1686,114527.8544,102073.5212,95221.89025,111090.154,131446.3514,134171.2582,131713.5026,120333.2711,118185.7784,109688.4573,101360.0401,120700.1164,145510.1881,148831.184,145835.7577,131965.659,129375.9429
Zhejiang,ZJ,y15,108794.5217,100237.1503,120196.742,145801.4139,149228.78,146137.6509,131822.9843,129159.1409,69826.23891,64745.60923,76192.46998,90876.60847,92842.30259,91069.44229,82860.00209,81193.83074,96466.68306,89429.32169,105891.6,127010.0481,129836.8157,127287.221,115480.736,113308.3885,102146.1057,95671.69816,110649.8016,129864.3015,132436.3254,130116.5998,119374.4197,117339.1455,105771.1696,99001.41982,114678.6439,134789.9032,137481.9152,135053.9897,123810.5202,121690.2206,109727.667,102841.4807,118913.5568,139531.3534,142291.1731,139801.9472,128275.405,126146.0622,125817.0648,117681.8146,136493.7111,160626.0266,163856.3962,160942.8709,147451.3763,144898.9265,129227.097,120691.0747,140342.7345,165552.2828,168926.9054,165883.1916,151789.625,149076.7042,115797.4619,108127.2538,125741.6046,148338.1135,151362.6261,148634.5855,136001.9392,133547.3849,100902.4422,94499.24147,109269.7657,128217.6912,130754.0434,128466.3122,117873.4207,115842.0602,103244.8146,96314.5617,112364.9097,132954.7065,135710.8736,133224.9167,121714.0957,119541.9602,110947.131,102523.1466,122085.157,147179.9119,150539.0173,147509.2217,133479.9638,130860.5297
Zhejiang,ZJ,y16,109983.1704,101332.3048,121509.9701,147394.3924,150859.2066,147734.298,133263.2285,130570.2911,70766.27953,65592.29454,77284.50833,92283.39549,94291.2116,92480.33855,84094.9569,82405.96011,98424.30607,91310.8338,107919.9503,129226.7707,132078.7622,129506.4447,117594.6306,115392.5369,103332.5349,96772.25716,111952.9854,131427.4288,134034.2211,131683.1352,120795.6221,118701.6534,107109.3963,100240.7975,116160.0545,136581.8329,139315.4112,136849.9895,125432.9355,123304.6245,111657.4995,104656.498,120987.01,141936.3135,144740.5152,142211.2567,130499.389,128309.0101,127304.3763,119050.2053,138161.9697,162678.9685,165960.821,163000.8621,149294.3001,146732.0494,130250.1561,121636.9955,141465.6362,166902.223,170307.2222,167236.1439,153015.6071,150285.7899,116493.8942,108809.1877,126440.5629,149058.8566,152086.3172,149355.6181,136710.8059,134246.7472,101830.7656,95386.17251,110237.8618,129289.9446,131840.2055,129539.8976,118888.8005,116854.3982,104523.4725,97467.31303,113819.7345,134797.0845,137605.0922,135072.3675,123344.9021,121124.428,112333.1804,103786.455,123631.669,149089.6946,152497.4518,149423.7829,135191.4279,132536.1607
Zhejiang,ZJ,y17,111280.7474,102527.819,122943.5309,149133.3356,152639.0315,149477.253,134835.4601,132110.7532,71421.94277,66225.2081,77933.65566,92953.36855,94963.97911,93150.6095,84753.56071,83049.31185,98671.18588,91473.00382,108311.4886,129912.5508,132803.9106,130196.0592,118119.7585,115897.7685,104480.3982,97858.03489,113178.422,132832.027,135462.8156,133090.0946,122102.4249,120020.6377,108188.3031,101263.8488,117299.3321,137870.1754,140623.7191,138140.3107,126639.9083,124471.1548,112235.2177,105191.664,121631.0287,142719.993,145542.8799,142996.7719,131206.8213,129028.8165,128692.2972,120371.1325,139612.9363,164296.7332,167600.9131,164620.8156,150820.9986,148210.2259,132180.2581,123449.1712,143549.915,169335.5633,172787.3013,169674.034,155258.3951,152483.4831,118443.7252,110598.2303,128615.1072,151728.0117,154821.6317,152031.2514,139109.9231,136599.2861,103208.3131,96658.78395,111766.8495,131147.7918,133742.1004,131402.0901,120567.1245,118489.3406,105604.2154,98515.58847,114932.7325,135993.0576,138812.2009,136269.4368,124495.5679,122273.7896,113482.5503,104866.055,124875.1003,150543.3479,153979.1969,150880.172,136530.3177,133851.0209
Zhejiang,ZJ,y18,112533.3875,103681.9308,124327.4604,150812.0702,154357.2265,151159.8644,136353.2558,133597.8609,72225.90827,66970.67631,78810.92157,93999.70021,96032.94465,94199.16499,85707.59392,83984.16346,99781.88599,92502.67653,109530.7059,131374.9122,134298.8256,131661.6163,119449.3856,117202.3778,105656.49,98959.58048,114452.4262,134327.265,136987.6669,134588.2311,123476.8764,121371.6586,109406.1322,102403.7319,118619.7277,139422.1182,142206.6511,139695.2895,128065.4234,125872.264,113498.6014,106375.7605,123000.1707,144326.5286,147181.1877,144606.4214,132683.7576,130481.2309,130140.9309,121726.1002,141184.497,166146.156,169487.528,166473.8822,152518.7219,149878.5705,133668.1558,124838.7804,145165.7974,171241.7027,174732.2999,171583.987,157006.0747,154199.9228,119776.9916,111843.1868,130062.8712,153435.9445,156564.4011,153742.605,140675.8256,138136.9139,104370.0849,97746.83023,113024.9639,132624.0648,135247.5802,132881.2262,121924.2951,119823.1252,106792.9564,99624.53652,116226.48,137523.8722,140374.7549,137803.3655,125896.9583,123650.1783,114759.9733,106046.4878,126280.7683,152237.9505,155712.4862,152578.5669,138067.1786,135357.7264
Zhejiang,ZJ,y19,113799.3662,104848.3349,125726.1207,152508.6825,156093.7244,152860.3837,137887.1984,135100.8188,73038.43774,67724.08554,79697.53056,95057.18315,97113.29947,95258.88953,86671.7902,84928.97137,100904.4151,93543.31634,110762.9069,132852.8661,135809.6655,133142.7862,120793.1668,118520.881,106845.108,100072.8597,115739.9945,135838.4178,138528.746,136102.317,124865.9786,122737.066,110636.9315,103555.7569,119954.1748,140990.5976,143806.4697,141266.8432,129506.1405,127288.3125,114775.4442,107572.4709,124383.9078,145950.1742,148836.9583,146233.228,134176.4285,131949.1261,131604.9836,123095.5011,142772.793,168015.2665,171394.2318,168346.6814,154234.5349,151564.6731,135171.9011,126243.195,146798.8892,173168.1408,176698.0113,173514.2798,158772.3756,155934.6462,121124.4651,113101.4025,131526.0599,155162.0684,158325.7148,155472.1837,142258.4052,139690.9354,105544.2307,98846.46482,114296.4736,134116.0625,136769.0876,134376.1138,123295.9251,121171.1168,107994.359,100745.2954,117534.0011,139070.9904,141953.9421,139353.6345,127313.276,125041.2184,116051.0047,107239.4921,127701.4111,153950.6018,157464.222,154295.05,139620.4087,136880.4842
Zhejiang,ZJ,y20,115018.0558,105971.1662,127072.5293,154141.9117,157765.3465,154497.3809,139363.8438,136547.6318,74005.86869,68595.02447,80822.49209,96508.00977,98607.74114,96713.97027,87944.71364,86178.3986,102930.0444,95490.92511,112860.387,135142.6061,138125.1645,135435.0826,122977.959,120675.0582,108062.9662,101202.3658,117078.0501,137444.0048,140170.1379,137711.4186,126325.4859,124135.6577,112012.7253,104829.6921,121477.7139,142834.3836,145693.093,143114.8102,131175.0914,128949.3478,116769.0378,109447.5361,126525.6332,148433.9711,151366.5565,148721.5079,136473.487,134182.8294,133132.2085,124500.1676,144486.8428,170126.2006,173558.2935,170462.8156,156128.8041,153449.2562,136212.8486,127205.3796,147941.7433,174542.787,178103.6706,174892.0003,160020.4654,157165.6827,121826.829,113790.3324,132228.8385,155882.573,159048.63,156192.9159,142969.2562,140392.3916,106492.4464,99752.82792,115284.4047,135208.6598,137875.6713,135470.0563,124331.3811,122203.8417,109308.4216,101929.24,119030.253,140967.9152,143904.4708,141255.8056,128991.464,126669.3484,117475.6474,108537.6652,129291.3707,155914.8212,159478.5771,156264.2098,141380.3101,138603.4879
Zhejiang,ZJ,y21,116371.8848,107218.5085,128568.2504,155956.2493,159622.3339,156315.9112,141004.2384,138154.87,74689.52524,69255.03799,81499.15299,97206.0171,99308.61799,97412.28255,88631.06848,86848.85165,103185.433,95657.9311,113266.7823,135856.0968,138879.7494,136152.5731,123523.7868,121200.1366,109260.4197,102335.0789,118356.3812,138909.1528,141660.2971,139179.023,127688.6537,125511.6215,113137.9619,105896.7099,122665.8314,144177.7962,147057.3152,144460.2857,132433.7141,130165.7545,117370.0234,110004.2257,127195.6947,149249.4847,152201.5305,149538.9306,137209.5815,134931.9321,134580.0213,125878.1679,146000.2821,171813.374,175268.7306,172152.2836,157721.1127,154990.9009,138227.5585,129097.0126,150117.3837,177082.737,180692.3961,177436.6969,162361.5309,159459.6574,123862.5702,115658.1465,134499.3001,158669.6229,161904.7905,158986.745,145474.2537,142848.7474,107930.1348,101080.9625,116880.2294,137147.8538,139860.8603,137413.7915,126083.1161,123910.2732,110435.6509,103022.7166,120190.9473,142214.7901,145162.9151,142503.8269,130191.2811,127867.8656,118674.4212,109663.7192,130588.1932,157430.7633,161023.8151,157783.0016,142776.6343,139974.7528
Zhejiang,ZJ,y22,117678.6912,108422.5226,130012.0133,157707.5772,161414.8204,158071.2662,142587.6583,139706.287,75528.25552,70032.74,82414.35102,98297.60137,100423.8083,98506.18039,89626.35361,87824.12507,104344.1584,96732.12584,114538.7189,137381.7053,140439.2999,137681.5051,124910.9039,122561.1542,110487.3634,103484.2559,119685.4681,140469.0338,143251.0829,140741.9338,129122.5434,126921.0666,114408.4499,107085.8809,124043.3155,145796.8396,148708.6997,146082.5084,133920.8887,131627.4586,118688.0362,111239.5247,128624.041,150925.4883,153910.6802,151218.179,138750.3859,136447.1535,136091.2884,127291.7205,147639.7944,173742.7663,177236.9114,174085.482,159492.252,156731.3818,139779.7977,130546.7204,151803.1293,179071.3014,182721.4904,179429.2301,164184.7886,161250.3232,125253.4845,116956.9347,136009.6719,160451.4143,163722.9041,160772.0907,147107.8668,144452.8767,109142.1419,102216.0556,118192.7405,138687.9583,141431.4312,138956.8791,127498.977,125301.7317,111675.793,104179.6147,121540.6336,143811.7986,146793.0308,144104.0741,131653.2708,129303.7672,120007.0833,110895.1933,132054.6372,159198.6375,162832.0389,159554.8327,144379.9459,141546.6122
Zhejiang,ZJ,y23,118999.3649,109639.3213,131471.1017,159477.4799,163226.3418,159845.2539,144187.8787,141274.1749,76375.8884,70818.6999,83339.26648,99400.76694,101550.8404,99611.68973,90632.21018,88809.75226,105515.187,97817.72595,115824.1523,138923.4991,142015.4133,139226.6654,126312.7481,123936.6273,111727.3349,104645.6346,121028.6722,142045.4845,144858.7446,142321.4458,130571.6531,128345.469,115692.4251,108287.6811,125435.4158,147433.0889,150377.6155,147721.957,135423.8489,133104.6796,120020.0384,112487.9351,130067.5586,152619.2916,155637.9795,152915.2656,140307.5539,137978.4707,137618.6152,128720.2796,149296.7139,175692.6365,179226.0058,176039.1907,161282.1991,158490.3371,141348.5056,132011.8089,153506.781,181080.9679,184772.1296,181442.9153,166027.386,163059.9853,126659.1811,118269.5098,137536.0717,162252.1285,165560.3232,162576.3961,148758.8222,146074.0405,110367.0165,103363.2007,119519.1901,140244.4203,143018.6779,140516.3564,128929.8676,126707.9567,112929.1022,105348.7963,122904.6608,145425.7573,148440.45,145721.3233,133130.7841,130754.908,121353.8917,112139.7423,133536.6536,160985.2946,164659.4566,161345.4765,146000.2852,143135.1539
Zhejiang,ZJ,y24,120270.5741,110810.5346,132875.5336,161181.0842,164969.9902,161552.7888,145728.1567,142783.324,77385.48153,71727.54317,84513.40151,100915.225,103110.8444,101130.5947,91960.87105,90113.89274,107630.5336,99851.69466,118014.3663,141314.144,144432.9034,141619.9748,128593.9757,126185.9082,112997.8596,105823.9579,122424.6419,143720.6421,146571.2698,144000.265,132094.3752,129804.5455,117127.9934,109616.9321,127025.2126,149357.1794,152346.4373,149650.4177,137165.4518,134838.0635,122101.5125,114445.6567,132303.6631,155212.4841,158278.9791,155513.15,142705.7928,140310.5431,139211.9389,130185.6939,151085.113,177895.3226,181484.1591,178247.3161,163258.7129,160456.7956,142433.2512,133014.4486,154697.7743,182513.5964,186237.1066,182878.7657,167328.0886,164342.9369,127390.2732,118986.7791,138267.3159,163001.2416,166311.8817,163325.7613,149498.2015,146803.6653,111355.6209,104308.2243,120549.0789,141383.2176,144172.0225,141656.5514,130009.1965,127784.5016,114300.1915,106584.0262,124465.9884,147405.4844,150476.1383,147706.5126,134882.0956,132453.9304,122840.3897,113494.2364,135195.6936,163034.9666,166761.463,163400.2974,147836.7085,144933.074
Zhejiang,ZJ,y25,121682.9,112111.7751,134435.8799,163073.8265,166907.2192,163449.8964,147439.4305,144460.0184,78098.22524,72415.71797,85218.63566,101642.3351,103840.8943,101858.0134,92676.03781,90812.48399,107894.6381,100023.5937,118436.0819,142056.3352,145217.9751,142366.339,129161.1966,126731.5003,114246.8761,107005.4751,123757.9605,145248.7184,148125.4251,145530.9015,133516.1431,131239.763,118301.3776,110729.6525,128264.0792,150757.8188,153768.7535,151053.2015,138477.7643,136106.2917,122726.5883,115024.6289,133000.6921,156060.9651,159147.7411,156363.6223,143471.5922,141089.9936,140722.022,131623.02,152663.4837,179654.6464,183267.6865,180009.0224,164919.2356,162064.4185,144536.0244,134988.7787,156968.4861,185164.4789,188938.8813,185534.6002,169771.4325,166737.1146,129515.4436,120936.5776,140637.6192,165911.0352,169293.8349,166242.6206,152113.4507,149368.1154,112855.8801,105694.1211,122214.4409,143407.0458,146243.8576,143685.1178,131837.3343,129565.3268,115475.7433,107724.4945,125676.2545,148705.2289,151787.8996,149007.4445,136132.9881,133703.537,124090.5142,114668.5828,136548.0089,164615.6337,168372.6617,164983.9414,149292.7175,146362.9692
Zhejiang,ZJ,y26,123046.0268,113367.6837,135941.8712,164900.6234,168776.9649,165280.9126,149091.0846,146078.3044,78973.10502,73226.93971,86173.27424,102780.9635,105004.1467,102999.0568,93714.22197,91829.79082,109103.3053,101144.086,119762.8351,143647.688,146844.7499,143961.1688,130608.0999,128151.1849,115526.7008,108204.1816,125144.3332,146875.8408,149784.7703,147161.1829,135011.8345,132709.9487,119626.6271,111970.0779,129700.9352,152446.6529,155491.3111,152745.3464,140029.0369,137630.9997,124101.407,116313.1672,134490.5986,157809.2111,160930.5499,158115.2561,145078.8047,142670.5256,142298.421,133097.5046,154373.656,181667.1804,185320.6984,182025.5351,166766.7164,163879.9096,146155.1614,136500.9526,158726.8824,187238.7485,191055.4319,187613.0098,171673.251,168604.9603,130966.3131,122291.3528,142213.0785,167769.6114,171190.3184,168104.9198,153817.4712,151041.3786,114120.1231,106878.1386,123583.5173,145013.5349,147882.1261,145294.7177,133314.2086,131016.7535,116769.336,108931.2554,127084.1157,150371.0656,153488.2782,150676.6779,137657.9939,135201.3248,125480.6157,115953.1319,138077.6629,166459.7045,170258.8097,166832.1417,150965.13,148002.5632
