,,h1,h2,h3,h4,h5,h6,h7,h8,h9,h10,h11,h12,h13,h14,h15,h16,h17,h18,h19,h20,h21,h22,h23,h24,h25,h26,h27,h28,h29,h30,h31,h32,h33,h34,h35,h36,h37,h38,h39,h40,h41,h42,h43,h44,h45,h46,h47,h48,h49,h50,h51,h52,h53,h54,h55,h56,h57,h58,h59,h60,h61,h62,h63,h64,h65,h66,h67,h68,h69,h70,h71,h72,h73,h74,h75,h76,h77,h78,h79,h80,h81,h82,h83,h84,h85,h86,h87,h88,h89,h90,h91,h92,h93,h94,h95,h96
FJ,y1,0.636,0.647,0.649666667,0.617,0.596333333,0.626666667,0.647666667,0.639666667,0.622,0.639666667,0.632333333,0.606,0.597333333,0.633333333,0.641,0.606,0.393,0.406333333,0.404,0.409333333,0.434,0.462666667,0.468666667,0.422,0.337333333,0.331333333,0.338333333,0.332,0.329333333,0.339,0.356,0.340333333,0.256333333,0.265,0.255333333,0.239,0.257333333,0.29,0.293333333,0.271333333,0.434333333,0.451,0.437,0.432,0.441333333,0.45,0.424333333,0.415333333,0.289666667,0.281666667,0.250666667,0.256,0.263,0.257333333,0.258666667,0.282666667,0.189666667,0.195333333,0.186333333,0.19,0.196666667,0.207666667,0.195,0.185,0.434,0.448,0.455,0.450666667,0.456,0.474,0.484333333,0.466333333,0.721333333,0.712,0.724,0.722666667,0.72,0.737333333,0.755,0.749333333,0.722333333,0.721,0.715333333,0.702666667,0.689666667,0.711333333,0.716,0.695333333,0.763333333,0.776666667,0.798666667,0.790333333,0.772333333,0.778,0.782,0.769666667
FJ,y2,0.566,0.582666667,0.599666667,0.587333333,0.586333333,0.629,0.646,0.609333333,0.695666667,0.685666667,0.674666667,0.671,0.67,0.690333333,0.703666667,0.686666667,0.499,0.488,0.465333333,0.466333333,0.493,0.530333333,0.543666667,0.517333333,0.512333333,0.515,0.502333333,0.483666667,0.488666667,0.513666667,0.534333333,0.526333333,0.399,0.41,0.436333333,0.452666667,0.464333333,0.484666667,0.468333333,0.416666667,0.275,0.259666667,0.237333333,0.239666667,0.273,0.296,0.294,0.296666667,0.284333333,0.264333333,0.248666667,0.248666667,0.275666667,0.300333333,0.293,0.282,0.248,0.229666667,0.215666667,0.207,0.223333333,0.242,0.246666667,0.265333333,0.372,0.373333333,0.383333333,0.379666667,0.382666667,0.409333333,0.43,0.415,0.670333333,0.679,0.686666667,0.679666667,0.678666667,0.691333333,0.700666667,0.687,0.711,0.709333333,0.716666667,0.71,0.706333333,0.725666667,0.734,0.721333333,0.622333333,0.65,0.661333333,0.645,0.622333333,0.638,0.650333333,0.612666667
FJ,y3,0.637666667,0.650666667,0.648333333,0.622333333,0.611666667,0.652333333,0.671,0.649,0.614333333,0.611666667,0.617,0.623,0.637666667,0.673333333,0.690666667,0.668,0.403333333,0.406,0.408666667,0.389666667,0.391333333,0.435,0.454333333,0.423,0.344333333,0.356666667,0.362333333,0.355666667,0.350666667,0.362333333,0.356666667,0.333666667,0.309666667,0.308,0.316666667,0.333666667,0.372666667,0.407,0.398666667,0.345,0.281333333,0.267666667,0.256,0.245666667,0.255666667,0.284666667,0.311,0.313,0.253,0.252333333,0.241,0.231666667,0.237,0.253666667,0.265,0.260333333,0.343666667,0.335333333,0.325,0.328666667,0.341,0.356,0.362333333,0.376666667,0.454333333,0.456,0.458,0.451,0.448,0.466333333,0.471333333,0.47,0.406666667,0.433333333,0.471333333,0.460666667,0.450333333,0.474,0.490666667,0.450666667,0.546,0.516333333,0.508,0.51,0.523333333,0.564666667,0.591333333,0.579666667,0.563333333,0.566,0.575,0.562,0.552,0.569666667,0.587666667,0.569
FJ,y4,0.553,0.581,0.584,0.532666667,0.49,0.529,0.554333333,0.554333333,0.481666667,0.494,0.504333333,0.495666667,0.484666667,0.516,0.518,0.487666667,0.388666667,0.403,0.400333333,0.372,0.370666667,0.378,0.387666667,0.387333333,0.245666667,0.259666667,0.272666667,0.275666667,0.269666667,0.271333333,0.265333333,0.248,0.235,0.245,0.252333333,0.243333333,0.250333333,0.27,0.281666667,0.272666667,0.429666667,0.419666667,0.402333333,0.392666667,0.429333333,0.458666667,0.454,0.44,0.415666667,0.384333333,0.342,0.350666667,0.387666667,0.419,0.436,0.441333333,0.226666667,0.199,0.176333333,0.187,0.216666667,0.246666667,0.241333333,0.233,0.383,0.421333333,0.445666667,0.44,0.425666667,0.435,0.452333333,0.422666667,0.659,0.694666667,0.725666667,0.721666667,0.676,0.660333333,0.658333333,0.635,0.666666667,0.675666667,0.700333333,0.704,0.679333333,0.678666667,0.705,0.696666667,0.759333333,0.779333333,0.793333333,0.789333333,0.780666667,0.786666667,0.787666667,0.770333333
FJ,y5,0.706333333,0.705333333,0.716,0.702,0.675,0.681333333,0.704,0.695333333,0.524,0.536,0.543666667,0.54,0.534,0.557666667,0.576333333,0.546666667,0.474333333,0.455333333,0.455,0.453,0.446333333,0.472666667,0.513666667,0.509666667,0.378333333,0.393,0.402666667,0.403333333,0.419,0.448333333,0.458,0.418666667,0.308,0.321,0.347333333,0.358666667,0.373,0.385333333,0.379333333,0.33,0.352333333,0.345,0.341333333,0.348,0.365333333,0.371666667,0.365333333,0.360666667,0.365,0.330666667,0.303333333,0.289333333,0.309333333,0.347,0.364,0.373333333,0.323,0.3,0.286,0.298333333,0.316333333,0.324666667,0.338333333,0.343666667,0.292666667,0.312,0.315333333,0.300666667,0.279333333,0.285,0.302,0.299,0.616666667,0.634333333,0.660666667,0.666,0.646,0.646,0.657666667,0.637,0.592,0.622666667,0.672666667,0.672333333,0.643,0.651333333,0.669666667,0.646,0.835333333,0.837666667,0.845666667,0.839,0.827666667,0.832666667,0.842,0.830333333
FJ,y6,0.613,0.628333333,0.635333333,0.606,0.576666667,0.597,0.632666667,0.633666667,0.741333333,0.74,0.756666667,0.751333333,0.732666667,0.752666667,0.777,0.763666667,0.541,0.528666667,0.517666667,0.509333333,0.495333333,0.515,0.544,0.540333333,0.344666667,0.345333333,0.36,0.352,0.360666667,0.391666667,0.407333333,0.385,0.29,0.303333333,0.331666667,0.337,0.335666667,0.348,0.348666667,0.315666667,0.349333333,0.338,0.329,0.328666667,0.359333333,0.382666667,0.382,0.375,0.350666667,0.344333333,0.337333333,0.33,0.333666667,0.356333333,0.370666667,0.375666667,0.342333333,0.317,0.301333333,0.305333333,0.324,0.341666667,0.348,0.344,0.387,0.415666667,0.427666667,0.406333333,0.386,0.384666667,0.404,0.395333333,0.466,0.455333333,0.479333333,0.488333333,0.478333333,0.488666667,0.521,0.523666667,0.834666667,0.838666667,0.844666667,0.844333333,0.840333333,0.840333333,0.849,0.836666667,0.752666667,0.756666667,0.772666667,0.770666667,0.742,0.751333333,0.775,0.775666667
FJ,y7,0.58,0.573666667,0.580333333,0.545666667,0.515333333,0.527333333,0.566,0.577,0.581333333,0.585333333,0.594333333,0.583,0.558333333,0.572,0.595333333,0.589666667,0.356666667,0.360666667,0.352,0.348333333,0.344,0.352666667,0.379666667,0.373333333,0.382,0.376333333,0.380333333,0.373,0.374666667,0.398666667,0.419333333,0.399666667,0.328333333,0.34,0.345333333,0.345333333,0.340333333,0.343666667,0.346666667,0.336,0.331,0.325,0.298666667,0.290333333,0.301333333,0.295666667,0.288666667,0.301,0.227666667,0.219333333,0.218666667,0.213,0.222,0.244333333,0.258666667,0.255666667,0.244,0.244666667,0.251,0.259666667,0.271333333,0.285666667,0.286333333,0.260666667,0.481333333,0.500666667,0.507333333,0.497,0.479,0.474,0.482,0.488666667,0.609333333,0.626333333,0.656,0.648666667,0.620333333,0.628666667,0.639666667,0.611333333,0.702333333,0.699666667,0.707666667,0.706,0.702,0.725,0.746,0.746,0.590333333,0.607,0.624333333,0.603333333,0.565333333,0.580666667,0.601333333,0.587
FJ,y8,0.463666667,0.463333333,0.48,0.471,0.463,0.490333333,0.521,0.51,0.493666667,0.514666667,0.517,0.473666667,0.440333333,0.452333333,0.488,0.48,0.368,0.372666667,0.375666667,0.343666667,0.334333333,0.356666667,0.389666667,0.389666667,0.338666667,0.334333333,0.338333333,0.328,0.335,0.369666667,0.391,0.365333333,0.205,0.209666667,0.223,0.21,0.218333333,0.245,0.26,0.242333333,0.353666667,0.343666667,0.336,0.331666667,0.354,0.382,0.384,0.360333333,0.32,0.302,0.279333333,0.273666667,0.288,0.297333333,0.308333333,0.312333333,0.281666667,0.289,0.282,0.272666667,0.270666667,0.284333333,0.296666667,0.295333333,0.376666667,0.374,0.380333333,0.379,0.373333333,0.388333333,0.405666667,0.396333333,0.457333333,0.479333333,0.520333333,0.530666667,0.515333333,0.511,0.511666667,0.478333333,0.591333333,0.597666667,0.608333333,0.591,0.568,0.591666667,0.625666667,0.623666667,0.581333333,0.578333333,0.580666667,0.564333333,0.550333333,0.573333333,0.595333333,0.594
FJ,y9,0.625,0.657333333,0.653333333,0.613333333,0.58,0.592666667,0.614666667,0.593666667,0.423333333,0.428333333,0.449,0.434,0.421333333,0.436,0.459333333,0.452,0.485666667,0.496666667,0.503,0.470333333,0.448333333,0.464,0.483,0.484666667,0.360666667,0.381333333,0.401333333,0.388333333,0.389333333,0.400333333,0.410666667,0.384666667,0.307,0.326333333,0.351333333,0.355,0.355333333,0.354,0.349333333,0.319,0.417666667,0.443333333,0.444666667,0.433333333,0.43,0.436,0.441333333,0.427333333,0.275666667,0.250333333,0.236666667,0.245666667,0.273333333,0.301333333,0.310333333,0.298,0.282333333,0.245,0.205333333,0.201333333,0.221333333,0.256666667,0.278333333,0.281333333,0.333333333,0.343,0.354666667,0.353,0.347666667,0.358333333,0.365666667,0.352,0.586,0.593666667,0.613,0.612666667,0.602333333,0.620333333,0.632333333,0.603333333,0.616666667,0.63,0.644333333,0.64,0.631333333,0.646333333,0.668666667,0.658333333,0.675,0.691,0.700666667,0.676333333,0.652,0.675,0.702,0.691333333
FJ,y10,0.635,0.657,0.659666667,0.622333333,0.588333333,0.611666667,0.645333333,0.633333333,0.5,0.498,0.489333333,0.461,0.449666667,0.482666667,0.509333333,0.509,0.562666667,0.554666667,0.550666667,0.530666667,0.510333333,0.536666667,0.570333333,0.564,0.344,0.352,0.349333333,0.345,0.356666667,0.378666667,0.382333333,0.338,0.247333333,0.254,0.263333333,0.264,0.274333333,0.299666667,0.319666667,0.287,0.351,0.344333333,0.340333333,0.347,0.352333333,0.367,0.396333333,0.382333333,0.387666667,0.365,0.346,0.346,0.362666667,0.387333333,0.39,0.386666667,0.240666667,0.245666667,0.245,0.246333333,0.259333333,0.275333333,0.271666667,0.255333333,0.311333333,0.317333333,0.321,0.317,0.311,0.298,0.305666667,0.312333333,0.676666667,0.714666667,0.738333333,0.727,0.693666667,0.687333333,0.7,0.685666667,0.587,0.601333333,0.618666667,0.604,0.589666667,0.605,0.622666667,0.602666667,0.74,0.745333333,0.754333333,0.741,0.727333333,0.744,0.766333333,0.759333333
FJ,y11,0.597666667,0.629666667,0.636,0.606,0.575333333,0.584333333,0.607666667,0.594333333,0.579333333,0.586,0.580666667,0.552,0.524333333,0.530666667,0.564666667,0.579666667,0.463,0.477,0.478666667,0.439,0.416,0.415666667,0.443333333,0.449666667,0.286666667,0.283333333,0.292333333,0.285666667,0.292666667,0.324,0.349666667,0.326,0.333666667,0.336,0.336,0.341666667,0.35,0.37,0.375666667,0.348666667,0.416666667,0.399,0.384666667,0.391333333,0.404666667,0.43,0.441333333,0.428666667,0.330333333,0.310666667,0.286,0.284666667,0.292333333,0.305,0.315,0.328333333,0.395666667,0.372333333,0.353333333,0.351,0.353666667,0.361,0.37,0.389,0.339666667,0.337,0.363,0.365,0.354,0.370666667,0.399333333,0.386,0.670333333,0.682333333,0.713,0.714666667,0.693333333,0.694,0.712,0.698,0.563666667,0.578333333,0.588666667,0.582333333,0.575666667,0.578666667,0.584,0.564333333,0.721666667,0.747,0.758666667,0.744,0.723333333,0.732666667,0.742,0.734666667
FJ,y12,0.636,0.638666667,0.648333333,0.628,0.601,0.622,0.656,0.638666667,0.636,0.652333333,0.648333333,0.637333333,0.624666667,0.634333333,0.655333333,0.652,0.412333333,0.416,0.406333333,0.387,0.368333333,0.388666667,0.414333333,0.398666667,0.379,0.397666667,0.401666667,0.401666667,0.406333333,0.413666667,0.415,0.395666667,0.359333333,0.361333333,0.364333333,0.377333333,0.398333333,0.401,0.399333333,0.382,0.296666667,0.288666667,0.29,0.296666667,0.306,0.318666667,0.308666667,0.299333333,0.421333333,0.397,0.372666667,0.371,0.386333333,0.401333333,0.414,0.429666667,0.187,0.180333333,0.177333333,0.178,0.195333333,0.223666667,0.230333333,0.216333333,0.426666667,0.432666667,0.441333333,0.428333333,0.411,0.423666667,0.453333333,0.452,0.530666667,0.543666667,0.573666667,0.576,0.570666667,0.596,0.615,0.578,0.516333333,0.524333333,0.546,0.544333333,0.516,0.515,0.529333333,0.502666667,0.783333333,0.79,0.802,0.790333333,0.773333333,0.790666667,0.813333333,0.813
FJ,y13,0.783666667,0.779333333,0.781,0.772666667,0.753666667,0.765,0.790333333,0.786333333,0.454666667,0.468666667,0.466,0.455333333,0.438,0.443,0.452666667,0.440333333,0.483333333,0.458333333,0.453333333,0.440666667,0.443333333,0.473333333,0.496,0.505333333,0.457,0.469,0.468666667,0.454333333,0.455333333,0.466,0.467666667,0.447666667,0.181,0.195,0.220666667,0.225666667,0.235333333,0.254,0.239333333,0.207,0.266333333,0.269666667,0.252333333,0.261,0.295666667,0.312666667,0.298666667,0.277,0.305666667,0.29,0.255666667,0.244333333,0.265,0.287,0.290666667,0.295,0.395,0.367666667,0.354333333,0.363666667,0.375666667,0.380666667,0.388333333,0.398666667,0.378333333,0.413,0.453,0.457666667,0.455666667,0.464666667,0.454666667,0.413333333,0.757666667,0.759333333,0.772333333,0.767,0.759333333,0.77,0.781666667,0.779666667,0.818333333,0.827,0.836333333,0.838333333,0.837666667,0.848666667,0.853333333,0.84,0.654,0.672,0.677333333,0.655333333,0.632333333,0.651333333,0.67,0.654
FJ,y14,0.652333333,0.663,0.674,0.666,0.655333333,0.668,0.686,0.666333333,0.755333333,0.757333333,0.765333333,0.766666667,0.753,0.756333333,0.759666667,0.743,0.409333333,0.450666667,0.466666667,0.459333333,0.46,0.469666667,0.458,0.413,0.377666667,0.397,0.409666667,0.406333333,0.403666667,0.417,0.421333333,0.388,0.372,0.380333333,0.382,0.379666667,0.394333333,0.411333333,0.407,0.387333333,0.370666667,0.355666667,0.345666667,0.347666667,0.370333333,0.398,0.384333333,0.373333333,0.310666667,0.278,0.240333333,0.237333333,0.256,0.278666667,0.295,0.312666667,0.279333333,0.274666667,0.263,0.256666667,0.259666667,0.273,0.276333333,0.267333333,0.255333333,0.262666667,0.277333333,0.288333333,0.279333333,0.280666667,0.294666667,0.291333333,0.58,0.598333333,0.603666667,0.585333333,0.553666667,0.558,0.582333333,0.582,0.625666667,0.643333333,0.657333333,0.647666667,0.624,0.639333333,0.661666667,0.645333333,0.662333333,0.677,0.675333333,0.652666667,0.623666667,0.638,0.680333333,0.675
FJ,y15,0.694666667,0.695333333,0.688333333,0.667666667,0.638333333,0.648666667,0.685666667,0.688666667,0.533666667,0.550666667,0.538666667,0.490333333,0.444,0.451,0.501666667,0.522,0.517333333,0.508,0.493666667,0.477,0.466333333,0.480666667,0.518,0.523,0.498666667,0.509333333,0.531666667,0.539666667,0.520333333,0.527,0.542333333,0.509333333,0.287666667,0.282333333,0.302666667,0.306,0.289,0.308333333,0.328333333,0.311333333,0.265333333,0.261333333,0.246,0.238666667,0.243666667,0.249,0.268,0.279,0.34,0.324333333,0.289333333,0.278,0.273666667,0.27,0.285333333,0.309,0.249666667,0.251333333,0.241333333,0.231,0.230333333,0.232666667,0.243,0.247333333,0.399,0.397333333,0.425666667,0.438666667,0.434333333,0.453333333,0.473,0.455,0.708666667,0.729333333,0.74,0.724,0.699333333,0.708666667,0.728333333,0.713333333,0.616333333,0.617333333,0.637333333,0.628,0.604333333,0.616,0.654666667,0.649,0.607666667,0.612333333,0.610333333,0.579666667,0.559,0.59,0.636333333,0.633
FJ,y16,0.570666667,0.563333333,0.559,0.546666667,0.521666667,0.528,0.569,0.575,0.435333333,0.446,0.451,0.428666667,0.429666667,0.448666667,0.460666667,0.449666667,0.426333333,0.439666667,0.434333333,0.401,0.382666667,0.383333333,0.403666667,0.419333333,0.386666667,0.400666667,0.405666667,0.407333333,0.4,0.408,0.416333333,0.401666667,0.233666667,0.24,0.255333333,0.259,0.268,0.283666667,0.295,0.269,0.480666667,0.481,0.461333333,0.440666667,0.442333333,0.452666667,0.472333333,0.485666667,0.358333333,0.325666667,0.287,0.287,0.320666667,0.342333333,0.359666667,0.377666667,0.217,0.193333333,0.168,0.174666667,0.203666667,0.229333333,0.235666667,0.221,0.263666667,0.272,0.278,0.293,0.291,0.287,0.271666667,0.263,0.612666667,0.626666667,0.651666667,0.652,0.654333333,0.674333333,0.677,0.653,0.776666667,0.785666667,0.785666667,0.778,0.772333333,0.788666667,0.801333333,0.781333333,0.481333333,0.519,0.520333333,0.493,0.457666667,0.469666667,0.495666667,0.478
FJ,y17,0.831,0.832666667,0.845666667,0.833333333,0.822,0.848333333,0.864333333,0.849,0.531333333,0.531,0.531333333,0.519666667,0.500333333,0.515333333,0.561666667,0.553333333,0.627333333,0.637333333,0.641666667,0.630666667,0.628333333,0.639,0.64,0.621666667,0.299333333,0.295666667,0.306333333,0.313333333,0.321333333,0.345333333,0.361666667,0.344,0.26,0.258333333,0.268333333,0.273,0.261333333,0.271666667,0.289333333,0.273666667,0.33,0.314666667,0.290666667,0.294333333,0.318666667,0.338,0.351,0.356333333,0.290333333,0.257,0.242666667,0.239333333,0.231333333,0.243333333,0.269333333,0.296666667,0.185,0.176333333,0.167,0.170666667,0.178666667,0.196,0.209,0.212666667,0.399,0.406666667,0.429,0.418666667,0.391333333,0.404666667,0.429,0.417333333,0.618333333,0.633333333,0.650333333,0.643333333,0.626333333,0.622666667,0.629666667,0.622666667,0.701666667,0.698333333,0.701,0.705666667,0.688666667,0.705333333,0.733666667,0.711,0.817666667,0.825666667,0.821666667,0.807,0.787333333,0.802666667,0.827,0.827333333
FJ,y18,0.741333333,0.754666667,0.744333333,0.718333333,0.699666667,0.711333333,0.737666667,0.738333333,0.653,0.667,0.667,0.630666667,0.589666667,0.586666667,0.622666667,0.633,0.527666667,0.524,0.498333333,0.461666667,0.455333333,0.493666667,0.538333333,0.540333333,0.282666667,0.303333333,0.326333333,0.329,0.307666667,0.312666667,0.331,0.313,0.326,0.318,0.314,0.319333333,0.336,0.363333333,0.372,0.336666667,0.424,0.421,0.410333333,0.417333333,0.422666667,0.443,0.461333333,0.458333333,0.322666667,0.294333333,0.259666667,0.254666667,0.270333333,0.291,0.306666667,0.315,0.435333333,0.421,0.411,0.418,0.414333333,0.420666667,0.436,0.442666667,0.24,0.254333333,0.256,0.243666667,0.231,0.248333333,0.271333333,0.26,0.604666667,0.626333333,0.659333333,0.660333333,0.629,0.634,0.654333333,0.617333333,0.509,0.521333333,0.538333333,0.516666667,0.489,0.500333333,0.535,0.524666667,0.644666667,0.644333333,0.653,0.653,0.635666667,0.661333333,0.688,0.685666667
FJ,y19,0.695333333,0.696666667,0.684333333,0.659,0.64,0.658,0.683333333,0.679666667,0.514333333,0.521666667,0.520333333,0.509333333,0.506333333,0.532,0.555,0.540333333,0.442,0.436,0.410333333,0.393333333,0.39,0.409,0.435,0.439333333,0.354666667,0.355666667,0.366666667,0.374,0.383,0.379,0.395666667,0.379333333,0.327,0.327,0.308666667,0.290333333,0.290666667,0.316333333,0.336666667,0.331333333,0.320333333,0.294,0.257666667,0.247333333,0.269,0.3,0.319,0.335333333,0.290333333,0.256,0.213,0.208666667,0.205333333,0.210666667,0.243333333,0.278,0.238333333,0.229333333,0.209666667,0.203333333,0.208,0.217666667,0.239333333,0.253,0.436666667,0.457,0.458,0.449,0.445666667,0.466666667,0.478333333,0.455333333,0.729333333,0.737666667,0.741333333,0.732333333,0.713666667,0.715666667,0.734,0.730666667,0.687,0.679,0.669666667,0.657666667,0.621333333,0.624666667,0.653333333,0.665333333,0.71,0.72,0.708,0.679,0.658333333,0.673,0.709,0.709333333
FJ,y20,0.571,0.583,0.558666667,0.528,0.506,0.520333333,0.547,0.549,0.523333333,0.521333333,0.497,0.466,0.452,0.468666667,0.502,0.52,0.440666667,0.454666667,0.448666667,0.436,0.450666667,0.479,0.482333333,0.453,0.304,0.33,0.318,0.28,0.264,0.271666667,0.284,0.281333333,0.257333333,0.275666667,0.272,0.277333333,0.281,0.275333333,0.268,0.247333333,0.386333333,0.377666667,0.355333333,0.352666667,0.360333333,0.363666667,0.372666667,0.38,0.302,0.276666667,0.264666667,0.259666667,0.250333333,0.260666667,0.278666667,0.298,0.270666667,0.226333333,0.193,0.178333333,0.188333333,0.212666667,0.237666667,0.263,0.189333333,0.198,0.196666667,0.195666667,0.192333333,0.195333333,0.209666667,0.195333333,0.530666667,0.566666667,0.581333333,0.566,0.540666667,0.547666667,0.570333333,0.555,0.578666667,0.582,0.561333333,0.540666667,0.545333333,0.571666667,0.593666667,0.584,0.708666667,0.715666667,0.696666667,0.671333333,0.647666667,0.652333333,0.668333333,0.68
FJ,y21,0.604333333,0.617,0.604333333,0.575666667,0.556666667,0.563333333,0.583333333,0.589333333,0.502666667,0.531666667,0.501666667,0.456,0.432333333,0.437666667,0.462333333,0.47,0.430333333,0.443666667,0.418666667,0.391666667,0.377666667,0.405,0.423,0.403666667,0.405666667,0.409333333,0.404666667,0.400666667,0.395333333,0.397,0.395666667,0.392666667,0.323666667,0.316333333,0.297333333,0.289666667,0.304333333,0.324,0.333333333,0.336333333,0.345,0.322333333,0.294666667,0.295666667,0.313666667,0.333,0.348,0.354,0.516,0.483,0.434333333,0.422666667,0.431333333,0.455,0.485333333,0.503,0.34,0.331666667,0.317666667,0.313666667,0.309,0.313333333,0.335666667,0.348,0.303333333,0.32,0.311,0.289333333,0.285,0.303666667,0.319333333,0.310333333,0.593,0.623,0.625666667,0.609,0.591333333,0.577666667,0.576666667,0.57,0.510666667,0.518333333,0.507666667,0.499666667,0.498666667,0.523,0.545333333,0.532666667,0.674666667,0.697,0.687666667,0.656666667,0.641333333,0.653,0.660333333,0.655666667
FJ,y22,0.589666667,0.616666667,0.617666667,0.6,0.567,0.582666667,0.607333333,0.590333333,0.604333333,0.635333333,0.629,0.599333333,0.591,0.590666667,0.590666667,0.582666667,0.433333333,0.436666667,0.42,0.404,0.395,0.414666667,0.419333333,0.398,0.237666667,0.246,0.241,0.238333333,0.254333333,0.261666667,0.253333333,0.240333333,0.257333333,0.258,0.246,0.239333333,0.249,0.270333333,0.278666667,0.264333333,0.320333333,0.306333333,0.286666667,0.286333333,0.289666667,0.295333333,0.312333333,0.326666667,0.396,0.368,0.338333333,0.343,0.344666667,0.353666667,0.368666667,0.389333333,0.156,0.161333333,0.153,0.15,0.148,0.153666667,0.160333333,0.157666667,0.365,0.395333333,0.396333333,0.389,0.375333333,0.390333333,0.404333333,0.393,0.557666667,0.557666667,0.539,0.522,0.504666667,0.500333333,0.518,0.532666667,0.46,0.488,0.491666667,0.472666667,0.462666667,0.479,0.493,0.480333333,0.694333333,0.698,0.689333333,0.665,0.657,0.681666667,0.700333333,0.697333333
FJ,y23,0.629,0.653333333,0.656666667,0.644,0.629,0.638666667,0.64,0.626666667,0.639666667,0.642333333,0.615,0.584666667,0.57,0.578333333,0.598666667,0.604,0.438333333,0.486333333,0.469666667,0.431333333,0.421333333,0.440333333,0.452333333,0.436333333,0.322,0.328,0.312,0.305333333,0.316333333,0.321666667,0.310333333,0.288666667,0.223666667,0.256666667,0.256666667,0.253333333,0.256333333,0.261,0.263,0.233333333,0.328666667,0.316666667,0.307,0.305333333,0.332333333,0.360666667,0.362333333,0.340666667,0.157333333,0.140666667,0.128333333,0.126,0.134666667,0.151,0.163333333,0.178333333,0.338333333,0.310333333,0.303666667,0.311,0.309666667,0.318333333,0.325333333,0.333,0.219666667,0.222,0.222333333,0.222333333,0.220666667,0.234,0.242666667,0.230333333,0.68,0.689,0.695,0.691,0.687333333,0.698333333,0.712333333,0.705,0.731333333,0.75,0.752666667,0.741333333,0.725,0.727666667,0.739333333,0.727,0.787333333,0.788333333,0.773333333,0.758,0.747333333,0.761,0.781,0.783333333
FJ,y24,0.668333333,0.679333333,0.695333333,0.691,0.689666667,0.701666667,0.699333333,0.672333333,0.605666667,0.627333333,0.615333333,0.597333333,0.578666667,0.568333333,0.568333333,0.567666667,0.375,0.388666667,0.362333333,0.33,0.320333333,0.34,0.361333333,0.362666667,0.246,0.250333333,0.232,0.214666667,0.220666667,0.225,0.236333333,0.234333333,0.236333333,0.228,0.226333333,0.237,0.256,0.269666667,0.265,0.249,0.339,0.34,0.333,0.329333333,0.330333333,0.343333333,0.35,0.338666667,0.266,0.256333333,0.232,0.230333333,0.264666667,0.295666667,0.295,0.282333333,0.195666667,0.190333333,0.166666667,0.155333333,0.162333333,0.181333333,0.177666667,0.189,0.396,0.391,0.377333333,0.371666667,0.377666667,0.385,0.402333333,0.405666667,0.599,0.638,0.634,0.605,0.574666667,0.568,0.576666667,0.565666667,0.597,0.613,0.589,0.561666667,0.546333333,0.552333333,0.565666667,0.568666667,0.650666667,0.659333333,0.642,0.616333333,0.603666667,0.616666667,0.636666667,0.643333333
FJ,y25,0.656,0.677666667,0.664333333,0.639333333,0.619666667,0.616333333,0.612,0.602,0.476666667,0.507,0.497,0.454666667,0.427,0.429,0.446333333,0.455666667,0.406333333,0.438333333,0.416666667,0.386333333,0.393333333,0.405666667,0.411,0.409333333,0.322666667,0.299666667,0.278666667,0.266,0.289666667,0.314,0.331,0.321333333,0.363333333,0.37,0.359666667,0.353333333,0.361,0.366,0.370666667,0.350333333,0.284,0.252,0.231,0.24,0.263666667,0.294333333,0.316666667,0.315666667,0.411333333,0.391,0.36,0.366333333,0.390333333,0.413,0.406,0.402666667,0.371333333,0.372,0.357666667,0.342666667,0.357,0.385333333,0.393666667,0.383333333,0.386333333,0.417666667,0.428666667,0.422,0.408,0.421666667,0.425333333,0.396,0.547333333,0.577333333,0.567666667,0.54,0.527333333,0.548666667,0.560666667,0.533666667,0.671333333,0.689333333,0.687666667,0.668666667,0.663666667,0.684666667,0.693666667,0.681666667,0.628666667,0.632333333,0.614,0.594,0.598666667,0.632333333,0.647666667,0.630333333
FJ,y26,0.553,0.577,0.539666667,0.486,0.440333333,0.457333333,0.481,0.49,0.485333333,0.527666667,0.519,0.479666667,0.46,0.463333333,0.464666667,0.444666667,0.389333333,0.408333333,0.376666667,0.359,0.357666667,0.369,0.389666667,0.379333333,0.448,0.5,0.489666667,0.456,0.449,0.461333333,0.456666667,0.414333333,0.232666667,0.236,0.223,0.212,0.232,0.268333333,0.266,0.244,0.401,0.363666667,0.326333333,0.334666667,0.375,0.400333333,0.396333333,0.406666667,0.343666667,0.304666667,0.272,0.278333333,0.306,0.339,0.334666667,0.333,0.224333333,0.225666667,0.21,0.193333333,0.200333333,0.223666667,0.241333333,0.248333333,0.272333333,0.288333333,0.285333333,0.271,0.279333333,0.311333333,0.319666667,0.296666667,0.726333333,0.742666667,0.742,0.73,0.730333333,0.742333333,0.744666667,0.730666667,0.740333333,0.738333333,0.731333333,0.728333333,0.731333333,0.749666667,0.757666667,0.747333333,0.823,0.835333333,0.823666667,0.802333333,0.787333333,0.795333333,0.803333333,0.806333333
GD,y1,0.525,0.556666667,0.557333333,0.496333333,0.431,0.440666667,0.476333333,0.492,0.471,0.488666667,0.509333333,0.486,0.425,0.420333333,0.460333333,0.467666667,0.305666667,0.334666667,0.371333333,0.354333333,0.301666667,0.304333333,0.333333333,0.326333333,0.261333333,0.233333333,0.248333333,0.248333333,0.225,0.234666667,0.272666667,0.286,0.192,0.181333333,0.184666667,0.182666667,0.172666667,0.185,0.205,0.219666667,0.384,0.358666667,0.32,0.310333333,0.306,0.300666667,0.302333333,0.347,0.244666667,0.222,0.188333333,0.164,0.154333333,0.163666667,0.193333333,0.237,0.303,0.321666667,0.336666667,0.331333333,0.318333333,0.305,0.306333333,0.317,0.356,0.376,0.393666667,0.394,0.367333333,0.356,0.364333333,0.362,0.588,0.604666667,0.635,0.632666667,0.59,0.566,0.574333333,0.585333333,0.605333333,0.657666667,0.690666667,0.679666667,0.625666667,0.586333333,0.567333333,0.558,0.686666667,0.707666667,0.736333333,0.724666667,0.659666667,0.621333333,0.628,0.659333333
GD,y2,0.454333333,0.485666667,0.505,0.472,0.394,0.379333333,0.417333333,0.445333333,0.59,0.599,0.589333333,0.555,0.509333333,0.499666667,0.514,0.544666667,0.376333333,0.387,0.398666667,0.387,0.37,0.382,0.408666667,0.407333333,0.431,0.417,0.435333333,0.437333333,0.425,0.435333333,0.453666667,0.452666667,0.313333333,0.31,0.333333333,0.331,0.305666667,0.311333333,0.339333333,0.342666667,0.273,0.259666667,0.211,0.180666667,0.180333333,0.200333333,0.227666667,0.265666667,0.355,0.351333333,0.301666667,0.262333333,0.246666667,0.254666667,0.28,0.316,0.280666667,0.277666667,0.251666667,0.244333333,0.240666667,0.226,0.219666667,0.248666667,0.297666667,0.307,0.324333333,0.326666667,0.316666667,0.318333333,0.327666667,0.330333333,0.500333333,0.559333333,0.591,0.563,0.512,0.477666667,0.469333333,0.477666667,0.651666667,0.695666667,0.711333333,0.680333333,0.620333333,0.586,0.587333333,0.599666667,0.548333333,0.621666667,0.670666667,0.628666667,0.539333333,0.506,0.511333333,0.516
GD,y3,0.492,0.524333333,0.546,0.509666667,0.447333333,0.428,0.436666667,0.464333333,0.539,0.545,0.561333333,0.544,0.491666667,0.486333333,0.519666667,0.544333333,0.317333333,0.294666667,0.297666667,0.312333333,0.293666667,0.301666667,0.328,0.340666667,0.242,0.238,0.255333333,0.256,0.239333333,0.247,0.257333333,0.252333333,0.23,0.201333333,0.209,0.223,0.229,0.246333333,0.262333333,0.265666667,0.223333333,0.198666667,0.202666667,0.204666667,0.196,0.205333333,0.230666667,0.258333333,0.293666667,0.284333333,0.261333333,0.238,0.206666667,0.215,0.262666667,0.288666667,0.351666667,0.350666667,0.351666667,0.347333333,0.335333333,0.318666667,0.324,0.354666667,0.329,0.331333333,0.338333333,0.337,0.321666667,0.317,0.328666667,0.348,0.249,0.248,0.275,0.280333333,0.251,0.247666667,0.275666667,0.279,0.452333333,0.447,0.463333333,0.457,0.408,0.392,0.429333333,0.444666667,0.395,0.391333333,0.434,0.439,0.377666667,0.364666667,0.402333333,0.417
GD,y4,0.406333333,0.444,0.477666667,0.443666667,0.340333333,0.313666667,0.374666667,0.413333333,0.336666667,0.357,0.369,0.354333333,0.308666667,0.296,0.323,0.335,0.366,0.366666667,0.381,0.354666667,0.329,0.339333333,0.367,0.368666667,0.211333333,0.2,0.219,0.232333333,0.219333333,0.216,0.238,0.248,0.162333333,0.15,0.160333333,0.156333333,0.143,0.151666667,0.184333333,0.200333333,0.395666667,0.368666667,0.328333333,0.319333333,0.300333333,0.278333333,0.307333333,0.364666667,0.333333333,0.308666667,0.278666667,0.277,0.265,0.258333333,0.288666667,0.331333333,0.191333333,0.168333333,0.144,0.136333333,0.129,0.126666667,0.138333333,0.174666667,0.236333333,0.242666667,0.289333333,0.31,0.269666667,0.236333333,0.243333333,0.254,0.517,0.567333333,0.606,0.576666667,0.477,0.408,0.426,0.469333333,0.494,0.55,0.604666667,0.604,0.522333333,0.458,0.469666667,0.489,0.643666667,0.685666667,0.715,0.699666667,0.627333333,0.585,0.598333333,0.616333333
GD,y5,0.559666667,0.607,0.645,0.625,0.538666667,0.480333333,0.482666667,0.506,0.426333333,0.459,0.481333333,0.469666667,0.404333333,0.354,0.377333333,0.403333333,0.353666667,0.341666667,0.339,0.297333333,0.246,0.248,0.305333333,0.359,0.345333333,0.345666667,0.368,0.366,0.339666667,0.349,0.385666667,0.391666667,0.264666667,0.248333333,0.265,0.269,0.249,0.245666667,0.275666667,0.282333333,0.294333333,0.274,0.251666667,0.231,0.195,0.186333333,0.221666667,0.276,0.294333333,0.276333333,0.247666667,0.242,0.226333333,0.225333333,0.250666667,0.278,0.243333333,0.23,0.222333333,0.228666667,0.218333333,0.211333333,0.229,0.246666667,0.232333333,0.255,0.27,0.255666667,0.217,0.200666667,0.218333333,0.240666667,0.475666667,0.505333333,0.543666667,0.535,0.475333333,0.443333333,0.458333333,0.467666667,0.520333333,0.553333333,0.615666667,0.617,0.549666667,0.519333333,0.55,0.558333333,0.772,0.804,0.825666667,0.811,0.752666667,0.708666667,0.710666667,0.732666667
GD,y6,0.476,0.485333333,0.530666667,0.521666667,0.447333333,0.418333333,0.462,0.503,0.562333333,0.577333333,0.613333333,0.581,0.488666667,0.451333333,0.508666667,0.560333333,0.383333333,0.378666667,0.418,0.394666667,0.304333333,0.283333333,0.350666667,0.393666667,0.288333333,0.295666667,0.318666667,0.299,0.255666667,0.252333333,0.293,0.315,0.229,0.208666667,0.249333333,0.280333333,0.267,0.267333333,0.294,0.286,0.318,0.313,0.293,0.274666667,0.241666667,0.223333333,0.253666667,0.3,0.318,0.299666667,0.293333333,0.287666667,0.261666667,0.257333333,0.287666667,0.331333333,0.267333333,0.250666667,0.254333333,0.260666667,0.226333333,0.198333333,0.219333333,0.255,0.305,0.349333333,0.391666667,0.372666667,0.290666667,0.254666667,0.273333333,0.295333333,0.452333333,0.449666667,0.473666667,0.482666667,0.444,0.426666667,0.456333333,0.473333333,0.736666667,0.760666667,0.781,0.76,0.682,0.638,0.660666667,0.694666667,0.605666667,0.653333333,0.702666667,0.694,0.622,0.576333333,0.587,0.600666667
GD,y7,0.453666667,0.474333333,0.507333333,0.484333333,0.377666667,0.335,0.387666667,0.432,0.449333333,0.466,0.516666667,0.505,0.401333333,0.367333333,0.427,0.46,0.326,0.340333333,0.364,0.342333333,0.276,0.249333333,0.298666667,0.341,0.280666667,0.285,0.325,0.326,0.272,0.256666667,0.293,0.306,0.203666667,0.204,0.220333333,0.229666667,0.207666667,0.190333333,0.195,0.21,0.32,0.310666667,0.278333333,0.264333333,0.249,0.229666667,0.263,0.307,0.369666667,0.366333333,0.354666667,0.347666667,0.312666667,0.302666667,0.321333333,0.346666667,0.133333333,0.144,0.152666667,0.158666667,0.146333333,0.136666667,0.144666667,0.155666667,0.330666667,0.343666667,0.353,0.347,0.300666667,0.266666667,0.277666667,0.297666667,0.441333333,0.469666667,0.527666667,0.517,0.418,0.381,0.429333333,0.450666667,0.635666667,0.679666667,0.702,0.679,0.593666667,0.544666667,0.576333333,0.615666667,0.592666667,0.624666667,0.663666667,0.652666667,0.571,0.531,0.549666667,0.561333333
GD,y8,0.366666667,0.411333333,0.424333333,0.376666667,0.280333333,0.255666667,0.303,0.34,0.344666667,0.375333333,0.419,0.402333333,0.320666667,0.296,0.328333333,0.342333333,0.258666667,0.253333333,0.287666667,0.289666667,0.241,0.219,0.251,0.282,0.261333333,0.247666667,0.241666667,0.223333333,0.197,0.205333333,0.247333333,0.271666667,0.217666667,0.215666667,0.222333333,0.220666667,0.192666667,0.170666667,0.191,0.221,0.282,0.256333333,0.234666667,0.224,0.201333333,0.191,0.217,0.263,0.303666667,0.308,0.279666667,0.259666667,0.239666667,0.226,0.235666667,0.273666667,0.303666667,0.292666667,0.279666667,0.277333333,0.264,0.250333333,0.264666667,0.29,0.353666667,0.376666667,0.387666667,0.379666667,0.343,0.329,0.340333333,0.353333333,0.359333333,0.388666667,0.434,0.435333333,0.373333333,0.338333333,0.354666667,0.364666667,0.558333333,0.600333333,0.625,0.599666667,0.515,0.471,0.495,0.521333333,0.519333333,0.538,0.555666667,0.519,0.425666667,0.409333333,0.465333333,0.500666667
GD,y9,0.493666667,0.562333333,0.605,0.564666667,0.451333333,0.403666667,0.435333333,0.456666667,0.375666667,0.359666667,0.376666667,0.359333333,0.292666667,0.280333333,0.327666667,0.365666667,0.424333333,0.432333333,0.463,0.455,0.387666667,0.366666667,0.396,0.429,0.312333333,0.304666667,0.31,0.3,0.262,0.256666667,0.313333333,0.344666667,0.271666667,0.255666667,0.252333333,0.257666667,0.221666667,0.209666667,0.245333333,0.273333333,0.347666667,0.354,0.347,0.340333333,0.329333333,0.32,0.343333333,0.359,0.231,0.195666667,0.160666667,0.146333333,0.139,0.145666667,0.180333333,0.221333333,0.194333333,0.172666667,0.164666667,0.155,0.136,0.138333333,0.159,0.191666667,0.315333333,0.322,0.336666667,0.334333333,0.277333333,0.248,0.275,0.309666667,0.397666667,0.421666667,0.457666667,0.453,0.385666667,0.351333333,0.372,0.386333333,0.478,0.534666667,0.566,0.542,0.471,0.440666667,0.465666667,0.476333333,0.584333333,0.637333333,0.677333333,0.647,0.535,0.472666667,0.498333333,0.534666667
GD,y10,0.479333333,0.533333333,0.582,0.549333333,0.445666667,0.419,0.464,0.475,0.376333333,0.411,0.438333333,0.422666667,0.346666667,0.317666667,0.334333333,0.347666667,0.389666667,0.416333333,0.423666667,0.378333333,0.296666667,0.274666667,0.322,0.362666667,0.245,0.231,0.235666667,0.228,0.204,0.206,0.241666667,0.251,0.192,0.179333333,0.182333333,0.176,0.137666667,0.122,0.168666667,0.202,0.249666667,0.228,0.227,0.23,0.200333333,0.179666667,0.205666667,0.244,0.387333333,0.369333333,0.349333333,0.355666667,0.336333333,0.327333333,0.349333333,0.389333333,0.186333333,0.176,0.154666667,0.131666667,0.112333333,0.102,0.118333333,0.165333333,0.243,0.244666667,0.246333333,0.232666667,0.202666667,0.182,0.200333333,0.230333333,0.350666667,0.399666667,0.446,0.435333333,0.348333333,0.293,0.310333333,0.344666667,0.459333333,0.481,0.527333333,0.519,0.424,0.384333333,0.431333333,0.464666667,0.537333333,0.578333333,0.624666667,0.599,0.474,0.418333333,0.472666667,0.528333333
GD,y11,0.402333333,0.430666667,0.457666667,0.425666667,0.325,0.284666667,0.330666667,0.378333333,0.423333333,0.423666667,0.447666667,0.409333333,0.332,0.322666667,0.391333333,0.433333333,0.407,0.424666667,0.456666667,0.440666667,0.369333333,0.349,0.397,0.416,0.225666667,0.204,0.218666667,0.221,0.195,0.197666667,0.238333333,0.263333333,0.28,0.259333333,0.236666667,0.238666667,0.221666667,0.222666667,0.251333333,0.28,0.400333333,0.377,0.342,0.340666667,0.32,0.319666667,0.357333333,0.392,0.272333333,0.250333333,0.233666667,0.216,0.185333333,0.18,0.216,0.273,0.386666667,0.348333333,0.335,0.338333333,0.315666667,0.314333333,0.345333333,0.38,0.319,0.317,0.323666667,0.327,0.290666667,0.269,0.290333333,0.317,0.396666667,0.432666667,0.502333333,0.499,0.382666667,0.312666667,0.35,0.388,0.499666667,0.526,0.546333333,0.520333333,0.438666667,0.400333333,0.439,0.478333333,0.605333333,0.661666667,0.724,0.709666667,0.607,0.551666667,0.585666667,0.605
GD,y12,0.391333333,0.427666667,0.495666667,0.465,0.355666667,0.315333333,0.36,0.393333333,0.474333333,0.495666667,0.537666667,0.517666667,0.432666667,0.388333333,0.435666667,0.488333333,0.289,0.275,0.298,0.272333333,0.218,0.213,0.274666667,0.312333333,0.259666667,0.224333333,0.238666667,0.235333333,0.210333333,0.218333333,0.268666667,0.299333333,0.303,0.274666667,0.278666667,0.283333333,0.263,0.259666667,0.293,0.326666667,0.284333333,0.269666667,0.258333333,0.255333333,0.233666667,0.220666667,0.239,0.276666667,0.414333333,0.393333333,0.366,0.351,0.328333333,0.310666667,0.334666667,0.386,0.231333333,0.220333333,0.21,0.202,0.180666667,0.172666667,0.197333333,0.222333333,0.348666667,0.346,0.360333333,0.350333333,0.31,0.289,0.316666667,0.353,0.259666667,0.272,0.312666667,0.320333333,0.264,0.232,0.261,0.278,0.413333333,0.440333333,0.475666667,0.459666667,0.393,0.365666667,0.396333333,0.406666667,0.637333333,0.673666667,0.717333333,0.687666667,0.587666667,0.547666667,0.607,0.649666667
GD,y13,0.614666667,0.659333333,0.686333333,0.62,0.502333333,0.467333333,0.535333333,0.592333333,0.286,0.293333333,0.338333333,0.331666667,0.254666667,0.237,0.286333333,0.310666667,0.32,0.325333333,0.371333333,0.362,0.306,0.304333333,0.339666667,0.355666667,0.313333333,0.303,0.320666667,0.298,0.245333333,0.240333333,0.312,0.341666667,0.163666667,0.146333333,0.166333333,0.171666667,0.171333333,0.185666667,0.198666667,0.196333333,0.244,0.225333333,0.202,0.189333333,0.187,0.192,0.218666667,0.25,0.28,0.251,0.221333333,0.2,0.181,0.174333333,0.199,0.247,0.302666667,0.283666667,0.288,0.297333333,0.283333333,0.274666667,0.290666667,0.313666667,0.231333333,0.247333333,0.277666667,0.268333333,0.216,0.192666667,0.212666667,0.231666667,0.55,0.573333333,0.625,0.618,0.526333333,0.473666667,0.522666667,0.561333333,0.667666667,0.706,0.762666667,0.751333333,0.635666667,0.560333333,0.608,0.671,0.463333333,0.520333333,0.564333333,0.52,0.412,0.368333333,0.415666667,0.451666667
GD,y14,0.496333333,0.535333333,0.575,0.543,0.452666667,0.408,0.454666667,0.489666667,0.595666667,0.629666667,0.666333333,0.614,0.503666667,0.455666667,0.501,0.562,0.288666667,0.289666667,0.315,0.301,0.255666667,0.257333333,0.304666667,0.319666667,0.267333333,0.250666667,0.278,0.275666667,0.252333333,0.257666667,0.300333333,0.312333333,0.240333333,0.242,0.253666667,0.249333333,0.231333333,0.225666667,0.246666667,0.259,0.312666667,0.299333333,0.292333333,0.294333333,0.283333333,0.272666667,0.273333333,0.298666667,0.252333333,0.238333333,0.207333333,0.186666667,0.170666667,0.173,0.203333333,0.250333333,0.305,0.290666667,0.270333333,0.249333333,0.228,0.218666667,0.241333333,0.279666667,0.14,0.139333333,0.137666667,0.131666667,0.109666667,0.091666667,0.109,0.139,0.456333333,0.47,0.535666667,0.528333333,0.418333333,0.372333333,0.436333333,0.480333333,0.53,0.567666667,0.624666667,0.612333333,0.507666667,0.456333333,0.519666667,0.555333333,0.551666667,0.600666667,0.641666667,0.606666667,0.496,0.451,0.507,0.54
GD,y15,0.543333333,0.550666667,0.583,0.564,0.469333333,0.421333333,0.483333333,0.53,0.344,0.352666667,0.404,0.404,0.334666667,0.308333333,0.354333333,0.385333333,0.377333333,0.355,0.366666667,0.365333333,0.302,0.297,0.379333333,0.414,0.472,0.445,0.467666667,0.467,0.413333333,0.411666667,0.48,0.518666667,0.271666667,0.237333333,0.26,0.273333333,0.239,0.245333333,0.308,0.320333333,0.225,0.231333333,0.216666667,0.209333333,0.186333333,0.172,0.193,0.222666667,0.325333333,0.303,0.267666667,0.232333333,0.192,0.181,0.22,0.286333333,0.208666667,0.187666667,0.177333333,0.174333333,0.161666667,0.150666667,0.173666667,0.205666667,0.265,0.279666667,0.323,0.336666667,0.287333333,0.251333333,0.285666667,0.309,0.450666667,0.477,0.519333333,0.505,0.419,0.369666667,0.412,0.445333333,0.469,0.476,0.496666667,0.460333333,0.369333333,0.348666667,0.419333333,0.470666667,0.417333333,0.448666667,0.493666667,0.451666667,0.34,0.318666667,0.401333333,0.444666667
GD,y16,0.462,0.466,0.518,0.508,0.403666667,0.379,0.456333333,0.486666667,0.362666667,0.329,0.334,0.328666667,0.296,0.304666667,0.362,0.404333333,0.378666667,0.381666667,0.4,0.383,0.321333333,0.307666667,0.360666667,0.389666667,0.365666667,0.331,0.347333333,0.355333333,0.311,0.315333333,0.373666667,0.413666667,0.235,0.206,0.199666667,0.202333333,0.192666667,0.188333333,0.228666667,0.261,0.336333333,0.329,0.298,0.266666667,0.244666667,0.237,0.276,0.335,0.361,0.325333333,0.261333333,0.216,0.206666667,0.229333333,0.278666667,0.341,0.165666667,0.143,0.138,0.126333333,0.099666667,0.097333333,0.137,0.175333333,0.222666667,0.214333333,0.212666667,0.202,0.175333333,0.157333333,0.177333333,0.217666667,0.510666667,0.527666667,0.577666667,0.577,0.519,0.509,0.548,0.559666667,0.593333333,0.624,0.656,0.631,0.523666667,0.47,0.532666667,0.578,0.387333333,0.408,0.448,0.440333333,0.360333333,0.324,0.374666667,0.400666667
GD,y17,0.682666667,0.734,0.773333333,0.728,0.602333333,0.550333333,0.608,0.660666667,0.333333333,0.338666667,0.384,0.366,0.293666667,0.266333333,0.319,0.351333333,0.509666667,0.534333333,0.576333333,0.551,0.468,0.431333333,0.481333333,0.516333333,0.197666667,0.197333333,0.233666667,0.235333333,0.188666667,0.178666667,0.220666667,0.233666667,0.160666667,0.149666667,0.146,0.132666667,0.111333333,0.115333333,0.146,0.17,0.316333333,0.282333333,0.243333333,0.220333333,0.205666667,0.221333333,0.28,0.336666667,0.28,0.247333333,0.230666667,0.226,0.214333333,0.201,0.228333333,0.279666667,0.116666667,0.100333333,0.085666667,0.075333333,0.060666667,0.060666667,0.076,0.103666667,0.326,0.323,0.346666667,0.34,0.3,0.283,0.321,0.354666667,0.492,0.495666667,0.553,0.559666667,0.494,0.471333333,0.519666667,0.539,0.529666667,0.556,0.615333333,0.611,0.526333333,0.478666667,0.520666667,0.545,0.679,0.721333333,0.745666667,0.72,0.615666667,0.553,0.606333333,0.655333333
GD,y18,0.501333333,0.547666667,0.579,0.538,0.429333333,0.395666667,0.440333333,0.485333333,0.492333333,0.508,0.554,0.53,0.436333333,0.400666667,0.468333333,0.507333333,0.408333333,0.408,0.434666667,0.426666667,0.357333333,0.347,0.411666667,0.438,0.250666667,0.212,0.241666667,0.249,0.222,0.241666667,0.314,0.322,0.248666667,0.196333333,0.197,0.205333333,0.187666667,0.192,0.249333333,0.286,0.399666667,0.378,0.395333333,0.406333333,0.385333333,0.381,0.412666667,0.437,0.311,0.285,0.250333333,0.220333333,0.196,0.196666667,0.237333333,0.306,0.243,0.230333333,0.211333333,0.187,0.171333333,0.175666667,0.194666667,0.231,0.197,0.187333333,0.203666667,0.193,0.153,0.151,0.195333333,0.223,0.297666667,0.321666667,0.425333333,0.448333333,0.330333333,0.272666667,0.329,0.352333333,0.458,0.474333333,0.541,0.549666667,0.442666667,0.384,0.427,0.454333333,0.466333333,0.490333333,0.576,0.588333333,0.500333333,0.468666667,0.529333333,0.537666667
GD,y19,0.458666667,0.486666667,0.547666667,0.530333333,0.394666667,0.339333333,0.398,0.45,0.381,0.385,0.426333333,0.417,0.324333333,0.288333333,0.35,0.385,0.249666667,0.271333333,0.329,0.321666667,0.261666667,0.243333333,0.299,0.307,0.306333333,0.302666667,0.320333333,0.313666667,0.277,0.268666667,0.325666667,0.35,0.263,0.216333333,0.211,0.214333333,0.198666667,0.206,0.256333333,0.296333333,0.320333333,0.298,0.272,0.248,0.225333333,0.22,0.268333333,0.324,0.334,0.282666667,0.254,0.236666667,0.222,0.227,0.28,0.35,0.313333333,0.297333333,0.300666667,0.291666667,0.274666667,0.269666667,0.290666667,0.324333333,0.323333333,0.313666667,0.339333333,0.338,0.281666667,0.261333333,0.318,0.361666667,0.420666667,0.457,0.524,0.531666667,0.427666667,0.363666667,0.398333333,0.421666667,0.565666667,0.605333333,0.653,0.639666667,0.545,0.490333333,0.524,0.553666667,0.523666667,0.581,0.612333333,0.560333333,0.449333333,0.391333333,0.432,0.481333333
GD,y20,0.402333333,0.436333333,0.466666667,0.44,0.338333333,0.294333333,0.332666667,0.377666667,0.333,0.334,0.358,0.337,0.276333333,0.265666667,0.323333333,0.350333333,0.334666667,0.338,0.361666667,0.338666667,0.282333333,0.275666667,0.331333333,0.358666667,0.154333333,0.155666667,0.189333333,0.183666667,0.153333333,0.159666667,0.179,0.188,0.280666667,0.258333333,0.267666667,0.275,0.263333333,0.268333333,0.299666667,0.319,0.281,0.261333333,0.222,0.208333333,0.192,0.190333333,0.221666667,0.258333333,0.234333333,0.213333333,0.185333333,0.159,0.145333333,0.143666667,0.176333333,0.216333333,0.246333333,0.235,0.214333333,0.21,0.208,0.204666667,0.206,0.230333333,0.143333333,0.135,0.136333333,0.129666667,0.112333333,0.111333333,0.136333333,0.151333333,0.249333333,0.275666667,0.330666667,0.344,0.275666667,0.234333333,0.265666667,0.285333333,0.397,0.41,0.439666667,0.425333333,0.358,0.333,0.367666667,0.391666667,0.605,0.643666667,0.677333333,0.661,0.575333333,0.519666667,0.538,0.560333333
GD,y21,0.412666667,0.463333333,0.517,0.488666667,0.39,0.350666667,0.381333333,0.404666667,0.332666667,0.364333333,0.398,0.367,0.283666667,0.250666667,0.287666667,0.318,0.295666667,0.306,0.333,0.311,0.270333333,0.282,0.319333333,0.317,0.319666667,0.318666667,0.298666667,0.264666667,0.234333333,0.246666667,0.286,0.311333333,0.259,0.230666667,0.234333333,0.235333333,0.232333333,0.248666667,0.270666667,0.283333333,0.353666667,0.323333333,0.269666667,0.228666667,0.199333333,0.203333333,0.251,0.321666667,0.349,0.362,0.328333333,0.289,0.273,0.261666667,0.270666667,0.295333333,0.209333333,0.197,0.160666667,0.13,0.110666667,0.111666667,0.140333333,0.187666667,0.194,0.182333333,0.182666667,0.187666667,0.17,0.146,0.159,0.182,0.291333333,0.313333333,0.344333333,0.345,0.289333333,0.257666667,0.282333333,0.297666667,0.34,0.353,0.403666667,0.413666667,0.360333333,0.354666667,0.397,0.397,0.482,0.492666667,0.529666667,0.511,0.430333333,0.415666667,0.468666667,0.484333333
GD,y22,0.416,0.430333333,0.493333333,0.511,0.436333333,0.416666667,0.457,0.456666667,0.488333333,0.506666667,0.519333333,0.478,0.405333333,0.381,0.425333333,0.467666667,0.321,0.324,0.348333333,0.334666667,0.281333333,0.269,0.303,0.313,0.219333333,0.217666667,0.228666667,0.231,0.199,0.191666667,0.224333333,0.240333333,0.243666667,0.205333333,0.185333333,0.169,0.158,0.179,0.221333333,0.249333333,0.272,0.250333333,0.208333333,0.178,0.158666667,0.155333333,0.19,0.249,0.332333333,0.301,0.273666667,0.256,0.223,0.203333333,0.228,0.292,0.200333333,0.192666667,0.182,0.186666667,0.18,0.159,0.166,0.187666667,0.189333333,0.198,0.231666667,0.227666667,0.201,0.189333333,0.191666667,0.198666667,0.414333333,0.426333333,0.432333333,0.423666667,0.381333333,0.361333333,0.384666667,0.408666667,0.393,0.396666667,0.421333333,0.411666667,0.382,0.394666667,0.428666667,0.433333333,0.590333333,0.635666667,0.673666667,0.644666667,0.563,0.527,0.551,0.574
GD,y23,0.454,0.506333333,0.562333333,0.549333333,0.466666667,0.442666667,0.462333333,0.455,0.442666667,0.458,0.495666667,0.468333333,0.378,0.350333333,0.396,0.425,0.301,0.318,0.348666667,0.347,0.309333333,0.302666667,0.341333333,0.349,0.276333333,0.268666667,0.280333333,0.27,0.244,0.238,0.267666667,0.275,0.159666667,0.151,0.169333333,0.177333333,0.156666667,0.156,0.187666667,0.193666667,0.296,0.305333333,0.283666667,0.262666667,0.235,0.214333333,0.218,0.249666667,0.251666667,0.244,0.227333333,0.207666667,0.192,0.192333333,0.219666667,0.256,0.307,0.322,0.296333333,0.263666667,0.239666667,0.225333333,0.231666667,0.264666667,0.172333333,0.168333333,0.164666667,0.16,0.143333333,0.132666667,0.142666667,0.162333333,0.478333333,0.516,0.536,0.498666667,0.424666667,0.397333333,0.421,0.455,0.547,0.586333333,0.625333333,0.619,0.553,0.517666667,0.54,0.553333333,0.592,0.639333333,0.67,0.645,0.541,0.480666667,0.503,0.541666667
GD,y24,0.498,0.535,0.57,0.553666667,0.495333333,0.464333333,0.487666667,0.495666667,0.400666667,0.405666667,0.403666667,0.370333333,0.321333333,0.299,0.328333333,0.368666667,0.263,0.283,0.283,0.250333333,0.208333333,0.196333333,0.229666667,0.245,0.157333333,0.148333333,0.151333333,0.143666667,0.142,0.160666667,0.174333333,0.169666667,0.177666667,0.152,0.129333333,0.111666667,0.11,0.130666667,0.158,0.184,0.303333333,0.299,0.261333333,0.24,0.229666667,0.24,0.253333333,0.283666667,0.332,0.322666667,0.29,0.264333333,0.252666667,0.253333333,0.263,0.292666667,0.272333333,0.259333333,0.227,0.217,0.216666667,0.226666667,0.239,0.261333333,0.248,0.241333333,0.22,0.202666667,0.186666667,0.173333333,0.191,0.223333333,0.252,0.295666667,0.327333333,0.306666667,0.247666667,0.228,0.245,0.248333333,0.403666667,0.437666667,0.457333333,0.433666667,0.375333333,0.347333333,0.364333333,0.381666667,0.454,0.505,0.547666667,0.537,0.478666667,0.455666667,0.46,0.451333333
GD,y25,0.430666667,0.471,0.506666667,0.474,0.386333333,0.346,0.357333333,0.383666667,0.248666667,0.272,0.294666667,0.265,0.21,0.207666667,0.249333333,0.259333333,0.24,0.261,0.281,0.256,0.231,0.236333333,0.252,0.255333333,0.239666667,0.233333333,0.238,0.224666667,0.196333333,0.208333333,0.238666667,0.241,0.272,0.254333333,0.245666667,0.226333333,0.214,0.219,0.251333333,0.284,0.236666667,0.225,0.190333333,0.181333333,0.164333333,0.157666667,0.168666667,0.209666667,0.321333333,0.323666667,0.276666667,0.245333333,0.224,0.214333333,0.234333333,0.28,0.296333333,0.299333333,0.278333333,0.268333333,0.268,0.274333333,0.278666667,0.291333333,0.203333333,0.219,0.243333333,0.256333333,0.220333333,0.196,0.2,0.197333333,0.246333333,0.273,0.300333333,0.298,0.245666667,0.223333333,0.245333333,0.25,0.442666667,0.483666667,0.516333333,0.498666667,0.418333333,0.369333333,0.392333333,0.421,0.469,0.498666667,0.521333333,0.493333333,0.421,0.381666667,0.414,0.459
GD,y26,0.345,0.374333333,0.388,0.345666667,0.265333333,0.240666667,0.257333333,0.291333333,0.356,0.401666667,0.422333333,0.391,0.325666667,0.308333333,0.324,0.322,0.252333333,0.278666667,0.318333333,0.296333333,0.241333333,0.23,0.255,0.268666667,0.289666667,0.321,0.338666667,0.307,0.247,0.238333333,0.268666667,0.278,0.184,0.154,0.14,0.139,0.138333333,0.146666667,0.172666667,0.205666667,0.347333333,0.328,0.269333333,0.241666667,0.214,0.204,0.221666667,0.277333333,0.278333333,0.260666667,0.206333333,0.169666667,0.151333333,0.157666667,0.192333333,0.238666667,0.267666667,0.268666667,0.247,0.221333333,0.202,0.205,0.227333333,0.253,0.143333333,0.137333333,0.129666667,0.113333333,0.096333333,0.102333333,0.123666667,0.148333333,0.647666667,0.663666667,0.679666667,0.675,0.635,0.607,0.622666667,0.644666667,0.575666667,0.624333333,0.661666667,0.651666667,0.587,0.531666667,0.532333333,0.547666667,0.635333333,0.689666667,0.717666667,0.681666667,0.596666667,0.544333333,0.551333333,0.598666667
GX,y1,0.464,0.509333333,0.509333333,0.458666667,0.384,0.386,0.404666667,0.421666667,0.338666667,0.386333333,0.412333333,0.354666667,0.250666667,0.203,0.225,0.288,0.256666667,0.292333333,0.326333333,0.279666667,0.194333333,0.145,0.136,0.195,0.160666667,0.155,0.146333333,0.118,0.108666667,0.130333333,0.15,0.162666667,0.239666667,0.237333333,0.227,0.202,0.175,0.167666667,0.190666667,0.219,0.283333333,0.344666667,0.351333333,0.340333333,0.315333333,0.250333333,0.192333333,0.22,0.236333333,0.277333333,0.261,0.221666667,0.188333333,0.146666667,0.137,0.182666667,0.256,0.321,0.316666667,0.304333333,0.28,0.242333333,0.223333333,0.241666667,0.223666667,0.207,0.199333333,0.202666667,0.176666667,0.172,0.172333333,0.191,0.477,0.485333333,0.494666667,0.483666667,0.421666667,0.36,0.367333333,0.429666667,0.497666667,0.538333333,0.575666667,0.56,0.464,0.399333333,0.39,0.44,0.474333333,0.522333333,0.578666667,0.537666667,0.418333333,0.348333333,0.369333333,0.440666667
GX,y2,0.314666667,0.330333333,0.326666667,0.281333333,0.229666667,0.216333333,0.249666667,0.301333333,0.43,0.483666667,0.514666667,0.462333333,0.345333333,0.284333333,0.320666667,0.384666667,0.303,0.305333333,0.305333333,0.301666667,0.243,0.226333333,0.263333333,0.311666667,0.275333333,0.307666667,0.351,0.324333333,0.284666667,0.252666667,0.262666667,0.275666667,0.198,0.207333333,0.238333333,0.238333333,0.184333333,0.139,0.133666667,0.176666667,0.272666667,0.335,0.299333333,0.259333333,0.229333333,0.195333333,0.172,0.200666667,0.440666667,0.516666667,0.501666667,0.452666667,0.394666667,0.294666667,0.290333333,0.354,0.304666667,0.345,0.317333333,0.267333333,0.226666667,0.197666667,0.185333333,0.224666667,0.363666667,0.382333333,0.405,0.390333333,0.358666667,0.326333333,0.337333333,0.374333333,0.383333333,0.412,0.456666667,0.453,0.388666667,0.348,0.338666667,0.361666667,0.496333333,0.539,0.568333333,0.532,0.438666667,0.365666667,0.365333333,0.418666667,0.367333333,0.44,0.490666667,0.45,0.338333333,0.282,0.286333333,0.322
GX,y3,0.325,0.334,0.362333333,0.321,0.242666667,0.212666667,0.225333333,0.289666667,0.417333333,0.459666667,0.483333333,0.424,0.280333333,0.209333333,0.272666667,0.383333333,0.208,0.217666667,0.213666667,0.164,0.117,0.116666667,0.145333333,0.208,0.211666667,0.2,0.189666667,0.166333333,0.144666667,0.125,0.142333333,0.193333333,0.260333333,0.273666667,0.258,0.231666667,0.220333333,0.228333333,0.244666667,0.268666667,0.260333333,0.287,0.273666667,0.277666667,0.25,0.212333333,0.220333333,0.250333333,0.383,0.389333333,0.354666667,0.323333333,0.286666667,0.241333333,0.259333333,0.312,0.319,0.368333333,0.346666667,0.347333333,0.33,0.279666667,0.241,0.266666667,0.324666667,0.32,0.33,0.340333333,0.327,0.322,0.329,0.35,0.185,0.171666667,0.156333333,0.131666667,0.114666667,0.124333333,0.149333333,0.182,0.388666667,0.387666667,0.410666667,0.402333333,0.374666667,0.341666667,0.344,0.358,0.316333333,0.354333333,0.399,0.38,0.3,0.265,0.295666667,0.328
GX,y4,0.364666667,0.431666667,0.465,0.42,0.318,0.285666667,0.304333333,0.347,0.319333333,0.331666667,0.336333333,0.309,0.246666667,0.215333333,0.252,0.325333333,0.289333333,0.290666667,0.311333333,0.271333333,0.201666667,0.190333333,0.214333333,0.268333333,0.122,0.135,0.183333333,0.202,0.170333333,0.142666667,0.141333333,0.148333333,0.113333333,0.135666667,0.152666667,0.152333333,0.127333333,0.111666667,0.093333333,0.094333333,0.377666667,0.461333333,0.464666667,0.448666667,0.381,0.297,0.273333333,0.312666667,0.475666667,0.569,0.548,0.485333333,0.449666667,0.382333333,0.354666667,0.383333333,0.176333333,0.21,0.196666667,0.151,0.119333333,0.098666667,0.11,0.14,0.212333333,0.225666667,0.252,0.249666667,0.222333333,0.191666667,0.188,0.228666667,0.434333333,0.488666667,0.518,0.509666667,0.422333333,0.343666667,0.321333333,0.354333333,0.355333333,0.399666667,0.454666667,0.466,0.394333333,0.320333333,0.306,0.345,0.450333333,0.495333333,0.539,0.512666667,0.425666667,0.382333333,0.410666667,0.428333333
GX,y5,0.408333333,0.446,0.495333333,0.474333333,0.368666667,0.31,0.308666667,0.353666667,0.322666667,0.344,0.364,0.339666667,0.244333333,0.194,0.227,0.291666667,0.32,0.336333333,0.368,0.343,0.269666667,0.253333333,0.247,0.289333333,0.305666667,0.301666667,0.301333333,0.273333333,0.211,0.167,0.195,0.298333333,0.269,0.261333333,0.247333333,0.227,0.2,0.15,0.156,0.237,0.257,0.298666667,0.276,0.250666667,0.217666667,0.175333333,0.159666667,0.195333333,0.281666667,0.354666667,0.334333333,0.277333333,0.242666667,0.194,0.187666667,0.212666667,0.211333333,0.270333333,0.269,0.255333333,0.230666667,0.182,0.149,0.157666667,0.156333333,0.174666667,0.19,0.159,0.125,0.103666667,0.096666667,0.124333333,0.397666667,0.390666667,0.411666667,0.4,0.343333333,0.32,0.377666667,0.424333333,0.442333333,0.454333333,0.463666667,0.449666667,0.363666667,0.330333333,0.379333333,0.428,0.635333333,0.674333333,0.697,0.669666667,0.585,0.530333333,0.549,0.586666667
GX,y6,0.377333333,0.39,0.409,0.377,0.299333333,0.268333333,0.331,0.388666667,0.432666667,0.44,0.470666667,0.422,0.337666667,0.313666667,0.364333333,0.425333333,0.251666667,0.227333333,0.241,0.197333333,0.103666667,0.119,0.182333333,0.240666667,0.220333333,0.247,0.264,0.244666667,0.196666667,0.157666667,0.166,0.227333333,0.259333333,0.254666667,0.25,0.254333333,0.224,0.188,0.196666667,0.239,0.298333333,0.337666667,0.326666667,0.293333333,0.264,0.224,0.223,0.252333333,0.197,0.210666667,0.193333333,0.166666667,0.132,0.101,0.109666667,0.151,0.227333333,0.250666667,0.235333333,0.221666667,0.190666667,0.153333333,0.153666667,0.189,0.276333333,0.302666667,0.315,0.293,0.229666667,0.181666667,0.191666667,0.244,0.377666667,0.368333333,0.355666667,0.349,0.326666667,0.318,0.346666667,0.387,0.519666667,0.571666667,0.611666667,0.586333333,0.488333333,0.434,0.447,0.486333333,0.406333333,0.426,0.471666667,0.467666667,0.367666667,0.304666667,0.349333333,0.416666667
GX,y7,0.39,0.384666667,0.397333333,0.371333333,0.290333333,0.251,0.302,0.383333333,0.399333333,0.408,0.433666667,0.398333333,0.295,0.252666667,0.285,0.360666667,0.293,0.293333333,0.292,0.277666667,0.216666667,0.199,0.258333333,0.328333333,0.283666667,0.265,0.279333333,0.275,0.257666667,0.222333333,0.225666667,0.287,0.189,0.213,0.216333333,0.192666667,0.167666667,0.134333333,0.129666667,0.152333333,0.218666667,0.265666667,0.273,0.259333333,0.234333333,0.205333333,0.178666667,0.182666667,0.355,0.375333333,0.374,0.336666667,0.296,0.273666667,0.304,0.342333333,0.12,0.14,0.155333333,0.151666667,0.118666667,0.095666667,0.099333333,0.126,0.394666667,0.421,0.449333333,0.448333333,0.404,0.377666667,0.36,0.357,0.388333333,0.377666667,0.411,0.408,0.321,0.296333333,0.362,0.414333333,0.511,0.539666667,0.571,0.536666667,0.429666667,0.389333333,0.447333333,0.492666667,0.491333333,0.509,0.538333333,0.522,0.442,0.407666667,0.433666667,0.46
GX,y8,0.310333333,0.343,0.351666667,0.319,0.229333333,0.192333333,0.247666667,0.295,0.262333333,0.245333333,0.264,0.242333333,0.157333333,0.145666667,0.211666667,0.277666667,0.170333333,0.205,0.225666667,0.224666667,0.155333333,0.132333333,0.136666667,0.153333333,0.194666667,0.19,0.191333333,0.187333333,0.160666667,0.156333333,0.149333333,0.180666667,0.206333333,0.223,0.229,0.245,0.230333333,0.178666667,0.145,0.167333333,0.261333333,0.344666667,0.353666667,0.329666667,0.270666667,0.221,0.214333333,0.218,0.417333333,0.438,0.398666667,0.378666667,0.34,0.281,0.263333333,0.325,0.279,0.273333333,0.255333333,0.238333333,0.219,0.194,0.191,0.226333333,0.420666667,0.432,0.443,0.432666667,0.416,0.403333333,0.399333333,0.424333333,0.311333333,0.349,0.366333333,0.34,0.269,0.239333333,0.248666667,0.277666667,0.485,0.512333333,0.530666667,0.496,0.409666667,0.398,0.454333333,0.479,0.394,0.431333333,0.468666667,0.439333333,0.369666667,0.332,0.365333333,0.391
GX,y9,0.367,0.396333333,0.420666667,0.381,0.282,0.266666667,0.302,0.35,0.239333333,0.223,0.225333333,0.212666667,0.162333333,0.154,0.206,0.244333333,0.413333333,0.403,0.420333333,0.397666667,0.313333333,0.299666667,0.347333333,0.417666667,0.287,0.277,0.288,0.264666667,0.21,0.182333333,0.202,0.289,0.252,0.242666667,0.247333333,0.268,0.223333333,0.183666667,0.18,0.231333333,0.277666667,0.373666667,0.382666667,0.341666667,0.307,0.247,0.213666667,0.222,0.253333333,0.275666667,0.284,0.27,0.218333333,0.176,0.167666667,0.192333333,0.184,0.193333333,0.178666667,0.162666667,0.14,0.121333333,0.133,0.17,0.285,0.304666667,0.315666667,0.311,0.268666667,0.239,0.261666667,0.291333333,0.312,0.330333333,0.352,0.331,0.259666667,0.228333333,0.249666667,0.288333333,0.358666667,0.385666667,0.401666667,0.382333333,0.311333333,0.266,0.292,0.348,0.471666667,0.507666667,0.550333333,0.528333333,0.401333333,0.346,0.372666667,0.422
GX,y10,0.427333333,0.435666667,0.448,0.433,0.335,0.295666667,0.353333333,0.422333333,0.309333333,0.325,0.337333333,0.309,0.250666667,0.211,0.237333333,0.305,0.31,0.329333333,0.353,0.294333333,0.199333333,0.154666667,0.184,0.284,0.118,0.098,0.108,0.103333333,0.081333333,0.077666667,0.101,0.142333333,0.160666667,0.171333333,0.185666667,0.174666667,0.144333333,0.121,0.131333333,0.158666667,0.316,0.325666667,0.329333333,0.319666667,0.265333333,0.216666667,0.211,0.271666667,0.407666667,0.435666667,0.428333333,0.410666667,0.347666667,0.325,0.337,0.353333333,0.084666667,0.062,0.041333333,0.031666667,0.021666667,0.016333333,0.033,0.067666667,0.210333333,0.209333333,0.205,0.183666667,0.16,0.154,0.170666667,0.202333333,0.224666667,0.284666667,0.323,0.296666667,0.222333333,0.181333333,0.181,0.206,0.384666667,0.371666667,0.373,0.343666667,0.251,0.21,0.253,0.350333333,0.426666667,0.431666667,0.467666667,0.441666667,0.321666667,0.266666667,0.319,0.420666667
GX,y11,0.351333333,0.369,0.393666667,0.355666667,0.243,0.217333333,0.275,0.339,0.345333333,0.356666667,0.383,0.346333333,0.270666667,0.248,0.281,0.351333333,0.297333333,0.304333333,0.322666667,0.309,0.257666667,0.237666667,0.246666667,0.289333333,0.208333333,0.206333333,0.224666667,0.215666667,0.191333333,0.186666667,0.19,0.225,0.204666667,0.271,0.317666667,0.303333333,0.252,0.186,0.175666667,0.188,0.38,0.461,0.447,0.437,0.372,0.273,0.230333333,0.269666667,0.168666667,0.186666667,0.169333333,0.147666667,0.124,0.101,0.110666667,0.154666667,0.251333333,0.265,0.249,0.238333333,0.229,0.201,0.219,0.248333333,0.291666667,0.305,0.356333333,0.348333333,0.309,0.280333333,0.306333333,0.327,0.278666667,0.321,0.365666667,0.364666667,0.274666667,0.198,0.196666667,0.226,0.467333333,0.495666667,0.500666667,0.466,0.372666667,0.319666667,0.343666667,0.406666667,0.486333333,0.526,0.574,0.561,0.449333333,0.384,0.427333333,0.482
GX,y12,0.349666667,0.351,0.365333333,0.353333333,0.264,0.205666667,0.243666667,0.332333333,0.390333333,0.393333333,0.413,0.393666667,0.309333333,0.276333333,0.337333333,0.416666667,0.217666667,0.228333333,0.227333333,0.197666667,0.133666667,0.114333333,0.121,0.173666667,0.270666667,0.262,0.276666667,0.29,0.274333333,0.25,0.230333333,0.254333333,0.197,0.208,0.242,0.241,0.202333333,0.184666667,0.187,0.205666667,0.179666667,0.246,0.273,0.266666667,0.222333333,0.175333333,0.148666667,0.148333333,0.453333333,0.511666667,0.496333333,0.423666667,0.379333333,0.363,0.359,0.389666667,0.259333333,0.269333333,0.265666667,0.245,0.220333333,0.222333333,0.236,0.256666667,0.377333333,0.384,0.382,0.344666667,0.289333333,0.265333333,0.299333333,0.360666667,0.196666667,0.189333333,0.2,0.185333333,0.147,0.135666667,0.156666667,0.18,0.311,0.312666667,0.348333333,0.316333333,0.214333333,0.168333333,0.223333333,0.317,0.573,0.619333333,0.646,0.596,0.457,0.393666667,0.467333333,0.561
GX,y13,0.578,0.600333333,0.605333333,0.548333333,0.425666667,0.369666667,0.439666667,0.531666667,0.161333333,0.171,0.185333333,0.16,0.091333333,0.061,0.09,0.157333333,0.293666667,0.271666667,0.283,0.258333333,0.213,0.203,0.232666667,0.303,0.301333333,0.284,0.292666667,0.274,0.263,0.241,0.25,0.319666667,0.183,0.191333333,0.210333333,0.209,0.189666667,0.161333333,0.173333333,0.203,0.188,0.27,0.286333333,0.235333333,0.186,0.139,0.128666667,0.140666667,0.288333333,0.330666667,0.319666667,0.276,0.241666667,0.194333333,0.191666667,0.239666667,0.294333333,0.281666667,0.255666667,0.239333333,0.194666667,0.179333333,0.221666667,0.277333333,0.282,0.325,0.330666667,0.304666667,0.234666667,0.187333333,0.198666667,0.244333333,0.379,0.418333333,0.469333333,0.469333333,0.392666667,0.344333333,0.367666667,0.378666667,0.525333333,0.576,0.631333333,0.623333333,0.502333333,0.425333333,0.438333333,0.491666667,0.449666667,0.45,0.474,0.447666667,0.318333333,0.264666667,0.326333333,0.421333333
GX,y14,0.442,0.488333333,0.520333333,0.484666667,0.359,0.296666667,0.344333333,0.412333333,0.566,0.576333333,0.6,0.539666667,0.381333333,0.304333333,0.402333333,0.533333333,0.152333333,0.145,0.153333333,0.155333333,0.113666667,0.112666667,0.143333333,0.174666667,0.225333333,0.241,0.250666667,0.233666667,0.189,0.189666667,0.193666667,0.205333333,0.195666667,0.189666667,0.224,0.226333333,0.179333333,0.149,0.169666667,0.215666667,0.274333333,0.356666667,0.395,0.392,0.344666667,0.285333333,0.233666667,0.224333333,0.272,0.353333333,0.405333333,0.383,0.319666667,0.246333333,0.207666667,0.214666667,0.270333333,0.294333333,0.287333333,0.258666667,0.222,0.185333333,0.205333333,0.250333333,0.139333333,0.138,0.138333333,0.129666667,0.094,0.079333333,0.106,0.135333333,0.39,0.411333333,0.482666667,0.470666667,0.351,0.302333333,0.353,0.415666667,0.490666667,0.508,0.555,0.516333333,0.396666667,0.357333333,0.437666667,0.508666667,0.433333333,0.486666667,0.508,0.459333333,0.342666667,0.297666667,0.368333333,0.417
GX,y15,0.462333333,0.456666667,0.478333333,0.473,0.368333333,0.297666667,0.354666667,0.423,0.189333333,0.161333333,0.177333333,0.187333333,0.155333333,0.132333333,0.167,0.224333333,0.276,0.278666667,0.314333333,0.320666667,0.272666667,0.221,0.245,0.294,0.379666667,0.339333333,0.351333333,0.343666667,0.235,0.207333333,0.296333333,0.403333333,0.364,0.314666667,0.306666667,0.235666667,0.163,0.144,0.219666667,0.349666667,0.246,0.287666667,0.293,0.261666667,0.222333333,0.196333333,0.208666667,0.234666667,0.374333333,0.421,0.417,0.357333333,0.285,0.223666667,0.246666667,0.309333333,0.142666667,0.157666667,0.165333333,0.156333333,0.112333333,0.097666667,0.100333333,0.123333333,0.213333333,0.243333333,0.281666667,0.261,0.183666667,0.148666667,0.181666667,0.228333333,0.388333333,0.42,0.455333333,0.442,0.372666667,0.341,0.356333333,0.355666667,0.435666667,0.424333333,0.428,0.417333333,0.365,0.335,0.363,0.416333333,0.342666667,0.339333333,0.345333333,0.292666667,0.208333333,0.175666667,0.222,0.315666667
GX,y16,0.384333333,0.384333333,0.409,0.378666667,0.286666667,0.242333333,0.290333333,0.361333333,0.350333333,0.336333333,0.351666667,0.334333333,0.284333333,0.254666667,0.286,0.340333333,0.362333333,0.334666667,0.348666667,0.343666667,0.285333333,0.271,0.308666667,0.384333333,0.288,0.277,0.334,0.330333333,0.271666667,0.235,0.27,0.337666667,0.149333333,0.171333333,0.232666667,0.273,0.218666667,0.149,0.119333333,0.141666667,0.314,0.413333333,0.44,0.392666667,0.350666667,0.272,0.235333333,0.253,0.359666667,0.458,0.455333333,0.383666667,0.292666667,0.245,0.236666667,0.293,0.255666667,0.252333333,0.230666667,0.201,0.173333333,0.159333333,0.198333333,0.254,0.149333333,0.146333333,0.137,0.105,0.083666667,0.083333333,0.098,0.129666667,0.544333333,0.566,0.585,0.567333333,0.518,0.498,0.531666667,0.567666667,0.423,0.504666667,0.558,0.519333333,0.404333333,0.332,0.352,0.379666667,0.346333333,0.355,0.381,0.365333333,0.276333333,0.223666667,0.238666667,0.309
GX,y17,0.618666667,0.664,0.697333333,0.653333333,0.529666667,0.441666667,0.478333333,0.591,0.255666667,0.275,0.304666667,0.276,0.196333333,0.162666667,0.181666667,0.222,0.438666667,0.457333333,0.470333333,0.441333333,0.331333333,0.278333333,0.32,0.391333333,0.194,0.172333333,0.163666667,0.140333333,0.088,0.071,0.122666667,0.214333333,0.200333333,0.243666667,0.256333333,0.245,0.198,0.156666667,0.155333333,0.182666667,0.253333333,0.310333333,0.290333333,0.240666667,0.223333333,0.206,0.197333333,0.215,0.277333333,0.303333333,0.291333333,0.285666667,0.244,0.206,0.204,0.230666667,0.132666667,0.122333333,0.108333333,0.089333333,0.071,0.069,0.081,0.098,0.354666667,0.328333333,0.321333333,0.327,0.283,0.254333333,0.278666667,0.329,0.386333333,0.404,0.477333333,0.471666667,0.377666667,0.315,0.363,0.414666667,0.319666667,0.384333333,0.442,0.427666667,0.332,0.273333333,0.300333333,0.312666667,0.558666667,0.614666667,0.645666667,0.613,0.495666667,0.428666667,0.446333333,0.496333333
GX,y18,0.401,0.431666667,0.475333333,0.454333333,0.357,0.301,0.337333333,0.399,0.401,0.434,0.454,0.427,0.333666667,0.260333333,0.274,0.347333333,0.301666667,0.302,0.321333333,0.326333333,0.218333333,0.162,0.199,0.288666667,0.216333333,0.227666667,0.24,0.224,0.205666667,0.182333333,0.183,0.22,0.176666667,0.211333333,0.228,0.195333333,0.16,0.134666667,0.119,0.148666667,0.397333333,0.431333333,0.429,0.407,0.363333333,0.33,0.337666667,0.358666667,0.327333333,0.376333333,0.333666667,0.271666667,0.222333333,0.186666667,0.189666667,0.251666667,0.16,0.187666667,0.169333333,0.137666667,0.107666667,0.088333333,0.098,0.128333333,0.224,0.2,0.189,0.163333333,0.153666667,0.161666667,0.199666667,0.238333333,0.237666667,0.226666667,0.287333333,0.282666667,0.193666667,0.154333333,0.216333333,0.285333333,0.411333333,0.401,0.437333333,0.416,0.33,0.299333333,0.348333333,0.407666667,0.385,0.399333333,0.427333333,0.408333333,0.343333333,0.326333333,0.377333333,0.411666667
GX,y19,0.399666667,0.394,0.421,0.394666667,0.308,0.277333333,0.347,0.427333333,0.277333333,0.256666667,0.29,0.292,0.243666667,0.225333333,0.252333333,0.3,0.197666667,0.206666667,0.22,0.200333333,0.140666667,0.103333333,0.111666667,0.190666667,0.235333333,0.230333333,0.256333333,0.237666667,0.182666667,0.151666667,0.175333333,0.241,0.204666667,0.266666667,0.294666667,0.249,0.199666667,0.158666667,0.144333333,0.167666667,0.316333333,0.356666667,0.362333333,0.365,0.327666667,0.283666667,0.275333333,0.290333333,0.335,0.332333333,0.264,0.209333333,0.177666667,0.179,0.214333333,0.284666667,0.262333333,0.268,0.252,0.237666667,0.226,0.215666667,0.212666667,0.234,0.279666667,0.3,0.303333333,0.292,0.246,0.206,0.211333333,0.264,0.423,0.463666667,0.517333333,0.520666667,0.43,0.368333333,0.381666667,0.410333333,0.449333333,0.493333333,0.545,0.523666667,0.424333333,0.356,0.387,0.429333333,0.468333333,0.522,0.550333333,0.507333333,0.398333333,0.341,0.37,0.423666667
GX,y20,0.302666667,0.339333333,0.372666667,0.353333333,0.258333333,0.202333333,0.217333333,0.268333333,0.261666667,0.267,0.292,0.284666667,0.224,0.191,0.201666667,0.251,0.221333333,0.234333333,0.264333333,0.238333333,0.185666667,0.164,0.196333333,0.232,0.161666667,0.136333333,0.144333333,0.147666667,0.103333333,0.078,0.103,0.173666667,0.263,0.313,0.342,0.307333333,0.244,0.217333333,0.204666667,0.239333333,0.239666667,0.308666667,0.306666667,0.282666667,0.252,0.189,0.159333333,0.186666667,0.170333333,0.201666667,0.192666667,0.181333333,0.157333333,0.127666667,0.122,0.14,0.303,0.339,0.299666667,0.264666667,0.252666667,0.194666667,0.166666667,0.221333333,0.150666667,0.153,0.149333333,0.123,0.091,0.087333333,0.094,0.118333333,0.180666667,0.193666667,0.239333333,0.258,0.2,0.169333333,0.209666667,0.236666667,0.380333333,0.367,0.381333333,0.361666667,0.278666667,0.231666667,0.296,0.381666667,0.495,0.532666667,0.564666667,0.540333333,0.454666667,0.395333333,0.423333333,0.458333333
GX,y21,0.293666667,0.330333333,0.369333333,0.373333333,0.274,0.207333333,0.230666667,0.285333333,0.257,0.256666667,0.273333333,0.259,0.176333333,0.132,0.157333333,0.223333333,0.198333333,0.200333333,0.229666667,0.207333333,0.153666667,0.158333333,0.155333333,0.206,0.309666667,0.311333333,0.316666667,0.297666667,0.261,0.250333333,0.268,0.306666667,0.216,0.340666667,0.403,0.348666667,0.28,0.210333333,0.155333333,0.161333333,0.373,0.472666667,0.44,0.379,0.309666667,0.249666667,0.235333333,0.286333333,0.490666667,0.552666667,0.547,0.506,0.472666667,0.41,0.362,0.409666667,0.177,0.238666667,0.248666667,0.217666667,0.188333333,0.142666667,0.106666667,0.113333333,0.298333333,0.310666667,0.311333333,0.294,0.26,0.220333333,0.217,0.253666667,0.181666667,0.174666667,0.208,0.220333333,0.181333333,0.162,0.179666667,0.195333333,0.318666667,0.289,0.312,0.307333333,0.237333333,0.208666667,0.258666667,0.33,0.441666667,0.471333333,0.494333333,0.452666667,0.38,0.366,0.421333333,0.437333333
GX,y22,0.335333333,0.359,0.412333333,0.412666667,0.335666667,0.287333333,0.323333333,0.358333333,0.451333333,0.455333333,0.474,0.455,0.410333333,0.386333333,0.41,0.444333333,0.208666667,0.215,0.229,0.204666667,0.145333333,0.144,0.178333333,0.223,0.11,0.087,0.090666667,0.089,0.06,0.059333333,0.054333333,0.117666667,0.159,0.166333333,0.186666667,0.182333333,0.163666667,0.150666667,0.127,0.138666667,0.291666667,0.385666667,0.359666667,0.302666667,0.254666667,0.188333333,0.162333333,0.211666667,0.458666667,0.525333333,0.462333333,0.368666667,0.312,0.255333333,0.258666667,0.331666667,0.263666667,0.287333333,0.234666667,0.156,0.148666667,0.148666667,0.151333333,0.198666667,0.189333333,0.205333333,0.218333333,0.223,0.208333333,0.185,0.175333333,0.174333333,0.314,0.374666667,0.399666667,0.360333333,0.300666667,0.255666667,0.252666667,0.279,0.379,0.375666667,0.396333333,0.393666667,0.353,0.316666667,0.326666667,0.383333333,0.492333333,0.532,0.557,0.521,0.436,0.397,0.420666667,0.46
GX,y23,0.324666667,0.350333333,0.408,0.414666667,0.322333333,0.275,0.306,0.334,0.360333333,0.382333333,0.410333333,0.372666667,0.273333333,0.220333333,0.259666667,0.342666667,0.201,0.208,0.296,0.280666667,0.191333333,0.135666667,0.157666667,0.223,0.264333333,0.276666667,0.267666667,0.244333333,0.227333333,0.189,0.194666667,0.216666667,0.14,0.143666667,0.173666667,0.177666667,0.134,0.101333333,0.105,0.138,0.332666667,0.39,0.359666667,0.309666667,0.270666667,0.246,0.235333333,0.266,0.357333333,0.355,0.339,0.311666667,0.279,0.246333333,0.267333333,0.325,0.387333333,0.425,0.366666667,0.342333333,0.293333333,0.223333333,0.236,0.298333333,0.173333333,0.173666667,0.159333333,0.151333333,0.156333333,0.144333333,0.124333333,0.140333333,0.413333333,0.436,0.464,0.458666667,0.391,0.350333333,0.381666667,0.416333333,0.478666667,0.515333333,0.558333333,0.555,0.483333333,0.435,0.45,0.476,0.483,0.515333333,0.550333333,0.543,0.453666667,0.397,0.425333333,0.462333333
GX,y24,0.377333333,0.370333333,0.426333333,0.422666667,0.322,0.27,0.336333333,0.415,0.366,0.370333333,0.362333333,0.306333333,0.235,0.207333333,0.248333333,0.32,0.221666667,0.222,0.205,0.172333333,0.117,0.094333333,0.095,0.169,0.138666667,0.137333333,0.163,0.149666667,0.131333333,0.128333333,0.116666667,0.123333333,0.173666667,0.202666667,0.189,0.155333333,0.128,0.113333333,0.116666667,0.145333333,0.371333333,0.431666667,0.392,0.341333333,0.291666667,0.25,0.244333333,0.285,0.468333333,0.488666667,0.495333333,0.495333333,0.441666667,0.384,0.382,0.416666667,0.245666667,0.27,0.214,0.196333333,0.189333333,0.173,0.161333333,0.191,0.246,0.243333333,0.241666667,0.225333333,0.197,0.168,0.172666667,0.2,0.304,0.297666667,0.313333333,0.291333333,0.231,0.203333333,0.252666667,0.333,0.357333333,0.356333333,0.361333333,0.321333333,0.248333333,0.219666667,0.273,0.358333333,0.439666667,0.453666667,0.47,0.447,0.39,0.358333333,0.373333333,0.432666667
GX,y25,0.389666667,0.391,0.402666667,0.373,0.315,0.301333333,0.352666667,0.388333333,0.170333333,0.174,0.192666667,0.169333333,0.125666667,0.104,0.123333333,0.160666667,0.187,0.224,0.247666667,0.22,0.159,0.132666667,0.130333333,0.171,0.168,0.199,0.225333333,0.205666667,0.177333333,0.151333333,0.132333333,0.159666667,0.267666667,0.284,0.303666667,0.258333333,0.190333333,0.133666667,0.14,0.218333333,0.352333333,0.430666667,0.412333333,0.393333333,0.344333333,0.263666667,0.235666667,0.269333333,0.362,0.425333333,0.431666667,0.389333333,0.347333333,0.278,0.248333333,0.278,0.315,0.328666667,0.267666667,0.241,0.234666667,0.212666667,0.192666667,0.233,0.246666667,0.26,0.285666667,0.293333333,0.252,0.222666667,0.229333333,0.243,0.227,0.208,0.218333333,0.205,0.164666667,0.14,0.191,0.254333333,0.421,0.436666667,0.452333333,0.444333333,0.365,0.287333333,0.302,0.384666667,0.405666667,0.422333333,0.443333333,0.422333333,0.358666667,0.301666667,0.318666667,0.373333333
GX,y26,0.357333333,0.362,0.341,0.286333333,0.208666667,0.177666667,0.232333333,0.316,0.3,0.304333333,0.306333333,0.268,0.198333333,0.192666667,0.254666667,0.298,0.237333333,0.272333333,0.301,0.280666667,0.215333333,0.172,0.158666667,0.203,0.250333333,0.264666667,0.273666667,0.284333333,0.256666667,0.235666667,0.244666667,0.276666667,0.17,0.154666667,0.146666667,0.171666667,0.174,0.161,0.151,0.181,0.526,0.617666667,0.569333333,0.479333333,0.382,0.319333333,0.302333333,0.371333333,0.337,0.404333333,0.385333333,0.306333333,0.250666667,0.209333333,0.184333333,0.232666667,0.293,0.301,0.27,0.233,0.208,0.192,0.196,0.246,0.128666667,0.12,0.094,0.079,0.064,0.061666667,0.082333333,0.109666667,0.615666667,0.614,0.621666667,0.618,0.587333333,0.558333333,0.577,0.609,0.443333333,0.501666667,0.540333333,0.539,0.466666667,0.392,0.379333333,0.402333333,0.550333333,0.607333333,0.632666667,0.591666667,0.505333333,0.43,0.430333333,0.506
HE,y1,0.303333333,0.293666667,0.273333333,0.221333333,0.212666667,0.225,0.259666667,0.295333333,0.254,0.251,0.264666667,0.244666667,0.199666667,0.162333333,0.184,0.217666667,0.475333333,0.422666667,0.348666667,0.312666667,0.301666667,0.344333333,0.449666667,0.516333333,0.526,0.447,0.393666667,0.408666667,0.380333333,0.393666667,0.508333333,0.546666667,0.537333333,0.459333333,0.391666667,0.380666667,0.384333333,0.454666667,0.534,0.581333333,0.234,0.182333333,0.158333333,0.155666667,0.144333333,0.186666667,0.259666667,0.296333333,0.280333333,0.270666667,0.258,0.231333333,0.197333333,0.197333333,0.251666667,0.292,0.131333333,0.138,0.133666667,0.132333333,0.121666667,0.109666667,0.116666667,0.119,0.299666667,0.282333333,0.253,0.241333333,0.235666667,0.217666667,0.224,0.275333333,0.378666667,0.381666667,0.316666667,0.286333333,0.249666667,0.218,0.275333333,0.339333333,0.464666667,0.467666667,0.464666667,0.452,0.415666667,0.394333333,0.412333333,0.448333333,0.317,0.309666667,0.315,0.296666667,0.281666667,0.274,0.283,0.313666667
HE,y2,0.341,0.364666667,0.359333333,0.308,0.259666667,0.227666667,0.240333333,0.299,0.395,0.406333333,0.395666667,0.353,0.298,0.243333333,0.28,0.348333333,0.474,0.463333333,0.413666667,0.360666667,0.303666667,0.324,0.431,0.486333333,0.454666667,0.405333333,0.336,0.319333333,0.336,0.372,0.433666667,0.475666667,0.356333333,0.3,0.232666667,0.202,0.211,0.245,0.314333333,0.362333333,0.328,0.282666667,0.246333333,0.210666667,0.194666667,0.252333333,0.314666667,0.327666667,0.175,0.158666667,0.137333333,0.120333333,0.112333333,0.140333333,0.195333333,0.217666667,0.271333333,0.255,0.242,0.238,0.216,0.209333333,0.246,0.265333333,0.206666667,0.194,0.189333333,0.222666667,0.213,0.172666667,0.177333333,0.205666667,0.286666667,0.287,0.291333333,0.283,0.24,0.228666667,0.266666667,0.295333333,0.496666667,0.496666667,0.487666667,0.454666667,0.422333333,0.371333333,0.372,0.413666667,0.451666667,0.441333333,0.409333333,0.389333333,0.402,0.426,0.424666667,0.432666667
HE,y3,0.403666667,0.381666667,0.337,0.267,0.253,0.252,0.318,0.377666667,0.275,0.278333333,0.274333333,0.234333333,0.179666667,0.179333333,0.227666667,0.265666667,0.351333333,0.296333333,0.259,0.287333333,0.304333333,0.326666667,0.361,0.395333333,0.460333333,0.415,0.320333333,0.317666667,0.321333333,0.349333333,0.419333333,0.463666667,0.403,0.440666667,0.409666667,0.406,0.38,0.352333333,0.364666667,0.357666667,0.290333333,0.223,0.175333333,0.175666667,0.195333333,0.245333333,0.295,0.332,0.215333333,0.163333333,0.121333333,0.102666667,0.111333333,0.174666667,0.217666667,0.221,0.245333333,0.211,0.189,0.174666667,0.157666667,0.174333333,0.237333333,0.258666667,0.363,0.343666667,0.313666667,0.289666667,0.243333333,0.224333333,0.298333333,0.359666667,0.487333333,0.499,0.473,0.394333333,0.308666667,0.292,0.384666667,0.448666667,0.311,0.316333333,0.326,0.333333333,0.315,0.300666667,0.309333333,0.325,0.423,0.422,0.392,0.347333333,0.333666667,0.341333333,0.351666667,0.387666667
HE,y4,0.472666667,0.475,0.436666667,0.419,0.443333333,0.452333333,0.448333333,0.452666667,0.353333333,0.355666667,0.324,0.272666667,0.250666667,0.277666667,0.337333333,0.359333333,0.451666667,0.422333333,0.413666667,0.397333333,0.361333333,0.337333333,0.386333333,0.448666667,0.425,0.382,0.343,0.330666667,0.331,0.368666667,0.437,0.474,0.422666667,0.338333333,0.255,0.252333333,0.282,0.320666667,0.367666667,0.410333333,0.363666667,0.264,0.216666667,0.215666667,0.230333333,0.307,0.416333333,0.433,0.250666667,0.237666667,0.206,0.21,0.199333333,0.208666667,0.226666667,0.236666667,0.219333333,0.176666667,0.136333333,0.141666667,0.136333333,0.150333333,0.188333333,0.241,0.223333333,0.226666667,0.220333333,0.206,0.176,0.151333333,0.191666667,0.226333333,0.243666667,0.217,0.218,0.235333333,0.219666667,0.206666667,0.256,0.278,0.454,0.493666667,0.446,0.383,0.37,0.351333333,0.331333333,0.369666667,0.375666667,0.372,0.328333333,0.317666667,0.334333333,0.338666667,0.361333333,0.363333333
HE,y5,0.429,0.443,0.417666667,0.344,0.302333333,0.301,0.325666667,0.41,0.357333333,0.329333333,0.332666667,0.330666667,0.300333333,0.279333333,0.295666667,0.372666667,0.385333333,0.417666667,0.408333333,0.384,0.324333333,0.276666667,0.318,0.384,0.4,0.419333333,0.382333333,0.370666667,0.332,0.337333333,0.419333333,0.448666667,0.431333333,0.408,0.371,0.344,0.306333333,0.346333333,0.436333333,0.486,0.424666667,0.376666667,0.308,0.284666667,0.284333333,0.335333333,0.403333333,0.448,0.137666667,0.116666667,0.104,0.107666667,0.11,0.138,0.176,0.163,0.224666667,0.203,0.197333333,0.213333333,0.214,0.223,0.244666667,0.248333333,0.291666667,0.294,0.295666667,0.282,0.269,0.251,0.265666667,0.29,0.358333333,0.390666667,0.409333333,0.375333333,0.306666667,0.274666667,0.291333333,0.335333333,0.406333333,0.422,0.406,0.369666667,0.335666667,0.327333333,0.350333333,0.387,0.432,0.410333333,0.399666667,0.392,0.386666667,0.368333333,0.365666667,0.410666667
HE,y6,0.425,0.450333333,0.422,0.335,0.290333333,0.300666667,0.330333333,0.397,0.292,0.302333333,0.293666667,0.238,0.193,0.168,0.207333333,0.246666667,0.366,0.335333333,0.236666667,0.221,0.227666667,0.281,0.36,0.365,0.537,0.463333333,0.377666667,0.354333333,0.356333333,0.419666667,0.54,0.592333333,0.436666667,0.393666667,0.300666667,0.295666667,0.282666667,0.306333333,0.379333333,0.42,0.298,0.236666667,0.158666667,0.155,0.197,0.240666667,0.261666667,0.298666667,0.34,0.277666667,0.205666667,0.215333333,0.200666667,0.216333333,0.279,0.337333333,0.162666667,0.154,0.146666667,0.126666667,0.094666667,0.107333333,0.153333333,0.178666667,0.188666667,0.207666667,0.176,0.139,0.102666667,0.080333333,0.103666667,0.141,0.374666667,0.398,0.415666667,0.368,0.295333333,0.254333333,0.290333333,0.345,0.418333333,0.414333333,0.385,0.342,0.312666667,0.305,0.348,0.406,0.424666667,0.378333333,0.333666667,0.311333333,0.289,0.312333333,0.368666667,0.419666667
HE,y7,0.431333333,0.439666667,0.413333333,0.336666667,0.319,0.349,0.362,0.394333333,0.424,0.402333333,0.376666667,0.342333333,0.316333333,0.319333333,0.356666667,0.411333333,0.457,0.450333333,0.402666667,0.319666667,0.291333333,0.323333333,0.421666667,0.480333333,0.424666667,0.376,0.35,0.347333333,0.295666667,0.311333333,0.372666667,0.407666667,0.421666667,0.372333333,0.321666667,0.348,0.368,0.429333333,0.475666667,0.485,0.326,0.297666667,0.226,0.188666667,0.174666667,0.200666667,0.271,0.320666667,0.196333333,0.162333333,0.136333333,0.138333333,0.151666667,0.2,0.258333333,0.253666667,0.137,0.132333333,0.124,0.132666667,0.123333333,0.122333333,0.138,0.141,0.195666667,0.208666667,0.206666667,0.182,0.156,0.143,0.158333333,0.194333333,0.269666667,0.273,0.257666667,0.223,0.175666667,0.152666667,0.187666667,0.254,0.405333333,0.390666667,0.381,0.361666667,0.336666667,0.317333333,0.339,0.381,0.348666667,0.357333333,0.355333333,0.316,0.296,0.286333333,0.291,0.313666667
HE,y8,0.383333333,0.396333333,0.37,0.323666667,0.298333333,0.288,0.322333333,0.359,0.227,0.22,0.201,0.194333333,0.189666667,0.200333333,0.234333333,0.252666667,0.462,0.364666667,0.314666667,0.37,0.419666667,0.449333333,0.531,0.554666667,0.521,0.51,0.487333333,0.478,0.447333333,0.481666667,0.536666667,0.545,0.318,0.247333333,0.208333333,0.238,0.227666667,0.249333333,0.291333333,0.322666667,0.242333333,0.235666667,0.242,0.229333333,0.236666667,0.265,0.309666667,0.291666667,0.195,0.187666667,0.157,0.156333333,0.154333333,0.168,0.189333333,0.19,0.222333333,0.234666667,0.251666667,0.239,0.164333333,0.118666667,0.145666667,0.193,0.215666667,0.223333333,0.225666667,0.221666667,0.199333333,0.178666667,0.186333333,0.202,0.499666667,0.467,0.416,0.366,0.316333333,0.313666667,0.414333333,0.499,0.424,0.409666667,0.408,0.341333333,0.295333333,0.333666667,0.364333333,0.41,0.376333333,0.378666667,0.373,0.349,0.325,0.332,0.352333333,0.362666667
HE,y9,0.323333333,0.371,0.391,0.353333333,0.285666667,0.254,0.275,0.302666667,0.278,0.296666667,0.296333333,0.260333333,0.189333333,0.155333333,0.187,0.251,0.236333333,0.248333333,0.245666667,0.243666667,0.199,0.178,0.195333333,0.229333333,0.538333333,0.485666667,0.411,0.416,0.389,0.411,0.478666667,0.521333333,0.431,0.348333333,0.285333333,0.303333333,0.308,0.335666667,0.387333333,0.418,0.241333333,0.215,0.169666667,0.169333333,0.184666667,0.211,0.278333333,0.285666667,0.135333333,0.132333333,0.141,0.161666667,0.148,0.134666667,0.174,0.184,0.153,0.139333333,0.110333333,0.103333333,0.097666667,0.104333333,0.136666667,0.164333333,0.294,0.301666667,0.263666667,0.244666667,0.219333333,0.222666667,0.267666667,0.281,0.519666667,0.487333333,0.44,0.398,0.369333333,0.311,0.361333333,0.481333333,0.411666667,0.402666667,0.389333333,0.391,0.396,0.393,0.401666667,0.416,0.393666667,0.394333333,0.360333333,0.321333333,0.292333333,0.301,0.340333333,0.363333333
HE,y10,0.379333333,0.394333333,0.406666667,0.356666667,0.316333333,0.305,0.334333333,0.353333333,0.437666667,0.397666667,0.384333333,0.422333333,0.407333333,0.442333333,0.508666667,0.503333333,0.438333333,0.422,0.388,0.369333333,0.348333333,0.366333333,0.400666667,0.431666667,0.496666667,0.487,0.423,0.414,0.367,0.384333333,0.449666667,0.500666667,0.404333333,0.353333333,0.283,0.29,0.3,0.325333333,0.361333333,0.401666667,0.267666667,0.196,0.140333333,0.172333333,0.192666667,0.217333333,0.272333333,0.306333333,0.231,0.223,0.216333333,0.201333333,0.187666667,0.193666667,0.212333333,0.241333333,0.167333333,0.187,0.187,0.184,0.17,0.146666667,0.143333333,0.156,0.263333333,0.238,0.208333333,0.205333333,0.185666667,0.177333333,0.206333333,0.252,0.342333333,0.358,0.379666667,0.360666667,0.308666667,0.266666667,0.290333333,0.326333333,0.359333333,0.345666667,0.361666667,0.364666667,0.335,0.307666667,0.328666667,0.389,0.381333333,0.384333333,0.375,0.33,0.310333333,0.314666667,0.337666667,0.369333333
HE,y11,0.398333333,0.421666667,0.382,0.293333333,0.258666667,0.270333333,0.315666667,0.355,0.373,0.412666667,0.438,0.389666667,0.293333333,0.265666667,0.277666667,0.312666667,0.447333333,0.47,0.441666667,0.388333333,0.331333333,0.341,0.407666667,0.453333333,0.543666667,0.510333333,0.457666667,0.406333333,0.348,0.368,0.47,0.533666667,0.458666667,0.365,0.277,0.249666667,0.234,0.295333333,0.433,0.506333333,0.303,0.234,0.180666667,0.151333333,0.163333333,0.243,0.337333333,0.359666667,0.182333333,0.139666667,0.116,0.116666667,0.103666667,0.125666667,0.181333333,0.199333333,0.215666667,0.237666667,0.260333333,0.271666667,0.258333333,0.235,0.23,0.227,0.184666667,0.175666667,0.159,0.132666667,0.113333333,0.121,0.175333333,0.181,0.336,0.306666667,0.277333333,0.287,0.276666667,0.252333333,0.275333333,0.331,0.297666667,0.307333333,0.292333333,0.254,0.236666667,0.236,0.252333333,0.269,0.451,0.494,0.492333333,0.443333333,0.37,0.343666667,0.370666667,0.418
HE,y12,0.307333333,0.320666667,0.353,0.349,0.320666667,0.302,0.301666667,0.288333333,0.433,0.427,0.391,0.342666667,0.295333333,0.294333333,0.359333333,0.411333333,0.436666667,0.388,0.319666667,0.31,0.283,0.266666667,0.364333333,0.437333333,0.409333333,0.381,0.393,0.401333333,0.397333333,0.423666667,0.455,0.417,0.416666667,0.444333333,0.413666667,0.404,0.409,0.449666667,0.465333333,0.442,0.301333333,0.251666667,0.182666667,0.184333333,0.223,0.278666667,0.329333333,0.350666667,0.179333333,0.158,0.123333333,0.126,0.134333333,0.167666667,0.203,0.208333333,0.199,0.188333333,0.151333333,0.123,0.121333333,0.128666667,0.133,0.159666667,0.142666667,0.169666667,0.193666667,0.179,0.157666667,0.147666667,0.163333333,0.147666667,0.301666667,0.303333333,0.317666667,0.328666667,0.294666667,0.27,0.3,0.308,0.343666667,0.343666667,0.356333333,0.369,0.369666667,0.365,0.356666667,0.359666667,0.332,0.348666667,0.348666667,0.312,0.289666667,0.264,0.237333333,0.258333333
HE,y13,0.310333333,0.299666667,0.244,0.174666667,0.153,0.170666667,0.21,0.261,0.324,0.279333333,0.267,0.289666667,0.243,0.250333333,0.295666667,0.337,0.328333333,0.358333333,0.338,0.279,0.264666667,0.273,0.325,0.347333333,0.427,0.381333333,0.365666667,0.348333333,0.303666667,0.346666667,0.415,0.439,0.549,0.48,0.376666667,0.357333333,0.321666667,0.348666667,0.415666667,0.514,0.229,0.198666667,0.156333333,0.142,0.159,0.203,0.249333333,0.238333333,0.199,0.153,0.128333333,0.133,0.141333333,0.151333333,0.171333333,0.206666667,0.120666667,0.146,0.143,0.151,0.165666667,0.152333333,0.132333333,0.11,0.140666667,0.196,0.199,0.167666667,0.111,0.082,0.082333333,0.106666667,0.251666667,0.304,0.312,0.28,0.247666667,0.229333333,0.240333333,0.254666667,0.402,0.422333333,0.433,0.402,0.359666667,0.34,0.350666667,0.365,0.369666667,0.350666667,0.285,0.239333333,0.235,0.255666667,0.304,0.356666667
HE,y14,0.358666667,0.378333333,0.372666667,0.335666667,0.273,0.261,0.28,0.302666667,0.346333333,0.302666667,0.259666667,0.25,0.197333333,0.171333333,0.223333333,0.317,0.380666667,0.335333333,0.272666667,0.254333333,0.212333333,0.225,0.310333333,0.378666667,0.442666667,0.390666667,0.336666667,0.33,0.314,0.337,0.437,0.497,0.398,0.407333333,0.341,0.298333333,0.266333333,0.294666667,0.368666667,0.422,0.235333333,0.203666667,0.206,0.199333333,0.221,0.259333333,0.296666667,0.297,0.19,0.161666667,0.145,0.138666667,0.151,0.152333333,0.170666667,0.197666667,0.164,0.177,0.173,0.163333333,0.159666667,0.157333333,0.162333333,0.148333333,0.211,0.219333333,0.216666667,0.198666667,0.131,0.123,0.181333333,0.207666667,0.319666667,0.315,0.307,0.297333333,0.27,0.240666667,0.244,0.295333333,0.392666667,0.402,0.360666667,0.299666667,0.256333333,0.236,0.264,0.341333333,0.528666667,0.507666667,0.486333333,0.475666667,0.447,0.458666667,0.516333333,0.525
HE,y15,0.391666667,0.397333333,0.417,0.396666667,0.347333333,0.350666667,0.369333333,0.378,0.323,0.322666667,0.329666667,0.32,0.297,0.290666667,0.284,0.308666667,0.422,0.395,0.365,0.345,0.299666667,0.277,0.319333333,0.413,0.476,0.401666667,0.327,0.332333333,0.335666667,0.321666667,0.401333333,0.494,0.424,0.378333333,0.332333333,0.34,0.326666667,0.346666667,0.406,0.442666667,0.349666667,0.298666667,0.249666667,0.229,0.244666667,0.291666667,0.333333333,0.372666667,0.270333333,0.244333333,0.185,0.138666667,0.137,0.154,0.226,0.279666667,0.115333333,0.112666667,0.1,0.107333333,0.111333333,0.112666667,0.118333333,0.113666667,0.258333333,0.264666667,0.235333333,0.211,0.177666667,0.183,0.232666667,0.239333333,0.301333333,0.300333333,0.322,0.307,0.279666667,0.263666667,0.291333333,0.315,0.558,0.542,0.52,0.468,0.432666667,0.428666667,0.479333333,0.543666667,0.400333333,0.366666667,0.327666667,0.286333333,0.252,0.268333333,0.315,0.357
HE,y16,0.481666667,0.471666667,0.429666667,0.356333333,0.303,0.330333333,0.384,0.452,0.386,0.387,0.403666667,0.391,0.328,0.290333333,0.326333333,0.357,0.434,0.422333333,0.388,0.381333333,0.349,0.362,0.402666667,0.454666667,0.474,0.456666667,0.401333333,0.385,0.385666667,0.436,0.464,0.485666667,0.43,0.405333333,0.378333333,0.397333333,0.367,0.327,0.374333333,0.415666667,0.102,0.088666667,0.095333333,0.093,0.107,0.134666667,0.173333333,0.148666667,0.181666667,0.162333333,0.143666667,0.108333333,0.095,0.127666667,0.167666667,0.182666667,0.180333333,0.184,0.170333333,0.154,0.152666667,0.148666667,0.150333333,0.158,0.194666667,0.201,0.189333333,0.19,0.202333333,0.21,0.211333333,0.220666667,0.354333333,0.357666667,0.342666667,0.319333333,0.288666667,0.280666667,0.300666667,0.328666667,0.329333333,0.317,0.290333333,0.284333333,0.293666667,0.288333333,0.319,0.344333333,0.500333333,0.482333333,0.495,0.470666667,0.441666667,0.466666667,0.507,0.521333333
HE,y17,0.43,0.419,0.387666667,0.280333333,0.203666667,0.194666667,0.233,0.353333333,0.234,0.235333333,0.255,0.265333333,0.259,0.235666667,0.25,0.249666667,0.382666667,0.381,0.36,0.281666667,0.165,0.175333333,0.260666667,0.355,0.442666667,0.409,0.341666667,0.344666667,0.312666667,0.340666667,0.462666667,0.489666667,0.489333333,0.425666667,0.338,0.325333333,0.330333333,0.357333333,0.411,0.469666667,0.293333333,0.262666667,0.199,0.185333333,0.194666667,0.257,0.309666667,0.317333333,0.152666667,0.128333333,0.115333333,0.121,0.127333333,0.148,0.184,0.177,0.126,0.124,0.124,0.122333333,0.113333333,0.111,0.112333333,0.114666667,0.216333333,0.241666667,0.235333333,0.217,0.174333333,0.140333333,0.167333333,0.200666667,0.304,0.296,0.288666667,0.265666667,0.223666667,0.212,0.234666667,0.271333333,0.265333333,0.292,0.317666667,0.307333333,0.265666667,0.227333333,0.217,0.226333333,0.379666667,0.406333333,0.404666667,0.356333333,0.312333333,0.296,0.311333333,0.335
HE,y18,0.293,0.322,0.311333333,0.258,0.229333333,0.225,0.228,0.253333333,0.389666667,0.358333333,0.334,0.316666667,0.261,0.264333333,0.306333333,0.361666667,0.371666667,0.359666667,0.327,0.312666667,0.257333333,0.255,0.333,0.351666667,0.509333333,0.511333333,0.437,0.370666667,0.377333333,0.447333333,0.538666667,0.548333333,0.292,0.238333333,0.198666667,0.183333333,0.192333333,0.264,0.327,0.343,0.349,0.257,0.206,0.204333333,0.217333333,0.291333333,0.367333333,0.388333333,0.174,0.184,0.179333333,0.169666667,0.150333333,0.149,0.160333333,0.184333333,0.153,0.191,0.219333333,0.197,0.155666667,0.128333333,0.123,0.126666667,0.173333333,0.168666667,0.157333333,0.146333333,0.106666667,0.079666667,0.098666667,0.145666667,0.360666667,0.346,0.311,0.304666667,0.286333333,0.262,0.282,0.321,0.453333333,0.434,0.369333333,0.298666667,0.283666667,0.306333333,0.374666667,0.439333333,0.43,0.449666667,0.430666667,0.363333333,0.322,0.318666667,0.318333333,0.360666667
HE,y19,0.296666667,0.324,0.315,0.267,0.224666667,0.197333333,0.210666667,0.246333333,0.339333333,0.391666667,0.391666667,0.329333333,0.258,0.231,0.257,0.285333333,0.410333333,0.437,0.407666667,0.363666667,0.293,0.278,0.344,0.410333333,0.501333333,0.475333333,0.416333333,0.386666667,0.350666667,0.405,0.469,0.497,0.385333333,0.334333333,0.306666667,0.307,0.315333333,0.341,0.391333333,0.437,0.318,0.273666667,0.240666667,0.244333333,0.245,0.251333333,0.315333333,0.333666667,0.302,0.267333333,0.199333333,0.167666667,0.139333333,0.154,0.228,0.275,0.178,0.170333333,0.146666667,0.123333333,0.112,0.116333333,0.152333333,0.182333333,0.208,0.209666667,0.197333333,0.196666667,0.160333333,0.138,0.172666667,0.192333333,0.311,0.289333333,0.259333333,0.229,0.207,0.218666667,0.260666667,0.305,0.351666667,0.337,0.292,0.305,0.338666667,0.337666667,0.355333333,0.361,0.394,0.384,0.405333333,0.393,0.347333333,0.307333333,0.325333333,0.364333333
HE,y20,0.342333333,0.385666667,0.384,0.335333333,0.265,0.249,0.301333333,0.323,0.267333333,0.278333333,0.266,0.233,0.201666667,0.188333333,0.214333333,0.23,0.355666667,0.359666667,0.321,0.246,0.130333333,0.144,0.28,0.344333333,0.369,0.370333333,0.311,0.319333333,0.316,0.299333333,0.35,0.387,0.471333333,0.457666667,0.422333333,0.416,0.370333333,0.404333333,0.493333333,0.508333333,0.141,0.117666667,0.103666667,0.089,0.092,0.108333333,0.138333333,0.141666667,0.198333333,0.159,0.111666667,0.099,0.113333333,0.142,0.213333333,0.238,0.097,0.103333333,0.099333333,0.095333333,0.072,0.069333333,0.089,0.096333333,0.113333333,0.135333333,0.148666667,0.142,0.105,0.073666667,0.089666667,0.108666667,0.324,0.35,0.370666667,0.354666667,0.303,0.249,0.267666667,0.302666667,0.292,0.288333333,0.290333333,0.281,0.253333333,0.222,0.231,0.256,0.436666667,0.443,0.411,0.365666667,0.38,0.404666667,0.429333333,0.444333333
HE,y21,0.321666667,0.339,0.327333333,0.270666667,0.246,0.229,0.230666667,0.275,0.308666667,0.333333333,0.314,0.258666667,0.217,0.176,0.212,0.295666667,0.444333333,0.382666667,0.352666667,0.335666667,0.280666667,0.289666667,0.375333333,0.442666667,0.449333333,0.407333333,0.401333333,0.397,0.358666667,0.337666667,0.394666667,0.466666667,0.494666667,0.459666667,0.373,0.323666667,0.296,0.335333333,0.391,0.463,0.224333333,0.186,0.161,0.176666667,0.21,0.26,0.271666667,0.251333333,0.111666667,0.105,0.065666667,0.041666667,0.046666667,0.071,0.096333333,0.107333333,0.108,0.113,0.107333333,0.094666667,0.082666667,0.078,0.097333333,0.113666667,0.162666667,0.169666667,0.182666667,0.168,0.114333333,0.087,0.113,0.146,0.349,0.419666667,0.403333333,0.358666667,0.338666667,0.342,0.355666667,0.327,0.427666667,0.446,0.441333333,0.413333333,0.378,0.373333333,0.388333333,0.392,0.288,0.301333333,0.290666667,0.280333333,0.269,0.255666667,0.261666667,0.265
HE,y22,0.418666667,0.423666667,0.388,0.318333333,0.281,0.296,0.334333333,0.367333333,0.385666667,0.314333333,0.271666667,0.252666667,0.247,0.274666667,0.353666667,0.42,0.392,0.361,0.303666667,0.255666667,0.196,0.184333333,0.276333333,0.381333333,0.446666667,0.409,0.362333333,0.386,0.360333333,0.363333333,0.412666667,0.441,0.435,0.420666667,0.332,0.323,0.306333333,0.312,0.364333333,0.399666667,0.320666667,0.318666667,0.270666667,0.222,0.202333333,0.231666667,0.255333333,0.298666667,0.182333333,0.181,0.16,0.158333333,0.157333333,0.133,0.131333333,0.161666667,0.111,0.112,0.134666667,0.155,0.142333333,0.119,0.116333333,0.118,0.155,0.179666667,0.195666667,0.180333333,0.145666667,0.114666667,0.124,0.153666667,0.374,0.391,0.392333333,0.356333333,0.288333333,0.269666667,0.3,0.341666667,0.407333333,0.384,0.366,0.366,0.337,0.311666667,0.359333333,0.412,0.326333333,0.37,0.375666667,0.35,0.305333333,0.282333333,0.289,0.292
HE,y23,0.325333333,0.334666667,0.330333333,0.249333333,0.205333333,0.217,0.247,0.289333333,0.365333333,0.368,0.351333333,0.289,0.217,0.207333333,0.262,0.315666667,0.296666667,0.240666667,0.206666667,0.204,0.168333333,0.186,0.260333333,0.312,0.363666667,0.367,0.308333333,0.288,0.256666667,0.281666667,0.375333333,0.389333333,0.463333333,0.408,0.324333333,0.278333333,0.296666667,0.400333333,0.434333333,0.452,0.328333333,0.291,0.234333333,0.222333333,0.233,0.28,0.346,0.356,0.197,0.163,0.156666667,0.180333333,0.178666667,0.187,0.186666667,0.206666667,0.111333333,0.109,0.114,0.115666667,0.118,0.117,0.116333333,0.124333333,0.210666667,0.205,0.183333333,0.137666667,0.119333333,0.159666667,0.201333333,0.215333333,0.308666667,0.317333333,0.298333333,0.272,0.246666667,0.228666667,0.243666667,0.266,0.504,0.463,0.396333333,0.39,0.394,0.419666667,0.440333333,0.481,0.374333333,0.359666667,0.341333333,0.356,0.335666667,0.308,0.286333333,0.333666667
HE,y24,0.411,0.468333333,0.444333333,0.394333333,0.318666667,0.307333333,0.318666667,0.338666667,0.341666667,0.341,0.325333333,0.319333333,0.267666667,0.253333333,0.303333333,0.331333333,0.484,0.486,0.490333333,0.476666667,0.410666667,0.347666667,0.366,0.429666667,0.574666667,0.549,0.484666667,0.464,0.439666667,0.423666667,0.528,0.569666667,0.4,0.367666667,0.31,0.303,0.301,0.320666667,0.371666667,0.410666667,0.312666667,0.306,0.246666667,0.208,0.200333333,0.237666667,0.287333333,0.339666667,0.366,0.306666667,0.242,0.204333333,0.191666667,0.203666667,0.247,0.324666667,0.176333333,0.191333333,0.201333333,0.190666667,0.175333333,0.173,0.178666667,0.176666667,0.165,0.168333333,0.167333333,0.158333333,0.148333333,0.139666667,0.143666667,0.171,0.284333333,0.298,0.273666667,0.238,0.212333333,0.212,0.233333333,0.281,0.283666667,0.264666667,0.258666667,0.237,0.21,0.201666667,0.220333333,0.246666667,0.366333333,0.376333333,0.37,0.327,0.253,0.238666667,0.268666667,0.313333333
HE,y25,0.301666667,0.327333333,0.323,0.281333333,0.221333333,0.202666667,0.242,0.283666667,0.291666667,0.322,0.305666667,0.262666667,0.207666667,0.172,0.199333333,0.228333333,0.429333333,0.408,0.353666667,0.327666667,0.284,0.287666667,0.350333333,0.390333333,0.416666667,0.424666667,0.357333333,0.335333333,0.304666667,0.328,0.382,0.388333333,0.542,0.489,0.403333333,0.355333333,0.354,0.417333333,0.485666667,0.533,0.256333333,0.237,0.184666667,0.142333333,0.137666667,0.172,0.225666667,0.271666667,0.131666667,0.106333333,0.093666667,0.094,0.108333333,0.127666667,0.156333333,0.173,0.204,0.194333333,0.176333333,0.176,0.165666667,0.166333333,0.180666667,0.207,0.201,0.224666667,0.226,0.213333333,0.184333333,0.156666667,0.165,0.160333333,0.33,0.326666667,0.294,0.251,0.214666667,0.206,0.256,0.308333333,0.444333333,0.456,0.432,0.379333333,0.320333333,0.303,0.309666667,0.386666667,0.353666667,0.323333333,0.302666667,0.319333333,0.302,0.299666667,0.314666667,0.329
HE,y26,0.278666667,0.310666667,0.303666667,0.242333333,0.183333333,0.173,0.182333333,0.206,0.333666667,0.362333333,0.37,0.345,0.294666667,0.272,0.289,0.313666667,0.394333333,0.355,0.372,0.397666667,0.366666667,0.376666667,0.438333333,0.486333333,0.485,0.452666667,0.394333333,0.326666667,0.260666667,0.294333333,0.398,0.450666667,0.393,0.356666667,0.341333333,0.302333333,0.266,0.335,0.410333333,0.420666667,0.304,0.278,0.203333333,0.151,0.162333333,0.236,0.323,0.315333333,0.117,0.122333333,0.116666667,0.107666667,0.100666667,0.108666667,0.125666667,0.121,0.236333333,0.204,0.186333333,0.185,0.21,0.240333333,0.258666667,0.240333333,0.146333333,0.163333333,0.162,0.159,0.155,0.151,0.143333333,0.136,0.299666667,0.295333333,0.248,0.218333333,0.186333333,0.179333333,0.217,0.26,0.382,0.381,0.339,0.314666667,0.285333333,0.264,0.294666667,0.342666667,0.380333333,0.394666667,0.357333333,0.302666667,0.292666667,0.298333333,0.314666667,0.324333333
HI,y1,0.373333333,0.400666667,0.414666667,0.375,0.321,0.359,0.396333333,0.387666667,0.307,0.319,0.340333333,0.301666667,0.258333333,0.278666667,0.311,0.312666667,0.29,0.291666667,0.312666667,0.293333333,0.275,0.296,0.307666667,0.307333333,0.323333333,0.307666667,0.293333333,0.280666667,0.279,0.295333333,0.309,0.333666667,0.240333333,0.219666667,0.194666667,0.180333333,0.168333333,0.172333333,0.189333333,0.230666667,0.341666667,0.346333333,0.289666667,0.27,0.231666667,0.203,0.222666667,0.293666667,0.302333333,0.306666667,0.242666667,0.195666667,0.148333333,0.129333333,0.165666667,0.243,0.267333333,0.274333333,0.266666667,0.257333333,0.227333333,0.203666667,0.218333333,0.260666667,0.228,0.211333333,0.209333333,0.221333333,0.202666667,0.207666667,0.221,0.222333333,0.398333333,0.412,0.429,0.433666667,0.412666667,0.408,0.422333333,0.429333333,0.5,0.540666667,0.581666667,0.558666667,0.481666667,0.479,0.502,0.493666667,0.464333333,0.487333333,0.543666667,0.537333333,0.457666667,0.456666667,0.496,0.501
HI,y2,0.270666667,0.288333333,0.299,0.257,0.208,0.237333333,0.281,0.285,0.454,0.474333333,0.485666667,0.438,0.388333333,0.413333333,0.435,0.442333333,0.288333333,0.269666667,0.278,0.275,0.266,0.290666667,0.318333333,0.325333333,0.295666667,0.285,0.309333333,0.298333333,0.291,0.307666667,0.316666667,0.328333333,0.218666667,0.205,0.208,0.216333333,0.202666667,0.209,0.223333333,0.238,0.337666667,0.318,0.255,0.224666667,0.199333333,0.206,0.252333333,0.308,0.458333333,0.457666667,0.393,0.348,0.299333333,0.277333333,0.319333333,0.395333333,0.313,0.313,0.284333333,0.278333333,0.239333333,0.195333333,0.198,0.247666667,0.291333333,0.301666667,0.289666667,0.287,0.284,0.279,0.284,0.295333333,0.402333333,0.408666667,0.443666667,0.456666667,0.419,0.427333333,0.452,0.447,0.454,0.480666667,0.524333333,0.520333333,0.465333333,0.458666667,0.479333333,0.467333333,0.393666667,0.425,0.484,0.469,0.382333333,0.39,0.426,0.412666667
HI,y3,0.302333333,0.310333333,0.322666667,0.301,0.252333333,0.256,0.285333333,0.304333333,0.309,0.341,0.377333333,0.352333333,0.295333333,0.281333333,0.307333333,0.315666667,0.221666667,0.213666667,0.222,0.197,0.180333333,0.205666667,0.236666667,0.249333333,0.254666667,0.242,0.232666667,0.216333333,0.200666667,0.217333333,0.24,0.257,0.337666667,0.324333333,0.297666667,0.290666667,0.279666667,0.278,0.316666667,0.348,0.26,0.261,0.246,0.25,0.229333333,0.195666667,0.202,0.240333333,0.335,0.337333333,0.286,0.265,0.220666667,0.187333333,0.212666667,0.269666667,0.336,0.359666667,0.344666667,0.345666667,0.301666667,0.214666667,0.203333333,0.275333333,0.313666667,0.317666667,0.316666667,0.303666667,0.273,0.260333333,0.283,0.316666667,0.159666667,0.156666667,0.151,0.133,0.121333333,0.139,0.162333333,0.171666667,0.384333333,0.376333333,0.395666667,0.386333333,0.339,0.344,0.377333333,0.393333333,0.302333333,0.305666667,0.341666667,0.337666667,0.281666667,0.290666667,0.327,0.323666667
HI,y4,0.313,0.343666667,0.385,0.353,0.293666667,0.290333333,0.315,0.33,0.297666667,0.303333333,0.319333333,0.306666667,0.270666667,0.28,0.305333333,0.314666667,0.318333333,0.312,0.326666667,0.316333333,0.302666667,0.324333333,0.333666667,0.340666667,0.283,0.272,0.280333333,0.285666667,0.291333333,0.308333333,0.327333333,0.327,0.231,0.208666667,0.192,0.19,0.187333333,0.187666667,0.186333333,0.206,0.395,0.381,0.321,0.292666667,0.249333333,0.219666667,0.274666667,0.359,0.485666667,0.459333333,0.387666667,0.349333333,0.288666667,0.285333333,0.362,0.443666667,0.240333333,0.235,0.192,0.160666667,0.13,0.121666667,0.154666667,0.203666667,0.163,0.167,0.200333333,0.216333333,0.192333333,0.177666667,0.187,0.195666667,0.332,0.368,0.412333333,0.418666667,0.375666667,0.356333333,0.347,0.321,0.396333333,0.418333333,0.479333333,0.499333333,0.441666667,0.434,0.460666667,0.451333333,0.474333333,0.492333333,0.537,0.54,0.466666667,0.462333333,0.496333333,0.488
HI,y5,0.388,0.412333333,0.461333333,0.459333333,0.395666667,0.396,0.4,0.39,0.338666667,0.350666667,0.37,0.352333333,0.301666667,0.309666667,0.334333333,0.344666667,0.343666667,0.325333333,0.326333333,0.313333333,0.29,0.302,0.324666667,0.353666667,0.29,0.288666667,0.286333333,0.272,0.254,0.263333333,0.278,0.294333333,0.201333333,0.194333333,0.182333333,0.175333333,0.171333333,0.178333333,0.189666667,0.202666667,0.294,0.295,0.254666667,0.223666667,0.179333333,0.158333333,0.2,0.27,0.381333333,0.385,0.317,0.264333333,0.21,0.172666667,0.212333333,0.293333333,0.251333333,0.281333333,0.260333333,0.25,0.214333333,0.157333333,0.161333333,0.202,0.146333333,0.142666667,0.139333333,0.134666667,0.117666667,0.109333333,0.116,0.134,0.328333333,0.316666667,0.326666667,0.33,0.305333333,0.306666667,0.341666667,0.356,0.398,0.399,0.423,0.421,0.357666667,0.351,0.396333333,0.411333333,0.647666667,0.677666667,0.704333333,0.692666667,0.623,0.601333333,0.624666667,0.636666667
HI,y6,0.343,0.343666667,0.373666667,0.372666667,0.322,0.319333333,0.356333333,0.376666667,0.346333333,0.356333333,0.392333333,0.371333333,0.317666667,0.321666667,0.347,0.356333333,0.198666667,0.189,0.217,0.207,0.166,0.18,0.204666667,0.210666667,0.231333333,0.213,0.213333333,0.225666667,0.205,0.198333333,0.232666667,0.254,0.232333333,0.215333333,0.199666667,0.206333333,0.209,0.211333333,0.223,0.232666667,0.314666667,0.297666667,0.264,0.244,0.204333333,0.206666667,0.255666667,0.300666667,0.221333333,0.238666667,0.213333333,0.183666667,0.145,0.118333333,0.128333333,0.180666667,0.255,0.264333333,0.245666667,0.224666667,0.165,0.125,0.155666667,0.212666667,0.192666667,0.219333333,0.234,0.223666667,0.188666667,0.166333333,0.168333333,0.186666667,0.325333333,0.325333333,0.334333333,0.342666667,0.323,0.314333333,0.334666667,0.344,0.499,0.516,0.563666667,0.569333333,0.491333333,0.471,0.501333333,0.501333333,0.418333333,0.437333333,0.486666667,0.499666667,0.420333333,0.411333333,0.447666667,0.450666667
HI,y7,0.342,0.356,0.371333333,0.350666667,0.281,0.282666667,0.324,0.337666667,0.301333333,0.316,0.350666667,0.326666667,0.273333333,0.284333333,0.312,0.314666667,0.281666667,0.28,0.285666667,0.26,0.222666667,0.239,0.284,0.313333333,0.299,0.280666667,0.295,0.298333333,0.281333333,0.287666667,0.309,0.323333333,0.205666667,0.212666667,0.197666667,0.187666667,0.185,0.177,0.171333333,0.193,0.262333333,0.267,0.234333333,0.21,0.163333333,0.132,0.165,0.216666667,0.311666667,0.338,0.342666667,0.329666667,0.256666667,0.199666667,0.212333333,0.267,0.122666667,0.141666667,0.139666667,0.131333333,0.099666667,0.082333333,0.091,0.109333333,0.311666667,0.321333333,0.323,0.327333333,0.319666667,0.294666667,0.27,0.270333333,0.296333333,0.28,0.306666667,0.321,0.267,0.267666667,0.316666667,0.331666667,0.506,0.525333333,0.549333333,0.526,0.432333333,0.417,0.483333333,0.518333333,0.462666667,0.473333333,0.509,0.509,0.434,0.411666667,0.443666667,0.455666667
HI,y8,0.281333333,0.307,0.331,0.295,0.216,0.208333333,0.258,0.286666667,0.242333333,0.230333333,0.253666667,0.244333333,0.192666667,0.207666667,0.245,0.258,0.238666667,0.212333333,0.221333333,0.219333333,0.212,0.227,0.25,0.263333333,0.344,0.319,0.293333333,0.285333333,0.285333333,0.312333333,0.335333333,0.353333333,0.230333333,0.218666667,0.211333333,0.224,0.202,0.173333333,0.188666667,0.221666667,0.308333333,0.322,0.277,0.247,0.196,0.170333333,0.204333333,0.268333333,0.433,0.47,0.419666667,0.39,0.334666667,0.244333333,0.220666667,0.323666667,0.254666667,0.268666667,0.258,0.242666667,0.21,0.187,0.192333333,0.219,0.351333333,0.347666667,0.344666667,0.342666667,0.338,0.345333333,0.346,0.354,0.270333333,0.286,0.317333333,0.314,0.259333333,0.26,0.278333333,0.279,0.439666667,0.452,0.478333333,0.458333333,0.386333333,0.388333333,0.439666667,0.459,0.366,0.376,0.405666667,0.399333333,0.335666667,0.341666667,0.376,0.374
HI,y9,0.333666667,0.373666667,0.425,0.397,0.308,0.290333333,0.326666667,0.332666667,0.290333333,0.263666667,0.264,0.243333333,0.197,0.223333333,0.270666667,0.301333333,0.391333333,0.368,0.393,0.393,0.354333333,0.367,0.400666667,0.427333333,0.356,0.338,0.334666667,0.328,0.314666667,0.314666667,0.331333333,0.356333333,0.289,0.263,0.239,0.225666667,0.201666667,0.214,0.255333333,0.286666667,0.364333333,0.377666667,0.332333333,0.316333333,0.265,0.222333333,0.254666667,0.321,0.345666667,0.320333333,0.278666667,0.240666667,0.203,0.199333333,0.255333333,0.319,0.207333333,0.240666667,0.213666667,0.196666667,0.162666667,0.119333333,0.115333333,0.158666667,0.227333333,0.216333333,0.209333333,0.202333333,0.189666667,0.191,0.228,0.242333333,0.317333333,0.324666667,0.354,0.346,0.275666667,0.271,0.315666667,0.337333333,0.358333333,0.373333333,0.405333333,0.400666667,0.331,0.320666667,0.353666667,0.372333333,0.447,0.482333333,0.538,0.527333333,0.419666667,0.401,0.429333333,0.438666667
HI,y10,0.351,0.341666667,0.373666667,0.366666667,0.303,0.310666667,0.366333333,0.386,0.289666667,0.295666667,0.312666667,0.303,0.269,0.273,0.292666667,0.302333333,0.291,0.28,0.293,0.262666667,0.229333333,0.245666667,0.271333333,0.291,0.226666667,0.211,0.204333333,0.203666667,0.197,0.203666667,0.227,0.244,0.243666667,0.229333333,0.201333333,0.170666667,0.156666667,0.162,0.195333333,0.237333333,0.311333333,0.300333333,0.289,0.277333333,0.225,0.190666667,0.213333333,0.273333333,0.371333333,0.367666667,0.326666667,0.293333333,0.225333333,0.211666667,0.271333333,0.337666667,0.123666667,0.145333333,0.125666667,0.102333333,0.074,0.046333333,0.057,0.101666667,0.221666667,0.231666667,0.227666667,0.222666667,0.206333333,0.180666667,0.175333333,0.193333333,0.216333333,0.227666667,0.261333333,0.266,0.223,0.214333333,0.24,0.249666667,0.349333333,0.348,0.373,0.358,0.292,0.300666667,0.347333333,0.370666667,0.365666667,0.367333333,0.424333333,0.419,0.313666667,0.308,0.364333333,0.392666667
HI,y11,0.317666667,0.312666667,0.339333333,0.321333333,0.246333333,0.252666667,0.292666667,0.32,0.353666667,0.342333333,0.352666667,0.334666667,0.302,0.319,0.343,0.367,0.337333333,0.313666667,0.328666667,0.326333333,0.316333333,0.338333333,0.359666667,0.376,0.272666667,0.264333333,0.275,0.276333333,0.269666667,0.276666667,0.298333333,0.307333333,0.414666667,0.396666667,0.323666667,0.268333333,0.244,0.260333333,0.308333333,0.365,0.395666667,0.426,0.364333333,0.321,0.248333333,0.176666667,0.195,0.288666667,0.267666667,0.272666667,0.234,0.201,0.156666667,0.138,0.174333333,0.236666667,0.289,0.323,0.294666667,0.269333333,0.221666667,0.18,0.198,0.241,0.266,0.254666667,0.256,0.270666667,0.269,0.271666667,0.291333333,0.293666667,0.303333333,0.325666667,0.372666667,0.382666667,0.308666667,0.269,0.299333333,0.310333333,0.422,0.448,0.469666667,0.446333333,0.379666667,0.37,0.396333333,0.412,0.484,0.516,0.571,0.571333333,0.48,0.465,0.502666667,0.503666667
HI,y12,0.317333333,0.317,0.355333333,0.345333333,0.287333333,0.282666667,0.308666667,0.325,0.325333333,0.329666667,0.362,0.352333333,0.308,0.317,0.345666667,0.364333333,0.227666667,0.221666667,0.222666667,0.2,0.175666667,0.184333333,0.203333333,0.221333333,0.358,0.346,0.334333333,0.314666667,0.299333333,0.310666667,0.347666667,0.373666667,0.335333333,0.317666667,0.290333333,0.283,0.289333333,0.293666667,0.301333333,0.33,0.295666667,0.303,0.254333333,0.243333333,0.199666667,0.154333333,0.179,0.242,0.427,0.477,0.44,0.396,0.328333333,0.243666667,0.252,0.333666667,0.24,0.253333333,0.242333333,0.235,0.209,0.186666667,0.186333333,0.214,0.324333333,0.332333333,0.330333333,0.290666667,0.252666667,0.252666667,0.288333333,0.326,0.217666667,0.210333333,0.222,0.217333333,0.185666667,0.179333333,0.212666667,0.236,0.272,0.270333333,0.305,0.302666667,0.24,0.231666667,0.270666667,0.289,0.538666667,0.57,0.620666667,0.597333333,0.472,0.460666667,0.52,0.555666667
HI,y13,0.465666667,0.496333333,0.538,0.496666667,0.393,0.394666667,0.438,0.465,0.248,0.242666667,0.246,0.229,0.196,0.207,0.243666667,0.265333333,0.328,0.321,0.341,0.333666667,0.313,0.331,0.356,0.376,0.355,0.331666667,0.322666667,0.282333333,0.240666667,0.27,0.309666667,0.347666667,0.199333333,0.197,0.194,0.179,0.164,0.173,0.191333333,0.213333333,0.292333333,0.289333333,0.234,0.198666667,0.168666667,0.15,0.189,0.252333333,0.341,0.329666667,0.271666667,0.235333333,0.186333333,0.167,0.227666667,0.299333333,0.279333333,0.283666667,0.268666667,0.249666667,0.214666667,0.188333333,0.204333333,0.244333333,0.219666667,0.247666667,0.273,0.256,0.213333333,0.188666667,0.187333333,0.208,0.410333333,0.430333333,0.478666667,0.477,0.411,0.387666667,0.426,0.429333333,0.554666667,0.577333333,0.646666667,0.66,0.560333333,0.524333333,0.563333333,0.595333333,0.362666667,0.362333333,0.39,0.376333333,0.293666667,0.284666667,0.341333333,0.376333333
HI,y14,0.378,0.394,0.440333333,0.430333333,0.351,0.328,0.358333333,0.381,0.423,0.445333333,0.498,0.473666667,0.387,0.380333333,0.412333333,0.426666667,0.208,0.188666667,0.191666667,0.195,0.171333333,0.177333333,0.200666667,0.217,0.271,0.259333333,0.279,0.276333333,0.263666667,0.270333333,0.282333333,0.296333333,0.257666667,0.263666667,0.259666667,0.236,0.203666667,0.205,0.239666667,0.27,0.351333333,0.385333333,0.342666667,0.301666667,0.244666667,0.207333333,0.231,0.282666667,0.288,0.324666667,0.293666667,0.247333333,0.180333333,0.139666667,0.171666667,0.232666667,0.300666667,0.326,0.311,0.274333333,0.210666667,0.165333333,0.193,0.258666667,0.141,0.136333333,0.118333333,0.099666667,0.075333333,0.076333333,0.110666667,0.143666667,0.379,0.378666667,0.419333333,0.423666667,0.351333333,0.336333333,0.398333333,0.426666667,0.459333333,0.477333333,0.524666667,0.511666667,0.404666667,0.38,0.451666667,0.486666667,0.478333333,0.504333333,0.547,0.526333333,0.404333333,0.376333333,0.451,0.487666667
HI,y15,0.461,0.452,0.464666667,0.444,0.355333333,0.347333333,0.406333333,0.442333333,0.258,0.224666667,0.230666667,0.247666667,0.228333333,0.241666667,0.276,0.298333333,0.288666667,0.263666667,0.283333333,0.281666667,0.246666667,0.252666667,0.297,0.331333333,0.312333333,0.292666667,0.31,0.312333333,0.272666667,0.267333333,0.307,0.343333333,0.275666667,0.235333333,0.225666667,0.216666667,0.201333333,0.226333333,0.280333333,0.31,0.286666667,0.308333333,0.280333333,0.252333333,0.201,0.159333333,0.181666667,0.241333333,0.341666667,0.344666667,0.304,0.271,0.202333333,0.151666667,0.191333333,0.283333333,0.215333333,0.225,0.209,0.185333333,0.166,0.130666667,0.123,0.162,0.190666667,0.205,0.231,0.237333333,0.206,0.197333333,0.214333333,0.227,0.335,0.335333333,0.379333333,0.388333333,0.346,0.331333333,0.354666667,0.350333333,0.433,0.433666667,0.441333333,0.414,0.360333333,0.352,0.387,0.424333333,0.313333333,0.305,0.317,0.283,0.198666667,0.214,0.285,0.326333333
HI,y16,0.339333333,0.323333333,0.358666667,0.355666667,0.291333333,0.296333333,0.341666667,0.371,0.428666667,0.409,0.407,0.392333333,0.369,0.362,0.386666667,0.44,0.432,0.42,0.424666667,0.404,0.378666667,0.386333333,0.417666667,0.446666667,0.367666667,0.340666667,0.352666667,0.352333333,0.339666667,0.361,0.381333333,0.402666667,0.369,0.355666667,0.312333333,0.289,0.285333333,0.298,0.333666667,0.362333333,0.402,0.400666667,0.322666667,0.252666667,0.213,0.219666667,0.283,0.369333333,0.428666667,0.405333333,0.325666667,0.275333333,0.235,0.230333333,0.296333333,0.385333333,0.252333333,0.242333333,0.201333333,0.176666667,0.151666667,0.143,0.184666667,0.233333333,0.163,0.159333333,0.136666667,0.112333333,0.083333333,0.07,0.095666667,0.136666667,0.443,0.448,0.467,0.461,0.434,0.434,0.470666667,0.491666667,0.489333333,0.527333333,0.579333333,0.568,0.473,0.451666667,0.487333333,0.498333333,0.311333333,0.316,0.343333333,0.331,0.262666667,0.257666667,0.3,0.318
HI,y17,0.522333333,0.578666667,0.64,0.607666667,0.51,0.48,0.492,0.518666667,0.234666667,0.227333333,0.251666667,0.241666667,0.211666667,0.213,0.23,0.236666667,0.412,0.421,0.448,0.436666667,0.388,0.378666667,0.401666667,0.425,0.159,0.147666667,0.142,0.133666667,0.134333333,0.140666667,0.158333333,0.183,0.221,0.211666667,0.198,0.186666667,0.188333333,0.185333333,0.2,0.218333333,0.342666667,0.351,0.281333333,0.245666667,0.214666667,0.186,0.231333333,0.310333333,0.329333333,0.331,0.299,0.284333333,0.234,0.183,0.204,0.278,0.213333333,0.206,0.164666667,0.142333333,0.118666667,0.097666667,0.112666667,0.153333333,0.295666667,0.287666667,0.285,0.281,0.254,0.237666667,0.258,0.295666667,0.371666667,0.357333333,0.396333333,0.409333333,0.360666667,0.354,0.400333333,0.417,0.413,0.438,0.485,0.487,0.417333333,0.408666667,0.452333333,0.451333333,0.536666667,0.59,0.632,0.61,0.521,0.499333333,0.528333333,0.537333333
HI,y18,0.352666667,0.375333333,0.416,0.399666667,0.326666667,0.323333333,0.354333333,0.367333333,0.327333333,0.339333333,0.376,0.366,0.308,0.288,0.306,0.326333333,0.307666667,0.294666667,0.298333333,0.291,0.255666667,0.259333333,0.304333333,0.331333333,0.277666667,0.259,0.260333333,0.262,0.243,0.236333333,0.275666667,0.309,0.260666667,0.251,0.207666667,0.183666667,0.157333333,0.151333333,0.199333333,0.246,0.425333333,0.420666667,0.398333333,0.393333333,0.343666667,0.283333333,0.314,0.39,0.357,0.358666667,0.303,0.262333333,0.212333333,0.174666667,0.208666667,0.302333333,0.244,0.272333333,0.240333333,0.215333333,0.166666667,0.108333333,0.105333333,0.165,0.185666667,0.174333333,0.164333333,0.136333333,0.114666667,0.13,0.17,0.2,0.216,0.199666667,0.229,0.232333333,0.18,0.177666667,0.238666667,0.272666667,0.362,0.341,0.360666667,0.354666667,0.298666667,0.291333333,0.345,0.379666667,0.33,0.317666667,0.356666667,0.364333333,0.309333333,0.315666667,0.365666667,0.38
HI,y19,0.319666667,0.328666667,0.367,0.349333333,0.270333333,0.267,0.313,0.340666667,0.287666667,0.265,0.283333333,0.276666667,0.239,0.252333333,0.295,0.320666667,0.291,0.287666667,0.292333333,0.260666667,0.231666667,0.241666667,0.280333333,0.305,0.307,0.290666667,0.283333333,0.263666667,0.241,0.239333333,0.287666667,0.34,0.288333333,0.278333333,0.238333333,0.202333333,0.167,0.155666667,0.202333333,0.265666667,0.341666667,0.323666667,0.291,0.289333333,0.264333333,0.231333333,0.256666667,0.322,0.371666667,0.346666667,0.284666667,0.232333333,0.195333333,0.189666667,0.247333333,0.340333333,0.322333333,0.338333333,0.324333333,0.304,0.278666667,0.23,0.217333333,0.266666667,0.25,0.258666667,0.260666667,0.249333333,0.213333333,0.190666667,0.217,0.257333333,0.354333333,0.371,0.417,0.427,0.371666667,0.354666667,0.376666667,0.374,0.420666667,0.448333333,0.481333333,0.472,0.396333333,0.386333333,0.422666667,0.424333333,0.394666667,0.444,0.463,0.419666667,0.350666667,0.343,0.357666667,0.367333333
HI,y20,0.300666667,0.313666667,0.323,0.306666667,0.247,0.242666667,0.273333333,0.290333333,0.263666667,0.255333333,0.260666667,0.237666667,0.208666667,0.219666667,0.249,0.275,0.251333333,0.247,0.256,0.235,0.207666667,0.222333333,0.252666667,0.271666667,0.199,0.190333333,0.178666667,0.154,0.144333333,0.172,0.21,0.222,0.35,0.339333333,0.293666667,0.262666667,0.244666667,0.249,0.299,0.350666667,0.293666667,0.322,0.277,0.259666667,0.217666667,0.156,0.157333333,0.213333333,0.233333333,0.264666667,0.212333333,0.173,0.137666667,0.107333333,0.125333333,0.176333333,0.308333333,0.33,0.275666667,0.245,0.211333333,0.152666667,0.162666667,0.242,0.153,0.155666667,0.134333333,0.106666667,0.091,0.089,0.105666667,0.129666667,0.171666667,0.164,0.198666667,0.213333333,0.172333333,0.175,0.215333333,0.224333333,0.275,0.278666667,0.299333333,0.292,0.239666667,0.236,0.276666667,0.286666667,0.437,0.474666667,0.511,0.507333333,0.442,0.419666667,0.436333333,0.438666667
HI,y21,0.296666667,0.31,0.338666667,0.333,0.277666667,0.278666667,0.31,0.311,0.261333333,0.257666667,0.277333333,0.266,0.222333333,0.222666667,0.244333333,0.266333333,0.309,0.294666667,0.298333333,0.288666667,0.27,0.309,0.338,0.343,0.355,0.359,0.358333333,0.335,0.314,0.321333333,0.337333333,0.359,0.438666667,0.425,0.383333333,0.35,0.316333333,0.322333333,0.371666667,0.419,0.437333333,0.431333333,0.373,0.336333333,0.285333333,0.268333333,0.318666667,0.398333333,0.406666667,0.433,0.407,0.404333333,0.374,0.296666667,0.269,0.326,0.212333333,0.241333333,0.188666667,0.146666667,0.124333333,0.098333333,0.106666667,0.150666667,0.290333333,0.303666667,0.273666667,0.239,0.203333333,0.184,0.200666667,0.235,0.145,0.142333333,0.149333333,0.159,0.148,0.142666667,0.158,0.160666667,0.248666667,0.239,0.248333333,0.243666667,0.201,0.213333333,0.271666667,0.29,0.372,0.387333333,0.407666667,0.384,0.333333333,0.349,0.389333333,0.39
HI,y22,0.308333333,0.296333333,0.312333333,0.313,0.285,0.302333333,0.332666667,0.330666667,0.431666667,0.431,0.425666667,0.389333333,0.354,0.352666667,0.373333333,0.406666667,0.28,0.278,0.277333333,0.255666667,0.228,0.247,0.289,0.294666667,0.352333333,0.347333333,0.314666667,0.280333333,0.274333333,0.301333333,0.335,0.347666667,0.273333333,0.264666667,0.224333333,0.195,0.194,0.222,0.264,0.28,0.349666667,0.355666667,0.271333333,0.224,0.163666667,0.130666667,0.180333333,0.277,0.418666667,0.412666667,0.333,0.286333333,0.226666667,0.187333333,0.234333333,0.337666667,0.301666667,0.315666667,0.276333333,0.242,0.205666667,0.162,0.165,0.226,0.186,0.192,0.181,0.175666667,0.172666667,0.162,0.167333333,0.175333333,0.258,0.28,0.291666667,0.283333333,0.275333333,0.278666667,0.285333333,0.279666667,0.338333333,0.336333333,0.347333333,0.341333333,0.317333333,0.325,0.353666667,0.367333333,0.451333333,0.496666667,0.531666667,0.512333333,0.443,0.446666667,0.472333333,0.463333333
HI,y23,0.314333333,0.335333333,0.377,0.383,0.323666667,0.334,0.356333333,0.337666667,0.320666667,0.338,0.362333333,0.336,0.275,0.277,0.301,0.317666667,0.219666667,0.198333333,0.214666667,0.229,0.215,0.234666667,0.260666667,0.275666667,0.278666667,0.275333333,0.282333333,0.273666667,0.259,0.261333333,0.278333333,0.284,0.209333333,0.196,0.195333333,0.182,0.163,0.167,0.194,0.215,0.389,0.386,0.319333333,0.281333333,0.240333333,0.204333333,0.231666667,0.312333333,0.306,0.312333333,0.266333333,0.232,0.195666667,0.177333333,0.205333333,0.262333333,0.333,0.351333333,0.287,0.261333333,0.217,0.174666667,0.192,0.258666667,0.159,0.154,0.149,0.145333333,0.135666667,0.12,0.118,0.140333333,0.318,0.337333333,0.344666667,0.330333333,0.302,0.307,0.327333333,0.324333333,0.504666667,0.519666667,0.535,0.523666667,0.49,0.504666667,0.536,0.538,0.482,0.508333333,0.533333333,0.517666667,0.444333333,0.431,0.457666667,0.471666667
HI,y24,0.323,0.327666667,0.346,0.335333333,0.288333333,0.294333333,0.330666667,0.340333333,0.296666667,0.301666667,0.298,0.262333333,0.227,0.23,0.256,0.283333333,0.247333333,0.253333333,0.238,0.207333333,0.186333333,0.208,0.227,0.232,0.223,0.193,0.186,0.187,0.201333333,0.222,0.239,0.245333333,0.226,0.204333333,0.169333333,0.146666667,0.138,0.132333333,0.165,0.215333333,0.366666667,0.378333333,0.334,0.309,0.273666667,0.234,0.238666667,0.299,0.408,0.404,0.394,0.389666667,0.326,0.271333333,0.295333333,0.366666667,0.346,0.364333333,0.319666667,0.309666667,0.285,0.233666667,0.210666667,0.264,0.198,0.193333333,0.177666667,0.164,0.15,0.124666667,0.135666667,0.168666667,0.191,0.194333333,0.208,0.193333333,0.177666667,0.194,0.232333333,0.241333333,0.282333333,0.286,0.299,0.281666667,0.247333333,0.248666667,0.283333333,0.299666667,0.395666667,0.402333333,0.427,0.427,0.4,0.407666667,0.429,0.424333333
HI,y25,0.320666667,0.319666667,0.339,0.322,0.283333333,0.294,0.323,0.324,0.220666667,0.212666667,0.215,0.197,0.177666667,0.198333333,0.234333333,0.247333333,0.231,0.224666667,0.23,0.212666667,0.21,0.224666667,0.22,0.227666667,0.323333333,0.321666667,0.313333333,0.299666667,0.282333333,0.296,0.315666667,0.325666667,0.223,0.197666667,0.166333333,0.153666667,0.136666667,0.126666667,0.150333333,0.205333333,0.369666667,0.376,0.325333333,0.306666667,0.259333333,0.205333333,0.222666667,0.305666667,0.356,0.379,0.354,0.333333333,0.257333333,0.188666667,0.188,0.262333333,0.304333333,0.314666667,0.289666667,0.283,0.255666667,0.195,0.176,0.234666667,0.224333333,0.223,0.22,0.225666667,0.216,0.220666667,0.228666667,0.229666667,0.228666667,0.209666667,0.21,0.194333333,0.165333333,0.179333333,0.226,0.256333333,0.377666667,0.401,0.421333333,0.412,0.364,0.363,0.385666667,0.391,0.371666667,0.383666667,0.401,0.385333333,0.344666667,0.342333333,0.366,0.381333333
HI,y26,0.297,0.297666667,0.286,0.257333333,0.207666667,0.218333333,0.258333333,0.27,0.29,0.296666667,0.305666667,0.278333333,0.243,0.260666667,0.279666667,0.284333333,0.252,0.261666667,0.304,0.290333333,0.263666667,0.278333333,0.289333333,0.285333333,0.271,0.258333333,0.247,0.244666667,0.248666667,0.275333333,0.285666667,0.278,0.263333333,0.235,0.200666667,0.195333333,0.196333333,0.188333333,0.200666667,0.255333333,0.483333333,0.461333333,0.36,0.319333333,0.277666667,0.275666667,0.328,0.423666667,0.377333333,0.368666667,0.279333333,0.225666667,0.192,0.182333333,0.225666667,0.302666667,0.294666667,0.299333333,0.261333333,0.229,0.199333333,0.176666667,0.192666667,0.252,0.141,0.129333333,0.104666667,0.078666667,0.073,0.072666667,0.087666667,0.123333333,0.567,0.564666667,0.557333333,0.564666667,0.553333333,0.546333333,0.566,0.577,0.473,0.506333333,0.525333333,0.536666667,0.507,0.491666667,0.495,0.476666667,0.500333333,0.555666667,0.598,0.58,0.518,0.487333333,0.478333333,0.485333333
JS,y1,0.381333333,0.397,0.348,0.298666667,0.321,0.335333333,0.328,0.333666667,0.271,0.276,0.268333333,0.243333333,0.271333333,0.310666667,0.305333333,0.282,0.411666667,0.414666667,0.385666667,0.368666667,0.380333333,0.409333333,0.417666667,0.412,0.301333333,0.300333333,0.286666667,0.312333333,0.33,0.345333333,0.327333333,0.304666667,0.449666667,0.430333333,0.398666667,0.409666667,0.431,0.436333333,0.438,0.440666667,0.187,0.164,0.167666667,0.180666667,0.196666667,0.207333333,0.236333333,0.248666667,0.401333333,0.358333333,0.311333333,0.305666667,0.329,0.357666667,0.392666667,0.409333333,0.436,0.360666667,0.309666667,0.305333333,0.338666667,0.396,0.436666667,0.449666667,0.231,0.247666667,0.246,0.213,0.195333333,0.227,0.245333333,0.223,0.184666667,0.182,0.202666667,0.222333333,0.217333333,0.217333333,0.222333333,0.199333333,0.390666667,0.368333333,0.328666667,0.322,0.344666667,0.342666667,0.355,0.389333333,0.308,0.321333333,0.303,0.270666667,0.29,0.329333333,0.316333333,0.291
JS,y2,0.28,0.309,0.307333333,0.279666667,0.271333333,0.284333333,0.287,0.263,0.465333333,0.449333333,0.393666667,0.381666667,0.391333333,0.408,0.437,0.467333333,0.414,0.434666667,0.440666667,0.399666667,0.371666667,0.377333333,0.386666667,0.381333333,0.347666667,0.336333333,0.311,0.312666667,0.338,0.349666667,0.359666667,0.377333333,0.239666667,0.216666667,0.202,0.212333333,0.207,0.208333333,0.231666667,0.234333333,0.302333333,0.264333333,0.243333333,0.222,0.234666667,0.266333333,0.308666667,0.339666667,0.419,0.384,0.369,0.389,0.399,0.399333333,0.415,0.44,0.251666667,0.232666667,0.221666667,0.238666667,0.245,0.251666667,0.263,0.255,0.136,0.148,0.170333333,0.174666667,0.150666667,0.145,0.159666667,0.151,0.315,0.352,0.354666667,0.325666667,0.326333333,0.358666667,0.367,0.317333333,0.387,0.395,0.391666667,0.370333333,0.366666667,0.395666667,0.408,0.409666667,0.371666667,0.352,0.322666667,0.318666667,0.340666667,0.338666667,0.321333333,0.340666667
JS,y3,0.369,0.381333333,0.331666667,0.286666667,0.299333333,0.323,0.315666667,0.315,0.321666667,0.327,0.292333333,0.259,0.284333333,0.316333333,0.319333333,0.313,0.285333333,0.304666667,0.306,0.284666667,0.295,0.33,0.341333333,0.315666667,0.303,0.279333333,0.261333333,0.257,0.249666667,0.263666667,0.283,0.305333333,0.385666667,0.361666667,0.321,0.305333333,0.313666667,0.342,0.375666667,0.393,0.240333333,0.218333333,0.194333333,0.196333333,0.184666667,0.206,0.250666667,0.273,0.264,0.261666667,0.251,0.244333333,0.247666667,0.243,0.25,0.260666667,0.271333333,0.264666667,0.263,0.258666667,0.265666667,0.270666667,0.289,0.301,0.316333333,0.322666667,0.325333333,0.327,0.342,0.361666667,0.362333333,0.334333333,0.265333333,0.256333333,0.238,0.217666667,0.212666667,0.226,0.263333333,0.277,0.295333333,0.275,0.287666667,0.297,0.306,0.331666667,0.356333333,0.345333333,0.386,0.415666667,0.444,0.421666667,0.409666667,0.415333333,0.417666667,0.392666667
JS,y4,0.428333333,0.452666667,0.463333333,0.456333333,0.450333333,0.445666667,0.425,0.409333333,0.431666667,0.458333333,0.435666667,0.390333333,0.394,0.412,0.425333333,0.423666667,0.337666667,0.347666667,0.34,0.311,0.299666667,0.338333333,0.37,0.365333333,0.391,0.383333333,0.362333333,0.365333333,0.393333333,0.402333333,0.405666667,0.404333333,0.285666667,0.274,0.269666667,0.252666667,0.239,0.264333333,0.280666667,0.276333333,0.252666667,0.260333333,0.272333333,0.273,0.265333333,0.269333333,0.28,0.282666667,0.386333333,0.332333333,0.268,0.259666667,0.265,0.302666667,0.353333333,0.393333333,0.278666667,0.276666667,0.262666667,0.261,0.273333333,0.274,0.281333333,0.282,0.182333333,0.195,0.198,0.195666667,0.184,0.183,0.176,0.181333333,0.256,0.297333333,0.330333333,0.324333333,0.301,0.291666667,0.268333333,0.242333333,0.302,0.291,0.278333333,0.268666667,0.285333333,0.290666667,0.315666667,0.322666667,0.252333333,0.278666667,0.279666667,0.275,0.293333333,0.307333333,0.284666667,0.245
JS,y5,0.313333333,0.323,0.303,0.286333333,0.321333333,0.342333333,0.307333333,0.294,0.318666667,0.329666667,0.297333333,0.297,0.321,0.321666667,0.317666667,0.307,0.386333333,0.393,0.408333333,0.391666667,0.378333333,0.391,0.437666667,0.436,0.357666667,0.367666667,0.354666667,0.338666667,0.339333333,0.346666667,0.366333333,0.353,0.387666667,0.354333333,0.290666667,0.270666667,0.287333333,0.317,0.358666667,0.393,0.228666667,0.212666667,0.216,0.235,0.242333333,0.264,0.277333333,0.256333333,0.208,0.201333333,0.204666667,0.224,0.217333333,0.219333333,0.226,0.236,0.217,0.237333333,0.275333333,0.272333333,0.240333333,0.236333333,0.244666667,0.233333333,0.380666667,0.381,0.387666667,0.392333333,0.376666667,0.372,0.391,0.392333333,0.208,0.240666667,0.264666667,0.253666667,0.231,0.233666667,0.237666667,0.212666667,0.371666667,0.365333333,0.354333333,0.339,0.327666667,0.335333333,0.359333333,0.373333333,0.350333333,0.347,0.317,0.304,0.331666667,0.352,0.349666667,0.351333333
JS,y6,0.521666667,0.553,0.553333333,0.518,0.511333333,0.534333333,0.522333333,0.508666667,0.294,0.319666667,0.308666667,0.288666667,0.322666667,0.346333333,0.296,0.254333333,0.287333333,0.301333333,0.288333333,0.292,0.292666667,0.297666667,0.305666667,0.300333333,0.412333333,0.434333333,0.423,0.42,0.417,0.402666667,0.384333333,0.384,0.393,0.372333333,0.344333333,0.345666667,0.348333333,0.365333333,0.388666667,0.401,0.222333333,0.211333333,0.21,0.213,0.198,0.188333333,0.221,0.244666667,0.359666667,0.329,0.297666667,0.296333333,0.298,0.302,0.328666667,0.36,0.254333333,0.242666667,0.24,0.244666667,0.251333333,0.250666667,0.277333333,0.279666667,0.355666667,0.371,0.383333333,0.370333333,0.367333333,0.364333333,0.376333333,0.364333333,0.284,0.288,0.316666667,0.312666667,0.281,0.297666667,0.340333333,0.341333333,0.356,0.367666667,0.377666667,0.363333333,0.347333333,0.355,0.363666667,0.343666667,0.304,0.322666667,0.329,0.312,0.301,0.312666667,0.324333333,0.316333333
JS,y7,0.415,0.424333333,0.446,0.447666667,0.460333333,0.478333333,0.453666667,0.418666667,0.379666667,0.379666667,0.344666667,0.318333333,0.322,0.344666667,0.356,0.352,0.448,0.417666667,0.391333333,0.385666667,0.408333333,0.424,0.424666667,0.453333333,0.341666667,0.342666667,0.327333333,0.3,0.293666667,0.312666667,0.357666667,0.375666667,0.264,0.214666667,0.193333333,0.214,0.231666667,0.276,0.317666667,0.312333333,0.261333333,0.223,0.219666667,0.242,0.254,0.269,0.308,0.32,0.378666667,0.339333333,0.291333333,0.284333333,0.304666667,0.313333333,0.350666667,0.398333333,0.225333333,0.239,0.256333333,0.257,0.239666667,0.229333333,0.238,0.225666667,0.252333333,0.289333333,0.324666667,0.300666667,0.292333333,0.329,0.333666667,0.291,0.31,0.35,0.382,0.357333333,0.311666667,0.307,0.304,0.288333333,0.250666667,0.267666667,0.272666667,0.273666667,0.291,0.302333333,0.278,0.246,0.414,0.442666667,0.430333333,0.405666667,0.414666667,0.440666667,0.428666667,0.412666667
JS,y8,0.387333333,0.404,0.392333333,0.388,0.433666667,0.431666667,0.374,0.347,0.204666667,0.216,0.186,0.141333333,0.163,0.211666667,0.234333333,0.224666667,0.297666667,0.269333333,0.267666667,0.284,0.290666667,0.273,0.302333333,0.325666667,0.355333333,0.359666667,0.376333333,0.374333333,0.376333333,0.378333333,0.369666667,0.348333333,0.216666667,0.236666667,0.232666667,0.213666667,0.213666667,0.225,0.23,0.226333333,0.312,0.268,0.243666667,0.229666667,0.234666667,0.257,0.304333333,0.337333333,0.254,0.222666667,0.204,0.203333333,0.194666667,0.216666667,0.263,0.276333333,0.234333333,0.212,0.214,0.231666667,0.249333333,0.271333333,0.276,0.258333333,0.279,0.300666667,0.331,0.327333333,0.315666667,0.323,0.307333333,0.286,0.369,0.374,0.346,0.324,0.322,0.325,0.344666667,0.36,0.440333333,0.434333333,0.426666667,0.404,0.404666667,0.432333333,0.451333333,0.447333333,0.418333333,0.441,0.442333333,0.427,0.415,0.433666667,0.444666667,0.427
JS,y9,0.367,0.372,0.364666667,0.353666667,0.389666667,0.408,0.377,0.358333333,0.309333333,0.312,0.31,0.328666667,0.354,0.380333333,0.349333333,0.313,0.358666667,0.371,0.373,0.354333333,0.36,0.384333333,0.383666667,0.367,0.344333333,0.351666667,0.324,0.317666667,0.347666667,0.346666667,0.361333333,0.352333333,0.300666667,0.305,0.287666667,0.275666667,0.294666667,0.301666667,0.303333333,0.312,0.240666667,0.224,0.207666667,0.217666667,0.247333333,0.267,0.263666667,0.251,0.324,0.308333333,0.307,0.291333333,0.263333333,0.259666667,0.286,0.313666667,0.291333333,0.270333333,0.278666667,0.292,0.299,0.308,0.318333333,0.309333333,0.247,0.264666667,0.267666667,0.276333333,0.279666667,0.300333333,0.290666667,0.258666667,0.306333333,0.324333333,0.333,0.328333333,0.334666667,0.372,0.380666667,0.350666667,0.353,0.358,0.360333333,0.359,0.368,0.392333333,0.393666667,0.358333333,0.397666667,0.435666667,0.418666667,0.382333333,0.411666667,0.428,0.399,0.368666667
JS,y10,0.325,0.341666667,0.319,0.303333333,0.333333333,0.352333333,0.333333333,0.314333333,0.379333333,0.348333333,0.308,0.332333333,0.362666667,0.372,0.384666667,0.396333333,0.345666667,0.361,0.387,0.395,0.382666667,0.388333333,0.383333333,0.347666667,0.459,0.437666667,0.389333333,0.413666667,0.435333333,0.448666667,0.443,0.462666667,0.415,0.366666667,0.329,0.322333333,0.342,0.380666667,0.414333333,0.427333333,0.223666667,0.205333333,0.178333333,0.175666667,0.184,0.214666667,0.232666667,0.238333333,0.378,0.347333333,0.311,0.31,0.329333333,0.349666667,0.372,0.397666667,0.243333333,0.222666667,0.212666667,0.215666667,0.228333333,0.244333333,0.259333333,0.257666667,0.294666667,0.314333333,0.339,0.337,0.315666667,0.312666667,0.322666667,0.306,0.276,0.313,0.328333333,0.303666667,0.28,0.297,0.304,0.281,0.274333333,0.257,0.239,0.218333333,0.219666667,0.257,0.280666667,0.290333333,0.329666667,0.355,0.378,0.355,0.346666667,0.388333333,0.395333333,0.345666667
JS,y11,0.319666667,0.349666667,0.305,0.255666667,0.284333333,0.335666667,0.328333333,0.289333333,0.443666667,0.480666667,0.492333333,0.458,0.418666667,0.426,0.449,0.428333333,0.381666667,0.373666667,0.343,0.338,0.335333333,0.357666667,0.389333333,0.386666667,0.401333333,0.359,0.326,0.322333333,0.34,0.371666667,0.416333333,0.421,0.317333333,0.299,0.302,0.317,0.323666667,0.350666667,0.356,0.347,0.301666667,0.240666667,0.203,0.214333333,0.252,0.336333333,0.382,0.356666667,0.331,0.312666667,0.279666667,0.261666667,0.221666667,0.216,0.267,0.317,0.417,0.390333333,0.375333333,0.352333333,0.326333333,0.339,0.404,0.434,0.359,0.373333333,0.382333333,0.378333333,0.353333333,0.363,0.388,0.378666667,0.272666667,0.317,0.317333333,0.293333333,0.266666667,0.269666667,0.279666667,0.261333333,0.273,0.293,0.304666667,0.307,0.282,0.265666667,0.278,0.281333333,0.489333333,0.453333333,0.424,0.425333333,0.439,0.453,0.476333333,0.498
JS,y12,0.338,0.357666667,0.351333333,0.344333333,0.349666667,0.357,0.359666667,0.345666667,0.451666667,0.461333333,0.441666667,0.404333333,0.384,0.393666667,0.429666667,0.439666667,0.351666667,0.340333333,0.340333333,0.349666667,0.361666667,0.358666667,0.388666667,0.399333333,0.459333333,0.469666667,0.451333333,0.442,0.425,0.424,0.433,0.447666667,0.439,0.420333333,0.378333333,0.384333333,0.395,0.389333333,0.380333333,0.410666667,0.277666667,0.221666667,0.196333333,0.208333333,0.233333333,0.274666667,0.312666667,0.326,0.395333333,0.367333333,0.34,0.345666667,0.361,0.367666667,0.383666667,0.393666667,0.232333333,0.206666667,0.202666667,0.208333333,0.206,0.216666667,0.239,0.243,0.222666667,0.256666667,0.277666667,0.263333333,0.242666667,0.239666667,0.234333333,0.219333333,0.149666667,0.147333333,0.160666667,0.159666667,0.163666667,0.187666667,0.196333333,0.177,0.418666667,0.435666667,0.418,0.389666667,0.353666667,0.353666667,0.388,0.424,0.291333333,0.308666667,0.291,0.263666667,0.269333333,0.303,0.299666667,0.269333333
JS,y13,0.259,0.308333333,0.307666667,0.283666667,0.299333333,0.315,0.276333333,0.233666667,0.31,0.321666667,0.338666667,0.346333333,0.328,0.328,0.348666667,0.341,0.436666667,0.412333333,0.403333333,0.386,0.405,0.427,0.440666667,0.448666667,0.299666667,0.320666667,0.325333333,0.306666667,0.297,0.290333333,0.310666667,0.326666667,0.466666667,0.407333333,0.362666667,0.386666667,0.407333333,0.45,0.478333333,0.473666667,0.235666667,0.220666667,0.219333333,0.217333333,0.214666667,0.224333333,0.248333333,0.253,0.248333333,0.223,0.195,0.187333333,0.191,0.222333333,0.234666667,0.251,0.347333333,0.311,0.265333333,0.265666667,0.278333333,0.302333333,0.350666667,0.371333333,0.242333333,0.261,0.279333333,0.271333333,0.264,0.296666667,0.306666667,0.270333333,0.262,0.287333333,0.301333333,0.276,0.273,0.294666667,0.299333333,0.267666667,0.248,0.266333333,0.254666667,0.241666667,0.268,0.289333333,0.287333333,0.264,0.387,0.396,0.373333333,0.322,0.323,0.372,0.383666667,0.372666667
JS,y14,0.455,0.496333333,0.475666667,0.427666667,0.437333333,0.460333333,0.447,0.416666667,0.328,0.355666667,0.304666667,0.261,0.271,0.279,0.279666667,0.284333333,0.341,0.307666667,0.267666667,0.244333333,0.248333333,0.286333333,0.345,0.363666667,0.309,0.314333333,0.298666667,0.277666667,0.269666667,0.285333333,0.309666667,0.326333333,0.411,0.347,0.311,0.342666667,0.380666667,0.420333333,0.435,0.433666667,0.333666667,0.326333333,0.31,0.297,0.28,0.299,0.330333333,0.343,0.380333333,0.326,0.283333333,0.289,0.283666667,0.315,0.372666667,0.415333333,0.245,0.234333333,0.239333333,0.252333333,0.246666667,0.237666667,0.240666667,0.241,0.19,0.21,0.252,0.240666667,0.213333333,0.231666667,0.259,0.242,0.225,0.238333333,0.260333333,0.249333333,0.233333333,0.240666667,0.253666667,0.23,0.241333333,0.226333333,0.220666667,0.223666667,0.243,0.259333333,0.265333333,0.255333333,0.429333333,0.464,0.444,0.434,0.431,0.401333333,0.407,0.425
JS,y15,0.352666667,0.348666667,0.328666667,0.32,0.334,0.341333333,0.349,0.349333333,0.322333333,0.327666667,0.340333333,0.343666667,0.320666667,0.342,0.366666667,0.36,0.421,0.409666667,0.384666667,0.360333333,0.337666667,0.336666667,0.369333333,0.397666667,0.339333333,0.344333333,0.319666667,0.308,0.301333333,0.295666667,0.321333333,0.351666667,0.277333333,0.268666667,0.232333333,0.218,0.218333333,0.249333333,0.262333333,0.262666667,0.331,0.287,0.250666667,0.263333333,0.279,0.330333333,0.397333333,0.395666667,0.313333333,0.314666667,0.298333333,0.288,0.286333333,0.285,0.290333333,0.301,0.298333333,0.300333333,0.301666667,0.296333333,0.287333333,0.290333333,0.315,0.325666667,0.195,0.223666667,0.227333333,0.208666667,0.194,0.208333333,0.214,0.188,0.239,0.24,0.236666667,0.227333333,0.211,0.203666667,0.229666667,0.239666667,0.45,0.440333333,0.422666667,0.399333333,0.387333333,0.399333333,0.427666667,0.45,0.397666667,0.405,0.394333333,0.383666667,0.383666667,0.379,0.381666667,0.390333333
JS,y16,0.415666667,0.429333333,0.396333333,0.369333333,0.37,0.383,0.404333333,0.399,0.422333333,0.420333333,0.413333333,0.406,0.43,0.448333333,0.462666667,0.448,0.530333333,0.551,0.540666667,0.524333333,0.511666667,0.502666667,0.523333333,0.532333333,0.341333333,0.329333333,0.350666667,0.357,0.348666667,0.361666667,0.384,0.385,0.375,0.368333333,0.336,0.332666667,0.329333333,0.34,0.365666667,0.375,0.135,0.128333333,0.126666667,0.129,0.134666667,0.15,0.163,0.151333333,0.336,0.300666667,0.287,0.291,0.283,0.290333333,0.325,0.352,0.272,0.206,0.177333333,0.185,0.213,0.242666667,0.275333333,0.295,0.238333333,0.238,0.214,0.207,0.222,0.242666667,0.248,0.238666667,0.319,0.322,0.323,0.304333333,0.299,0.322666667,0.333666667,0.333333333,0.330666667,0.315,0.298,0.277666667,0.270333333,0.266666667,0.294333333,0.330666667,0.531333333,0.508333333,0.467,0.455,0.480666667,0.496666667,0.527,0.54
JS,y17,0.389666667,0.430333333,0.404666667,0.383333333,0.416333333,0.425333333,0.393666667,0.346666667,0.316666667,0.317333333,0.301666667,0.276,0.281666667,0.305,0.319,0.318,0.308333333,0.292333333,0.276333333,0.276666667,0.262666667,0.276666667,0.310333333,0.315333333,0.364333333,0.350333333,0.314666667,0.309,0.308,0.333333333,0.372666667,0.366333333,0.387666667,0.392,0.348333333,0.346333333,0.366666667,0.394666667,0.400333333,0.388,0.323333333,0.318666667,0.296333333,0.271666667,0.273,0.307333333,0.354666667,0.357333333,0.347,0.326,0.313,0.326666667,0.315,0.31,0.327666667,0.351666667,0.267666667,0.256,0.251666667,0.251666667,0.229333333,0.224,0.274666667,0.284,0.297333333,0.320666667,0.325666667,0.298333333,0.271333333,0.295333333,0.319,0.303,0.255666667,0.293,0.311,0.278666667,0.249,0.258333333,0.267666667,0.252666667,0.307666667,0.335666667,0.347333333,0.326666667,0.306333333,0.320666667,0.348,0.334,0.358333333,0.384333333,0.375666667,0.341,0.335,0.349333333,0.345333333,0.333333333
JS,y18,0.311333333,0.363,0.354,0.32,0.311333333,0.314666667,0.305333333,0.284666667,0.389666667,0.393333333,0.368666667,0.356,0.365333333,0.389333333,0.400333333,0.399666667,0.341666667,0.358666667,0.340333333,0.317666667,0.320666667,0.344666667,0.372333333,0.346666667,0.443666667,0.430666667,0.427,0.455333333,0.46,0.486333333,0.52,0.495666667,0.229,0.194333333,0.180666667,0.176,0.180666667,0.212666667,0.256666667,0.266,0.236333333,0.218333333,0.238,0.257333333,0.249333333,0.263,0.289,0.282666667,0.365333333,0.332,0.302,0.290666667,0.280666667,0.293,0.345333333,0.385333333,0.405333333,0.391,0.391333333,0.388333333,0.382,0.407666667,0.429666667,0.425333333,0.245666667,0.259333333,0.266666667,0.269666667,0.258333333,0.268,0.270333333,0.246,0.211333333,0.246666667,0.272333333,0.283666667,0.272,0.257333333,0.262333333,0.244666667,0.408,0.422,0.431666667,0.401333333,0.381,0.39,0.399,0.411333333,0.446,0.437,0.428,0.433666667,0.464333333,0.496333333,0.488333333,0.463666667
JS,y19,0.268333333,0.264333333,0.242333333,0.247333333,0.283,0.297666667,0.285666667,0.265666667,0.325333333,0.374666667,0.38,0.344333333,0.352666667,0.357333333,0.362,0.326,0.419333333,0.396333333,0.380666667,0.367666667,0.358,0.384333333,0.427333333,0.429333333,0.474,0.459333333,0.415666667,0.401666667,0.386666667,0.392666667,0.435333333,0.455,0.395333333,0.384666667,0.346,0.32,0.297666667,0.308333333,0.335333333,0.369333333,0.223333333,0.200666667,0.201333333,0.209,0.201333333,0.205333333,0.234333333,0.252333333,0.510333333,0.482333333,0.448666667,0.426666667,0.387333333,0.396666667,0.461333333,0.506333333,0.334333333,0.279,0.237666667,0.234333333,0.251333333,0.293666667,0.364333333,0.391333333,0.255,0.256666667,0.254666667,0.238333333,0.226,0.236666667,0.259666667,0.248333333,0.327,0.358,0.365666667,0.347333333,0.331666667,0.342666667,0.352,0.329666667,0.325333333,0.321333333,0.304,0.278666667,0.279333333,0.296333333,0.305666667,0.322,0.368666667,0.393,0.400666667,0.391,0.386,0.353333333,0.343333333,0.349
JS,y20,0.290333333,0.287,0.288333333,0.294,0.311666667,0.323,0.328,0.314333333,0.423,0.456,0.444,0.408666667,0.401333333,0.424666667,0.434666667,0.421,0.410333333,0.370666667,0.326666667,0.311333333,0.31,0.333,0.387333333,0.405666667,0.291666667,0.272333333,0.268,0.262,0.262,0.284666667,0.310666667,0.313666667,0.382,0.322333333,0.288666667,0.304666667,0.324333333,0.369,0.431333333,0.447333333,0.201333333,0.194666667,0.19,0.183666667,0.184666667,0.202666667,0.199666667,0.197666667,0.260333333,0.237,0.227333333,0.228,0.232333333,0.257,0.307,0.31,0.212666667,0.235,0.242333333,0.224333333,0.207666667,0.199666667,0.2,0.191,0.202666667,0.233,0.253,0.226333333,0.196333333,0.204333333,0.218666667,0.216,0.342666667,0.361333333,0.356666667,0.333333333,0.323,0.345,0.370333333,0.357666667,0.287,0.293333333,0.268,0.237,0.221,0.232666667,0.260333333,0.269333333,0.438,0.444666667,0.428666667,0.415,0.412666667,0.410333333,0.43,0.446
JS,y21,0.379333333,0.391333333,0.366,0.343,0.343666667,0.354666667,0.363,0.358,0.302,0.309333333,0.300333333,0.282333333,0.271666667,0.266,0.265333333,0.27,0.275666667,0.250666667,0.217,0.201,0.204666667,0.237666667,0.286666667,0.293666667,0.381666667,0.377333333,0.374666667,0.373666667,0.362,0.353666667,0.361666667,0.380666667,0.264666667,0.268666667,0.280666667,0.287,0.268,0.280666667,0.288666667,0.285666667,0.243666667,0.23,0.209333333,0.215333333,0.227666667,0.259333333,0.282333333,0.282,0.209333333,0.195,0.191333333,0.183666667,0.183,0.207666667,0.244,0.250333333,0.273666667,0.272333333,0.248,0.230333333,0.231333333,0.257,0.271666667,0.276,0.093,0.111666667,0.117,0.103333333,0.096666667,0.109,0.121333333,0.105666667,0.253666667,0.250333333,0.239333333,0.216333333,0.213,0.228666667,0.251,0.252333333,0.362333333,0.391666667,0.401333333,0.384666667,0.358333333,0.369,0.384333333,0.378,0.277666667,0.282333333,0.276,0.271,0.279666667,0.280666667,0.278666667,0.257666667
JS,y22,0.398666667,0.422333333,0.413333333,0.406333333,0.410333333,0.412666667,0.409666667,0.402666667,0.384333333,0.381333333,0.356333333,0.369333333,0.403333333,0.399,0.392,0.376666667,0.325333333,0.312,0.291666667,0.278333333,0.270666667,0.282333333,0.323333333,0.338333333,0.329333333,0.337333333,0.314333333,0.287333333,0.255666667,0.264,0.314333333,0.347,0.360666667,0.354333333,0.348,0.337,0.317666667,0.339333333,0.364,0.359333333,0.230666667,0.211333333,0.182666667,0.159666667,0.159333333,0.176,0.216666667,0.247,0.342333333,0.303,0.252666667,0.254333333,0.276333333,0.311333333,0.364666667,0.381,0.173,0.149666667,0.127333333,0.117,0.123666667,0.148,0.181333333,0.198,0.277333333,0.272666667,0.256333333,0.249,0.248,0.254,0.276333333,0.275666667,0.356,0.411,0.431666667,0.397666667,0.368666667,0.363666667,0.378333333,0.365666667,0.408666667,0.402,0.388666667,0.373,0.361,0.373,0.396,0.381666667,0.374333333,0.377666667,0.347333333,0.322333333,0.334,0.366333333,0.385,0.370333333
JS,y23,0.309,0.333,0.327,0.318333333,0.318666667,0.343666667,0.353,0.317666667,0.373,0.381,0.392,0.391333333,0.377,0.378666667,0.394333333,0.392333333,0.263666667,0.259666667,0.254666667,0.266333333,0.235666667,0.212,0.226666667,0.235666667,0.397333333,0.363333333,0.334,0.338666667,0.329,0.339,0.381333333,0.415333333,0.354,0.286666667,0.258666667,0.281666667,0.303666667,0.368,0.410666667,0.404333333,0.205,0.172,0.143,0.142666667,0.13,0.151333333,0.191,0.212333333,0.276333333,0.224666667,0.198,0.188333333,0.208666667,0.252666667,0.302666667,0.324333333,0.26,0.247,0.226666667,0.204,0.186333333,0.212666667,0.265,0.284666667,0.278333333,0.31,0.348666667,0.332666667,0.298333333,0.286666667,0.292,0.287666667,0.431,0.449,0.448333333,0.435666667,0.407666667,0.410333333,0.428,0.419666667,0.325333333,0.328,0.310333333,0.290333333,0.306666667,0.320666667,0.334333333,0.329333333,0.369333333,0.345333333,0.314333333,0.298333333,0.304666667,0.315333333,0.354,0.371
JS,y24,0.389666667,0.421333333,0.408333333,0.395666667,0.402,0.413666667,0.413333333,0.393,0.366333333,0.349666667,0.324666667,0.332666667,0.354333333,0.374666667,0.388333333,0.387,0.45,0.401,0.380666667,0.391,0.392,0.450333333,0.507333333,0.500666667,0.456333333,0.447333333,0.448,0.461,0.471666667,0.479666667,0.490333333,0.473333333,0.374333333,0.382333333,0.358333333,0.337333333,0.327333333,0.344,0.374,0.375666667,0.213666667,0.194,0.182,0.171666667,0.172,0.216333333,0.243,0.250666667,0.457333333,0.415,0.390333333,0.394,0.406333333,0.427666667,0.466,0.483666667,0.401333333,0.402666667,0.402333333,0.406666667,0.408333333,0.418,0.437666667,0.432333333,0.198666667,0.214666667,0.216,0.192666667,0.176,0.203333333,0.225333333,0.200333333,0.263666667,0.298666667,0.324666667,0.302,0.270666667,0.25,0.238666667,0.247,0.237333333,0.241,0.236666667,0.22,0.224333333,0.248666667,0.267333333,0.255333333,0.371,0.389,0.384,0.373,0.374666667,0.383,0.383333333,0.368333333
JS,y25,0.207,0.219,0.213333333,0.209333333,0.219333333,0.230666667,0.232666667,0.225,0.316333333,0.330666667,0.33,0.305333333,0.298666667,0.316,0.300666667,0.289333333,0.318,0.315666667,0.321666667,0.343333333,0.356,0.376,0.371333333,0.352,0.323333333,0.294,0.280666667,0.297,0.287666667,0.306333333,0.34,0.340333333,0.352,0.338666667,0.301,0.294333333,0.299,0.324666667,0.353666667,0.357666667,0.211666667,0.189,0.183333333,0.19,0.178,0.199666667,0.238666667,0.239333333,0.258,0.251,0.238666667,0.236666667,0.236,0.255333333,0.279333333,0.288,0.271666667,0.256,0.234333333,0.244666667,0.250666667,0.252666667,0.262333333,0.262,0.237666667,0.278666667,0.289333333,0.261333333,0.234333333,0.243666667,0.261666667,0.240666667,0.200333333,0.218,0.219,0.209666667,0.213333333,0.230333333,0.238,0.216333333,0.323666667,0.310333333,0.297,0.290666667,0.296333333,0.312666667,0.331333333,0.339,0.320666667,0.348333333,0.342666667,0.328666667,0.329666667,0.339,0.333666667,0.310666667
JS,y26,0.317333333,0.369,0.357666667,0.320666667,0.312333333,0.359,0.373,0.336333333,0.322333333,0.324666667,0.32,0.320333333,0.326666667,0.327333333,0.332666667,0.319333333,0.397,0.392333333,0.362666667,0.338333333,0.344333333,0.376,0.397,0.401333333,0.247,0.228666667,0.223,0.243,0.254,0.276,0.316333333,0.308666667,0.385666667,0.371333333,0.365333333,0.351666667,0.340333333,0.375,0.397666667,0.397666667,0.276666667,0.264666667,0.248333333,0.242666667,0.237666667,0.247666667,0.278333333,0.296333333,0.289333333,0.274333333,0.252333333,0.246,0.242666667,0.252,0.267666667,0.286333333,0.428333333,0.374666667,0.324666667,0.346666667,0.361666667,0.371666667,0.405,0.438666667,0.168333333,0.171333333,0.156333333,0.145666667,0.148666667,0.163666667,0.175,0.172666667,0.220333333,0.244,0.229,0.202333333,0.201333333,0.213,0.217,0.203333333,0.254,0.263333333,0.241666667,0.221333333,0.217,0.236,0.252666667,0.245666667,0.305,0.318,0.284666667,0.259333333,0.288333333,0.306,0.288666667,0.288666667
LN,y1,0.424333333,0.386,0.349,0.313666667,0.346,0.381,0.413,0.423,0.348666667,0.366333333,0.354,0.331,0.326666667,0.321666667,0.338333333,0.333333333,0.439666667,0.429,0.407333333,0.398,0.384,0.397666667,0.437,0.448,0.462333333,0.400666667,0.352333333,0.411666667,0.459666667,0.475333333,0.492666667,0.502333333,0.479,0.423,0.359666667,0.368666667,0.417666667,0.477333333,0.486666667,0.490666667,0.208333333,0.174,0.157666667,0.163666667,0.178666667,0.206,0.224,0.245,0.297666667,0.293,0.282,0.278333333,0.292,0.291,0.307,0.329,0.198666667,0.213666667,0.204333333,0.185333333,0.171,0.158333333,0.164666667,0.169666667,0.268333333,0.261333333,0.247,0.254333333,0.258,0.252666667,0.256,0.263666667,0.358666667,0.352333333,0.324666667,0.324666667,0.320333333,0.306666667,0.329333333,0.348,0.519,0.522,0.512666667,0.529666667,0.539,0.518333333,0.502,0.510666667,0.436,0.428666667,0.405333333,0.386333333,0.397333333,0.425,0.436,0.437666667
LN,y2,0.349,0.380333333,0.376,0.357,0.358,0.354666667,0.345,0.327333333,0.511666667,0.516,0.475,0.459666667,0.473666667,0.491333333,0.525666667,0.524666667,0.472666667,0.454666667,0.426333333,0.410666667,0.412666667,0.417,0.453666667,0.470666667,0.448333333,0.426,0.402666667,0.412666667,0.426333333,0.468666667,0.489,0.482666667,0.303333333,0.255333333,0.207,0.219,0.248666667,0.268666667,0.285333333,0.311333333,0.248666667,0.219666667,0.208333333,0.229,0.243666667,0.267666667,0.291333333,0.285333333,0.225,0.207,0.219333333,0.236666667,0.228666667,0.225,0.229333333,0.255666667,0.27,0.271333333,0.264333333,0.252333333,0.232,0.231666667,0.257333333,0.265333333,0.211333333,0.195333333,0.167,0.166666667,0.165666667,0.151,0.167666667,0.204666667,0.353,0.366,0.361,0.351333333,0.328333333,0.33,0.365666667,0.368666667,0.488,0.484666667,0.480333333,0.488,0.486,0.472333333,0.462,0.458666667,0.518666667,0.495333333,0.447333333,0.439666667,0.464,0.474333333,0.484666667,0.496
LN,y3,0.460333333,0.466,0.413,0.359333333,0.377333333,0.400333333,0.427666667,0.44,0.391333333,0.397333333,0.367666667,0.346333333,0.328,0.341333333,0.377,0.370333333,0.351666667,0.317666667,0.282666667,0.296333333,0.320333333,0.347666667,0.421,0.420666667,0.450333333,0.386333333,0.325333333,0.334,0.342333333,0.398666667,0.465666667,0.502,0.406,0.421333333,0.414333333,0.425666667,0.454333333,0.449333333,0.423333333,0.392,0.224,0.160666667,0.126,0.152333333,0.196333333,0.225,0.248666667,0.275333333,0.247333333,0.193666667,0.164333333,0.169666667,0.175333333,0.188666667,0.228333333,0.249333333,0.216666667,0.197666667,0.194,0.214333333,0.213,0.202666667,0.207666667,0.219,0.387666667,0.363666667,0.327666667,0.307333333,0.301333333,0.3,0.337333333,0.387,0.495666667,0.513,0.499333333,0.449333333,0.403333333,0.415666667,0.459666667,0.479666667,0.386666667,0.375333333,0.364333333,0.356,0.378333333,0.395333333,0.419,0.424,0.501,0.484,0.453333333,0.44,0.443333333,0.435,0.441666667,0.459
LN,y4,0.473333333,0.488333333,0.446666667,0.422,0.482333333,0.52,0.516333333,0.495,0.366666667,0.371,0.353333333,0.321,0.298,0.315666667,0.352666667,0.36,0.389333333,0.383,0.384,0.397,0.403333333,0.413333333,0.419666667,0.408,0.391666667,0.346333333,0.320333333,0.342333333,0.366666667,0.392333333,0.439666667,0.441666667,0.353333333,0.304,0.244333333,0.272333333,0.301333333,0.332666667,0.355333333,0.372666667,0.36,0.280666667,0.241666667,0.273666667,0.291666667,0.297666667,0.366333333,0.41,0.271666667,0.241,0.239,0.264666667,0.252666667,0.246666667,0.271666667,0.283666667,0.287,0.265666667,0.254666667,0.258666667,0.241666667,0.255,0.284333333,0.304333333,0.239333333,0.225,0.227666667,0.216,0.198333333,0.199333333,0.240666667,0.260666667,0.244666667,0.244666667,0.26,0.262666667,0.239666667,0.226666667,0.255333333,0.27,0.484666667,0.506666667,0.483666667,0.438,0.427333333,0.453,0.467,0.452666667,0.458,0.449666667,0.406666667,0.387,0.415333333,0.428,0.463,0.465666667
LN,y5,0.451666667,0.492,0.481333333,0.450333333,0.434333333,0.432666667,0.444,0.437666667,0.385333333,0.374,0.363333333,0.384666667,0.398666667,0.405,0.405666667,0.387666667,0.424333333,0.400666667,0.381,0.406333333,0.397666667,0.395,0.449333333,0.461666667,0.389666667,0.392,0.371333333,0.371333333,0.366666667,0.383,0.417333333,0.422333333,0.466,0.407333333,0.335333333,0.319333333,0.314,0.340333333,0.427666667,0.494666667,0.342666667,0.286,0.239,0.252666667,0.260666667,0.280666667,0.324666667,0.358,0.168333333,0.151,0.137666667,0.137,0.136,0.153,0.179333333,0.180666667,0.190666667,0.185666667,0.173666667,0.169,0.169,0.174333333,0.189,0.199333333,0.318666667,0.311,0.304,0.285333333,0.265333333,0.265,0.295,0.313666667,0.361666667,0.380666667,0.382666667,0.379333333,0.347666667,0.33,0.346333333,0.351333333,0.452666667,0.452,0.42,0.415333333,0.428,0.440333333,0.475,0.469666667,0.515333333,0.498666667,0.460333333,0.455666667,0.480333333,0.497333333,0.522,0.516666667
LN,y6,0.548666667,0.565333333,0.522,0.451,0.445,0.470666667,0.497666667,0.520666667,0.337333333,0.359666667,0.345666667,0.314666667,0.317333333,0.322,0.31,0.302333333,0.394333333,0.381,0.344333333,0.350333333,0.357,0.339333333,0.366,0.389333333,0.486666667,0.445,0.403,0.424,0.439,0.453333333,0.459333333,0.492666667,0.358666667,0.342666667,0.286,0.283333333,0.293,0.319333333,0.352,0.376333333,0.256666667,0.207,0.165,0.176333333,0.206666667,0.214333333,0.221333333,0.249,0.321666667,0.288666667,0.275333333,0.300666667,0.307,0.311,0.330666667,0.343,0.191666667,0.186,0.192333333,0.193666667,0.172333333,0.167666667,0.190666667,0.208,0.223666667,0.254,0.249,0.212,0.178333333,0.164,0.183,0.198666667,0.371333333,0.397,0.396,0.351333333,0.314666667,0.316666667,0.348333333,0.360666667,0.432333333,0.424333333,0.383666667,0.357333333,0.361333333,0.385333333,0.421666667,0.441,0.495,0.481666667,0.44,0.401,0.385,0.399,0.432333333,0.47
LN,y7,0.405,0.443,0.434333333,0.412666667,0.417666667,0.441333333,0.438333333,0.405333333,0.426666667,0.431,0.394666667,0.371333333,0.372666667,0.381666667,0.404,0.408,0.431333333,0.413,0.370666667,0.346666667,0.358,0.396666667,0.450333333,0.464333333,0.403333333,0.352666667,0.314333333,0.330666667,0.341,0.392333333,0.421666667,0.424,0.396333333,0.367666667,0.323,0.337,0.384333333,0.453333333,0.474,0.453666667,0.273,0.245333333,0.205666667,0.198,0.223333333,0.239333333,0.253333333,0.282,0.242666667,0.207333333,0.184666667,0.186,0.206333333,0.229333333,0.254333333,0.256666667,0.162,0.164666667,0.162,0.156666667,0.139333333,0.127666667,0.148333333,0.161,0.21,0.209333333,0.195333333,0.179333333,0.164333333,0.168666667,0.199,0.231333333,0.264,0.258666667,0.268666667,0.251333333,0.216333333,0.195,0.217666667,0.252666667,0.423,0.412333333,0.386333333,0.365,0.367666667,0.378,0.400333333,0.416333333,0.434,0.439333333,0.409333333,0.366,0.373333333,0.390666667,0.428666667,0.429
LN,y8,0.474,0.462666667,0.449666667,0.434666667,0.415666667,0.427333333,0.456333333,0.458,0.280666667,0.275333333,0.259333333,0.271,0.292,0.295333333,0.311666667,0.300333333,0.423333333,0.385,0.356666667,0.374,0.407333333,0.431,0.461,0.464333333,0.477,0.463,0.45,0.476,0.496333333,0.508333333,0.516,0.513,0.338666667,0.263666667,0.213333333,0.234333333,0.236666667,0.255666667,0.303,0.343333333,0.254666667,0.244,0.236,0.232666667,0.241,0.242,0.254666667,0.268,0.234,0.212666667,0.193666667,0.195666667,0.200333333,0.207333333,0.225,0.250333333,0.250333333,0.249333333,0.253666667,0.260666667,0.232,0.202,0.210333333,0.241666667,0.214,0.233333333,0.242,0.237666667,0.223666667,0.215,0.240666667,0.236,0.470333333,0.450666667,0.423666667,0.377333333,0.352666667,0.382333333,0.459666667,0.500333333,0.487333333,0.479,0.468333333,0.446,0.413333333,0.432333333,0.459,0.454333333,0.522333333,0.516666667,0.458,0.411333333,0.431666667,0.481666667,0.514333333,0.514666667
LN,y9,0.375,0.404666667,0.421333333,0.419333333,0.419333333,0.413666667,0.395333333,0.366,0.321,0.341,0.34,0.314333333,0.286333333,0.282666667,0.316666667,0.324,0.231666667,0.240666667,0.236666667,0.256,0.252,0.262,0.277333333,0.266333333,0.501333333,0.456333333,0.382666667,0.397333333,0.424,0.460666667,0.489333333,0.51,0.305666667,0.264333333,0.226,0.239666667,0.253,0.260333333,0.296666667,0.321333333,0.275666667,0.234333333,0.205333333,0.217,0.231333333,0.24,0.280333333,0.310666667,0.187666667,0.161,0.149333333,0.181333333,0.199,0.193666667,0.209,0.215666667,0.168,0.166,0.153,0.160333333,0.172666667,0.168,0.175333333,0.187333333,0.255,0.256,0.255666667,0.246,0.228666667,0.222333333,0.247333333,0.249333333,0.492333333,0.474,0.436,0.424333333,0.435,0.430666667,0.459333333,0.500333333,0.483333333,0.469666667,0.478666667,0.494,0.5,0.496333333,0.510333333,0.49,0.516333333,0.492,0.439333333,0.409666667,0.409666667,0.430333333,0.465333333,0.5
LN,y10,0.407666667,0.412666667,0.406666667,0.393,0.399333333,0.401333333,0.416333333,0.403333333,0.467,0.445666667,0.445666667,0.461,0.464,0.467333333,0.493666667,0.500666667,0.392,0.380333333,0.362666667,0.388333333,0.406333333,0.425333333,0.438666667,0.413,0.471333333,0.470666667,0.428666667,0.428333333,0.418,0.427666667,0.459333333,0.493666667,0.353333333,0.331666667,0.294666667,0.302,0.315333333,0.331,0.344,0.356333333,0.292,0.241,0.18,0.215666667,0.253,0.265333333,0.302,0.325333333,0.301666667,0.288,0.24,0.229666667,0.235666667,0.236,0.251,0.278333333,0.137,0.152333333,0.169333333,0.164333333,0.166333333,0.154666667,0.152666667,0.156333333,0.276333333,0.263,0.253,0.247,0.222,0.219333333,0.245666667,0.260666667,0.285666667,0.299,0.305,0.302,0.291333333,0.299666667,0.318666667,0.31,0.392,0.381666667,0.373,0.379333333,0.394666667,0.398666667,0.401333333,0.400333333,0.453333333,0.470333333,0.471333333,0.445333333,0.451666667,0.458,0.469333333,0.464333333
LN,y11,0.513666667,0.546666667,0.509666667,0.441,0.442333333,0.453333333,0.479,0.493333333,0.452,0.492666667,0.486,0.44,0.402666667,0.392333333,0.422666667,0.421333333,0.432333333,0.465333333,0.483,0.486,0.454,0.443,0.453333333,0.434666667,0.510333333,0.489666667,0.459,0.461,0.446333333,0.437666667,0.469,0.494666667,0.378333333,0.355333333,0.295666667,0.286333333,0.286333333,0.288333333,0.324666667,0.377,0.317666667,0.279333333,0.239,0.240333333,0.238666667,0.267,0.313333333,0.345333333,0.201666667,0.162333333,0.132666667,0.145,0.147333333,0.154666667,0.185,0.208333333,0.271,0.257333333,0.251333333,0.253333333,0.248666667,0.249,0.275666667,0.285666667,0.188,0.195333333,0.196333333,0.187333333,0.164333333,0.154666667,0.190333333,0.197,0.355666667,0.339333333,0.311666667,0.315,0.314666667,0.320333333,0.365333333,0.374666667,0.362,0.363333333,0.346666667,0.339333333,0.328,0.328333333,0.371,0.359666667,0.504,0.524666667,0.504333333,0.473333333,0.478666667,0.490333333,0.506,0.488
LN,y12,0.361,0.371333333,0.371666667,0.362,0.358333333,0.366,0.370333333,0.338666667,0.449333333,0.427333333,0.437333333,0.45,0.439,0.446666667,0.476333333,0.479333333,0.409333333,0.393333333,0.367,0.388333333,0.407666667,0.438333333,0.457,0.432666667,0.421,0.363333333,0.330333333,0.369666667,0.411333333,0.456666667,0.490666667,0.477666667,0.369666667,0.380333333,0.355666667,0.383,0.391666667,0.413,0.429,0.406333333,0.263333333,0.240333333,0.21,0.224,0.249666667,0.276666667,0.276666667,0.278666667,0.172666667,0.179666667,0.17,0.162,0.140333333,0.144333333,0.164333333,0.176,0.237,0.242,0.225333333,0.225333333,0.232666667,0.211333333,0.200333333,0.215333333,0.158333333,0.179,0.167,0.149,0.131333333,0.122,0.135,0.141,0.299,0.302666667,0.308,0.311333333,0.284,0.27,0.302333333,0.317,0.412666667,0.393666667,0.368666667,0.387333333,0.418,0.427,0.446333333,0.436,0.383333333,0.382333333,0.363,0.353,0.356333333,0.359333333,0.351666667,0.344
LN,y13,0.344,0.350333333,0.302333333,0.251333333,0.241666667,0.247333333,0.282666667,0.320333333,0.342333333,0.319333333,0.304,0.323,0.324666667,0.329,0.355,0.35,0.305666667,0.325666667,0.316333333,0.297333333,0.292333333,0.305,0.316666667,0.310666667,0.417333333,0.385,0.344666667,0.347,0.338333333,0.364,0.408666667,0.418666667,0.465,0.434333333,0.347,0.338,0.349333333,0.371666667,0.380666667,0.437333333,0.202666667,0.173,0.14,0.160333333,0.178333333,0.199,0.226333333,0.232,0.196,0.183666667,0.182,0.187,0.183666667,0.189333333,0.185,0.191666667,0.256333333,0.262,0.220666667,0.206666667,0.212333333,0.219333333,0.222666667,0.232666667,0.164666667,0.208333333,0.229666667,0.217333333,0.173666667,0.149,0.154333333,0.157,0.310333333,0.334,0.332,0.309,0.283333333,0.273,0.294,0.301333333,0.458333333,0.454666667,0.414666667,0.412666667,0.427,0.434666667,0.451333333,0.443666667,0.373666667,0.379333333,0.358333333,0.322333333,0.311666667,0.327,0.349333333,0.366333333
LN,y14,0.462,0.475333333,0.470333333,0.430333333,0.403333333,0.409666667,0.44,0.444666667,0.376333333,0.375333333,0.348333333,0.344666667,0.339666667,0.332333333,0.350666667,0.357666667,0.348666667,0.338333333,0.302,0.316,0.305,0.339666667,0.371333333,0.358,0.357666667,0.328666667,0.311333333,0.331333333,0.329333333,0.352,0.404666667,0.411333333,0.400333333,0.378666667,0.353333333,0.357666667,0.367,0.345666667,0.376666667,0.412333333,0.234333333,0.220333333,0.201,0.21,0.217333333,0.238,0.272666667,0.265333333,0.261333333,0.259666667,0.243666667,0.238666667,0.252666667,0.264,0.262333333,0.270666667,0.190333333,0.201333333,0.217333333,0.218,0.205333333,0.194666667,0.192,0.187666667,0.207,0.221333333,0.21,0.199333333,0.181333333,0.177333333,0.208333333,0.216333333,0.280333333,0.287333333,0.289333333,0.303666667,0.283666667,0.266666667,0.294,0.298,0.418666667,0.426666667,0.411666667,0.378666667,0.337666667,0.323333333,0.383666667,0.412666667,0.572,0.548666667,0.535666667,0.556333333,0.537333333,0.533333333,0.583666667,0.584666667
LN,y15,0.463,0.463666667,0.464666667,0.458666667,0.423666667,0.421,0.451,0.443333333,0.326666667,0.345333333,0.370333333,0.379,0.379333333,0.385,0.389333333,0.359333333,0.408333333,0.416,0.402,0.393333333,0.365,0.353666667,0.368,0.383666667,0.411666667,0.384,0.324333333,0.310666667,0.337333333,0.35,0.389666667,0.423666667,0.408,0.352333333,0.285666667,0.317666667,0.343,0.343,0.377,0.427666667,0.332333333,0.295333333,0.250666667,0.247333333,0.277666667,0.316,0.348,0.344,0.264333333,0.247,0.213666667,0.196,0.188666667,0.198,0.249666667,0.281,0.164,0.164666667,0.133666667,0.123,0.139333333,0.148333333,0.153,0.166333333,0.252,0.251333333,0.223666667,0.215,0.191,0.174,0.205666667,0.224,0.314333333,0.284,0.279666667,0.296666667,0.288666667,0.281666667,0.306666667,0.334,0.576666667,0.571,0.560333333,0.551666667,0.529333333,0.538333333,0.561666667,0.569666667,0.472666667,0.480333333,0.439666667,0.394,0.371666667,0.374333333,0.406,0.427666667
LN,y16,0.536,0.537333333,0.507666667,0.465666667,0.427,0.424666667,0.475,0.512,0.480666667,0.483333333,0.476333333,0.464666667,0.439333333,0.429333333,0.462666667,0.463666667,0.424333333,0.427,0.418333333,0.437,0.438666667,0.445333333,0.458333333,0.448,0.437333333,0.44,0.411,0.391666667,0.381666667,0.420666667,0.457666667,0.458666667,0.451,0.412666667,0.374,0.410666667,0.440333333,0.438,0.441666667,0.444333333,0.101,0.092666667,0.091,0.098333333,0.099333333,0.109333333,0.131666667,0.127,0.219333333,0.201333333,0.180666667,0.186,0.175333333,0.172,0.196,0.225333333,0.239,0.257333333,0.232666667,0.216,0.233,0.236,0.23,0.242333333,0.17,0.183,0.204,0.217333333,0.214,0.206333333,0.204666667,0.188333333,0.355,0.356333333,0.355333333,0.354333333,0.358333333,0.362,0.370666667,0.354,0.425666667,0.394666667,0.337333333,0.311,0.337,0.376,0.433333333,0.451,0.550666667,0.53,0.521666667,0.521666667,0.551666667,0.586,0.603666667,0.582666667
LN,y17,0.509333333,0.514666667,0.495,0.439333333,0.412,0.416,0.449333333,0.463333333,0.319666667,0.317,0.328333333,0.330666667,0.326,0.340333333,0.369333333,0.335,0.355,0.380666667,0.384666667,0.372,0.348333333,0.355333333,0.358666667,0.34,0.461666667,0.422333333,0.385666667,0.388333333,0.402333333,0.417333333,0.471333333,0.502,0.421333333,0.379666667,0.332333333,0.368666667,0.398,0.404666667,0.405333333,0.397333333,0.283333333,0.256666667,0.222666667,0.219,0.227,0.263333333,0.295666667,0.297,0.182,0.152333333,0.142,0.158,0.168333333,0.183333333,0.205333333,0.202666667,0.153333333,0.146333333,0.129333333,0.128,0.129,0.14,0.162,0.168,0.275333333,0.286333333,0.282,0.271333333,0.240666667,0.214666667,0.240333333,0.26,0.325,0.309666667,0.291,0.262,0.254,0.271666667,0.301666667,0.318333333,0.324,0.325333333,0.328666667,0.327333333,0.316,0.317333333,0.318,0.306333333,0.403333333,0.420666667,0.418666667,0.388666667,0.384333333,0.406333333,0.413333333,0.397666667
LN,y18,0.350666667,0.375,0.354333333,0.309,0.302333333,0.314333333,0.342666667,0.337666667,0.446666667,0.413,0.395333333,0.414333333,0.424333333,0.422,0.435333333,0.442333333,0.397333333,0.4,0.398333333,0.397333333,0.376666667,0.380333333,0.409666667,0.408,0.465333333,0.473,0.459,0.463333333,0.456,0.477666667,0.487666667,0.482333333,0.255333333,0.231333333,0.207,0.208333333,0.204333333,0.226666667,0.260333333,0.284,0.287333333,0.233333333,0.205,0.238333333,0.248666667,0.276666667,0.31,0.314666667,0.218333333,0.219666667,0.213333333,0.229333333,0.219333333,0.220666667,0.231666667,0.250333333,0.155333333,0.187333333,0.193,0.172,0.128,0.105333333,0.109,0.118,0.219333333,0.216333333,0.193666667,0.188,0.163333333,0.143666667,0.166,0.195,0.371666667,0.376333333,0.358,0.355666667,0.346,0.328666667,0.351333333,0.374,0.454666667,0.459333333,0.436,0.415666667,0.405,0.406,0.453,0.469,0.473333333,0.494,0.491,0.467666667,0.460333333,0.478333333,0.476,0.455333333
LN,y19,0.374,0.399,0.374333333,0.337666667,0.331,0.324,0.333333333,0.338,0.356333333,0.397,0.41,0.394,0.375,0.379,0.383666667,0.361666667,0.414,0.447,0.448,0.44,0.392333333,0.378,0.396333333,0.396,0.469,0.462,0.421333333,0.417666667,0.408666667,0.432666667,0.482,0.475,0.389,0.358666667,0.335333333,0.351666667,0.341666667,0.343666667,0.371666667,0.409,0.265666667,0.221,0.188666667,0.188,0.202,0.225,0.269666667,0.291666667,0.286666667,0.284333333,0.258,0.250666667,0.229,0.218666667,0.237666667,0.272333333,0.212333333,0.199333333,0.201666667,0.201,0.202666667,0.203333333,0.218666667,0.238333333,0.238666667,0.243333333,0.230666667,0.227,0.192666667,0.183333333,0.226666667,0.253,0.339,0.339333333,0.332666667,0.318,0.292333333,0.285333333,0.299333333,0.321333333,0.435,0.424,0.371666667,0.35,0.371333333,0.388333333,0.430333333,0.430666667,0.457,0.477333333,0.455,0.431,0.414333333,0.405,0.419,0.431
LN,y20,0.413666667,0.404333333,0.411333333,0.418333333,0.403,0.389333333,0.409666667,0.401666667,0.285333333,0.308,0.313,0.3,0.288666667,0.278,0.294333333,0.286666667,0.369666667,0.373666667,0.349666667,0.324666667,0.258666667,0.256333333,0.331,0.355666667,0.351333333,0.318,0.273666667,0.281,0.284333333,0.286333333,0.322333333,0.362,0.427333333,0.406,0.375666667,0.391,0.401,0.425,0.449333333,0.444666667,0.169333333,0.140333333,0.114666667,0.112333333,0.117333333,0.131333333,0.159333333,0.176666667,0.202333333,0.176,0.151666667,0.164333333,0.184,0.200666667,0.224,0.235333333,0.133,0.122666667,0.115666667,0.103333333,0.082,0.082,0.099333333,0.12,0.119333333,0.132,0.133,0.136,0.105333333,0.074333333,0.086333333,0.108666667,0.42,0.412333333,0.414333333,0.414333333,0.397,0.376666667,0.415333333,0.426,0.308333333,0.297666667,0.285333333,0.286333333,0.267333333,0.246666667,0.263333333,0.285,0.480666667,0.507333333,0.474,0.423333333,0.422,0.441666667,0.462,0.471333333
LN,y21,0.417666667,0.438333333,0.442333333,0.407666667,0.360666667,0.341333333,0.354,0.378666667,0.384,0.407,0.401333333,0.359,0.33,0.325666667,0.344,0.355666667,0.379,0.370333333,0.362,0.360333333,0.325,0.327,0.373333333,0.389333333,0.484666667,0.452333333,0.432333333,0.451,0.425666667,0.415,0.455,0.473333333,0.442,0.41,0.356666667,0.362,0.340333333,0.364333333,0.403,0.431666667,0.228666667,0.223666667,0.221333333,0.219,0.226666667,0.239333333,0.252333333,0.255333333,0.144666667,0.144,0.122,0.102,0.099,0.107333333,0.118666667,0.137333333,0.144666667,0.137666667,0.125,0.134333333,0.125,0.107333333,0.118,0.137666667,0.115,0.133333333,0.144,0.129333333,0.103666667,0.098333333,0.110666667,0.113,0.316333333,0.355333333,0.366333333,0.362,0.342666667,0.341333333,0.345,0.324,0.453333333,0.465333333,0.459666667,0.458333333,0.45,0.462,0.484666667,0.456333333,0.355,0.359333333,0.333,0.329333333,0.334,0.335333333,0.344,0.336
LN,y22,0.498333333,0.512,0.470666667,0.427666667,0.410333333,0.427333333,0.458,0.459666667,0.397,0.362666667,0.307333333,0.291333333,0.312,0.335333333,0.359666667,0.372666667,0.408666667,0.354,0.313666667,0.323,0.307,0.320666667,0.392,0.438,0.420666667,0.387,0.357666667,0.385,0.375333333,0.390333333,0.409333333,0.421,0.425666667,0.400666667,0.351,0.382666667,0.373,0.347666667,0.349666667,0.383,0.260333333,0.242,0.23,0.241666667,0.235,0.257666667,0.261333333,0.278,0.261333333,0.253,0.231333333,0.233,0.236333333,0.237666667,0.244333333,0.255,0.134333333,0.122,0.115666667,0.116666667,0.114333333,0.112333333,0.12,0.131,0.218666667,0.218,0.216666667,0.225333333,0.214666667,0.199333333,0.209333333,0.223,0.394,0.414666667,0.382,0.35,0.322,0.312,0.354333333,0.375333333,0.459,0.432333333,0.400333333,0.416,0.419,0.433666667,0.472333333,0.475666667,0.418666667,0.420333333,0.411,0.422,0.430666667,0.43,0.428666667,0.413
LN,y23,0.393333333,0.428,0.421333333,0.355,0.316,0.319,0.338666667,0.349,0.443,0.449333333,0.437,0.395333333,0.358333333,0.373,0.406,0.435333333,0.294333333,0.261333333,0.219,0.213333333,0.213,0.242333333,0.290666667,0.303,0.422666667,0.362,0.297666667,0.331666667,0.341333333,0.363,0.422333333,0.439333333,0.423666667,0.383,0.324666667,0.331333333,0.380666667,0.422666667,0.451,0.432666667,0.258,0.22,0.181,0.182333333,0.22,0.26,0.301666667,0.306666667,0.251666667,0.224333333,0.207,0.223333333,0.236333333,0.247,0.244333333,0.255,0.127,0.133666667,0.147333333,0.159333333,0.16,0.151666667,0.175333333,0.172333333,0.229333333,0.201,0.17,0.164666667,0.171,0.189666667,0.216333333,0.233666667,0.346333333,0.340666667,0.329,0.300333333,0.280333333,0.283333333,0.311333333,0.322666667,0.553666667,0.531333333,0.492333333,0.481333333,0.468,0.461,0.5,0.531333333,0.448,0.438333333,0.410666667,0.426333333,0.452666667,0.436,0.435333333,0.436666667
LN,y24,0.476,0.514666667,0.489666667,0.438666667,0.413333333,0.408666667,0.419,0.429666667,0.359666667,0.385666667,0.371666667,0.369,0.353666667,0.347333333,0.362666667,0.349,0.466,0.48,0.483,0.479,0.447666667,0.416333333,0.454666667,0.469,0.517666667,0.508666667,0.464333333,0.459,0.460666667,0.484,0.532,0.535333333,0.423333333,0.407666667,0.35,0.350666667,0.352666667,0.362,0.39,0.404,0.289666667,0.249666667,0.236666667,0.255,0.259,0.273666667,0.311333333,0.338,0.326,0.302666667,0.288333333,0.281,0.267666667,0.276,0.305,0.324,0.182666667,0.198666667,0.199333333,0.196666667,0.178,0.172333333,0.192333333,0.189,0.199,0.207,0.196,0.184666667,0.166666667,0.162333333,0.167,0.184666667,0.312,0.332,0.308666667,0.287,0.273666667,0.281666667,0.321,0.325333333,0.313666667,0.309,0.274666667,0.24,0.235333333,0.250333333,0.282333333,0.293333333,0.433666667,0.444666667,0.422333333,0.408333333,0.389666667,0.377666667,0.406,0.418666667
LN,y25,0.347666667,0.37,0.364333333,0.344,0.325,0.314666667,0.337666667,0.340333333,0.367666667,0.361333333,0.310333333,0.286,0.275,0.273333333,0.32,0.325,0.376666667,0.369333333,0.356333333,0.360333333,0.365666667,0.392333333,0.411333333,0.383666667,0.376666667,0.354666667,0.343333333,0.375666667,0.372333333,0.392666667,0.422333333,0.403333333,0.475333333,0.438,0.401,0.449333333,0.48,0.519,0.539,0.504666667,0.269666667,0.228,0.197666667,0.192666667,0.186,0.210666667,0.247333333,0.285666667,0.154333333,0.135,0.131333333,0.133,0.138666667,0.151666667,0.168,0.188666667,0.220333333,0.209,0.194666667,0.185,0.174333333,0.171666667,0.173333333,0.189666667,0.262,0.284,0.268666667,0.251,0.240333333,0.229333333,0.241333333,0.237333333,0.31,0.307,0.29,0.270333333,0.263333333,0.268333333,0.307333333,0.325,0.466666667,0.492333333,0.466333333,0.43,0.396333333,0.379,0.412666667,0.437666667,0.482666667,0.45,0.388,0.375333333,0.388,0.412666667,0.454666667,0.467666667
LN,y26,0.341666667,0.370666667,0.349666667,0.302666667,0.28,0.288666667,0.314333333,0.307333333,0.372666667,0.378333333,0.377,0.371,0.353666667,0.367333333,0.399333333,0.380333333,0.407666667,0.367,0.373333333,0.407666667,0.422,0.457333333,0.475333333,0.459,0.447666667,0.425666667,0.392666667,0.392,0.374333333,0.396,0.451,0.463,0.426666667,0.416333333,0.392333333,0.394333333,0.360333333,0.389333333,0.441666667,0.453666667,0.296,0.264666667,0.231333333,0.227,0.218333333,0.229666667,0.284666667,0.312,0.171,0.172333333,0.155666667,0.142666667,0.133,0.137,0.146,0.154666667,0.292333333,0.282666667,0.253333333,0.253333333,0.271333333,0.294,0.320333333,0.315,0.198333333,0.198333333,0.181333333,0.183666667,0.193666667,0.201333333,0.201333333,0.191,0.314,0.309666667,0.262666667,0.249666667,0.257333333,0.258333333,0.288666667,0.292,0.409333333,0.404666667,0.375666667,0.365333333,0.358,0.362333333,0.387666667,0.404333333,0.478333333,0.463666667,0.395333333,0.348,0.359666667,0.375333333,0.421333333,0.449
SD,y1,0.432666667,0.39,0.329333333,0.305,0.353666667,0.386,0.403333333,0.419,0.332333333,0.334333333,0.314666667,0.288666667,0.294666667,0.32,0.33,0.319666667,0.417666667,0.422,0.411666667,0.397,0.4,0.398,0.406333333,0.413333333,0.454,0.402333333,0.351666667,0.368,0.359333333,0.37,0.407,0.468666667,0.510666667,0.483333333,0.425666667,0.429,0.424333333,0.438333333,0.465,0.491,0.217,0.191333333,0.162333333,0.146666667,0.149,0.180333333,0.228333333,0.252,0.323,0.297666667,0.260333333,0.251,0.265666667,0.298333333,0.324333333,0.339666667,0.306333333,0.289666667,0.26,0.24,0.235,0.248333333,0.266,0.281,0.229666667,0.239666667,0.237333333,0.228,0.208,0.211,0.207333333,0.211666667,0.281,0.266333333,0.249333333,0.231666667,0.215,0.213666667,0.234,0.264333333,0.488666667,0.466666667,0.449,0.470666667,0.499333333,0.482333333,0.490333333,0.498,0.393666667,0.383333333,0.357666667,0.342666667,0.366333333,0.388666667,0.398333333,0.389
SD,y2,0.307333333,0.312666667,0.299666667,0.292666667,0.307666667,0.320333333,0.321,0.311666667,0.501666667,0.471,0.442333333,0.445333333,0.459333333,0.465666667,0.483,0.502666667,0.418,0.427666667,0.432333333,0.410666667,0.382666667,0.356333333,0.379666667,0.392666667,0.391666667,0.37,0.353666667,0.357333333,0.365666667,0.389,0.406666667,0.419333333,0.266,0.236666667,0.198,0.188666667,0.178666667,0.189,0.213666667,0.243666667,0.254,0.224,0.204333333,0.198,0.200333333,0.229333333,0.259666667,0.274,0.32,0.289,0.286,0.291333333,0.290333333,0.302666667,0.332666667,0.362333333,0.243,0.232333333,0.230333333,0.221333333,0.206666667,0.213666667,0.235666667,0.237666667,0.167333333,0.154333333,0.134666667,0.121333333,0.111666667,0.115666667,0.136,0.161333333,0.291,0.301,0.297666667,0.288,0.278,0.276,0.292333333,0.288333333,0.423333333,0.432333333,0.437666667,0.443333333,0.443333333,0.426333333,0.416333333,0.415,0.455,0.424666667,0.381333333,0.371333333,0.380666667,0.382,0.402333333,0.437
SD,y3,0.4,0.393666667,0.351333333,0.314666667,0.325,0.342,0.364666667,0.377333333,0.353666667,0.347,0.325666667,0.325666667,0.319333333,0.321,0.330666667,0.334,0.339666667,0.313666667,0.281333333,0.275333333,0.283,0.299333333,0.332666667,0.36,0.33,0.290333333,0.251,0.252333333,0.262,0.281666667,0.304666667,0.339,0.390333333,0.371333333,0.359,0.388,0.409333333,0.415666667,0.41,0.400333333,0.224,0.215666667,0.189,0.188666667,0.200333333,0.223333333,0.242333333,0.246333333,0.209666667,0.170666667,0.146333333,0.144333333,0.148666667,0.178333333,0.207666667,0.214333333,0.212333333,0.202,0.175,0.156,0.156,0.172333333,0.204,0.223333333,0.366,0.356666667,0.346333333,0.331,0.314,0.305,0.330333333,0.361333333,0.402333333,0.408333333,0.388666667,0.363,0.347666667,0.346,0.380666667,0.404,0.343,0.334,0.329,0.332666667,0.345,0.352333333,0.370666667,0.375,0.450666667,0.448,0.422,0.401666667,0.399,0.402333333,0.413,0.426333333
SD,y4,0.449,0.458,0.448,0.425,0.435666667,0.447333333,0.451,0.446,0.406333333,0.412333333,0.403666667,0.391333333,0.383666667,0.397666667,0.415333333,0.410333333,0.384666667,0.359666667,0.320333333,0.327,0.337333333,0.345333333,0.371666667,0.388,0.383666667,0.365,0.345,0.345,0.344333333,0.361666667,0.385,0.386666667,0.317,0.291,0.252333333,0.240666667,0.235666667,0.249666667,0.270333333,0.288666667,0.316333333,0.283666667,0.255,0.240333333,0.228333333,0.260666667,0.321666667,0.360666667,0.297333333,0.260666667,0.251666667,0.256,0.254333333,0.266666667,0.290666667,0.312666667,0.248666667,0.238,0.227,0.227,0.213,0.212666667,0.231666667,0.252333333,0.208333333,0.204,0.201,0.188,0.174666667,0.178666667,0.203666667,0.214,0.202666667,0.216666667,0.239,0.24,0.212333333,0.196,0.213333333,0.215,0.416,0.432333333,0.431666667,0.411,0.399333333,0.381666667,0.386666667,0.4,0.377333333,0.374666667,0.341,0.321333333,0.342333333,0.353333333,0.361,0.367333333
SD,y5,0.399,0.391333333,0.388,0.406333333,0.424333333,0.416666667,0.401,0.403666667,0.381333333,0.347333333,0.306333333,0.320333333,0.359,0.377,0.381333333,0.372333333,0.374,0.369333333,0.347666667,0.333666667,0.322666667,0.347666667,0.388333333,0.397,0.407,0.385,0.351,0.338333333,0.315333333,0.348,0.394,0.414333333,0.363,0.338333333,0.304333333,0.302,0.300333333,0.318333333,0.336333333,0.358,0.250333333,0.213,0.180666667,0.175666667,0.175666667,0.206333333,0.264,0.271666667,0.174666667,0.162666667,0.162,0.156,0.146666667,0.16,0.186666667,0.196333333,0.205333333,0.221,0.221666667,0.204333333,0.193666667,0.206333333,0.223,0.223333333,0.331666667,0.336333333,0.335666667,0.324666667,0.314,0.307,0.318666667,0.319666667,0.254,0.267333333,0.268333333,0.252,0.232333333,0.226,0.234666667,0.250666667,0.406666667,0.383666667,0.364333333,0.368666667,0.377,0.381333333,0.411,0.424333333,0.476666667,0.449666667,0.414,0.415666667,0.444333333,0.459,0.470666667,0.473333333
SD,y6,0.509333333,0.539666667,0.528666667,0.487,0.480333333,0.492666667,0.498,0.502666667,0.318,0.318333333,0.302333333,0.301333333,0.319666667,0.317333333,0.298333333,0.286333333,0.357,0.353666667,0.328666667,0.339666667,0.331666667,0.311333333,0.301333333,0.324333333,0.481333333,0.470333333,0.443,0.469,0.465666667,0.454333333,0.416666667,0.430333333,0.411333333,0.401666667,0.353666667,0.341666667,0.336666667,0.357666667,0.387333333,0.412,0.205666667,0.17,0.148666667,0.145666667,0.142,0.150666667,0.189333333,0.214333333,0.318,0.280666667,0.254666667,0.262,0.268,0.281333333,0.312666667,0.336333333,0.188,0.188666667,0.188,0.175333333,0.155,0.159333333,0.191333333,0.197,0.267,0.307333333,0.308333333,0.279,0.261666667,0.268666667,0.267,0.249666667,0.312,0.321333333,0.326,0.303,0.259666667,0.272666667,0.318333333,0.331333333,0.353333333,0.362666667,0.349,0.324333333,0.307,0.304,0.326,0.350333333,0.396666667,0.386,0.357666667,0.345333333,0.337666667,0.337,0.376,0.400666667
SD,y7,0.409666667,0.435666667,0.451666667,0.445666667,0.458666667,0.468666667,0.438,0.411333333,0.348333333,0.353,0.327,0.317666667,0.306333333,0.304666667,0.333,0.335,0.437666667,0.440666667,0.424333333,0.413666667,0.405666667,0.413333333,0.428,0.445333333,0.393333333,0.373,0.329666667,0.336666667,0.346333333,0.359333333,0.370333333,0.380333333,0.407666667,0.346333333,0.280333333,0.271666667,0.277666667,0.317333333,0.357666667,0.405333333,0.287333333,0.246,0.192666667,0.166333333,0.166333333,0.195666667,0.264666667,0.314,0.268,0.227666667,0.204666667,0.194333333,0.204333333,0.22,0.241,0.272666667,0.161,0.164333333,0.162,0.156666667,0.143,0.136666667,0.143333333,0.154,0.190333333,0.208666667,0.224,0.217666667,0.205333333,0.21,0.217333333,0.209666667,0.205333333,0.229666667,0.247,0.235666667,0.206333333,0.193666667,0.2,0.197333333,0.335666667,0.341333333,0.328666667,0.312333333,0.325333333,0.332,0.328666667,0.337,0.410333333,0.428666667,0.397333333,0.371666667,0.384666667,0.395666667,0.397333333,0.396333333
SD,y8,0.421666667,0.422,0.408333333,0.410666667,0.426666667,0.428666667,0.425333333,0.412,0.255,0.247666667,0.223666667,0.221333333,0.233666667,0.231666667,0.242333333,0.263333333,0.396333333,0.37,0.312,0.309333333,0.323,0.323666667,0.358,0.398,0.452333333,0.457333333,0.430333333,0.434333333,0.414333333,0.409,0.413666667,0.412666667,0.284666667,0.267,0.230333333,0.217,0.211333333,0.219666667,0.236,0.268333333,0.277,0.238,0.218666667,0.223333333,0.233333333,0.262333333,0.298,0.310333333,0.245333333,0.225,0.201,0.197,0.192666667,0.204666667,0.233,0.250666667,0.230666667,0.226333333,0.215666667,0.201666667,0.188333333,0.184666667,0.204333333,0.227333333,0.252666667,0.269333333,0.268666667,0.252333333,0.239,0.238666667,0.259666667,0.264,0.432,0.416666667,0.394666667,0.381333333,0.357666667,0.369333333,0.422,0.445,0.433,0.422333333,0.405333333,0.412,0.417333333,0.434,0.45,0.439333333,0.467666667,0.458333333,0.425666667,0.395,0.400666667,0.427333333,0.453666667,0.467
SD,y9,0.381333333,0.389666667,0.378,0.374,0.390666667,0.389666667,0.385666667,0.368666667,0.284333333,0.283666667,0.275666667,0.275333333,0.292666667,0.313333333,0.303666667,0.287666667,0.276333333,0.284666667,0.268666667,0.260333333,0.253666667,0.285,0.301666667,0.296333333,0.456,0.428333333,0.376,0.375,0.368,0.372333333,0.404,0.448666667,0.293666667,0.271333333,0.239333333,0.229333333,0.233666667,0.248333333,0.272,0.284,0.282,0.252,0.209,0.193,0.194666667,0.228,0.26,0.282,0.212666667,0.205,0.201666667,0.206333333,0.179333333,0.167666667,0.203,0.221,0.208,0.217333333,0.21,0.209,0.193333333,0.188666667,0.216333333,0.223666667,0.201333333,0.225,0.231666667,0.224333333,0.201333333,0.199333333,0.209333333,0.202,0.396333333,0.397666667,0.369666667,0.366,0.39,0.398,0.404,0.412333333,0.417333333,0.404666667,0.404666667,0.406666667,0.414,0.432333333,0.448666667,0.428,0.469,0.461666667,0.426666667,0.405,0.421666667,0.436666667,0.440333333,0.447666667
SD,y10,0.37,0.370666667,0.351333333,0.352,0.373,0.369,0.357333333,0.359,0.481,0.465666667,0.441333333,0.449,0.467,0.471333333,0.503666667,0.502,0.369333333,0.373,0.358,0.372666667,0.380333333,0.362,0.353333333,0.349,0.497333333,0.469,0.414666667,0.404333333,0.412666667,0.442666667,0.474,0.504,0.374666667,0.349,0.304666667,0.303666667,0.318666667,0.344666667,0.352,0.362333333,0.241333333,0.218333333,0.182,0.175,0.169333333,0.181,0.227333333,0.257333333,0.304,0.270333333,0.238,0.24,0.245333333,0.257666667,0.278666667,0.301,0.141666667,0.155,0.179666667,0.183,0.172,0.162666667,0.171,0.173666667,0.255333333,0.267666667,0.259,0.237666667,0.218,0.208333333,0.219333333,0.229,0.228333333,0.238333333,0.235666667,0.229333333,0.218333333,0.214,0.231,0.243333333,0.356333333,0.332333333,0.298333333,0.275666667,0.300666667,0.328,0.357333333,0.379333333,0.413333333,0.42,0.418666667,0.406333333,0.405333333,0.424666667,0.427666667,0.415666667
SD,y11,0.421,0.431333333,0.393666667,0.369,0.408333333,0.422666667,0.427,0.411333333,0.464,0.484666667,0.470666667,0.454,0.447333333,0.445333333,0.460333333,0.449333333,0.401,0.401,0.395,0.420333333,0.435666667,0.423,0.416333333,0.409,0.495,0.473333333,0.424666667,0.427,0.435333333,0.420666667,0.432,0.481,0.360666667,0.345,0.309333333,0.305,0.311666667,0.335333333,0.354,0.376,0.334333333,0.283,0.241333333,0.228333333,0.224333333,0.279333333,0.342333333,0.361333333,0.224666667,0.194,0.163666667,0.149,0.141666667,0.157,0.189666667,0.213666667,0.350666667,0.329,0.334,0.323666667,0.296666667,0.298666667,0.337333333,0.366333333,0.221666667,0.256666667,0.272,0.266666667,0.234,0.22,0.233333333,0.222666667,0.283666667,0.285,0.255,0.234666667,0.232666667,0.231,0.242,0.265,0.328,0.321333333,0.309666667,0.322,0.314666667,0.297,0.315333333,0.326,0.486,0.471,0.475333333,0.491333333,0.518666667,0.528,0.529,0.510666667
SD,y12,0.358666667,0.359333333,0.354,0.346333333,0.347666667,0.352666667,0.359,0.356,0.432,0.423666667,0.398333333,0.400666667,0.407666667,0.406333333,0.425,0.432666667,0.392333333,0.391333333,0.387,0.396666667,0.387333333,0.366,0.411,0.424333333,0.465,0.438333333,0.405666667,0.419,0.416,0.432333333,0.461,0.468666667,0.432,0.422,0.378333333,0.375666667,0.400666667,0.425333333,0.438,0.446666667,0.302333333,0.263666667,0.211666667,0.205666667,0.219333333,0.257666667,0.310333333,0.336333333,0.217666667,0.207666667,0.199666667,0.210666667,0.223666667,0.248666667,0.253666667,0.236,0.219666667,0.214666667,0.207333333,0.199,0.185666667,0.172666667,0.19,0.212666667,0.15,0.17,0.185333333,0.171333333,0.147,0.139,0.146333333,0.14,0.214,0.202666667,0.197333333,0.204666667,0.200333333,0.191333333,0.219,0.237333333,0.420666667,0.390333333,0.355666667,0.361,0.372666667,0.384333333,0.412666667,0.434666667,0.331666667,0.332,0.306666667,0.287666667,0.296666667,0.311,0.310333333,0.304666667
SD,y13,0.315,0.331333333,0.310333333,0.282,0.282666667,0.287666667,0.289666667,0.295333333,0.319666667,0.313,0.306666667,0.311,0.303,0.305333333,0.341,0.343666667,0.348,0.356,0.358666667,0.362,0.366333333,0.375,0.381666667,0.361666667,0.388,0.374666667,0.335,0.343,0.348666667,0.351333333,0.352666667,0.369,0.520333333,0.488666667,0.427666667,0.453333333,0.452666667,0.457666667,0.462666667,0.484333333,0.188,0.168666667,0.152666667,0.143666667,0.144333333,0.178666667,0.210666667,0.208,0.183,0.169333333,0.158666667,0.167666667,0.172666667,0.184,0.197333333,0.195666667,0.237666667,0.226,0.205333333,0.195333333,0.209,0.232,0.247,0.248,0.165,0.207333333,0.236666667,0.226,0.197666667,0.190333333,0.189666667,0.175,0.271666667,0.287,0.274666667,0.259,0.263666667,0.261333333,0.256333333,0.25,0.384,0.382,0.345666667,0.354,0.361333333,0.358666667,0.363333333,0.375,0.361333333,0.374666667,0.347666667,0.322333333,0.324666667,0.331666667,0.340666667,0.354
SD,y14,0.462,0.482666667,0.457666667,0.423333333,0.435333333,0.445666667,0.445333333,0.433333333,0.373666667,0.376666667,0.32,0.302333333,0.329333333,0.317666667,0.317,0.334333333,0.319,0.289,0.261,0.262333333,0.273333333,0.288,0.344666667,0.357666667,0.379,0.369333333,0.34,0.330333333,0.313666667,0.324666667,0.362,0.388,0.420666667,0.407333333,0.368666667,0.371333333,0.380333333,0.386333333,0.409666667,0.418333333,0.221666667,0.211666667,0.211666667,0.208333333,0.207,0.238666667,0.270333333,0.246333333,0.294,0.280666667,0.262333333,0.256333333,0.261333333,0.283333333,0.299333333,0.305333333,0.205333333,0.205,0.209333333,0.205333333,0.195666667,0.202333333,0.219,0.214333333,0.164,0.189666667,0.195,0.171666667,0.147666667,0.148333333,0.179,0.177333333,0.225,0.243,0.257333333,0.248333333,0.231333333,0.218,0.231333333,0.226333333,0.325,0.324333333,0.319666667,0.321666667,0.304,0.28,0.290333333,0.302,0.533666667,0.532,0.503333333,0.504333333,0.497333333,0.465,0.495,0.525
SD,y15,0.426666667,0.419666667,0.399,0.400666667,0.418,0.415,0.424666667,0.418,0.281,0.286666667,0.295333333,0.301333333,0.299666667,0.305,0.323666667,0.315333333,0.425333333,0.407333333,0.391666667,0.372666667,0.339,0.338,0.392666667,0.427,0.413,0.374666667,0.304,0.299666667,0.302333333,0.321666667,0.358333333,0.406333333,0.387,0.34,0.259666667,0.242666667,0.224,0.23,0.283666667,0.349,0.344,0.305666667,0.264666667,0.261,0.276333333,0.330333333,0.363333333,0.364,0.238333333,0.224,0.205666667,0.198,0.182666667,0.168666667,0.198333333,0.233,0.164666667,0.179333333,0.178,0.158333333,0.143666667,0.144666667,0.165,0.181333333,0.194,0.198,0.178333333,0.16,0.136666667,0.127333333,0.151,0.165,0.253333333,0.244333333,0.241666667,0.25,0.261666667,0.261,0.272666667,0.268666667,0.517,0.498333333,0.475,0.476666667,0.470333333,0.473333333,0.494666667,0.512,0.453,0.452333333,0.429666667,0.411666667,0.395666667,0.391333333,0.417666667,0.438333333
SD,y16,0.481666667,0.487666667,0.468333333,0.456333333,0.44,0.429666667,0.439333333,0.444,0.449,0.428666667,0.426,0.444666667,0.445333333,0.429666667,0.461,0.461,0.468666667,0.472666667,0.475,0.466333333,0.450666667,0.459,0.483333333,0.477,0.441333333,0.420666667,0.394,0.387,0.402,0.435333333,0.439333333,0.444,0.475666667,0.459,0.412,0.405,0.411666667,0.427,0.439666667,0.461,0.134333333,0.101333333,0.080666667,0.081,0.091333333,0.129,0.174666667,0.173,0.215666667,0.187333333,0.176333333,0.171333333,0.162333333,0.177333333,0.213333333,0.238,0.256666667,0.252,0.247333333,0.258666667,0.262666667,0.253666667,0.254,0.264,0.147666667,0.165666667,0.164,0.148666667,0.149333333,0.162333333,0.160333333,0.161,0.322,0.309,0.299666667,0.286666667,0.282,0.288333333,0.304333333,0.312333333,0.378333333,0.349333333,0.311,0.301,0.322666667,0.339333333,0.386666667,0.407666667,0.566,0.530666667,0.517333333,0.540333333,0.572666667,0.580333333,0.598,0.594666667
SD,y17,0.467666667,0.463666667,0.445666667,0.444333333,0.46,0.460333333,0.450666667,0.444666667,0.332,0.313666667,0.294666667,0.286333333,0.296333333,0.327,0.368333333,0.359333333,0.330666667,0.318333333,0.313666667,0.329666667,0.333333333,0.336,0.369666667,0.357333333,0.437,0.402333333,0.351666667,0.363666667,0.368333333,0.373,0.416666667,0.453666667,0.403333333,0.407666667,0.368333333,0.357666667,0.335,0.327333333,0.346,0.367333333,0.304666667,0.284333333,0.251666667,0.23,0.235,0.275,0.310666667,0.316,0.230333333,0.199333333,0.163333333,0.153666667,0.164333333,0.198666667,0.232333333,0.238666667,0.153666667,0.161333333,0.178666667,0.194666667,0.185,0.177333333,0.168333333,0.161,0.264,0.286333333,0.288333333,0.271,0.224666667,0.217333333,0.251666667,0.259333333,0.246333333,0.257,0.243666667,0.210333333,0.191,0.199333333,0.224333333,0.235,0.293,0.305333333,0.299333333,0.291666667,0.287,0.295333333,0.306333333,0.305666667,0.399333333,0.396333333,0.378666667,0.361333333,0.371666667,0.397666667,0.395333333,0.385333333
SD,y18,0.326666667,0.341333333,0.315666667,0.291333333,0.297333333,0.303666667,0.306666667,0.306333333,0.397666667,0.365,0.340333333,0.355333333,0.365,0.367666667,0.388666667,0.399,0.337333333,0.356333333,0.359333333,0.355333333,0.355,0.364666667,0.371333333,0.363333333,0.488333333,0.474666667,0.451666667,0.461,0.451,0.461,0.477666667,0.498666667,0.242333333,0.218333333,0.178666667,0.177,0.171,0.191666667,0.237666667,0.256333333,0.272,0.227333333,0.201,0.190666667,0.183,0.221,0.278666667,0.307,0.286,0.284333333,0.262,0.237,0.241,0.255,0.280333333,0.306,0.226333333,0.235333333,0.229,0.212333333,0.190333333,0.193,0.206666667,0.213666667,0.194,0.199333333,0.189666667,0.177,0.149333333,0.139666667,0.159333333,0.17,0.307666667,0.318666667,0.321,0.322333333,0.307666667,0.299666667,0.326333333,0.336333333,0.434,0.430333333,0.421333333,0.416333333,0.414333333,0.410333333,0.433,0.44,0.459666667,0.461666667,0.447333333,0.44,0.454666667,0.469666667,0.458,0.446
SD,y19,0.299,0.295333333,0.281,0.282,0.303333333,0.303,0.299,0.289666667,0.295,0.315333333,0.323666667,0.322666667,0.321,0.320333333,0.325333333,0.318,0.400666667,0.374333333,0.373333333,0.385,0.372666667,0.385,0.439,0.435666667,0.474333333,0.471,0.432666667,0.414666667,0.392666667,0.407,0.443,0.458,0.364666667,0.363333333,0.31,0.306333333,0.305333333,0.313,0.325,0.353,0.223,0.198666667,0.162,0.145666667,0.153666667,0.188,0.234,0.239666667,0.337666667,0.338333333,0.311333333,0.291333333,0.289333333,0.292333333,0.306333333,0.318666667,0.245666667,0.223,0.193666667,0.194666667,0.197,0.207333333,0.246666667,0.275,0.211,0.208333333,0.200333333,0.188666667,0.169,0.164666667,0.192666667,0.205666667,0.307333333,0.310666667,0.293666667,0.274333333,0.266333333,0.286,0.311,0.302666667,0.370333333,0.359333333,0.322666667,0.305666667,0.320333333,0.339333333,0.375,0.379666667,0.428666667,0.44,0.417333333,0.412,0.409,0.389,0.396,0.404666667
SD,y20,0.347666667,0.348,0.351666667,0.370666667,0.362,0.333,0.334333333,0.340666667,0.322333333,0.338333333,0.332,0.312333333,0.296,0.308,0.307666667,0.307333333,0.386,0.340666667,0.313666667,0.327666667,0.311333333,0.324666667,0.384,0.402333333,0.285333333,0.260666667,0.233333333,0.230333333,0.235333333,0.258333333,0.283,0.307333333,0.477333333,0.431666667,0.385666667,0.401333333,0.428,0.443666667,0.461666667,0.472333333,0.193333333,0.163,0.137333333,0.131666667,0.133666667,0.151333333,0.172333333,0.189666667,0.225,0.198,0.168,0.147,0.147666667,0.185333333,0.225333333,0.246333333,0.140666667,0.153666667,0.145333333,0.124,0.109333333,0.116666667,0.127666667,0.132,0.121666667,0.131333333,0.129333333,0.121,0.105666667,0.100333333,0.114666667,0.120666667,0.389,0.389333333,0.376,0.362666667,0.347,0.341,0.374,0.392,0.301666667,0.293333333,0.275666667,0.266,0.258666667,0.252,0.270666667,0.283666667,0.462666667,0.466,0.444333333,0.440333333,0.449,0.454,0.476333333,0.477
SD,y21,0.388,0.401333333,0.383,0.355333333,0.357,0.352666667,0.358,0.358333333,0.337,0.340333333,0.321,0.313,0.316333333,0.304333333,0.3,0.305,0.328,0.305666667,0.285666667,0.301666667,0.292666667,0.314,0.351,0.347333333,0.466,0.443333333,0.422333333,0.425333333,0.391,0.390333333,0.416666667,0.437,0.354333333,0.344666667,0.327333333,0.311666667,0.273,0.267,0.297333333,0.347333333,0.242666667,0.225666667,0.200666667,0.198,0.201333333,0.218666667,0.239333333,0.244666667,0.149666667,0.142,0.118333333,0.102333333,0.105333333,0.126666667,0.150666667,0.164,0.158333333,0.159666667,0.146666667,0.130666667,0.121,0.121,0.123333333,0.133333333,0.086666667,0.098666667,0.1,0.087,0.074666667,0.079666667,0.087333333,0.086333333,0.249333333,0.248666667,0.265333333,0.276666667,0.290666667,0.296333333,0.321,0.297666667,0.389,0.406333333,0.405333333,0.393333333,0.383333333,0.395333333,0.414666667,0.400666667,0.331666667,0.318333333,0.28,0.277333333,0.295,0.299333333,0.304,0.305333333
SD,y22,0.438333333,0.438,0.408333333,0.409,0.429333333,0.425333333,0.425,0.429333333,0.362333333,0.351,0.330666667,0.348333333,0.388333333,0.381,0.365,0.345666667,0.363666667,0.324,0.280666667,0.285,0.288333333,0.293,0.336,0.376,0.38,0.366,0.312333333,0.298666667,0.292666667,0.32,0.371666667,0.392,0.373666667,0.355333333,0.334333333,0.319,0.299666667,0.295,0.315333333,0.337,0.249,0.227333333,0.214,0.193333333,0.178666667,0.197333333,0.235,0.273666667,0.262666667,0.256666667,0.233,0.208,0.205,0.233333333,0.256,0.263,0.150333333,0.131,0.104666667,0.102333333,0.100666667,0.113,0.139333333,0.151,0.230666667,0.233333333,0.219,0.203,0.188333333,0.196666667,0.217,0.220333333,0.294,0.330666667,0.327333333,0.293666667,0.261,0.26,0.276333333,0.278666667,0.455666667,0.427666667,0.393333333,0.387333333,0.413333333,0.423666667,0.437,0.445333333,0.371333333,0.355,0.322333333,0.320333333,0.351333333,0.365333333,0.384666667,0.383333333
SD,y23,0.331,0.350666667,0.349,0.324,0.320666667,0.328333333,0.323333333,0.318,0.418333333,0.428,0.405,0.394333333,0.396,0.383,0.404333333,0.422333333,0.262333333,0.251,0.214,0.214666667,0.219666667,0.215,0.235666667,0.241333333,0.375,0.364333333,0.337666667,0.349,0.323,0.318333333,0.349,0.361333333,0.419,0.379,0.324666667,0.302666667,0.325,0.373666667,0.421333333,0.438333333,0.227333333,0.199666667,0.173,0.157333333,0.165,0.196333333,0.228666667,0.245666667,0.283333333,0.246666667,0.205666667,0.205333333,0.217333333,0.247,0.274,0.295333333,0.179666667,0.176333333,0.180333333,0.183666667,0.191,0.215,0.226,0.218,0.198666667,0.199,0.185666667,0.16,0.13,0.140333333,0.174,0.184333333,0.325666667,0.326333333,0.313666667,0.302,0.290333333,0.297666667,0.313666667,0.309666667,0.480666667,0.462,0.407666667,0.393666667,0.389333333,0.370333333,0.394333333,0.443333333,0.399666667,0.384,0.345,0.361,0.399666667,0.399,0.406666667,0.410666667
SD,y24,0.417333333,0.429333333,0.409333333,0.423333333,0.441666667,0.428333333,0.419,0.406666667,0.378333333,0.363333333,0.338,0.350333333,0.375666667,0.363333333,0.376,0.379333333,0.446333333,0.432333333,0.439,0.455666667,0.432333333,0.414666667,0.443666667,0.464666667,0.511333333,0.479666667,0.443,0.458,0.458666667,0.487333333,0.508,0.515666667,0.372,0.347,0.313666667,0.328666667,0.318333333,0.333666667,0.369666667,0.380333333,0.280333333,0.254666667,0.212333333,0.188666667,0.185666667,0.218333333,0.264666667,0.293666667,0.357,0.333333333,0.301,0.276333333,0.281333333,0.322,0.369666667,0.379,0.272,0.282333333,0.281,0.268666667,0.239666667,0.243,0.275666667,0.282666667,0.157333333,0.175666667,0.161666667,0.14,0.131,0.137333333,0.14,0.132,0.288666667,0.300666667,0.293333333,0.285,0.268666667,0.264,0.280333333,0.287333333,0.250333333,0.267333333,0.234333333,0.211,0.224,0.231666667,0.234333333,0.228333333,0.388,0.393,0.371333333,0.359,0.373666667,0.377666667,0.376,0.370666667
SD,y25,0.276,0.289666667,0.273666667,0.267333333,0.278,0.27,0.280666667,0.286666667,0.332666667,0.325333333,0.299333333,0.284666667,0.273,0.270333333,0.283333333,0.291666667,0.369666667,0.382333333,0.397666667,0.409,0.372,0.344666667,0.358666667,0.363666667,0.34,0.343333333,0.335666667,0.325666667,0.299666667,0.301333333,0.331666667,0.342,0.490333333,0.434333333,0.381333333,0.375666667,0.37,0.405,0.448,0.483333333,0.275,0.249333333,0.211,0.194333333,0.183666667,0.207666667,0.255333333,0.279333333,0.164333333,0.151333333,0.138,0.131666667,0.136333333,0.159666667,0.183,0.186333333,0.21,0.210666667,0.186666667,0.168333333,0.161333333,0.166333333,0.179333333,0.189666667,0.229666667,0.25,0.242666667,0.230333333,0.210333333,0.198333333,0.208,0.207,0.238333333,0.246333333,0.236333333,0.215666667,0.199333333,0.202,0.227666667,0.248666667,0.396333333,0.399666667,0.391333333,0.388666667,0.368333333,0.365333333,0.394666667,0.387666667,0.415333333,0.405666667,0.366,0.357,0.36,0.355,0.376333333,0.396333333
SD,y26,0.307666667,0.356666667,0.331,0.29,0.267666667,0.29,0.305333333,0.293,0.364666667,0.360666667,0.345666667,0.339666667,0.333,0.335666667,0.357333333,0.353333333,0.447333333,0.413666667,0.365,0.376333333,0.378333333,0.390666667,0.418333333,0.438666667,0.356333333,0.362,0.354666667,0.362,0.345333333,0.336,0.347333333,0.359666667,0.470333333,0.436666667,0.406333333,0.414333333,0.389666667,0.428,0.457333333,0.469,0.264333333,0.247,0.218666667,0.190666667,0.174333333,0.196333333,0.238666667,0.26,0.215,0.224666667,0.209666667,0.197666667,0.182333333,0.183,0.205,0.213666667,0.341,0.325333333,0.289333333,0.270333333,0.282666667,0.305,0.323333333,0.333,0.182666667,0.185,0.166,0.154666667,0.156333333,0.166,0.174666667,0.178,0.239333333,0.232333333,0.206,0.197,0.195666667,0.194,0.209,0.223,0.322666667,0.311,0.274666667,0.263333333,0.265,0.271,0.310333333,0.320666667,0.404333333,0.393666667,0.342,0.33,0.352,0.346333333,0.357,0.381
SH,y1,0.403333333,0.456666667,0.423,0.389,0.422,0.454,0.409,0.365666667,0.310666667,0.335,0.322666667,0.295666667,0.328666667,0.396333333,0.384333333,0.316,0.436,0.428,0.387,0.362333333,0.374666667,0.384,0.411666667,0.43,0.270666667,0.27,0.296,0.284666667,0.288333333,0.308666667,0.304666667,0.288333333,0.384,0.398333333,0.388333333,0.365333333,0.375666667,0.389,0.358,0.354666667,0.244666667,0.25,0.261666667,0.281,0.275666667,0.256333333,0.268,0.283666667,0.476666667,0.439333333,0.406,0.404333333,0.416666667,0.41,0.426666667,0.462,0.452333333,0.397333333,0.365,0.388,0.398,0.399333333,0.431333333,0.467,0.278333333,0.306666667,0.326333333,0.297666667,0.283333333,0.316,0.341333333,0.292,0.238333333,0.262666667,0.316333333,0.326333333,0.296666667,0.299666667,0.303333333,0.260333333,0.343666667,0.347666667,0.329,0.323333333,0.324666667,0.333666667,0.330666667,0.343333333,0.326666667,0.352333333,0.36,0.344333333,0.369666667,0.416333333,0.397,0.336
SH,y2,0.3,0.361333333,0.386,0.366666667,0.354666667,0.362333333,0.325333333,0.272333333,0.458333333,0.453333333,0.442666667,0.450666667,0.452333333,0.457,0.469666667,0.466666667,0.438333333,0.487333333,0.498,0.466333333,0.443,0.479,0.461,0.408333333,0.352666667,0.382333333,0.376666667,0.349666667,0.365,0.401333333,0.397666667,0.363,0.209666667,0.191333333,0.181,0.179,0.187,0.2,0.213333333,0.196333333,0.304666667,0.297333333,0.284666667,0.266,0.262333333,0.264,0.293333333,0.33,0.453,0.415333333,0.396,0.389666667,0.405666667,0.437,0.454333333,0.465666667,0.254,0.235666667,0.223333333,0.219,0.211,0.209333333,0.231333333,0.251333333,0.190333333,0.206666667,0.227,0.229333333,0.215,0.221666667,0.239333333,0.223,0.412333333,0.440333333,0.455333333,0.431666667,0.434333333,0.481666667,0.486,0.438666667,0.325,0.323,0.324666667,0.325333333,0.344333333,0.373333333,0.383333333,0.361333333,0.344,0.35,0.328666667,0.330666667,0.343,0.357,0.335333333,0.308
SH,y3,0.364,0.408666667,0.4,0.354666667,0.371,0.393,0.361,0.324333333,0.354666667,0.395,0.384,0.327,0.33,0.393,0.385666667,0.344333333,0.281666667,0.322333333,0.346666667,0.339666667,0.318666667,0.321,0.302,0.27,0.276333333,0.293666667,0.287333333,0.279666667,0.285333333,0.321,0.308,0.270666667,0.336333333,0.349,0.34,0.335,0.351333333,0.373333333,0.377,0.359666667,0.246666667,0.216666667,0.205,0.233666667,0.247666667,0.247,0.269333333,0.274,0.388333333,0.376333333,0.389,0.396666667,0.396666667,0.374333333,0.381333333,0.392,0.331666667,0.319666667,0.311,0.312333333,0.303333333,0.301333333,0.317,0.344333333,0.387333333,0.394333333,0.403666667,0.398333333,0.406,0.437,0.434666667,0.395666667,0.207333333,0.198,0.190333333,0.186666667,0.198666667,0.228666667,0.230666667,0.219666667,0.343666667,0.353333333,0.372,0.385,0.368333333,0.355333333,0.369333333,0.370666667,0.415333333,0.458666667,0.481,0.462666667,0.449333333,0.451,0.442666667,0.403666667
SH,y4,0.470333333,0.487333333,0.504666667,0.497333333,0.498666667,0.505,0.491,0.463,0.424666667,0.481,0.465666667,0.416333333,0.449,0.465333333,0.427,0.406333333,0.313,0.359333333,0.399666667,0.360333333,0.317,0.316,0.349333333,0.333666667,0.348333333,0.327,0.338333333,0.362,0.379333333,0.398333333,0.383666667,0.370666667,0.241,0.253666667,0.270333333,0.260666667,0.218333333,0.218,0.241,0.227666667,0.291666667,0.307666667,0.353,0.381,0.364333333,0.339,0.327333333,0.321666667,0.337666667,0.314,0.275666667,0.270333333,0.249,0.264,0.298,0.329,0.391333333,0.361666667,0.329333333,0.306666667,0.292333333,0.302666667,0.360666667,0.384666667,0.227666667,0.259333333,0.289,0.291666667,0.275666667,0.289,0.283,0.261,0.392666667,0.432666667,0.468,0.450666667,0.445666667,0.472333333,0.452,0.394666667,0.249,0.257,0.247333333,0.223,0.235333333,0.278,0.286333333,0.263666667,0.277,0.318666667,0.320666667,0.314333333,0.348666667,0.381666667,0.348666667,0.286333333
SH,y5,0.324,0.374666667,0.352,0.336,0.361666667,0.399333333,0.345666667,0.298333333,0.328333333,0.351,0.364666667,0.368,0.363,0.358333333,0.328666667,0.319666667,0.467333333,0.499,0.494333333,0.473333333,0.472333333,0.467,0.512666667,0.496666667,0.362333333,0.386333333,0.384666667,0.384666667,0.404,0.398666667,0.373333333,0.363333333,0.286333333,0.311,0.308,0.319333333,0.317333333,0.318,0.299,0.298666667,0.262333333,0.282,0.302,0.329,0.328666667,0.319,0.295333333,0.260666667,0.241,0.243333333,0.277666667,0.291,0.284666667,0.285666667,0.296666667,0.301666667,0.270333333,0.279333333,0.274333333,0.253,0.214333333,0.213666667,0.239,0.247333333,0.391666667,0.392666667,0.403333333,0.408666667,0.4,0.395333333,0.394666667,0.399,0.219666667,0.252333333,0.297,0.291333333,0.279666667,0.297333333,0.301,0.249666667,0.357333333,0.365,0.373333333,0.379333333,0.385333333,0.393666667,0.388333333,0.376,0.367,0.381333333,0.355,0.327333333,0.345333333,0.372666667,0.369666667,0.355666667
SH,y6,0.521666667,0.577666667,0.566666667,0.536333333,0.539,0.588333333,0.603,0.527666667,0.374,0.392,0.376666667,0.348,0.397666667,0.444333333,0.413,0.363333333,0.299333333,0.331,0.362666667,0.359666667,0.345333333,0.357666667,0.356,0.324333333,0.326666667,0.349666667,0.384,0.385333333,0.394666667,0.391333333,0.362,0.319666667,0.264333333,0.212,0.233,0.268333333,0.295,0.340666667,0.334,0.310666667,0.284333333,0.283666667,0.271333333,0.232,0.207333333,0.192333333,0.212,0.274333333,0.455666667,0.423666667,0.390333333,0.363666667,0.347666667,0.363,0.417,0.468666667,0.282333333,0.252,0.268666667,0.297666667,0.303666667,0.294666667,0.304,0.305333333,0.374333333,0.389,0.404666667,0.391666667,0.383,0.380333333,0.398666667,0.374666667,0.359666667,0.4,0.417,0.38,0.335,0.351666667,0.398666667,0.404333333,0.435333333,0.425333333,0.442666667,0.451,0.446,0.490666667,0.49,0.437,0.296,0.311666667,0.326666667,0.316333333,0.323666667,0.354333333,0.350666667,0.326
SH,y7,0.443666667,0.454,0.477333333,0.485333333,0.496333333,0.511,0.497333333,0.445,0.450333333,0.465,0.457,0.414,0.422333333,0.444333333,0.461333333,0.443666667,0.483666667,0.478,0.417,0.356,0.355333333,0.399333333,0.427333333,0.465333333,0.303,0.337333333,0.376666667,0.342,0.311,0.312666667,0.310333333,0.323666667,0.183666667,0.187666667,0.188,0.2,0.207333333,0.207666667,0.211666667,0.209666667,0.288666667,0.286333333,0.314333333,0.327,0.308666667,0.312666667,0.333333333,0.353,0.454333333,0.414333333,0.364333333,0.343,0.361666667,0.390666667,0.432333333,0.465,0.278333333,0.288333333,0.309333333,0.307666667,0.315,0.327333333,0.321,0.291666667,0.372666667,0.447666667,0.491,0.457666667,0.430666667,0.457,0.470666667,0.406,0.348,0.392333333,0.444,0.440333333,0.410666667,0.41,0.408666667,0.368333333,0.298666667,0.305,0.307333333,0.3,0.315666667,0.350666667,0.347666667,0.301,0.452333333,0.480666667,0.501,0.472,0.486333333,0.516333333,0.515,0.466333333
SH,y8,0.464333333,0.505,0.47,0.454,0.499666667,0.530666667,0.472666667,0.421333333,0.240666667,0.263333333,0.254,0.199,0.201333333,0.254,0.253666667,0.239,0.269,0.286,0.295333333,0.302333333,0.300333333,0.302,0.316666667,0.294,0.384,0.39,0.372333333,0.346333333,0.341,0.377,0.418666667,0.387333333,0.240666667,0.265666667,0.283,0.263333333,0.254333333,0.288333333,0.277,0.246666667,0.273,0.247333333,0.246333333,0.241666667,0.234666667,0.249666667,0.274666667,0.296333333,0.283666667,0.256,0.248666667,0.247,0.233666667,0.239,0.26,0.270666667,0.258666667,0.232333333,0.219333333,0.228666667,0.258666667,0.292333333,0.310333333,0.297666667,0.297666667,0.318,0.359333333,0.362666667,0.331666667,0.344666667,0.353666667,0.323666667,0.310666667,0.35,0.35,0.327333333,0.307333333,0.291666667,0.297333333,0.302,0.471333333,0.497,0.502666667,0.464333333,0.438333333,0.477666667,0.526,0.495666667,0.443333333,0.469333333,0.483,0.467,0.449,0.481333333,0.496666667,0.457333333
SH,y9,0.414333333,0.424333333,0.406333333,0.395666667,0.431,0.458,0.428,0.395,0.398,0.407,0.392333333,0.388,0.417,0.471666667,0.455333333,0.386666667,0.413666667,0.417,0.451666667,0.434666667,0.430666667,0.472333333,0.482,0.433333333,0.303,0.319333333,0.312333333,0.309666667,0.306333333,0.331333333,0.350333333,0.310666667,0.284333333,0.290333333,0.295666667,0.268666667,0.283,0.286333333,0.283333333,0.314333333,0.243333333,0.224,0.228,0.257,0.253666667,0.244666667,0.267,0.26,0.434666667,0.400666667,0.347333333,0.302,0.282,0.269666667,0.316333333,0.404,0.291,0.265666667,0.239,0.250666667,0.27,0.285,0.324333333,0.314666667,0.276666667,0.263,0.277,0.289,0.280333333,0.296666667,0.315333333,0.295333333,0.300666667,0.320333333,0.336333333,0.312666667,0.302,0.354666667,0.383,0.345,0.322666667,0.333,0.382333333,0.368,0.378666667,0.404666667,0.424333333,0.361333333,0.443333333,0.495333333,0.488,0.444666667,0.48,0.516333333,0.492,0.431666667
SH,y10,0.353,0.391333333,0.368333333,0.337,0.368333333,0.418666667,0.386666667,0.34,0.353,0.354333333,0.303,0.304,0.334666667,0.322,0.327666667,0.351,0.440333333,0.456,0.458333333,0.483333333,0.452,0.466333333,0.460666667,0.421333333,0.39,0.430333333,0.440333333,0.46,0.455333333,0.461333333,0.452333333,0.407,0.385,0.351666667,0.328,0.340666667,0.350666667,0.346333333,0.336666667,0.358333333,0.200333333,0.225333333,0.208666667,0.182,0.194,0.225,0.246,0.222,0.428666667,0.4,0.387333333,0.394,0.391,0.423333333,0.448666667,0.450333333,0.274666667,0.264333333,0.242666667,0.233,0.232,0.243333333,0.266333333,0.28,0.350333333,0.376,0.415333333,0.413666667,0.398,0.400666667,0.423333333,0.403666667,0.428666667,0.468,0.502333333,0.489,0.465333333,0.506,0.530666667,0.476333333,0.246333333,0.255666667,0.260666667,0.236666667,0.222666667,0.241,0.258,0.246333333,0.328666667,0.349,0.36,0.343,0.348666667,0.417333333,0.425333333,0.363666667
SH,y11,0.377,0.417666667,0.370333333,0.302,0.326,0.395666667,0.394333333,0.353333333,0.439,0.472333333,0.494333333,0.456,0.441333333,0.479333333,0.474333333,0.428,0.413333333,0.437,0.406333333,0.408333333,0.382,0.384,0.395,0.388,0.351333333,0.337666667,0.314,0.315333333,0.328,0.343666667,0.346,0.379,0.268333333,0.286333333,0.291333333,0.307,0.300333333,0.325,0.329333333,0.278333333,0.282,0.264666667,0.256333333,0.262666667,0.283666667,0.29,0.304666667,0.304666667,0.399,0.361333333,0.357666667,0.358,0.297666667,0.299666667,0.347333333,0.395,0.411,0.392666667,0.392333333,0.390666667,0.362,0.359333333,0.391666667,0.424333333,0.391666667,0.39,0.374,0.375666667,0.370333333,0.379666667,0.401666667,0.401,0.326666667,0.384666667,0.415,0.37,0.341,0.372,0.389333333,0.343333333,0.335,0.345,0.355333333,0.358,0.355,0.373333333,0.390666667,0.377666667,0.514666667,0.518,0.492333333,0.463333333,0.450333333,0.439666667,0.448,0.47
SH,y12,0.388666667,0.392666667,0.395333333,0.396,0.408,0.43,0.420666667,0.384,0.485666667,0.513333333,0.525666667,0.506666667,0.478666667,0.484,0.486666667,0.485,0.359666667,0.347333333,0.343333333,0.333,0.339,0.330666667,0.362333333,0.371333333,0.426666667,0.412,0.397666667,0.431666667,0.446333333,0.463,0.487333333,0.457333333,0.398,0.394,0.390333333,0.398666667,0.403666667,0.397666667,0.370333333,0.37,0.273666667,0.260333333,0.251,0.262333333,0.282,0.278333333,0.283666667,0.288,0.517,0.506666667,0.477666667,0.447666667,0.432333333,0.439666667,0.468333333,0.495666667,0.227,0.201,0.192333333,0.210333333,0.232333333,0.243333333,0.256666667,0.243333333,0.331666667,0.374333333,0.420666667,0.397333333,0.366666667,0.379666667,0.396333333,0.358666667,0.170333333,0.168666667,0.189,0.184666667,0.179666667,0.217333333,0.246,0.212333333,0.416666667,0.442666667,0.429666667,0.401,0.375,0.392,0.412,0.418333333,0.317,0.348,0.356,0.329,0.325,0.359,0.36,0.325666667
SH,y13,0.299,0.353333333,0.367666667,0.334333333,0.37,0.426333333,0.372,0.298666667,0.306666667,0.32,0.350333333,0.358333333,0.377333333,0.370666667,0.375,0.355,0.404666667,0.413333333,0.425333333,0.386333333,0.411333333,0.46,0.444333333,0.412333333,0.266,0.282666667,0.299333333,0.311333333,0.320666667,0.332666667,0.329,0.300333333,0.452333333,0.385333333,0.340333333,0.362333333,0.373666667,0.381,0.419666667,0.432,0.308333333,0.294,0.301666667,0.292,0.269333333,0.278333333,0.322333333,0.332666667,0.299666667,0.300666667,0.273,0.243666667,0.211666667,0.205,0.209666667,0.247666667,0.455,0.400333333,0.332,0.313,0.312666667,0.357666667,0.42,0.483,0.359333333,0.391666667,0.390666667,0.369666667,0.349,0.346666667,0.359333333,0.342333333,0.360666667,0.387333333,0.400333333,0.368,0.359333333,0.391333333,0.402666667,0.365,0.278333333,0.325333333,0.305,0.259,0.257,0.311666667,0.329333333,0.301666667,0.437,0.462,0.462666667,0.417666667,0.417333333,0.470666667,0.463333333,0.422666667
SH,y14,0.464666667,0.524666667,0.509333333,0.456666667,0.482333333,0.501333333,0.476333333,0.418,0.370666667,0.425,0.388,0.325333333,0.346,0.382333333,0.355333333,0.325333333,0.339333333,0.339333333,0.325333333,0.289333333,0.260333333,0.247333333,0.308666667,0.35,0.282666667,0.294666667,0.279666667,0.280666667,0.274666667,0.3,0.298666667,0.287333333,0.335666667,0.290333333,0.263,0.271333333,0.286666667,0.326333333,0.329333333,0.327333333,0.326333333,0.369,0.391333333,0.378,0.348666667,0.322333333,0.324,0.336333333,0.402,0.364333333,0.302333333,0.281666667,0.288,0.334,0.385333333,0.422666667,0.267,0.262666667,0.248333333,0.242666667,0.246333333,0.248,0.256333333,0.250666667,0.179333333,0.180333333,0.220333333,0.209333333,0.179666667,0.208333333,0.235666667,0.234,0.279666667,0.294666667,0.3,0.272,0.247,0.285,0.316333333,0.288333333,0.291666667,0.329333333,0.318,0.283666667,0.282,0.310333333,0.299666667,0.272333333,0.398666667,0.419333333,0.417,0.396666667,0.404666667,0.402,0.393,0.395666667
SH,y15,0.413,0.404666667,0.379,0.366,0.380666667,0.406,0.388,0.403333333,0.409666667,0.414666667,0.399,0.382333333,0.371666667,0.428666667,0.444666667,0.409333333,0.417,0.446333333,0.45,0.433666667,0.407333333,0.413333333,0.419,0.395666667,0.279666667,0.296,0.311333333,0.308333333,0.3,0.278333333,0.258666667,0.283,0.259666667,0.258333333,0.241333333,0.241333333,0.246333333,0.256333333,0.276,0.258,0.360333333,0.314666667,0.291666667,0.318333333,0.329333333,0.320333333,0.363,0.388333333,0.467,0.431333333,0.400333333,0.395,0.401666667,0.432333333,0.447333333,0.455333333,0.347333333,0.354666667,0.352,0.351333333,0.354,0.357666667,0.367666667,0.377666667,0.227333333,0.246333333,0.268333333,0.246,0.223333333,0.254,0.267,0.218333333,0.278333333,0.315,0.323666667,0.308,0.283,0.273666667,0.273666667,0.274666667,0.422666667,0.403666667,0.390666667,0.391666667,0.388666667,0.397,0.408,0.410666667,0.427,0.433,0.417666667,0.413,0.452333333,0.455333333,0.428666667,0.419
SH,y16,0.457333333,0.458333333,0.427666667,0.381333333,0.380666667,0.396,0.417333333,0.436666667,0.420333333,0.439666667,0.468333333,0.452666667,0.466333333,0.458,0.436666667,0.412666667,0.491666667,0.524666667,0.552333333,0.573,0.552,0.513333333,0.501,0.497333333,0.349666667,0.375666667,0.39,0.374333333,0.343,0.341333333,0.344666667,0.341,0.322666667,0.336333333,0.323666667,0.298666667,0.315666667,0.334333333,0.339,0.337,0.152666667,0.171,0.19,0.179333333,0.156333333,0.149333333,0.165333333,0.158333333,0.395666667,0.380666667,0.383333333,0.366,0.347666667,0.346333333,0.366666667,0.398333333,0.362666667,0.288333333,0.243666667,0.226,0.230666667,0.268,0.319,0.374,0.335333333,0.317666667,0.3,0.290333333,0.301,0.317,0.347666667,0.357,0.354666667,0.370666667,0.393333333,0.381666667,0.384333333,0.417666667,0.43,0.395333333,0.341333333,0.368333333,0.369333333,0.359,0.351333333,0.339666667,0.325,0.314,0.501666667,0.500333333,0.492333333,0.478333333,0.475,0.482333333,0.496666667,0.504333333
SH,y17,0.466333333,0.524333333,0.508333333,0.467333333,0.505,0.548666667,0.497666667,0.431666667,0.345,0.345,0.339666667,0.315,0.309,0.35,0.356666667,0.341666667,0.307333333,0.307,0.281666667,0.299666667,0.314666667,0.300666667,0.304,0.274666667,0.363333333,0.371,0.333,0.321,0.339333333,0.366666667,0.363333333,0.359666667,0.399333333,0.408,0.383333333,0.341333333,0.347666667,0.396666667,0.413333333,0.400333333,0.353,0.379333333,0.375666667,0.363,0.347666667,0.339333333,0.341333333,0.357666667,0.441,0.38,0.337666667,0.347333333,0.361,0.362333333,0.397,0.435666667,0.320333333,0.297,0.296666667,0.318666667,0.299666667,0.311,0.354,0.348,0.315333333,0.343333333,0.344,0.299333333,0.301,0.349333333,0.377666667,0.329,0.326,0.364333333,0.371666667,0.342666667,0.329,0.362,0.373666667,0.332333333,0.373333333,0.401,0.434,0.410666667,0.383,0.405,0.442333333,0.406,0.396,0.406666667,0.394666667,0.378666667,0.397333333,0.434666667,0.433333333,0.396333333
SH,y18,0.395666667,0.444666667,0.429666667,0.410333333,0.436666667,0.466666667,0.445333333,0.378333333,0.421666667,0.435333333,0.416666667,0.388333333,0.406333333,0.463333333,0.475333333,0.451666667,0.407666667,0.426333333,0.394,0.351666667,0.336,0.348333333,0.383,0.39,0.418,0.397,0.391,0.408666667,0.423,0.440666667,0.437666667,0.428,0.258,0.220333333,0.224333333,0.238333333,0.254,0.289666667,0.302666667,0.296666667,0.243333333,0.263333333,0.306666667,0.316,0.291333333,0.270333333,0.265666667,0.257,0.355333333,0.318333333,0.306666667,0.304666667,0.273666667,0.280666667,0.318333333,0.349,0.462333333,0.442666667,0.437,0.440666667,0.435666667,0.453333333,0.489666667,0.478,0.235,0.246,0.306,0.315333333,0.296333333,0.315666667,0.323666667,0.278666667,0.305666667,0.355,0.383,0.358666667,0.347,0.374333333,0.387666667,0.344,0.447,0.465666667,0.469666667,0.408666667,0.390333333,0.415666667,0.430666667,0.444333333,0.501,0.513,0.487333333,0.464666667,0.482,0.536666667,0.556666667,0.514333333
SH,y19,0.325333333,0.340666667,0.308666667,0.298666667,0.335666667,0.359333333,0.348666667,0.330333333,0.383,0.433,0.454,0.409,0.416666667,0.449666667,0.474,0.423666667,0.386,0.413333333,0.398333333,0.381333333,0.373,0.399333333,0.406333333,0.367,0.417333333,0.464,0.441333333,0.402666667,0.390333333,0.385333333,0.407,0.422666667,0.318,0.308,0.321,0.343666667,0.321,0.305666667,0.307666667,0.313666667,0.232666667,0.245333333,0.250666667,0.22,0.195,0.219333333,0.250666667,0.253666667,0.624666667,0.579,0.545,0.529666667,0.498666667,0.535666667,0.612333333,0.636,0.41,0.353333333,0.289333333,0.274666667,0.279666667,0.316666667,0.383333333,0.429666667,0.331666667,0.358666667,0.366,0.354666667,0.356,0.373333333,0.376,0.336666667,0.446333333,0.483333333,0.510666667,0.501666667,0.494,0.511,0.500333333,0.456333333,0.322666667,0.345333333,0.340666667,0.315666667,0.311333333,0.335333333,0.350666667,0.332333333,0.360666667,0.384666667,0.409333333,0.409333333,0.427333333,0.418666667,0.401,0.376666667
SH,y20,0.358333333,0.349,0.342,0.324,0.329666667,0.369333333,0.395333333,0.37,0.455666667,0.490666667,0.496,0.473333333,0.507333333,0.538666667,0.538666667,0.504,0.471,0.481666667,0.477,0.472333333,0.456,0.433333333,0.447,0.454,0.329,0.348,0.344,0.341333333,0.328666667,0.332,0.337666667,0.341,0.298,0.285,0.281666667,0.287333333,0.295666667,0.304666667,0.312333333,0.308666667,0.21,0.24,0.245666667,0.223666667,0.208,0.228333333,0.207333333,0.184666667,0.276,0.24,0.232,0.265333333,0.244666667,0.245666667,0.272,0.306,0.249333333,0.269333333,0.269666667,0.265333333,0.242,0.226333333,0.243,0.237,0.245,0.273666667,0.295,0.270333333,0.256,0.279333333,0.297,0.279333333,0.384,0.412333333,0.424,0.404,0.4,0.427,0.441666667,0.407666667,0.315666667,0.343333333,0.342,0.283333333,0.254,0.263,0.269666667,0.274333333,0.49,0.497666667,0.493666667,0.473333333,0.469,0.48,0.491666667,0.492
SH,y21,0.449,0.465,0.449666667,0.42,0.421666667,0.46,0.468,0.446666667,0.360333333,0.379,0.391666667,0.364333333,0.356333333,0.364333333,0.35,0.323,0.281,0.327,0.334666667,0.301666667,0.254666667,0.248,0.280666667,0.269,0.365666667,0.371666667,0.37,0.370333333,0.379,0.388333333,0.381333333,0.343,0.258,0.258666667,0.272666667,0.292666667,0.293666667,0.31,0.312,0.272,0.220666667,0.249,0.264666667,0.243333333,0.251,0.279666667,0.262666667,0.228333333,0.319333333,0.318,0.314333333,0.296,0.281666667,0.304333333,0.338666667,0.337,0.334,0.334333333,0.316,0.285,0.280333333,0.314333333,0.340666667,0.345666667,0.125333333,0.145666667,0.159666667,0.145666667,0.155666667,0.196666667,0.222,0.188,0.284666667,0.300333333,0.292333333,0.272666667,0.242333333,0.255,0.281333333,0.271333333,0.355666667,0.375333333,0.384666667,0.397,0.377666667,0.385,0.392333333,0.379,0.307333333,0.319333333,0.322333333,0.319333333,0.316666667,0.339666667,0.349666667,0.309666667
SH,y22,0.424666667,0.443,0.445,0.42,0.451,0.487666667,0.485,0.458666667,0.474,0.465,0.436333333,0.441333333,0.464333333,0.497333333,0.500333333,0.471666667,0.388666667,0.381666667,0.381333333,0.372333333,0.358,0.365666667,0.376666667,0.373333333,0.313,0.314333333,0.312666667,0.281666667,0.279333333,0.283333333,0.295,0.322333333,0.310333333,0.333,0.343333333,0.331333333,0.331,0.339666667,0.351333333,0.327666667,0.251666667,0.252333333,0.225333333,0.208,0.218666667,0.219,0.228666667,0.242333333,0.406666667,0.370666667,0.334333333,0.323,0.313666667,0.324,0.395666667,0.424,0.185666667,0.157333333,0.144,0.126666667,0.123666667,0.166,0.219333333,0.228333333,0.282,0.278666667,0.281333333,0.277,0.278333333,0.300333333,0.3,0.294,0.393333333,0.433666667,0.463333333,0.435,0.417333333,0.445666667,0.452,0.426333333,0.376333333,0.411333333,0.433333333,0.419,0.401333333,0.403,0.384333333,0.357333333,0.415333333,0.425666667,0.42,0.382,0.377333333,0.423666667,0.434666667,0.413333333
SH,y23,0.345,0.369333333,0.386666667,0.375,0.369333333,0.410333333,0.418333333,0.377666667,0.409333333,0.404,0.417333333,0.420666667,0.408666667,0.405333333,0.404,0.420333333,0.315666667,0.320666667,0.327,0.338,0.327,0.301,0.302666667,0.310333333,0.403666667,0.437,0.426666667,0.401333333,0.375666667,0.374666667,0.371333333,0.377333333,0.243,0.231,0.241666667,0.288666667,0.293333333,0.305333333,0.319333333,0.283,0.225333333,0.248666667,0.211666667,0.175666667,0.152666667,0.158,0.192666667,0.200333333,0.374333333,0.311666667,0.268,0.261,0.244666667,0.252666667,0.327666667,0.385,0.285333333,0.262,0.232,0.213,0.188,0.194,0.254,0.288666667,0.312333333,0.338,0.382666667,0.376,0.361,0.360666667,0.354,0.337,0.498333333,0.519666667,0.520333333,0.518666667,0.495,0.502333333,0.527333333,0.503666667,0.357666667,0.382333333,0.369666667,0.329333333,0.320666667,0.356333333,0.373,0.355666667,0.401,0.415333333,0.390666667,0.349333333,0.350666667,0.374,0.389333333,0.388666667
SH,y24,0.434333333,0.482,0.474,0.449,0.431666667,0.439,0.440333333,0.417333333,0.417333333,0.423666667,0.399666667,0.383,0.398666667,0.426,0.429666667,0.415,0.418,0.413333333,0.384333333,0.374,0.349,0.382,0.443,0.446666667,0.509666667,0.442666667,0.420333333,0.462666667,0.481333333,0.484666667,0.486666667,0.492333333,0.431333333,0.441333333,0.421666667,0.382666667,0.378,0.369333333,0.403666667,0.414333333,0.199666667,0.211333333,0.214333333,0.203,0.178666667,0.186666667,0.228666667,0.234666667,0.430333333,0.396333333,0.371333333,0.368666667,0.378,0.387333333,0.436,0.454333333,0.438,0.428333333,0.431333333,0.431666667,0.422,0.433,0.461,0.454333333,0.271,0.284333333,0.270333333,0.246666667,0.234666667,0.268666667,0.299333333,0.274333333,0.352333333,0.406333333,0.428333333,0.416333333,0.380333333,0.372333333,0.349666667,0.327333333,0.289666667,0.288666667,0.291333333,0.268666667,0.257333333,0.284666667,0.300333333,0.291666667,0.429,0.493333333,0.508,0.490666667,0.475,0.474333333,0.467,0.42
SH,y25,0.275333333,0.313333333,0.297333333,0.277666667,0.276,0.315,0.305333333,0.270333333,0.392333333,0.417666667,0.424666667,0.376,0.370333333,0.399,0.392,0.365333333,0.330333333,0.317333333,0.297666667,0.301,0.325333333,0.359,0.370666667,0.335666667,0.285666667,0.26,0.234,0.24,0.259666667,0.299666667,0.315333333,0.311333333,0.271,0.281666667,0.294666667,0.290333333,0.278333333,0.312666667,0.307666667,0.283333333,0.159,0.166666667,0.201666667,0.212,0.185333333,0.178,0.177,0.175666667,0.348666667,0.345666667,0.347,0.325333333,0.303,0.305333333,0.344,0.367666667,0.303333333,0.291666667,0.257,0.262,0.270666667,0.273333333,0.276,0.276333333,0.282666667,0.334666667,0.350333333,0.323,0.288,0.305333333,0.318666667,0.285333333,0.268333333,0.281,0.280666667,0.291,0.298333333,0.308666667,0.288,0.257333333,0.378666667,0.367333333,0.353333333,0.335333333,0.309333333,0.337,0.359333333,0.364333333,0.377666667,0.394666667,0.401666667,0.378333333,0.386333333,0.413333333,0.416333333,0.397
SH,y26,0.424666667,0.464,0.455666667,0.421333333,0.414333333,0.435,0.455,0.450666667,0.356,0.358333333,0.332666667,0.325666667,0.323666667,0.337333333,0.356,0.342,0.429333333,0.417,0.405666667,0.369,0.376333333,0.433,0.450333333,0.457666667,0.313333333,0.289,0.256666667,0.265333333,0.275333333,0.290333333,0.325,0.318333333,0.303666667,0.294,0.286666667,0.299333333,0.271666667,0.267666667,0.290666667,0.307,0.286333333,0.310333333,0.304333333,0.265333333,0.241666667,0.250333333,0.264333333,0.281,0.319666667,0.308,0.311333333,0.292333333,0.287,0.301333333,0.320333333,0.332666667,0.495333333,0.442,0.402,0.432333333,0.425333333,0.435,0.473666667,0.507333333,0.280333333,0.294,0.27,0.260333333,0.259666667,0.276666667,0.277666667,0.258666667,0.312333333,0.356333333,0.341,0.301333333,0.312,0.343333333,0.342666667,0.304666667,0.285333333,0.298,0.315333333,0.287333333,0.287333333,0.326,0.352333333,0.309666667,0.318,0.369666667,0.364333333,0.317666667,0.353,0.413,0.381666667,0.310666667
TJ,y1,0.302333333,0.290333333,0.257666667,0.194,0.190333333,0.190666667,0.187666667,0.255333333,0.242666667,0.227,0.219333333,0.185,0.143333333,0.130333333,0.177,0.233,0.455333333,0.39,0.308,0.280333333,0.273666667,0.257,0.418666667,0.548333333,0.552333333,0.449,0.376,0.387333333,0.343666667,0.343,0.514333333,0.571666667,0.520333333,0.459333333,0.350333333,0.309,0.288333333,0.330333333,0.479666667,0.553333333,0.248333333,0.187333333,0.127333333,0.117666667,0.131666667,0.185333333,0.308333333,0.337666667,0.230666667,0.229,0.196666667,0.168333333,0.144,0.143666667,0.231666667,0.278,0.115,0.098333333,0.084,0.091666667,0.082666667,0.078,0.106333333,0.107666667,0.300666667,0.259,0.213666667,0.19,0.168666667,0.158333333,0.212666667,0.280666667,0.303333333,0.309333333,0.257666667,0.193,0.165,0.17,0.229333333,0.296,0.441666667,0.405333333,0.406333333,0.361,0.345666667,0.330333333,0.340333333,0.423333333,0.24,0.243333333,0.257,0.231666667,0.196666667,0.177,0.162,0.217
TJ,y2,0.337,0.320333333,0.292333333,0.214,0.170666667,0.158666667,0.170333333,0.277,0.322666667,0.315,0.322666667,0.27,0.21,0.190666667,0.231666667,0.299333333,0.451666667,0.394,0.337666667,0.307666667,0.253333333,0.261666667,0.331,0.438666667,0.378333333,0.311333333,0.275666667,0.314666667,0.331333333,0.323,0.395333333,0.465333333,0.326333333,0.249333333,0.198,0.198666667,0.195666667,0.252,0.381666667,0.401333333,0.296666667,0.211666667,0.167333333,0.128,0.099666667,0.14,0.243333333,0.290666667,0.183,0.143666667,0.103,0.106333333,0.126,0.124333333,0.195666667,0.246666667,0.229333333,0.186,0.152666667,0.158333333,0.159,0.182333333,0.237,0.238333333,0.181333333,0.164,0.164333333,0.194,0.182333333,0.149666667,0.166,0.200666667,0.197,0.193333333,0.194666667,0.19,0.15,0.132666667,0.171333333,0.219666667,0.418,0.435666667,0.408,0.367333333,0.334333333,0.274666667,0.273,0.314666667,0.365,0.337333333,0.314,0.298666667,0.306,0.316666667,0.311333333,0.354
TJ,y3,0.265,0.270666667,0.258333333,0.206666667,0.200666667,0.189666667,0.223,0.267666667,0.256333333,0.237333333,0.234333333,0.194,0.18,0.163666667,0.194,0.273333333,0.324666667,0.266333333,0.225666667,0.248,0.237,0.216,0.268666667,0.356,0.402333333,0.362,0.250333333,0.246333333,0.223333333,0.221666667,0.301333333,0.395666667,0.358666667,0.396,0.358666667,0.351666667,0.286666667,0.291666667,0.336333333,0.34,0.303,0.235333333,0.205666667,0.217333333,0.199333333,0.216333333,0.288,0.345,0.177,0.141,0.083333333,0.072666667,0.102666667,0.155333333,0.219,0.225666667,0.273666667,0.193333333,0.131333333,0.119,0.114666667,0.158,0.283,0.333666667,0.314333333,0.294666667,0.275333333,0.246333333,0.190666667,0.176333333,0.262333333,0.329333333,0.442333333,0.435333333,0.41,0.346333333,0.305666667,0.282,0.357,0.441666667,0.262333333,0.272666667,0.282,0.256333333,0.224333333,0.189,0.233333333,0.278666667,0.329,0.348666667,0.317333333,0.246,0.219,0.227,0.244,0.300333333
TJ,y4,0.411,0.392333333,0.360666667,0.341333333,0.361666667,0.372333333,0.373666667,0.391666667,0.311,0.293666667,0.253666667,0.239666667,0.218666667,0.228333333,0.311666667,0.35,0.426333333,0.363333333,0.332,0.325,0.308333333,0.273333333,0.343333333,0.442,0.394,0.355666667,0.277333333,0.254,0.255,0.327,0.443333333,0.453666667,0.356666667,0.302333333,0.237333333,0.235666667,0.212333333,0.211,0.278,0.351333333,0.349333333,0.257333333,0.173333333,0.136,0.191,0.315,0.440333333,0.456,0.22,0.183333333,0.14,0.158,0.154666667,0.161666667,0.179666667,0.206333333,0.163666667,0.107666667,0.069,0.080333333,0.088333333,0.107333333,0.142,0.193333333,0.193,0.179,0.150666667,0.140666667,0.119666667,0.158,0.258666667,0.249333333,0.193333333,0.162666667,0.169666667,0.200666667,0.195333333,0.2,0.261,0.271,0.402,0.425333333,0.409,0.336,0.300666667,0.246666667,0.278333333,0.369,0.316,0.316333333,0.274,0.244,0.260666667,0.267,0.257666667,0.297
TJ,y5,0.383666667,0.366333333,0.341333333,0.268,0.249,0.255666667,0.303666667,0.413333333,0.386,0.310333333,0.262333333,0.245333333,0.254,0.243333333,0.301333333,0.453666667,0.358333333,0.388333333,0.368333333,0.28,0.219333333,0.224333333,0.318,0.358,0.367,0.340666667,0.309333333,0.318333333,0.24,0.250333333,0.381,0.435333333,0.363,0.294666667,0.285333333,0.287,0.259333333,0.274,0.388333333,0.445666667,0.4,0.332333333,0.243,0.199,0.179333333,0.238,0.368,0.451666667,0.119666667,0.079333333,0.068333333,0.084,0.083666667,0.100666667,0.150333333,0.163333333,0.185666667,0.184666667,0.183,0.185,0.163666667,0.187666667,0.229333333,0.219333333,0.227333333,0.218666667,0.219666667,0.213333333,0.186333333,0.183666667,0.246,0.27,0.317,0.314666667,0.29,0.242,0.193333333,0.176333333,0.252666667,0.318666667,0.304666667,0.316333333,0.32,0.266,0.246333333,0.222,0.244333333,0.297666667,0.359666667,0.354333333,0.367,0.348666667,0.334666667,0.302333333,0.300666667,0.367666667
TJ,y6,0.328666667,0.348333333,0.352,0.275333333,0.22,0.230333333,0.258,0.331333333,0.287333333,0.280333333,0.240333333,0.187333333,0.177333333,0.147,0.176333333,0.234333333,0.355333333,0.31,0.224666667,0.226333333,0.257666667,0.298,0.366,0.377,0.503333333,0.416666667,0.331,0.370333333,0.360666667,0.382333333,0.571,0.610333333,0.37,0.298,0.222666667,0.26,0.228,0.253333333,0.381,0.430333333,0.28,0.202666667,0.111333333,0.081333333,0.140666667,0.189,0.254666667,0.315,0.315,0.223666667,0.146666667,0.143333333,0.119,0.148,0.233,0.331,0.122,0.099333333,0.067666667,0.054,0.047333333,0.077666667,0.135666667,0.153333333,0.153333333,0.155,0.113333333,0.094333333,0.065666667,0.063,0.104333333,0.136666667,0.338,0.328333333,0.334333333,0.296333333,0.209666667,0.195333333,0.241333333,0.308,0.366333333,0.345666667,0.317666667,0.272666667,0.237666667,0.223,0.265333333,0.347,0.330666667,0.275666667,0.239333333,0.228333333,0.233,0.252,0.29,0.351666667
TJ,y7,0.350333333,0.338,0.316333333,0.252,0.232,0.25,0.302,0.355,0.379,0.345666667,0.327,0.282333333,0.228333333,0.233666667,0.355,0.424,0.499333333,0.451,0.371666667,0.269333333,0.279333333,0.307666667,0.424666667,0.531,0.393666667,0.338,0.326,0.370666667,0.278666667,0.271666667,0.369,0.427,0.452333333,0.352,0.267,0.258,0.222,0.273,0.418,0.521666667,0.296666667,0.265,0.185,0.132333333,0.090333333,0.119666667,0.220666667,0.303333333,0.178333333,0.137333333,0.105,0.103,0.106333333,0.147,0.223666667,0.262666667,0.100666667,0.103333333,0.091333333,0.103333333,0.101,0.105333333,0.126666667,0.125333333,0.144,0.164333333,0.158666667,0.14,0.098666667,0.078,0.119666667,0.145333333,0.208666667,0.219666667,0.190333333,0.154333333,0.135333333,0.127333333,0.165666667,0.204666667,0.335333333,0.338333333,0.354333333,0.321,0.267,0.229333333,0.229666667,0.290666667,0.293666667,0.302666667,0.278666667,0.245,0.224333333,0.203666667,0.219333333,0.275333333
TJ,y8,0.345,0.341,0.307333333,0.267333333,0.275666667,0.248,0.269333333,0.319,0.220333333,0.200333333,0.170666667,0.130333333,0.156,0.162666667,0.205,0.259666667,0.426333333,0.308333333,0.26,0.333333333,0.356,0.382333333,0.502333333,0.558666667,0.533,0.512666667,0.440333333,0.415,0.391,0.445,0.52,0.538666667,0.275,0.202,0.135,0.176,0.166333333,0.184,0.248,0.317,0.240333333,0.228333333,0.210666667,0.195666667,0.210666667,0.292,0.382666667,0.322333333,0.144666667,0.136333333,0.104666667,0.113333333,0.091333333,0.097666667,0.152,0.157,0.167,0.19,0.157333333,0.119,0.059666667,0.053333333,0.121,0.163333333,0.208,0.179666667,0.151666667,0.157333333,0.130666667,0.113666667,0.173,0.216666667,0.476666667,0.436333333,0.386666667,0.337,0.260666667,0.262333333,0.370333333,0.472,0.375333333,0.356,0.347,0.292666667,0.278666667,0.295333333,0.305666667,0.385666667,0.274333333,0.265333333,0.275333333,0.241666667,0.184666667,0.166,0.199666667,0.264333333
TJ,y9,0.283666667,0.309666667,0.299666667,0.229,0.186,0.175333333,0.236333333,0.267,0.241333333,0.261333333,0.241666667,0.182666667,0.122666667,0.11,0.169666667,0.242333333,0.280666667,0.252,0.225666667,0.208666667,0.161666667,0.162666667,0.22,0.272,0.453333333,0.391,0.296,0.289,0.219,0.245666667,0.370666667,0.461,0.360333333,0.313666667,0.257333333,0.243,0.243666667,0.276333333,0.346,0.379666667,0.226333333,0.186,0.106666667,0.104666667,0.102333333,0.131333333,0.226,0.259333333,0.139333333,0.134,0.108,0.099,0.08,0.081333333,0.161666667,0.190333333,0.147666667,0.099666667,0.057333333,0.067,0.093,0.116666667,0.170666667,0.182,0.24,0.230666667,0.197666667,0.198333333,0.155666667,0.172,0.231333333,0.258666667,0.491333333,0.435,0.375,0.356333333,0.339333333,0.303666667,0.356666667,0.474666667,0.343,0.340333333,0.328666667,0.299333333,0.282666667,0.300666667,0.337,0.354,0.353333333,0.339666667,0.294,0.256666667,0.224,0.223333333,0.270333333,0.325333333
TJ,y10,0.334,0.331,0.349,0.298,0.255666667,0.242666667,0.245666667,0.3,0.442,0.392,0.374,0.412,0.447333333,0.452,0.504,0.49,0.448,0.396,0.332333333,0.298333333,0.268,0.266333333,0.354666667,0.458,0.527,0.462666667,0.367333333,0.347333333,0.341333333,0.392666667,0.482666667,0.535,0.402,0.322333333,0.232,0.251333333,0.245666667,0.251666667,0.355666667,0.408,0.215666667,0.146333333,0.102333333,0.128,0.112666667,0.138333333,0.2,0.257,0.193333333,0.182,0.196333333,0.203333333,0.178333333,0.184,0.200333333,0.219666667,0.143333333,0.151,0.124333333,0.123333333,0.106333333,0.110666667,0.126333333,0.143666667,0.238333333,0.208,0.197666667,0.17,0.136333333,0.145333333,0.212666667,0.273666667,0.296,0.306,0.314333333,0.272,0.231333333,0.198,0.235666667,0.282333333,0.306666667,0.310666667,0.287,0.242666667,0.238,0.217333333,0.27,0.327,0.306666667,0.29,0.272333333,0.242,0.239333333,0.240333333,0.274,0.317666667
TJ,y11,0.350666667,0.316333333,0.272,0.206666667,0.197666667,0.217333333,0.232666667,0.319666667,0.335333333,0.373,0.402333333,0.346666667,0.287666667,0.240666667,0.234333333,0.277666667,0.442,0.399,0.336333333,0.308666667,0.293333333,0.259,0.376,0.507333333,0.492333333,0.450333333,0.370666667,0.342,0.332,0.353666667,0.488666667,0.541333333,0.420666667,0.329333333,0.235,0.239666667,0.240666667,0.296666667,0.451,0.486,0.271,0.217,0.129333333,0.110666667,0.137666667,0.264666667,0.383333333,0.377,0.193,0.137,0.086333333,0.087333333,0.084666667,0.108666667,0.187666667,0.222333333,0.174333333,0.200666667,0.218666667,0.225,0.190666667,0.170666667,0.183333333,0.182,0.161,0.151666667,0.124,0.099,0.072,0.088333333,0.175333333,0.183,0.281666667,0.253666667,0.210333333,0.196666667,0.174,0.136333333,0.194333333,0.28,0.272333333,0.259,0.217,0.177333333,0.180666667,0.183666667,0.195333333,0.258666667,0.463333333,0.449333333,0.430666667,0.391666667,0.340666667,0.349,0.396,0.434333333
TJ,y12,0.266,0.267666667,0.305333333,0.275333333,0.24,0.232666667,0.266333333,0.279,0.419,0.366666667,0.272666667,0.228333333,0.233666667,0.226666667,0.336333333,0.438333333,0.463333333,0.361333333,0.285,0.263333333,0.228333333,0.212,0.389333333,0.527666667,0.448,0.397666667,0.366333333,0.349333333,0.314333333,0.340333333,0.414,0.424666667,0.395,0.390333333,0.294,0.296333333,0.310333333,0.357666667,0.386,0.391666667,0.304,0.247333333,0.177333333,0.189333333,0.175,0.213666667,0.325333333,0.352666667,0.164666667,0.147333333,0.118333333,0.124,0.137333333,0.168333333,0.232,0.222333333,0.130333333,0.102666667,0.072666667,0.06,0.068333333,0.079333333,0.123666667,0.143333333,0.126666667,0.148,0.163333333,0.153333333,0.138,0.143,0.173,0.160666667,0.273,0.255666667,0.234,0.215333333,0.181666667,0.192,0.277,0.285333333,0.309333333,0.293666667,0.297,0.292,0.305333333,0.292,0.319666667,0.343666667,0.293666667,0.291,0.282,0.234,0.202666667,0.176,0.167,0.218
TJ,y13,0.269666667,0.246,0.216666667,0.150333333,0.144333333,0.155333333,0.189,0.248666667,0.289666667,0.248666667,0.235,0.236666667,0.219333333,0.217333333,0.291333333,0.332333333,0.329,0.342333333,0.318333333,0.265333333,0.259333333,0.266333333,0.336,0.368666667,0.412666667,0.366,0.33,0.304666667,0.248666667,0.271666667,0.385333333,0.428666667,0.521333333,0.42,0.305333333,0.291333333,0.253666667,0.293333333,0.404666667,0.526,0.231666667,0.186333333,0.107,0.081,0.095333333,0.174,0.266666667,0.267666667,0.157,0.108666667,0.087333333,0.109333333,0.107,0.118666667,0.177,0.206666667,0.089,0.074666667,0.076333333,0.093666667,0.102,0.101666667,0.118666667,0.112,0.120333333,0.159333333,0.156,0.135,0.066,0.055666667,0.091666667,0.100333333,0.196,0.214666667,0.207,0.197666667,0.18,0.181333333,0.214666667,0.231,0.330666667,0.348666667,0.359666667,0.327,0.282,0.263333333,0.271,0.309666667,0.332666667,0.3,0.234,0.214333333,0.195666667,0.206666667,0.266333333,0.324
TJ,y14,0.313333333,0.304333333,0.310666667,0.257333333,0.197,0.182333333,0.213333333,0.261333333,0.407666667,0.307666667,0.247666667,0.208333333,0.171666667,0.158333333,0.231,0.368666667,0.411666667,0.335,0.247333333,0.214333333,0.187333333,0.195333333,0.315666667,0.409333333,0.451666667,0.381,0.318333333,0.317666667,0.289333333,0.318,0.476666667,0.518666667,0.389,0.343333333,0.297,0.314333333,0.285666667,0.322,0.409,0.429666667,0.22,0.176333333,0.148666667,0.157,0.191666667,0.242,0.297666667,0.281,0.144,0.121,0.086333333,0.089,0.105666667,0.105333333,0.147666667,0.167666667,0.140666667,0.133,0.120666667,0.113333333,0.116666667,0.163333333,0.190333333,0.165333333,0.182666667,0.197333333,0.175666667,0.129666667,0.067333333,0.090666667,0.163,0.192,0.3,0.270666667,0.234666667,0.225666667,0.230666667,0.205333333,0.225,0.302333333,0.356666667,0.348333333,0.272666667,0.227666667,0.210666667,0.175666667,0.197,0.288,0.472333333,0.44,0.407333333,0.383333333,0.408,0.419,0.437333333,0.48
TJ,y15,0.361666667,0.335,0.343333333,0.326666667,0.309666667,0.292666667,0.329666667,0.355333333,0.292666667,0.266333333,0.235333333,0.225,0.184333333,0.199333333,0.265333333,0.313333333,0.415333333,0.376333333,0.331,0.296666667,0.268666667,0.267333333,0.359333333,0.466333333,0.419333333,0.355666667,0.289333333,0.333666667,0.266666667,0.242333333,0.328333333,0.434333333,0.378,0.353333333,0.282333333,0.277333333,0.249666667,0.265,0.336666667,0.380333333,0.34,0.275,0.221333333,0.191,0.187666667,0.236,0.333,0.437,0.260333333,0.218666667,0.135,0.094333333,0.072,0.103333333,0.216666667,0.285666667,0.106666667,0.101333333,0.084666667,0.066,0.056333333,0.059666667,0.095,0.119,0.223,0.204666667,0.182666667,0.156333333,0.095666667,0.095333333,0.201333333,0.237333333,0.298,0.295,0.261333333,0.214,0.199333333,0.194666667,0.256666667,0.315666667,0.493666667,0.462333333,0.436333333,0.397,0.36,0.338,0.391,0.496,0.349,0.289666667,0.268333333,0.225,0.237666667,0.266,0.284,0.340666667
TJ,y16,0.421666667,0.383,0.334333333,0.283,0.267333333,0.282333333,0.286,0.356,0.320333333,0.337333333,0.354333333,0.314,0.230333333,0.205,0.245,0.264666667,0.395666667,0.417666667,0.366666667,0.322,0.279666667,0.269333333,0.347666667,0.405,0.474,0.441333333,0.367666667,0.400333333,0.416333333,0.393,0.421,0.479,0.366666667,0.368333333,0.312,0.313333333,0.26,0.239333333,0.328333333,0.355,0.150333333,0.100333333,0.068666667,0.091666667,0.134,0.187666667,0.261333333,0.231333333,0.190666667,0.136333333,0.088,0.068,0.065333333,0.134666667,0.221,0.234,0.121333333,0.153666667,0.141666667,0.117333333,0.093333333,0.136666667,0.150333333,0.126333333,0.172666667,0.161333333,0.132333333,0.145333333,0.162666667,0.192666667,0.22,0.207,0.295333333,0.291,0.286333333,0.243,0.198666667,0.207666667,0.255666667,0.280333333,0.277,0.257666667,0.259666667,0.263333333,0.265,0.24,0.267,0.298666667,0.468333333,0.461,0.469666667,0.441,0.432,0.408,0.434666667,0.472
TJ,y17,0.422666667,0.383,0.34,0.256333333,0.230333333,0.22,0.223333333,0.392,0.175,0.170333333,0.175666667,0.18,0.181,0.165333333,0.214,0.213666667,0.424333333,0.382666667,0.300333333,0.209,0.159333333,0.170666667,0.3,0.424333333,0.435666667,0.362666667,0.309333333,0.329333333,0.257,0.279,0.428,0.496666667,0.441,0.354,0.253,0.276666667,0.276666667,0.312333333,0.399333333,0.467333333,0.266666667,0.218666667,0.166666667,0.157,0.141,0.238,0.352,0.339333333,0.155,0.117,0.089333333,0.093666667,0.107333333,0.129,0.208,0.219,0.129,0.114333333,0.087666667,0.098666667,0.099333333,0.077666667,0.090666667,0.113666667,0.149333333,0.135333333,0.13,0.125,0.089,0.083,0.123,0.147,0.238,0.219666667,0.220333333,0.212666667,0.159333333,0.136333333,0.174,0.226666667,0.198333333,0.227,0.235,0.195333333,0.157666667,0.146666667,0.166,0.171333333,0.339,0.329,0.32,0.279666667,0.227,0.213666667,0.231666667,0.295333333
TJ,y18,0.250333333,0.283333333,0.263333333,0.199666667,0.171333333,0.167,0.176333333,0.205333333,0.35,0.303666667,0.280333333,0.236333333,0.179666667,0.182,0.252,0.341333333,0.341,0.300666667,0.271,0.300666667,0.264333333,0.273666667,0.309666667,0.346,0.521666667,0.489333333,0.351666667,0.306333333,0.323,0.390333333,0.553333333,0.551,0.296333333,0.221,0.128333333,0.144,0.139333333,0.209333333,0.305666667,0.348333333,0.288,0.210333333,0.160333333,0.147,0.18,0.261,0.353,0.353333333,0.140333333,0.14,0.14,0.131666667,0.129333333,0.134666667,0.146333333,0.15,0.129333333,0.16,0.164333333,0.143666667,0.118666667,0.125333333,0.130333333,0.116333333,0.144666667,0.123,0.091,0.075,0.053333333,0.046,0.066,0.12,0.331,0.279,0.244333333,0.235,0.229666667,0.214,0.241333333,0.301,0.416,0.372666667,0.294333333,0.215,0.226333333,0.261333333,0.331,0.398333333,0.355666667,0.374666667,0.371,0.310333333,0.262,0.237666667,0.236333333,0.291333333
TJ,y19,0.229666667,0.231,0.227,0.197,0.179,0.150666667,0.155666667,0.191333333,0.290666667,0.341666667,0.309,0.219,0.180666667,0.15,0.159333333,0.210333333,0.374333333,0.356666667,0.303666667,0.283,0.255,0.249,0.364333333,0.436333333,0.438666667,0.448333333,0.351666667,0.363666667,0.315,0.348,0.395,0.406666667,0.327666667,0.326333333,0.269,0.271333333,0.263333333,0.28,0.321666667,0.377333333,0.270666667,0.222,0.168,0.167666667,0.182333333,0.221666667,0.310333333,0.315666667,0.265666667,0.189,0.138333333,0.120666667,0.110333333,0.144666667,0.219333333,0.266666667,0.137333333,0.113333333,0.071333333,0.051,0.060333333,0.091666667,0.154666667,0.177333333,0.186666667,0.179,0.171666667,0.174666667,0.132,0.14,0.181,0.185,0.249,0.229666667,0.195,0.158333333,0.17,0.207,0.247333333,0.272,0.280666667,0.261666667,0.258333333,0.253333333,0.264666667,0.247333333,0.266333333,0.290333333,0.333666667,0.310666667,0.339,0.319666667,0.268,0.232333333,0.236333333,0.296
TJ,y20,0.283666667,0.312333333,0.279333333,0.202,0.141,0.147666667,0.215666667,0.259666667,0.220666667,0.211666667,0.193,0.148333333,0.117333333,0.120666667,0.161,0.188666667,0.349,0.311,0.235333333,0.192666667,0.111,0.111,0.262,0.369,0.323666667,0.286666667,0.233666667,0.247666667,0.230666667,0.222333333,0.307,0.363,0.507,0.424666667,0.369333333,0.400666667,0.354666667,0.391666667,0.501333333,0.528666667,0.119666667,0.120666667,0.079333333,0.082333333,0.099,0.119333333,0.143333333,0.132333333,0.210333333,0.157333333,0.091333333,0.063,0.066666667,0.113333333,0.235333333,0.264666667,0.087,0.072666667,0.042,0.044333333,0.039333333,0.047333333,0.087333333,0.102333333,0.122333333,0.121,0.103333333,0.086,0.065,0.069,0.122,0.143333333,0.295666667,0.303333333,0.292,0.250666667,0.182,0.149666667,0.212333333,0.275333333,0.262666667,0.237666667,0.234333333,0.213666667,0.186666667,0.164,0.177666667,0.220666667,0.39,0.364333333,0.341333333,0.347666667,0.377666667,0.394666667,0.405333333,0.421666667
TJ,y21,0.273,0.270666667,0.247,0.184666667,0.168666667,0.151333333,0.187333333,0.240666667,0.298,0.287333333,0.248,0.203,0.171333333,0.135,0.236666667,0.345,0.405,0.340666667,0.3,0.291666667,0.232666667,0.243666667,0.364333333,0.443333333,0.416,0.400666667,0.334666667,0.324666667,0.275666667,0.258666667,0.359,0.451,0.422333333,0.416666667,0.315666667,0.283666667,0.252666667,0.272333333,0.339333333,0.411,0.217333333,0.166333333,0.144333333,0.165,0.150333333,0.162666667,0.219666667,0.234333333,0.130666667,0.095333333,0.054666667,0.049333333,0.059666667,0.085333333,0.136,0.156666667,0.134333333,0.138,0.090666667,0.081666667,0.072333333,0.073666667,0.120666667,0.129,0.160333333,0.160333333,0.149666667,0.126,0.084333333,0.07,0.117333333,0.153,0.337666667,0.385666667,0.350666667,0.317,0.318333333,0.292,0.308666667,0.308333333,0.358333333,0.379666667,0.358666667,0.311333333,0.289333333,0.3,0.320666667,0.331333333,0.244,0.238666667,0.235,0.222333333,0.206666667,0.191,0.215666667,0.232333333
TJ,y22,0.358,0.354,0.329,0.269,0.241,0.254333333,0.28,0.313666667,0.355333333,0.268,0.247333333,0.262666667,0.292,0.295666667,0.369333333,0.416666667,0.381666667,0.315333333,0.269333333,0.219666667,0.151666667,0.124666667,0.241333333,0.379,0.417666667,0.348333333,0.281333333,0.304333333,0.306,0.328,0.363666667,0.428,0.399,0.305666667,0.205,0.249666667,0.231,0.266333333,0.369333333,0.398333333,0.297333333,0.269333333,0.198333333,0.147666667,0.126666667,0.144666667,0.226666667,0.296333333,0.153,0.137333333,0.103,0.104,0.126666667,0.132666667,0.15,0.174666667,0.099,0.105666667,0.133,0.144666667,0.145,0.126,0.127,0.120666667,0.109333333,0.127,0.132,0.106,0.086666667,0.085,0.133,0.129666667,0.306666667,0.303666667,0.329,0.303666667,0.237,0.214333333,0.266666667,0.306666667,0.362333333,0.343333333,0.312333333,0.283,0.232333333,0.235333333,0.299,0.359,0.212666667,0.244666667,0.246333333,0.198333333,0.161666667,0.141333333,0.170333333,0.201
TJ,y23,0.279666667,0.265,0.224666667,0.167666667,0.159666667,0.176,0.212,0.264666667,0.331333333,0.316333333,0.268666667,0.219666667,0.173,0.164333333,0.256666667,0.307,0.311666667,0.222333333,0.155333333,0.179666667,0.163666667,0.179333333,0.272333333,0.346,0.378,0.328666667,0.264333333,0.241,0.168333333,0.2,0.327333333,0.372333333,0.406666667,0.353333333,0.249333333,0.220333333,0.233666667,0.340666667,0.39,0.402333333,0.344,0.286,0.196333333,0.192333333,0.186333333,0.219333333,0.316333333,0.377,0.145,0.123,0.116,0.122666667,0.12,0.150666667,0.170333333,0.197,0.126333333,0.128,0.092666667,0.077,0.085666667,0.105333333,0.126,0.127333333,0.211666667,0.199333333,0.151333333,0.099,0.066,0.102666667,0.188,0.21,0.247333333,0.246333333,0.197666667,0.182,0.161666667,0.133,0.166,0.199666667,0.434,0.388333333,0.343333333,0.322333333,0.307333333,0.303666667,0.350333333,0.422333333,0.343666667,0.315,0.311333333,0.324666667,0.303333333,0.251666667,0.244666667,0.310666667
TJ,y24,0.375666667,0.395333333,0.393,0.341666667,0.273666667,0.264,0.272666667,0.32,0.368666667,0.331666667,0.306666667,0.305,0.265,0.246333333,0.297,0.344,0.466333333,0.440666667,0.404666667,0.372,0.313333333,0.263666667,0.327333333,0.406666667,0.559333333,0.519,0.408333333,0.392666667,0.367666667,0.332333333,0.412333333,0.537333333,0.326,0.285,0.222,0.241666667,0.252,0.266,0.353,0.381333333,0.349666667,0.312333333,0.218666667,0.168666667,0.138,0.151,0.267,0.343666667,0.324333333,0.258333333,0.171333333,0.131333333,0.152333333,0.201,0.245666667,0.289333333,0.191666667,0.191333333,0.171333333,0.18,0.172,0.163333333,0.202333333,0.211333333,0.163666667,0.148333333,0.142,0.148,0.146666667,0.147333333,0.170666667,0.198,0.250333333,0.249666667,0.216,0.206666667,0.202,0.198333333,0.225666667,0.264666667,0.223666667,0.208333333,0.2,0.173,0.161333333,0.153666667,0.179333333,0.198,0.303666667,0.304333333,0.312,0.257666667,0.202666667,0.196333333,0.204666667,0.255
TJ,y25,0.274666667,0.282666667,0.262,0.203333333,0.148333333,0.139,0.206,0.276,0.256,0.272666667,0.266,0.201333333,0.145666667,0.135333333,0.161666667,0.206666667,0.428333333,0.353,0.293666667,0.276,0.232666667,0.216,0.298333333,0.422,0.362666667,0.378666667,0.303,0.320666667,0.282,0.293666667,0.359666667,0.339666667,0.530666667,0.416,0.321,0.289,0.244333333,0.287,0.445333333,0.568666667,0.287,0.250666667,0.164333333,0.136333333,0.124666667,0.176333333,0.315,0.329,0.155,0.111666667,0.071,0.069666667,0.088,0.128333333,0.197,0.200333333,0.192666667,0.176,0.153333333,0.171666667,0.161666667,0.164333333,0.193666667,0.220333333,0.163333333,0.166,0.160333333,0.139,0.099666667,0.104666667,0.164,0.162666667,0.288,0.260666667,0.218666667,0.165666667,0.119,0.147,0.230333333,0.294666667,0.357,0.356666667,0.368333333,0.346,0.277,0.240666667,0.260666667,0.314666667,0.287,0.247666667,0.233333333,0.229666667,0.211666667,0.205,0.22,0.248333333
TJ,y26,0.183666667,0.185666667,0.172333333,0.128,0.083,0.088666667,0.116,0.152,0.324333333,0.312666667,0.292666667,0.256333333,0.218333333,0.191333333,0.217,0.277,0.402,0.370666667,0.339333333,0.361,0.330333333,0.319,0.412666667,0.476666667,0.458,0.428333333,0.361333333,0.321333333,0.249,0.264333333,0.413333333,0.432666667,0.337333333,0.326666667,0.266333333,0.205333333,0.186333333,0.256333333,0.349,0.394,0.285,0.251666667,0.162,0.113,0.129333333,0.231666667,0.341666667,0.324333333,0.126666667,0.115333333,0.097,0.074666667,0.066666667,0.092,0.147333333,0.156666667,0.196,0.161333333,0.128666667,0.144,0.187333333,0.168333333,0.165,0.189,0.136333333,0.164333333,0.149,0.132666667,0.127666667,0.121333333,0.116666667,0.121333333,0.271333333,0.262333333,0.230666667,0.168666667,0.136333333,0.139333333,0.172,0.242333333,0.316333333,0.307666667,0.269,0.229,0.216666667,0.195,0.241666667,0.294,0.360333333,0.349666667,0.301,0.240333333,0.218,0.199333333,0.206,0.279666667
ZJ,y1,0.47,0.504333333,0.501333333,0.467666667,0.485666667,0.538333333,0.527666667,0.476,0.388333333,0.414333333,0.405,0.363666667,0.383666667,0.461,0.452666667,0.381666667,0.351,0.377,0.370666667,0.348333333,0.348666667,0.365,0.378333333,0.360333333,0.292333333,0.292666667,0.314333333,0.302333333,0.292666667,0.308666667,0.321333333,0.299666667,0.353,0.340333333,0.338666667,0.366666667,0.372666667,0.396333333,0.388,0.360666667,0.276333333,0.284333333,0.316666667,0.33,0.325666667,0.322666667,0.317666667,0.319,0.465333333,0.443333333,0.401666667,0.400666667,0.414333333,0.404,0.413666667,0.45,0.378666667,0.353333333,0.325,0.316333333,0.306666667,0.309333333,0.343666667,0.376333333,0.303666667,0.310666667,0.329333333,0.320333333,0.321333333,0.353,0.374333333,0.342333333,0.339,0.361666667,0.417333333,0.421666667,0.414666667,0.452333333,0.454333333,0.387333333,0.363666667,0.38,0.378333333,0.361666667,0.351666667,0.380666667,0.378333333,0.359333333,0.384333333,0.416,0.446,0.425,0.438333333,0.494,0.489333333,0.414333333
ZJ,y2,0.326333333,0.384,0.43,0.416333333,0.416666667,0.46,0.437,0.353333333,0.478666667,0.497,0.509333333,0.509,0.518,0.543,0.536666667,0.489666667,0.434,0.459,0.476,0.466333333,0.453666667,0.484333333,0.492,0.444333333,0.408,0.412333333,0.417333333,0.416,0.415,0.451333333,0.478333333,0.444666667,0.178333333,0.181333333,0.184333333,0.167666667,0.168333333,0.184333333,0.192,0.182333333,0.346,0.333333333,0.315666667,0.322,0.335,0.339666667,0.345666667,0.360333333,0.434333333,0.407,0.394666667,0.405333333,0.417333333,0.416,0.429333333,0.434333333,0.279333333,0.254333333,0.242333333,0.238666667,0.235,0.241666667,0.254,0.275666667,0.209666667,0.219666667,0.257333333,0.259333333,0.239666667,0.262666667,0.287,0.265,0.479666667,0.498666667,0.524,0.512333333,0.501333333,0.540666667,0.558,0.504333333,0.359666667,0.368666667,0.404666667,0.401333333,0.402666667,0.437,0.441666667,0.395333333,0.342333333,0.364333333,0.368,0.350333333,0.343666667,0.358,0.364,0.336
ZJ,y3,0.380666667,0.422,0.431666667,0.399333333,0.415,0.465,0.446666667,0.387,0.381,0.416333333,0.429,0.400333333,0.414666667,0.487,0.463666667,0.387333333,0.328,0.364,0.412333333,0.405,0.392,0.385666667,0.374666667,0.325333333,0.287333333,0.294333333,0.304666667,0.287333333,0.284333333,0.328,0.342,0.317666667,0.346333333,0.325,0.319333333,0.322333333,0.335666667,0.353,0.378,0.369,0.238666667,0.236666667,0.237,0.244,0.262333333,0.278666667,0.276666667,0.263,0.420666667,0.392333333,0.385333333,0.395666667,0.406333333,0.415,0.431666667,0.439333333,0.325666667,0.302666667,0.308,0.318666667,0.310666667,0.295666667,0.321,0.352,0.416666667,0.436,0.449333333,0.435666667,0.433666667,0.453333333,0.458,0.425333333,0.180666667,0.192666667,0.193333333,0.18,0.185,0.217666667,0.229,0.201333333,0.361,0.369,0.398,0.399666667,0.387,0.414333333,0.417,0.391,0.452666667,0.487,0.507333333,0.478666667,0.463666667,0.482333333,0.484666667,0.452333333
ZJ,y4,0.484666667,0.512333333,0.518333333,0.495333333,0.483333333,0.51,0.527666667,0.493,0.421,0.474,0.485,0.446,0.456333333,0.481,0.451666667,0.409,0.359333333,0.393666667,0.411333333,0.382,0.353333333,0.351,0.351,0.359,0.360333333,0.324333333,0.315333333,0.324666667,0.323333333,0.341666667,0.378333333,0.394333333,0.245,0.268333333,0.293333333,0.294333333,0.277,0.265666667,0.272333333,0.254,0.311,0.312666667,0.344333333,0.346666667,0.346666667,0.342333333,0.341666667,0.340666667,0.345,0.316333333,0.287,0.282666667,0.291666667,0.304,0.332333333,0.352333333,0.414666667,0.379666667,0.361,0.346,0.347333333,0.356333333,0.393,0.422,0.307,0.343333333,0.379,0.376,0.362333333,0.38,0.372666667,0.332333333,0.528333333,0.563,0.583,0.562333333,0.547,0.572333333,0.569,0.521666667,0.325333333,0.353333333,0.380666667,0.358666667,0.342666667,0.375666667,0.383333333,0.337333333,0.385333333,0.445,0.460666667,0.438333333,0.448,0.483666667,0.468333333,0.403
ZJ,y5,0.391666667,0.461333333,0.479666667,0.449666667,0.443,0.488,0.476666667,0.402,0.339,0.357666667,0.381333333,0.371333333,0.362666667,0.383666667,0.370333333,0.333666667,0.473333333,0.490333333,0.498666667,0.491333333,0.497666667,0.534333333,0.559333333,0.509333333,0.346,0.379333333,0.385,0.368,0.355333333,0.374,0.364666667,0.34,0.256666667,0.258,0.279,0.286,0.290666667,0.291666667,0.285666667,0.273,0.342666667,0.35,0.363666667,0.359333333,0.367333333,0.369333333,0.374,0.354333333,0.238666667,0.228666667,0.256333333,0.27,0.258,0.263,0.292,0.294333333,0.372666667,0.354666667,0.337,0.318,0.308,0.313333333,0.342666667,0.363333333,0.378333333,0.386,0.382,0.371,0.361333333,0.362666667,0.378,0.370333333,0.309333333,0.324,0.365666667,0.361333333,0.344,0.377666667,0.395333333,0.346333333,0.367666667,0.391,0.410333333,0.395,0.391,0.426333333,0.442333333,0.409,0.447666667,0.469333333,0.473666667,0.440666667,0.432333333,0.463666667,0.469333333,0.444333333
ZJ,y6,0.527333333,0.567666667,0.586333333,0.578333333,0.572333333,0.609333333,0.633333333,0.582666667,0.453,0.479333333,0.492666667,0.451,0.463,0.533666667,0.528333333,0.454,0.323,0.367,0.418333333,0.403,0.390333333,0.427666667,0.429,0.365666667,0.274,0.306666667,0.339333333,0.339666667,0.337666667,0.357666667,0.358,0.308666667,0.208,0.173666667,0.168666667,0.18,0.183,0.218666667,0.251666667,0.244333333,0.384,0.381,0.390333333,0.381666667,0.361333333,0.356,0.375,0.394333333,0.431666667,0.420333333,0.414666667,0.401333333,0.383333333,0.383333333,0.429333333,0.458666667,0.353,0.328,0.326666667,0.341666667,0.340666667,0.341,0.362333333,0.374333333,0.389,0.398333333,0.404333333,0.399,0.379,0.377666667,0.398666667,0.395333333,0.358666667,0.395333333,0.441666667,0.425666667,0.384333333,0.403666667,0.44,0.422333333,0.546333333,0.546,0.555666667,0.544333333,0.534,0.57,0.600333333,0.560333333,0.362666667,0.399666667,0.42,0.391333333,0.371,0.404666667,0.420333333,0.395333333
ZJ,y7,0.469333333,0.480666667,0.496333333,0.479,0.467666667,0.498333333,0.517666667,0.478333333,0.488333333,0.502333333,0.511333333,0.478333333,0.463666667,0.497666667,0.518666667,0.508666667,0.374666667,0.402,0.403666667,0.368666667,0.344333333,0.345666667,0.344666667,0.345666667,0.299,0.335333333,0.373333333,0.376333333,0.351666667,0.346,0.359333333,0.338,0.174666667,0.181,0.197666667,0.202666667,0.195333333,0.207333333,0.208666667,0.195333333,0.315,0.301333333,0.319,0.342666667,0.345333333,0.347333333,0.356,0.349333333,0.370333333,0.328,0.296,0.273333333,0.280666667,0.302,0.34,0.377,0.253,0.267333333,0.295333333,0.290666667,0.28,0.279666667,0.287666667,0.274666667,0.560333333,0.607333333,0.659,0.654666667,0.637,0.65,0.651,0.602333333,0.364333333,0.394,0.431,0.421333333,0.403,0.434666667,0.431666667,0.378,0.355,0.376333333,0.396333333,0.389,0.39,0.413333333,0.420333333,0.378666667,0.479666667,0.505,0.522666667,0.493,0.479333333,0.506666667,0.506,0.481
ZJ,y8,0.44,0.474333333,0.474333333,0.457,0.462666667,0.486666667,0.461666667,0.426,0.249333333,0.290666667,0.300666667,0.255666667,0.265333333,0.303666667,0.299666667,0.25,0.285333333,0.314666667,0.336666667,0.328666667,0.301333333,0.306,0.316666667,0.297666667,0.399,0.414333333,0.420666667,0.398,0.389666667,0.373,0.41,0.415333333,0.233333333,0.24,0.238666667,0.242666667,0.237,0.256,0.268333333,0.25,0.294666667,0.273333333,0.275,0.270666667,0.255333333,0.273333333,0.308333333,0.328666667,0.305666667,0.278333333,0.259,0.257333333,0.262333333,0.266333333,0.284333333,0.299,0.300333333,0.29,0.296,0.304,0.307,0.311,0.321,0.320333333,0.335333333,0.331333333,0.358,0.363666667,0.354666667,0.368,0.389666667,0.373666667,0.316,0.345333333,0.37,0.354333333,0.328333333,0.323666667,0.325,0.321333333,0.485333333,0.520666667,0.547666667,0.518333333,0.480333333,0.501666667,0.536666667,0.52,0.464,0.494,0.508666667,0.484333333,0.460333333,0.486666667,0.517,0.486666667
ZJ,y9,0.439,0.466666667,0.452,0.424333333,0.445666667,0.476333333,0.462,0.414333333,0.442666667,0.436333333,0.428333333,0.388333333,0.373333333,0.419666667,0.456,0.449333333,0.449333333,0.447,0.47,0.457333333,0.451666667,0.503,0.520666667,0.489333333,0.349666667,0.349333333,0.339,0.314333333,0.308,0.331666667,0.342666667,0.327333333,0.278666667,0.308333333,0.329333333,0.307,0.305,0.310666667,0.309333333,0.307,0.325,0.301333333,0.310666667,0.339,0.332666667,0.323666667,0.344,0.355,0.546333333,0.532,0.504,0.470666667,0.457666667,0.453333333,0.471666667,0.512333333,0.315,0.284666667,0.249,0.241333333,0.255666667,0.257,0.288666667,0.327333333,0.310666667,0.295,0.309333333,0.314,0.289,0.293666667,0.317666667,0.318333333,0.328333333,0.361666667,0.393333333,0.374,0.362333333,0.401333333,0.416666667,0.373,0.375,0.379,0.399,0.389,0.395666667,0.443333333,0.473333333,0.425333333,0.480333333,0.53,0.529,0.497666667,0.517333333,0.557333333,0.551666667,0.492333333
ZJ,y10,0.375333333,0.403333333,0.4,0.378333333,0.395666667,0.465666667,0.457,0.395,0.319,0.332,0.316,0.309333333,0.331,0.358,0.354666667,0.343,0.456,0.489666667,0.503,0.507333333,0.494,0.529,0.533333333,0.476333333,0.347333333,0.35,0.366,0.381,0.383666667,0.403,0.409333333,0.373,0.301666667,0.299333333,0.3,0.313,0.325333333,0.318,0.316,0.305666667,0.235666667,0.232666667,0.246333333,0.250333333,0.258333333,0.265,0.275,0.261,0.465666667,0.431333333,0.417333333,0.413666667,0.397333333,0.404666667,0.457333333,0.492,0.313333333,0.290333333,0.269666667,0.253333333,0.244666667,0.270333333,0.303666667,0.320333333,0.416,0.436333333,0.484333333,0.499666667,0.488333333,0.485,0.488333333,0.461666667,0.563666667,0.579666667,0.606666667,0.587333333,0.567,0.607333333,0.638666667,0.600666667,0.283333333,0.291,0.32,0.311,0.284333333,0.313,0.326666667,0.292333333,0.367333333,0.404666667,0.43,0.401666667,0.390333333,0.444333333,0.469666667,0.421666667
ZJ,y11,0.447333333,0.482,0.475,0.408666667,0.401333333,0.476666667,0.497,0.45,0.463666667,0.493333333,0.536666667,0.501333333,0.494333333,0.552666667,0.550666667,0.487666667,0.409,0.423666667,0.410666667,0.398,0.406,0.427333333,0.425666667,0.404,0.351,0.339666667,0.336,0.331,0.337666667,0.365666667,0.397333333,0.393,0.319,0.342,0.367,0.367666667,0.349333333,0.352333333,0.369333333,0.338,0.278,0.279666667,0.286666667,0.307666667,0.308666667,0.313,0.321333333,0.309333333,0.517333333,0.481333333,0.448666667,0.443666667,0.432666667,0.435666667,0.476666667,0.512333333,0.378,0.36,0.344333333,0.348666667,0.337666667,0.328,0.356,0.371,0.368333333,0.355666667,0.348,0.340333333,0.335333333,0.356333333,0.393333333,0.392,0.393333333,0.42,0.452,0.428666667,0.411666667,0.457333333,0.486333333,0.429,0.414333333,0.426333333,0.428666667,0.409666667,0.402,0.431666667,0.453666667,0.434,0.509666667,0.549666667,0.554666667,0.518333333,0.489,0.502333333,0.515,0.499
ZJ,y12,0.435666667,0.436666667,0.443333333,0.44,0.453,0.504666667,0.505333333,0.453,0.493666667,0.528666667,0.558666667,0.565666667,0.549333333,0.538,0.532333333,0.524333333,0.335333333,0.348333333,0.348,0.33,0.316333333,0.325333333,0.336333333,0.335333333,0.427,0.418333333,0.406,0.396333333,0.408,0.442,0.481,0.465666667,0.412,0.426,0.416,0.410666667,0.408666667,0.4,0.396,0.392,0.339,0.332333333,0.341666667,0.377,0.387333333,0.38,0.369333333,0.364,0.599666667,0.582333333,0.558,0.531,0.503333333,0.499333333,0.527333333,0.565333333,0.226,0.212,0.211666667,0.214333333,0.222666667,0.227666667,0.245,0.246666667,0.318666667,0.33,0.368,0.371,0.360333333,0.375,0.378,0.347,0.219333333,0.232,0.247333333,0.238333333,0.242333333,0.28,0.292333333,0.247666667,0.339,0.359666667,0.380333333,0.359,0.338,0.355666667,0.383,0.351333333,0.449666667,0.486666667,0.511666667,0.496,0.493666667,0.528,0.530666667,0.477333333
ZJ,y13,0.421,0.441333333,0.464,0.455333333,0.479,0.533,0.536666667,0.465666667,0.332,0.343333333,0.361333333,0.358333333,0.369,0.395,0.405666667,0.365666667,0.399666667,0.394666667,0.431,0.423666667,0.435333333,0.472666667,0.477333333,0.436,0.311666667,0.328333333,0.344333333,0.333333333,0.345666667,0.349333333,0.355333333,0.334666667,0.331333333,0.312333333,0.287,0.286,0.315333333,0.319666667,0.323666667,0.326333333,0.327333333,0.328666667,0.328666667,0.323,0.323333333,0.334,0.34,0.342666667,0.447666667,0.420666667,0.372,0.344333333,0.328666667,0.322,0.343,0.398333333,0.486333333,0.460666667,0.406333333,0.385666667,0.410666667,0.431666667,0.457,0.493333333,0.356666667,0.386333333,0.409333333,0.4,0.379666667,0.371,0.365666667,0.343666667,0.435333333,0.461,0.488333333,0.476333333,0.464666667,0.497333333,0.501666667,0.455333333,0.410666667,0.469666667,0.486333333,0.450666667,0.445333333,0.484666667,0.479666667,0.427333333,0.482666667,0.504,0.496,0.456333333,0.451,0.512,0.539666667,0.493
ZJ,y14,0.494666667,0.542333333,0.539,0.503,0.529,0.551666667,0.528333333,0.462333333,0.460666667,0.517666667,0.512,0.458,0.47,0.514666667,0.494,0.438333333,0.316333333,0.341666667,0.344666667,0.312666667,0.294666667,0.283333333,0.293333333,0.311333333,0.315333333,0.324666667,0.317,0.283333333,0.265,0.303,0.327,0.314333333,0.304666667,0.308333333,0.308333333,0.314,0.313666667,0.330666667,0.340666667,0.318333333,0.361,0.365333333,0.377,0.369,0.354666667,0.343666667,0.348666667,0.362666667,0.384333333,0.353666667,0.325,0.307333333,0.306666667,0.327333333,0.359,0.400666667,0.329333333,0.329,0.327333333,0.311,0.299666667,0.289,0.289,0.298333333,0.199,0.202,0.226666667,0.226,0.211666667,0.222,0.239666667,0.241666667,0.352666667,0.372666667,0.387666667,0.351,0.327333333,0.369666667,0.39,0.357,0.355333333,0.395,0.411,0.387333333,0.379,0.398,0.395333333,0.353,0.369333333,0.397,0.396666667,0.379,0.382333333,0.398333333,0.404,0.384333333
ZJ,y15,0.455333333,0.473,0.466333333,0.450666667,0.455666667,0.486,0.472,0.441,0.427666667,0.432,0.418,0.384333333,0.401666667,0.466666667,0.493333333,0.448333333,0.470666667,0.498666667,0.507666667,0.491333333,0.475333333,0.489666667,0.501,0.472,0.308666667,0.328666667,0.332666667,0.325,0.311333333,0.303,0.298,0.302333333,0.226,0.224666667,0.23,0.228,0.225333333,0.231333333,0.245333333,0.244,0.308666667,0.280666667,0.274,0.297333333,0.301666667,0.299333333,0.322666667,0.338666667,0.513333333,0.478333333,0.435,0.415666667,0.418,0.421333333,0.457,0.491333333,0.290666667,0.288,0.281666667,0.285666667,0.291333333,0.295,0.308,0.314333333,0.214666667,0.226,0.259666667,0.266333333,0.253666667,0.282666667,0.297,0.243333333,0.415333333,0.469666667,0.501333333,0.483333333,0.457666667,0.46,0.452,0.414666667,0.437666667,0.465333333,0.466,0.444666667,0.434,0.449666667,0.460666667,0.439666667,0.438,0.454666667,0.447666667,0.436,0.465666667,0.491,0.468666667,0.435
ZJ,y16,0.437666667,0.466333333,0.454666667,0.417666667,0.412333333,0.431666667,0.437333333,0.428,0.439333333,0.457666667,0.485333333,0.471333333,0.464666667,0.495,0.516,0.461666667,0.476,0.489,0.490333333,0.492666667,0.491333333,0.487666667,0.488666667,0.485333333,0.357,0.385333333,0.415666667,0.394666667,0.360666667,0.381333333,0.399333333,0.366,0.288,0.296,0.303666667,0.293333333,0.286333333,0.3,0.306333333,0.307333333,0.308333333,0.319,0.331666667,0.320333333,0.298,0.290666667,0.308333333,0.326,0.446,0.428666667,0.418666667,0.411,0.397666667,0.401333333,0.417,0.437333333,0.363666667,0.341666667,0.299,0.283,0.286,0.299333333,0.331333333,0.357666667,0.4,0.363333333,0.331333333,0.324666667,0.333333333,0.369,0.404,0.414333333,0.422666667,0.458333333,0.475666667,0.456666667,0.447666667,0.467666667,0.461333333,0.433,0.4,0.441666667,0.453333333,0.427666667,0.418,0.431,0.417,0.372666667,0.449333333,0.463,0.46,0.465,0.451333333,0.445666667,0.450666667,0.451666667
ZJ,y17,0.559666667,0.621333333,0.623333333,0.58,0.605666667,0.671,0.641,0.56,0.358666667,0.381333333,0.376333333,0.352666667,0.350666667,0.385666667,0.393666667,0.360666667,0.321333333,0.342333333,0.331666667,0.298,0.317,0.365666667,0.370333333,0.321666667,0.352666667,0.371666667,0.394333333,0.376,0.369,0.390666667,0.399333333,0.388,0.316,0.321666667,0.333,0.318,0.308333333,0.325,0.337666667,0.317333333,0.415,0.414,0.42,0.402666667,0.383,0.373666667,0.394333333,0.426333333,0.458666667,0.408666667,0.348,0.331333333,0.334,0.341333333,0.395,0.449,0.396333333,0.371333333,0.354,0.349666667,0.338333333,0.342333333,0.379,0.41,0.345666667,0.374333333,0.398,0.366333333,0.354333333,0.392666667,0.415666667,0.373666667,0.367333333,0.396666667,0.427666667,0.402666667,0.383666667,0.404,0.412,0.372666667,0.427666667,0.450666667,0.47,0.445,0.432666667,0.475,0.495666667,0.454666667,0.494666667,0.503666667,0.507333333,0.477666667,0.476333333,0.530333333,0.545666667,0.514666667
ZJ,y18,0.494,0.543333333,0.528666667,0.493333333,0.514666667,0.572333333,0.579,0.504333333,0.469333333,0.475666667,0.468666667,0.427,0.437666667,0.495,0.521333333,0.487666667,0.412333333,0.45,0.449,0.402,0.395666667,0.415666667,0.441666667,0.426333333,0.400666667,0.387,0.375,0.361333333,0.356,0.372333333,0.407333333,0.410666667,0.282666667,0.285666667,0.310333333,0.312333333,0.303,0.315666667,0.302666667,0.282,0.328666667,0.366333333,0.388666667,0.373333333,0.333333333,0.322666667,0.333666667,0.321333333,0.446,0.441666667,0.415,0.378333333,0.348666667,0.350333333,0.390333333,0.427666667,0.463333333,0.433,0.415,0.428333333,0.424666667,0.442,0.488333333,0.496,0.282666667,0.304,0.331333333,0.323666667,0.297333333,0.305666667,0.324333333,0.308333333,0.4,0.436,0.463,0.437,0.411666667,0.432666667,0.449,0.414333333,0.358666667,0.394,0.416,0.378333333,0.364,0.368333333,0.356,0.349333333,0.522333333,0.555666667,0.548333333,0.509333333,0.511,0.559333333,0.584333333,0.537666667
ZJ,y19,0.417666667,0.445,0.421,0.375666667,0.386,0.440666667,0.451333333,0.426333333,0.455333333,0.492333333,0.501666667,0.472666667,0.457,0.469666667,0.507333333,0.487,0.393333333,0.390333333,0.394666667,0.392666667,0.391666667,0.41,0.403333333,0.372,0.357,0.370333333,0.375666667,0.368666667,0.366,0.352,0.354,0.346666667,0.273,0.275666667,0.271333333,0.269333333,0.261333333,0.261666667,0.279666667,0.272666667,0.301,0.302333333,0.318666667,0.321333333,0.316333333,0.315333333,0.318333333,0.316666667,0.671,0.629,0.574333333,0.551333333,0.545666667,0.574666667,0.632,0.676666667,0.457666667,0.409333333,0.349666667,0.329,0.339666667,0.358333333,0.399,0.445333333,0.360333333,0.384666667,0.409666667,0.406666667,0.402333333,0.417333333,0.427,0.382666667,0.558,0.589,0.605,0.590666667,0.589,0.622666667,0.623333333,0.579,0.366666667,0.390333333,0.388666667,0.360666667,0.344,0.361333333,0.376666667,0.361333333,0.412333333,0.44,0.434,0.428333333,0.439333333,0.459,0.448666667,0.412333333
ZJ,y20,0.387666667,0.388666667,0.386666667,0.370666667,0.366333333,0.390333333,0.415333333,0.403,0.497666667,0.489666667,0.490333333,0.481,0.502333333,0.546666667,0.580333333,0.558666667,0.505,0.508333333,0.509333333,0.483333333,0.466,0.471333333,0.475666667,0.484333333,0.316,0.339333333,0.346666667,0.331333333,0.316666667,0.342333333,0.342666667,0.325,0.258666667,0.259,0.276666667,0.295,0.297333333,0.304333333,0.301,0.279,0.234,0.253333333,0.273666667,0.268333333,0.261333333,0.26,0.249333333,0.228666667,0.340666667,0.297,0.289,0.307333333,0.296333333,0.294333333,0.326333333,0.363666667,0.264666667,0.272333333,0.270333333,0.267666667,0.242333333,0.234333333,0.244333333,0.258333333,0.245333333,0.253666667,0.258333333,0.241333333,0.238,0.261333333,0.280666667,0.27,0.432666667,0.446333333,0.456333333,0.453666667,0.450666667,0.462333333,0.469666667,0.452,0.343333333,0.364666667,0.384333333,0.349333333,0.317666667,0.339333333,0.350666667,0.331333333,0.511666667,0.519666667,0.501666667,0.478,0.477666667,0.502333333,0.520666667,0.53
ZJ,y21,0.463,0.482333333,0.474666667,0.452,0.449666667,0.467,0.476,0.463333333,0.396,0.420666667,0.428333333,0.397,0.379666667,0.411333333,0.414666667,0.371666667,0.318666667,0.35,0.353666667,0.346666667,0.338333333,0.341,0.352,0.326666667,0.380666667,0.407,0.401666667,0.393333333,0.395,0.402666667,0.390666667,0.364333333,0.26,0.272666667,0.291333333,0.296333333,0.287333333,0.292,0.297666667,0.281,0.329333333,0.363666667,0.372,0.331,0.312,0.299333333,0.321666667,0.334333333,0.417666667,0.423666667,0.424666667,0.414666667,0.400666667,0.397333333,0.406,0.417,0.377333333,0.353,0.313,0.281,0.274,0.306333333,0.347,0.363,0.183333333,0.212666667,0.234,0.222333333,0.221666667,0.258,0.280333333,0.247333333,0.348666667,0.363666667,0.367333333,0.337333333,0.310666667,0.328,0.35,0.338333333,0.35,0.391,0.393666667,0.381666667,0.365333333,0.387666667,0.393666667,0.365333333,0.410333333,0.433,0.433,0.402333333,0.399666667,0.437,0.444666667,0.403666667
ZJ,y22,0.434,0.451666667,0.442666667,0.411333333,0.441333333,0.482,0.488666667,0.459666667,0.507333333,0.515666667,0.493666667,0.465666667,0.476,0.503333333,0.515,0.492333333,0.371333333,0.368666667,0.366333333,0.369,0.372666667,0.384333333,0.378333333,0.366666667,0.291666667,0.322666667,0.335666667,0.305333333,0.292666667,0.288,0.286333333,0.287,0.313666667,0.323666667,0.322666667,0.313666667,0.303333333,0.302666667,0.311,0.310333333,0.324,0.318666667,0.312666667,0.297666667,0.292,0.291666667,0.323,0.341666667,0.488,0.456333333,0.424333333,0.4,0.377666667,0.376,0.425666667,0.466666667,0.159,0.145333333,0.143333333,0.138,0.143,0.171666667,0.208333333,0.205666667,0.303333333,0.306,0.342666667,0.344666667,0.345666667,0.370333333,0.373333333,0.343666667,0.49,0.496333333,0.486,0.456333333,0.443,0.475,0.508666667,0.493666667,0.352666667,0.365,0.377333333,0.386,0.392666667,0.409666667,0.402,0.360333333,0.448,0.461333333,0.455333333,0.416,0.404666667,0.453,0.47,0.442
ZJ,y23,0.388666667,0.421666667,0.439,0.412,0.398333333,0.439,0.445666667,0.413666667,0.428333333,0.434666667,0.436,0.413666667,0.411666667,0.439,0.442333333,0.422,0.322333333,0.337666667,0.345333333,0.338,0.341333333,0.348666667,0.355666667,0.327333333,0.365666667,0.378666667,0.375,0.383333333,0.376666667,0.366333333,0.353666667,0.353666667,0.226666667,0.213666667,0.208666667,0.232,0.241,0.252,0.269,0.251666667,0.268,0.293666667,0.285333333,0.260666667,0.241666667,0.234,0.250333333,0.262333333,0.398,0.334333333,0.305,0.315,0.316,0.330666667,0.382,0.426666667,0.329333333,0.306666667,0.273333333,0.253666667,0.226,0.217333333,0.257333333,0.304333333,0.281333333,0.291,0.315,0.308333333,0.292,0.317,0.331333333,0.313,0.521666667,0.535333333,0.549,0.536666667,0.540666667,0.557666667,0.572666667,0.551333333,0.431666667,0.484333333,0.481333333,0.433333333,0.402333333,0.420666667,0.432,0.412333333,0.446666667,0.471333333,0.476333333,0.432666667,0.417333333,0.458,0.474,0.449666667
ZJ,y24,0.461,0.535666667,0.533333333,0.496666667,0.478,0.487333333,0.484,0.440666667,0.469,0.479333333,0.458,0.429333333,0.438333333,0.481666667,0.501333333,0.484,0.374666667,0.383,0.381333333,0.364,0.349,0.369333333,0.39,0.386,0.410666667,0.392,0.371333333,0.362666667,0.367,0.391666667,0.415333333,0.415333333,0.418333333,0.427666667,0.407,0.371666667,0.36,0.372,0.384666667,0.396333333,0.276666667,0.295333333,0.309333333,0.311,0.298333333,0.296666667,0.31,0.302333333,0.343666667,0.307666667,0.292666667,0.297333333,0.297333333,0.313333333,0.344,0.355333333,0.404666667,0.408,0.405666667,0.397333333,0.396666667,0.417333333,0.440666667,0.424333333,0.353333333,0.358333333,0.340666667,0.319,0.313333333,0.331,0.361333333,0.369333333,0.407333333,0.452333333,0.476666667,0.454333333,0.435,0.438,0.425666667,0.385333333,0.328333333,0.333,0.339333333,0.315333333,0.303,0.342666667,0.369333333,0.346,0.457,0.497333333,0.526,0.520666667,0.497333333,0.504,0.498666667,0.459333333
ZJ,y25,0.363666667,0.408,0.394333333,0.347666667,0.34,0.374333333,0.372,0.34,0.423666667,0.476333333,0.474333333,0.422,0.397,0.439666667,0.443666667,0.405,0.358,0.347666667,0.339,0.311666667,0.297666667,0.334,0.369333333,0.364,0.273333333,0.274666667,0.255666667,0.230666667,0.239,0.270666667,0.288333333,0.274,0.254333333,0.267666667,0.291666667,0.287,0.264333333,0.265,0.277666667,0.261666667,0.205,0.224,0.233666667,0.223,0.211,0.225333333,0.23,0.221666667,0.374666667,0.362333333,0.347,0.337333333,0.330333333,0.322666667,0.341333333,0.366333333,0.322,0.315333333,0.299,0.286333333,0.274666667,0.274,0.284,0.302666667,0.364666667,0.381666667,0.394333333,0.379666667,0.358333333,0.381333333,0.403,0.371333333,0.361333333,0.4,0.4,0.364333333,0.377666667,0.412,0.407666667,0.361666667,0.407666667,0.441,0.433666667,0.405333333,0.390333333,0.401666667,0.410666667,0.404333333,0.448666667,0.466333333,0.462666667,0.436,0.448,0.502,0.501333333,0.455333333
ZJ,y26,0.446666667,0.459,0.456666667,0.436,0.437,0.469333333,0.479333333,0.469,0.392666667,0.398666667,0.386333333,0.362,0.352666667,0.362666667,0.366666667,0.360666667,0.407666667,0.393,0.380666667,0.363666667,0.378,0.422333333,0.448666667,0.429,0.304666667,0.323333333,0.308,0.287666667,0.285333333,0.296,0.312666667,0.303666667,0.312333333,0.316333333,0.307,0.286,0.265333333,0.283666667,0.305333333,0.304333333,0.441,0.451,0.418,0.387,0.380333333,0.380666667,0.397666667,0.422333333,0.442,0.43,0.412333333,0.417333333,0.411,0.396333333,0.399,0.409,0.447333333,0.424,0.394666667,0.389,0.379333333,0.382666667,0.42,0.456666667,0.310333333,0.354,0.356,0.335333333,0.325666667,0.333333333,0.318,0.288333333,0.442666667,0.477,0.476,0.437666667,0.438333333,0.496666667,0.517333333,0.462,0.376666667,0.413333333,0.432666667,0.394666667,0.395666667,0.441666667,0.461,0.405666667,0.470666667,0.509666667,0.502,0.453,0.478333333,0.557,0.561666667,0.496666667
