,,h1,h2,h3,h4,h5,h6,h7,h8,h9,h10,h11,h12,h13,h14,h15,h16,h17,h18,h19,h20,h21,h22,h23,h24,h25,h26,h27,h28,h29,h30,h31,h32,h33,h34,h35,h36,h37,h38,h39,h40,h41,h42,h43,h44,h45,h46,h47,h48,h49,h50,h51,h52,h53,h54,h55,h56,h57,h58,h59,h60,h61,h62,h63,h64,h65,h66,h67,h68,h69,h70,h71,h72,h73,h74,h75,h76,h77,h78,h79,h80,h81,h82,h83,h84,h85,h86,h87,h88,h89,h90,h91,h92,h93,h94,h95,h96
AH,y1,0.214,0.178,0.124666667,0.144,0.205,0.211333333,0.252333333,0.232333333,0.198666667,0.164333333,0.130666667,0.185666667,0.171666667,0.165666667,0.256666667,0.259333333,0.275,0.247666667,0.192666667,0.237,0.262666667,0.269666667,0.287666667,0.286333333,0.256333333,0.245333333,0.218666667,0.267,0.266333333,0.238333333,0.243666667,0.261333333,0.336333333,0.270333333,0.206333333,0.28,0.307,0.313666667,0.348,0.408333333,0.207666667,0.160333333,0.122,0.176666667,0.191333333,0.186333333,0.243666667,0.281666667,0.192,0.16,0.121333333,0.173666667,0.197333333,0.185,0.198666667,0.234666667,0.139333333,0.124666667,0.103666667,0.136333333,0.166,0.163,0.155666667,0.157,0.161,0.118,0.105333333,0.131333333,0.127333333,0.137333333,0.216666667,0.225333333,0.17,0.137333333,0.121666667,0.148,0.124666667,0.130333333,0.247666667,0.240333333,0.282333333,0.259,0.19,0.176,0.23,0.217333333,0.24,0.278666667,0.164333333,0.143,0.109666667,0.102666667,0.118333333,0.154666667,0.242333333,0.205666667
AH,y2,0.21,0.186,0.146,0.159666667,0.177333333,0.19,0.271666667,0.250666667,0.281333333,0.223,0.184,0.223,0.259,0.291333333,0.362,0.341333333,0.256333333,0.204666667,0.171333333,0.200333333,0.227333333,0.239333333,0.29,0.291,0.333,0.279666667,0.212,0.317,0.332666667,0.318333333,0.344666667,0.377333333,0.279333333,0.231,0.148,0.218333333,0.218666667,0.199666667,0.266666667,0.336666667,0.254,0.229666667,0.199666667,0.247333333,0.276,0.272,0.278333333,0.303,0.264333333,0.243333333,0.207333333,0.242666667,0.249,0.214666667,0.230333333,0.277666667,0.185666667,0.167333333,0.15,0.16,0.158,0.158,0.208,0.220666667,0.117333333,0.090666667,0.075,0.088666667,0.077,0.079,0.154333333,0.178666667,0.188,0.162,0.116,0.132333333,0.129333333,0.149,0.241333333,0.246666667,0.278,0.269333333,0.232333333,0.230666667,0.252666667,0.255666667,0.289,0.265333333,0.266333333,0.222666667,0.170333333,0.181333333,0.249333333,0.242666667,0.291333333,0.301
AH,y3,0.243333333,0.204666667,0.162666667,0.176333333,0.189333333,0.204333333,0.27,0.271666667,0.213,0.186,0.163666667,0.197,0.184333333,0.181666667,0.252333333,0.248666667,0.230666667,0.214,0.204,0.220666667,0.181333333,0.164,0.237,0.276666667,0.270666667,0.213333333,0.139,0.19,0.2,0.182666667,0.245333333,0.312,0.334666667,0.267333333,0.153,0.217333333,0.247333333,0.26,0.29,0.368333333,0.25,0.206666667,0.114666667,0.133666667,0.148333333,0.163,0.249,0.303333333,0.146,0.106666667,0.071666667,0.101666667,0.124666667,0.134666667,0.159666667,0.184333333,0.175333333,0.143666667,0.117,0.135666667,0.158,0.18,0.235,0.245666667,0.225,0.188,0.153333333,0.189333333,0.200666667,0.223333333,0.282,0.275666667,0.224333333,0.196,0.127666667,0.113,0.119666667,0.121333333,0.199666667,0.239,0.203666667,0.179333333,0.145,0.139333333,0.154666667,0.162666667,0.22,0.244333333,0.225,0.188,0.149333333,0.175333333,0.186,0.183333333,0.243,0.256666667
AH,y4,0.270666667,0.223,0.182,0.197,0.227,0.221333333,0.279333333,0.301666667,0.287333333,0.267,0.217333333,0.264666667,0.299333333,0.29,0.334666667,0.312,0.272,0.249333333,0.224333333,0.301666667,0.313666667,0.303666667,0.326666667,0.323333333,0.319666667,0.306333333,0.202666667,0.248666667,0.285666667,0.239333333,0.275333333,0.318666667,0.287666667,0.248666667,0.194333333,0.218,0.209,0.222,0.297666667,0.366333333,0.267333333,0.193333333,0.107,0.131,0.151333333,0.173,0.249333333,0.317333333,0.235,0.202333333,0.142,0.197333333,0.200333333,0.164,0.169666667,0.237333333,0.179666667,0.174,0.113666667,0.138333333,0.158666667,0.134333333,0.142333333,0.168,0.173,0.137333333,0.105666667,0.142666667,0.166,0.179,0.208333333,0.215666667,0.208,0.188666667,0.140333333,0.191666667,0.175666667,0.168666667,0.270333333,0.268333333,0.316,0.248333333,0.185,0.183666667,0.187,0.190333333,0.313,0.344666667,0.244666667,0.211333333,0.159,0.135333333,0.148666667,0.149,0.212,0.246666667
AH,y5,0.216333333,0.185333333,0.138666667,0.126333333,0.128666667,0.143,0.232,0.244,0.294666667,0.236333333,0.161,0.173333333,0.184333333,0.180666667,0.27,0.324,0.275666667,0.235333333,0.226333333,0.287666667,0.292333333,0.303666667,0.348333333,0.323666667,0.314,0.258666667,0.217333333,0.266,0.273666667,0.278333333,0.375333333,0.401666667,0.241333333,0.194666667,0.119,0.162666667,0.189333333,0.212333333,0.257,0.276333333,0.195333333,0.156333333,0.147,0.184,0.228333333,0.269333333,0.306333333,0.290333333,0.130333333,0.118,0.097,0.115666667,0.123,0.128666667,0.148,0.156666667,0.107333333,0.103333333,0.085666667,0.113666667,0.14,0.157,0.156333333,0.139333333,0.223,0.197666667,0.170666667,0.238,0.250333333,0.256,0.294,0.271666667,0.152333333,0.14,0.117666667,0.133333333,0.127,0.145666667,0.195333333,0.187,0.263,0.219666667,0.183333333,0.196666667,0.203,0.214333333,0.281,0.281333333,0.233,0.183,0.135333333,0.117,0.184666667,0.192666667,0.267666667,0.279
AH,y6,0.237666667,0.208666667,0.186333333,0.242666667,0.227,0.243666667,0.268333333,0.249,0.213333333,0.185333333,0.154,0.182666667,0.190333333,0.201,0.288666667,0.267666667,0.324,0.259333333,0.195333333,0.246,0.266,0.260333333,0.345,0.376333333,0.376666667,0.322333333,0.214,0.236333333,0.264,0.266333333,0.331666667,0.395,0.327333333,0.265666667,0.164666667,0.233333333,0.276666667,0.294,0.341333333,0.374666667,0.192333333,0.147,0.103666667,0.154,0.165333333,0.153,0.215,0.267,0.264,0.212,0.149666667,0.16,0.174666667,0.19,0.241666667,0.298666667,0.183,0.164,0.119333333,0.138,0.154333333,0.170666667,0.223666667,0.232333333,0.249333333,0.236666667,0.184,0.252333333,0.278333333,0.285666667,0.321666667,0.296666667,0.200333333,0.181333333,0.156,0.166333333,0.152666667,0.149333333,0.204333333,0.221,0.249,0.212333333,0.182333333,0.206333333,0.222333333,0.225666667,0.266666667,0.271666667,0.238666667,0.203333333,0.167,0.202666667,0.214666667,0.198,0.281333333,0.279333333
AH,y7,0.278333333,0.262,0.213,0.259666667,0.248333333,0.253,0.342333333,0.313,0.268666667,0.224333333,0.191,0.244333333,0.257,0.233333333,0.288333333,0.289666667,0.42,0.379,0.272666667,0.314666667,0.364666667,0.335333333,0.389,0.427,0.350666667,0.306333333,0.214,0.258,0.263666667,0.253666667,0.321333333,0.386333333,0.242,0.209,0.105333333,0.113333333,0.108666667,0.111333333,0.199,0.275666667,0.198666667,0.155,0.12,0.174333333,0.189333333,0.183333333,0.231,0.276333333,0.181666667,0.145,0.113,0.177333333,0.205333333,0.215333333,0.263666667,0.263,0.128333333,0.116333333,0.08,0.107,0.125333333,0.14,0.171,0.163333333,0.204333333,0.161666667,0.147666667,0.197,0.213,0.261666667,0.353666667,0.314,0.249,0.215,0.155333333,0.201666667,0.199333333,0.214,0.309333333,0.29,0.184333333,0.178,0.151,0.159,0.180666667,0.187,0.226333333,0.213333333,0.264,0.242333333,0.207333333,0.262,0.292,0.274333333,0.312333333,0.297333333
AH,y8,0.253,0.211,0.136666667,0.113,0.179333333,0.195,0.239666667,0.254333333,0.248333333,0.241666667,0.195333333,0.201,0.209333333,0.198333333,0.258333333,0.280666667,0.260666667,0.241,0.179,0.238333333,0.280666667,0.268,0.337333333,0.343333333,0.297333333,0.278666667,0.257333333,0.306666667,0.341333333,0.323666667,0.299,0.295,0.219,0.21,0.174333333,0.192,0.216,0.215333333,0.223,0.250666667,0.293666667,0.225333333,0.134,0.154333333,0.196666667,0.213333333,0.291666667,0.364,0.148333333,0.125,0.070666667,0.093,0.101,0.097666667,0.122,0.162666667,0.160333333,0.145333333,0.096333333,0.115,0.122,0.115666667,0.138666667,0.173333333,0.212333333,0.189666667,0.162333333,0.175,0.187666667,0.208333333,0.264,0.269,0.291,0.243,0.181333333,0.197,0.228333333,0.236666667,0.333333333,0.347,0.286333333,0.265666667,0.208333333,0.235666667,0.259,0.257666667,0.320333333,0.316333333,0.213,0.214333333,0.195,0.209,0.244,0.249333333,0.280666667,0.240666667
AH,y9,0.253666667,0.233333333,0.197,0.224333333,0.262333333,0.261333333,0.312666667,0.283333333,0.234333333,0.214666667,0.18,0.201666667,0.219,0.211333333,0.248333333,0.257333333,0.303666667,0.276666667,0.237333333,0.321666667,0.323,0.29,0.308666667,0.332666667,0.301333333,0.279666667,0.227666667,0.28,0.295,0.266,0.271333333,0.302666667,0.223333333,0.186333333,0.116333333,0.152666667,0.181333333,0.196333333,0.225333333,0.253333333,0.258666667,0.198333333,0.118333333,0.149666667,0.181333333,0.176333333,0.223666667,0.301333333,0.188333333,0.183666667,0.146,0.194,0.183,0.146,0.150333333,0.180333333,0.157666667,0.144666667,0.110333333,0.153,0.166,0.153666667,0.165333333,0.187,0.194333333,0.171666667,0.126,0.134666667,0.144333333,0.166,0.223666667,0.228666667,0.255,0.266,0.213333333,0.21,0.231666667,0.219333333,0.243333333,0.249666667,0.312333333,0.264666667,0.194,0.206333333,0.222,0.231333333,0.363333333,0.37,0.175,0.141333333,0.101333333,0.102666667,0.132333333,0.139333333,0.174666667,0.180666667
AH,y10,0.167,0.144333333,0.125333333,0.156333333,0.181,0.186333333,0.234333333,0.213,0.326333333,0.272333333,0.205333333,0.248,0.315,0.303,0.369666667,0.357,0.318666667,0.302333333,0.239333333,0.313,0.317666667,0.292333333,0.313,0.347666667,0.366,0.320333333,0.233333333,0.306333333,0.351333333,0.341333333,0.364,0.403666667,0.339666667,0.320333333,0.211333333,0.238666667,0.243666667,0.219666667,0.282666667,0.339333333,0.194666667,0.158,0.107,0.142666667,0.152666667,0.144666667,0.165,0.222666667,0.205666667,0.163333333,0.109333333,0.165,0.176333333,0.150333333,0.169666667,0.223333333,0.171666667,0.163666667,0.139333333,0.146333333,0.147,0.166333333,0.207,0.207,0.165,0.15,0.128666667,0.175,0.178333333,0.176666667,0.217666667,0.203,0.202333333,0.177,0.136333333,0.128666667,0.104,0.121666667,0.206666667,0.229666667,0.250333333,0.239,0.184333333,0.154,0.166666667,0.169,0.243666667,0.268333333,0.269666667,0.233666667,0.188666667,0.198,0.228666667,0.223333333,0.3,0.299666667
AH,y11,0.144333333,0.142,0.115,0.125,0.119333333,0.132333333,0.183,0.153,0.220333333,0.206666667,0.191666667,0.227333333,0.215666667,0.228666667,0.273666667,0.252666667,0.320333333,0.284666667,0.188,0.225666667,0.256666667,0.257,0.278,0.328,0.384333333,0.319,0.213333333,0.275,0.268333333,0.265,0.366333333,0.433333333,0.321,0.300666667,0.242,0.301666667,0.329,0.326333333,0.358,0.377666667,0.218,0.165,0.099333333,0.109,0.109333333,0.124666667,0.199,0.273333333,0.269,0.236,0.219666667,0.283333333,0.302333333,0.271333333,0.264333333,0.279333333,0.226,0.230666667,0.190666667,0.234,0.233666667,0.203666667,0.211333333,0.227666667,0.230666667,0.225333333,0.193,0.225666667,0.209666667,0.207,0.253666667,0.249666667,0.217,0.208333333,0.166333333,0.168333333,0.143333333,0.147666667,0.232,0.242,0.180666667,0.182666667,0.150333333,0.118,0.139333333,0.136333333,0.193333333,0.192666667,0.266333333,0.227333333,0.200333333,0.203,0.258,0.261,0.326666667,0.312333333
AH,y12,0.220666667,0.2,0.182333333,0.206,0.205666667,0.207,0.290333333,0.276333333,0.307666667,0.266666667,0.227,0.258666667,0.278666667,0.268,0.331333333,0.337666667,0.349333333,0.289,0.174333333,0.198666667,0.248666667,0.225,0.280333333,0.354333333,0.353,0.299333333,0.234,0.309,0.325666667,0.296666667,0.378,0.415,0.361,0.325333333,0.218666667,0.26,0.273666667,0.282333333,0.335,0.379,0.229,0.178333333,0.091666667,0.143333333,0.181333333,0.192,0.244666667,0.287,0.224666667,0.217666667,0.189,0.255,0.260333333,0.227333333,0.227666667,0.246666667,0.134333333,0.120333333,0.065666667,0.079333333,0.099333333,0.116333333,0.150666667,0.165,0.172333333,0.144,0.087,0.098666667,0.1,0.117666667,0.197666667,0.208,0.14,0.120666667,0.089,0.082666667,0.073666667,0.087666667,0.156333333,0.169333333,0.299666667,0.283666667,0.221333333,0.201666667,0.23,0.216,0.29,0.308666667,0.186666667,0.161333333,0.124,0.104333333,0.128666667,0.138,0.182666667,0.189333333
AH,y13,0.215,0.193,0.134666667,0.128666667,0.154666667,0.167666667,0.207,0.226,0.292666667,0.250333333,0.199,0.199,0.186,0.19,0.302333333,0.324333333,0.332333333,0.318,0.268666667,0.318666667,0.308333333,0.272,0.321,0.354,0.288666667,0.282,0.214666667,0.270666667,0.288666667,0.271333333,0.298,0.311666667,0.347666667,0.303,0.184333333,0.245666667,0.257666667,0.264,0.331333333,0.404333333,0.215666667,0.167666667,0.123333333,0.138,0.172,0.185666667,0.225,0.261333333,0.152333333,0.147666667,0.137,0.199333333,0.2,0.154666667,0.152666667,0.169333333,0.173666667,0.152666667,0.100666667,0.111333333,0.132333333,0.131666667,0.186,0.214333333,0.143,0.144333333,0.108666667,0.121666667,0.127666667,0.144666667,0.181333333,0.172333333,0.207333333,0.189666667,0.149333333,0.141333333,0.128333333,0.155333333,0.266333333,0.247666667,0.228333333,0.207,0.155333333,0.156333333,0.152666667,0.155666667,0.246,0.263666667,0.190333333,0.157666667,0.121666667,0.119,0.138333333,0.139333333,0.218666667,0.225333333
AH,y14,0.206333333,0.199333333,0.176,0.202,0.194666667,0.197,0.226333333,0.203666667,0.205333333,0.173333333,0.133666667,0.163333333,0.205333333,0.208,0.251666667,0.249333333,0.350333333,0.308666667,0.222666667,0.273666667,0.285666667,0.258333333,0.354666667,0.368,0.295666667,0.289,0.235333333,0.302333333,0.298666667,0.249,0.292666667,0.325666667,0.269666667,0.255333333,0.182666667,0.241,0.247666667,0.214666667,0.242,0.304333333,0.22,0.205,0.154666667,0.201666667,0.201666667,0.184,0.219666667,0.255333333,0.193333333,0.172333333,0.122333333,0.169,0.182666667,0.165666667,0.188333333,0.211666667,0.211,0.193,0.131,0.141333333,0.146333333,0.149,0.188333333,0.215333333,0.207,0.205,0.176666667,0.185,0.168333333,0.180666667,0.237,0.236,0.183,0.169,0.123,0.113333333,0.097333333,0.101333333,0.186333333,0.206,0.125333333,0.105666667,0.08,0.063333333,0.088,0.096,0.143,0.150333333,0.374,0.326666667,0.247333333,0.208,0.253666667,0.230666667,0.361666667,0.409333333
AH,y15,0.214333333,0.184666667,0.146,0.159666667,0.212,0.192666667,0.233333333,0.237,0.239,0.22,0.210333333,0.243,0.258333333,0.252,0.272666667,0.279,0.333333333,0.303666667,0.232666667,0.252333333,0.262,0.274666667,0.370666667,0.368,0.272,0.228,0.139,0.188666667,0.186,0.185,0.267333333,0.322666667,0.244333333,0.210666667,0.133,0.232333333,0.23,0.188666667,0.225666667,0.271666667,0.229,0.166666667,0.076333333,0.090666667,0.109333333,0.121666667,0.181666667,0.262333333,0.2,0.173333333,0.122,0.164,0.152666667,0.141666667,0.198333333,0.235333333,0.184333333,0.175333333,0.148333333,0.173,0.179,0.190666667,0.226666667,0.234333333,0.179666667,0.169333333,0.138,0.123666667,0.109,0.132333333,0.202,0.201666667,0.200333333,0.154,0.092333333,0.084333333,0.101333333,0.118333333,0.226666667,0.255666667,0.29,0.248666667,0.217,0.216666667,0.219333333,0.213666667,0.259666667,0.293,0.229333333,0.209333333,0.165,0.171333333,0.197,0.193333333,0.246333333,0.245333333
AH,y16,0.251333333,0.221666667,0.18,0.186,0.209,0.198,0.285666667,0.284666667,0.284333333,0.257666667,0.216666667,0.219333333,0.247333333,0.238,0.313,0.314666667,0.377,0.357333333,0.327666667,0.359666667,0.372,0.373666667,0.423333333,0.427333333,0.306333333,0.301333333,0.233,0.279333333,0.313666667,0.293333333,0.306666667,0.333666667,0.316666667,0.282333333,0.180333333,0.233333333,0.207666667,0.189333333,0.241333333,0.314,0.215,0.165,0.098666667,0.133,0.135333333,0.133,0.196333333,0.258666667,0.131,0.113333333,0.093,0.123333333,0.113,0.094,0.137666667,0.165,0.163666667,0.126666667,0.081,0.095333333,0.118,0.138,0.172,0.199,0.160666667,0.155666667,0.119666667,0.118,0.109666667,0.118333333,0.185333333,0.193,0.216,0.205,0.158,0.187666667,0.198333333,0.193333333,0.247333333,0.248333333,0.241666667,0.207666667,0.145666667,0.132333333,0.172333333,0.172666667,0.248666667,0.279333333,0.459666667,0.395666667,0.313,0.299333333,0.379,0.353333333,0.416,0.454
AH,y17,0.158,0.165,0.14,0.164333333,0.173666667,0.175,0.210666667,0.173666667,0.246333333,0.211666667,0.174666667,0.143333333,0.13,0.145,0.246333333,0.279333333,0.251666667,0.226333333,0.154333333,0.199,0.219333333,0.187333333,0.232,0.275666667,0.365666667,0.277666667,0.183666667,0.261,0.269333333,0.280666667,0.343333333,0.406666667,0.286666667,0.24,0.177666667,0.203666667,0.221,0.247333333,0.31,0.339666667,0.191,0.165666667,0.137666667,0.178333333,0.161333333,0.155666667,0.203333333,0.231666667,0.164666667,0.152666667,0.129333333,0.171666667,0.182,0.160333333,0.174333333,0.189,0.112333333,0.120666667,0.086,0.086666667,0.085666667,0.085666667,0.121,0.129333333,0.155,0.152666667,0.114666667,0.126,0.115666667,0.132333333,0.189666667,0.194333333,0.254333333,0.235,0.173666667,0.183666667,0.153,0.138,0.224666667,0.246333333,0.238666667,0.199,0.154666667,0.145666667,0.124,0.149,0.286333333,0.284,0.208,0.195333333,0.154666667,0.148,0.154333333,0.179666667,0.247666667,0.216333333
AH,y18,0.16,0.143666667,0.11,0.116,0.11,0.130333333,0.204,0.181666667,0.184333333,0.162,0.145333333,0.192333333,0.178333333,0.164,0.237333333,0.220333333,0.237,0.199666667,0.179333333,0.221333333,0.236,0.244666667,0.290333333,0.287,0.343,0.302666667,0.181333333,0.220333333,0.244,0.214666667,0.293666667,0.365,0.199,0.181333333,0.129666667,0.170666667,0.162666667,0.141333333,0.190666667,0.231333333,0.218666667,0.162,0.108,0.135333333,0.142666667,0.159,0.241,0.293666667,0.203333333,0.160333333,0.106,0.145666667,0.141333333,0.140666667,0.190333333,0.245333333,0.248333333,0.224333333,0.209,0.227333333,0.246666667,0.269333333,0.323333333,0.297666667,0.170666667,0.150333333,0.104666667,0.138666667,0.134,0.120666667,0.168666667,0.192,0.2,0.186666667,0.126,0.129,0.129666667,0.116,0.172,0.211333333,0.280666667,0.286333333,0.222666667,0.219666667,0.238,0.242666667,0.314666667,0.305333333,0.250666667,0.256666667,0.233333333,0.292666667,0.278666667,0.236,0.283,0.259
AH,y19,0.164333333,0.128,0.100666667,0.096333333,0.114,0.115333333,0.192,0.199666667,0.244333333,0.215333333,0.191333333,0.222,0.18,0.164,0.246666667,0.271666667,0.399666667,0.364666667,0.313,0.298666667,0.299666667,0.276666667,0.393,0.449,0.381,0.335666667,0.252333333,0.359666667,0.355666667,0.328,0.393,0.416666667,0.330333333,0.286,0.212333333,0.240666667,0.239666667,0.241,0.322666667,0.393,0.212333333,0.170666667,0.136333333,0.164333333,0.168333333,0.181666667,0.283333333,0.313333333,0.270333333,0.247333333,0.233666667,0.334,0.313,0.267666667,0.274666667,0.297666667,0.225666667,0.195333333,0.171,0.243,0.239,0.236,0.277666667,0.277,0.207,0.176666667,0.134666667,0.147666667,0.135333333,0.138333333,0.201,0.239333333,0.248333333,0.228,0.165,0.175,0.157666667,0.154666667,0.258333333,0.291333333,0.22,0.202,0.169333333,0.158666667,0.157666667,0.145666667,0.229333333,0.253333333,0.229666667,0.215666667,0.182666667,0.158333333,0.207,0.176333333,0.214333333,0.232
AH,y20,0.290333333,0.248333333,0.191333333,0.148666667,0.187666667,0.185666667,0.305666667,0.322666667,0.244333333,0.224,0.221666667,0.263666667,0.224333333,0.201666667,0.270333333,0.265,0.309333333,0.262666667,0.174,0.240666667,0.233666667,0.207666667,0.306,0.346,0.207333333,0.191666667,0.155666667,0.196666667,0.190666667,0.196,0.253,0.260666667,0.34,0.303,0.214666667,0.278666667,0.282666667,0.262666667,0.318666667,0.360666667,0.151,0.130333333,0.099666667,0.109333333,0.1,0.095666667,0.143,0.181666667,0.115333333,0.099,0.081666667,0.098666667,0.103,0.108333333,0.152666667,0.169,0.085666667,0.093,0.082333333,0.089333333,0.092666667,0.107333333,0.107333333,0.105,0.173,0.185666667,0.172666667,0.199,0.167666667,0.156666667,0.216666667,0.206666667,0.250666667,0.231666667,0.177333333,0.164333333,0.148333333,0.142,0.241,0.280333333,0.185666667,0.173666667,0.140333333,0.135,0.122,0.115,0.194666667,0.200666667,0.253,0.234666667,0.201333333,0.233666667,0.297333333,0.250333333,0.303333333,0.296666667
AH,y21,0.242,0.209666667,0.163333333,0.168666667,0.169333333,0.171333333,0.268,0.273333333,0.256666667,0.244333333,0.183,0.181666667,0.163666667,0.174,0.262666667,0.276333333,0.279333333,0.236666667,0.172333333,0.182666667,0.172666667,0.173,0.253666667,0.306666667,0.263333333,0.240666667,0.199333333,0.251,0.243666667,0.229666667,0.265333333,0.301,0.261333333,0.245,0.173666667,0.234,0.193,0.189333333,0.228,0.263333333,0.222333333,0.209666667,0.147666667,0.205666667,0.210333333,0.202666667,0.237666667,0.262666667,0.185333333,0.17,0.122,0.154333333,0.164,0.148666667,0.181,0.209333333,0.198333333,0.188333333,0.149333333,0.223333333,0.217333333,0.179333333,0.207,0.219333333,0.099333333,0.087333333,0.051,0.055,0.058,0.069333333,0.135,0.152,0.250333333,0.225,0.184,0.184333333,0.176666667,0.191,0.287,0.286666667,0.208333333,0.209333333,0.176,0.163666667,0.161666667,0.174666667,0.222666667,0.215333333,0.154666667,0.141666667,0.114,0.121666667,0.156666667,0.145333333,0.192666667,0.185
AH,y22,0.225333333,0.192,0.163333333,0.186333333,0.186333333,0.183666667,0.251,0.251333333,0.243333333,0.218,0.179,0.215,0.275,0.244666667,0.267333333,0.269333333,0.290333333,0.255666667,0.203,0.247,0.209,0.191333333,0.312333333,0.328666667,0.209,0.195666667,0.151333333,0.206333333,0.208,0.199666667,0.274333333,0.276,0.312666667,0.284666667,0.220333333,0.283666667,0.26,0.262,0.312,0.336666667,0.209,0.167,0.094,0.117333333,0.128333333,0.134666667,0.173666667,0.240333333,0.224333333,0.201333333,0.152,0.220666667,0.223666667,0.193333333,0.211333333,0.250666667,0.175333333,0.139,0.087,0.08,0.083333333,0.110666667,0.204666667,0.233,0.176,0.156333333,0.105333333,0.132666667,0.144666667,0.168,0.257333333,0.229333333,0.222333333,0.225,0.195333333,0.231333333,0.211333333,0.205333333,0.253,0.243,0.247333333,0.234,0.209,0.226,0.216666667,0.201,0.254666667,0.252666667,0.227333333,0.187666667,0.152333333,0.161333333,0.19,0.185666667,0.265333333,0.268333333
AH,y23,0.265,0.235666667,0.180666667,0.193,0.195,0.204333333,0.295666667,0.289,0.253,0.240666667,0.224,0.254,0.262666667,0.220333333,0.243666667,0.271,0.224,0.188333333,0.133333333,0.171,0.185,0.180333333,0.232333333,0.251333333,0.324666667,0.304,0.2,0.258666667,0.245,0.22,0.298,0.336,0.291333333,0.259666667,0.163666667,0.217,0.212,0.201333333,0.271666667,0.330333333,0.189333333,0.139,0.096,0.130666667,0.149666667,0.144333333,0.196666667,0.257666667,0.214,0.177333333,0.116666667,0.169666667,0.166666667,0.154,0.235333333,0.278,0.131333333,0.12,0.100333333,0.125666667,0.131666667,0.140333333,0.158333333,0.172,0.143666667,0.142,0.126,0.157333333,0.135,0.131333333,0.177666667,0.180666667,0.185,0.193666667,0.176333333,0.216333333,0.187333333,0.157666667,0.222,0.210666667,0.242333333,0.233,0.189666667,0.178333333,0.184666667,0.169,0.273666667,0.281333333,0.255333333,0.231,0.187333333,0.162666667,0.167666667,0.143666667,0.230666667,0.268
AH,y24,0.227666667,0.202666667,0.202666667,0.214666667,0.235,0.228,0.279333333,0.260333333,0.220666667,0.187666667,0.161,0.207333333,0.254,0.235666667,0.298666667,0.289333333,0.307666667,0.247666667,0.183,0.193,0.196,0.189,0.293,0.347333333,0.364,0.315,0.247666667,0.317666667,0.327333333,0.286333333,0.323666667,0.391666667,0.231,0.208,0.180333333,0.268333333,0.264666667,0.223333333,0.238,0.259666667,0.21,0.155666667,0.094666667,0.137666667,0.137666667,0.126666667,0.189333333,0.253,0.219333333,0.178,0.145,0.152,0.149333333,0.165,0.213333333,0.268333333,0.218,0.199666667,0.173333333,0.194666667,0.195666667,0.205333333,0.237666667,0.262,0.17,0.160333333,0.116,0.124333333,0.114666667,0.117,0.196666667,0.211333333,0.188666667,0.169333333,0.103333333,0.122666667,0.122666667,0.122,0.187666667,0.214333333,0.236666667,0.228,0.183666667,0.196666667,0.194,0.167,0.261666667,0.265666667,0.242,0.217666667,0.175333333,0.171666667,0.168,0.164333333,0.238666667,0.246333333
AH,y25,0.142666667,0.121,0.096333333,0.089333333,0.103,0.115666667,0.167,0.179333333,0.198333333,0.198666667,0.176333333,0.182666667,0.153666667,0.129,0.168666667,0.191,0.270666667,0.278,0.215,0.239333333,0.233,0.188666667,0.234666667,0.271666667,0.262333333,0.240666667,0.179333333,0.201333333,0.161,0.162,0.251,0.291,0.247,0.215,0.146333333,0.184333333,0.177,0.174333333,0.230333333,0.277,0.196,0.142333333,0.094,0.138333333,0.147333333,0.147666667,0.229666667,0.283333333,0.161,0.111333333,0.074666667,0.089,0.091,0.111666667,0.189666667,0.227,0.207333333,0.179333333,0.139333333,0.148666667,0.148,0.172333333,0.277666667,0.268333333,0.142333333,0.114,0.084333333,0.113666667,0.112666667,0.144333333,0.242,0.217333333,0.169333333,0.138,0.119,0.109,0.097333333,0.103666667,0.194333333,0.216333333,0.248333333,0.215333333,0.157666667,0.153,0.166666667,0.176666667,0.281666667,0.290666667,0.245666667,0.213,0.17,0.139,0.165333333,0.163,0.250666667,0.274
AH,y26,0.170666667,0.159333333,0.126,0.136,0.154,0.141,0.172666667,0.165,0.292,0.244333333,0.186333333,0.201333333,0.212,0.187,0.261333333,0.316333333,0.325666667,0.31,0.227,0.264333333,0.250666667,0.221,0.299333333,0.333666667,0.323666667,0.274,0.183,0.221333333,0.204,0.17,0.262666667,0.358333333,0.321,0.269666667,0.182,0.221666667,0.249,0.251666667,0.300666667,0.355333333,0.196666667,0.169333333,0.154666667,0.192,0.179666667,0.167666667,0.232666667,0.261666667,0.177333333,0.165666667,0.127,0.148333333,0.156,0.145333333,0.171666667,0.190666667,0.22,0.191666667,0.124666667,0.147333333,0.155666667,0.142333333,0.188,0.235,0.087,0.072,0.037333333,0.055,0.074,0.068333333,0.086,0.111,0.187666667,0.178333333,0.114666667,0.117,0.1,0.107666667,0.181,0.195,0.305,0.259,0.176,0.150666667,0.164666667,0.172333333,0.29,0.324,0.167666667,0.153666667,0.123666667,0.120333333,0.131666667,0.149,0.191666667,0.169666667
BJ,y1,0.240666667,0.251,0.219666667,0.147666667,0.162,0.184333333,0.227666667,0.247666667,0.179333333,0.186666667,0.166,0.097,0.093666667,0.119666667,0.150333333,0.155,0.218666667,0.176333333,0.152333333,0.165333333,0.232666667,0.333333333,0.399666667,0.345333333,0.291333333,0.228,0.172333333,0.229333333,0.412666667,0.495333333,0.499333333,0.411,0.261,0.254333333,0.178333333,0.24,0.305666667,0.340333333,0.362333333,0.340333333,0.078333333,0.073333333,0.041,0.07,0.115,0.115666667,0.193,0.142666667,0.052,0.057333333,0.068333333,0.144,0.184666667,0.177666667,0.172,0.120333333,0.067333333,0.052,0.031,0.047,0.061,0.062666667,0.085666667,0.077,0.12,0.116333333,0.085666667,0.102,0.141333333,0.126333333,0.145,0.140333333,0.166,0.193666667,0.164666667,0.128,0.141,0.141,0.148666667,0.135666667,0.291333333,0.274666667,0.231333333,0.195333333,0.220333333,0.236666667,0.297666667,0.305666667,0.201666667,0.194333333,0.170333333,0.119666667,0.114,0.123,0.174666667,0.216333333
BJ,y2,0.191333333,0.183666667,0.168666667,0.100666667,0.125,0.175,0.226333333,0.228,0.293,0.279666667,0.236333333,0.181333333,0.190666667,0.231666667,0.306666667,0.346333333,0.258666667,0.23,0.205666667,0.253,0.302333333,0.343,0.403,0.353,0.252,0.220666667,0.170333333,0.208,0.274666667,0.329,0.395333333,0.301333333,0.159333333,0.132666667,0.139666667,0.225666667,0.304333333,0.332666667,0.319333333,0.259666667,0.119666667,0.112,0.089333333,0.157333333,0.226666667,0.242666667,0.253666667,0.183666667,0.065666667,0.082333333,0.050333333,0.054333333,0.072666667,0.087666667,0.107666667,0.092666667,0.087,0.082,0.062333333,0.078666667,0.105,0.112,0.103,0.091,0.074666667,0.072,0.067,0.084666667,0.093,0.086,0.114666667,0.096,0.14,0.146,0.123666667,0.092,0.114333333,0.095666667,0.106333333,0.123666667,0.129666667,0.104333333,0.109333333,0.128,0.146666667,0.172666667,0.197666667,0.187333333,0.184,0.194666667,0.208,0.195,0.223333333,0.242666667,0.269333333,0.226666667
BJ,y3,0.172333333,0.18,0.175666667,0.149333333,0.156333333,0.147333333,0.163,0.171333333,0.179333333,0.198,0.192333333,0.185333333,0.177666667,0.211666667,0.247,0.193333333,0.13,0.125,0.121,0.141333333,0.174333333,0.196666667,0.225333333,0.173,0.234666667,0.237666667,0.184333333,0.144,0.179666667,0.244,0.374,0.345666667,0.298,0.271333333,0.191333333,0.207,0.251,0.307333333,0.338333333,0.322,0.143333333,0.167333333,0.105666667,0.139,0.174333333,0.188666667,0.244333333,0.208666667,0.071333333,0.088666667,0.044,0.049666667,0.077666667,0.121,0.17,0.133666667,0.114,0.127666667,0.087,0.126333333,0.161666667,0.166,0.203,0.163666667,0.187333333,0.181666667,0.153666667,0.168,0.169666667,0.186333333,0.262666667,0.247666667,0.329333333,0.306,0.221666667,0.233333333,0.264666667,0.270333333,0.39,0.377,0.176666667,0.200666667,0.192666667,0.152,0.146,0.156666667,0.195666667,0.176,0.184333333,0.170666667,0.133333333,0.116,0.14,0.153666667,0.193333333,0.191
BJ,y4,0.203333333,0.203666667,0.193666667,0.216333333,0.240333333,0.208333333,0.213666667,0.21,0.231666667,0.243,0.204666667,0.204666667,0.223,0.248333333,0.313,0.249333333,0.246666667,0.269,0.208,0.182666667,0.184,0.187666667,0.259,0.237333333,0.165666667,0.159,0.136666667,0.188,0.290333333,0.375,0.384,0.259333333,0.189666667,0.204333333,0.150666667,0.172666667,0.189333333,0.222666667,0.316666667,0.270333333,0.098333333,0.094333333,0.052666667,0.112666667,0.192333333,0.287666667,0.314,0.2,0.107333333,0.118,0.078333333,0.070333333,0.06,0.067,0.105666667,0.105666667,0.072666667,0.100666667,0.073,0.049,0.036333333,0.049,0.071666667,0.071666667,0.127333333,0.181,0.124666667,0.075,0.074666667,0.113666667,0.164,0.118,0.161666667,0.210333333,0.179333333,0.152666667,0.179,0.19,0.216666667,0.169,0.237,0.229333333,0.163666667,0.142333333,0.182,0.221,0.274333333,0.228333333,0.145666667,0.173,0.186,0.157333333,0.184,0.184,0.172333333,0.141333333
BJ,y5,0.279,0.281666667,0.229666667,0.208666667,0.22,0.236666667,0.304,0.294333333,0.268666667,0.286333333,0.257333333,0.251,0.26,0.299666667,0.348666667,0.295666667,0.226333333,0.188333333,0.121,0.123,0.178,0.219666667,0.272333333,0.258,0.229666667,0.273,0.204,0.186,0.216,0.263333333,0.335666667,0.269666667,0.204,0.247333333,0.18,0.141666667,0.158333333,0.240333333,0.314666667,0.231666667,0.120666667,0.122333333,0.101,0.117666667,0.175666667,0.256,0.339,0.242666667,0.052,0.057666667,0.026333333,0.03,0.036,0.049,0.095666667,0.097666667,0.062333333,0.087333333,0.061,0.061,0.055333333,0.078,0.133333333,0.091333333,0.118333333,0.136333333,0.114333333,0.097,0.076666667,0.095333333,0.160666667,0.139666667,0.254,0.259,0.185333333,0.125333333,0.134666667,0.183,0.261,0.255666667,0.194,0.215666667,0.191,0.165333333,0.151,0.157666667,0.174666667,0.155333333,0.206333333,0.200666667,0.174333333,0.180333333,0.218,0.225333333,0.256333333,0.226
BJ,y6,0.259333333,0.246333333,0.181,0.164333333,0.155,0.189,0.235666667,0.248333333,0.239666667,0.247333333,0.192,0.152,0.130666667,0.165666667,0.232333333,0.237,0.261666667,0.277333333,0.231,0.251666667,0.304,0.350666667,0.379,0.329,0.306666667,0.334333333,0.262333333,0.289,0.376,0.446,0.486,0.399333333,0.186333333,0.196,0.158333333,0.184666667,0.216333333,0.279,0.344333333,0.283,0.089,0.088333333,0.042333333,0.04,0.094,0.169666667,0.264333333,0.194333333,0.116,0.121,0.079666667,0.102,0.128333333,0.187,0.220333333,0.169,0.067333333,0.088,0.051,0.052,0.068333333,0.079,0.106,0.089333333,0.111666667,0.120666667,0.077,0.028333333,0.030666667,0.061666667,0.143666667,0.155,0.167333333,0.193,0.156,0.128333333,0.122333333,0.176333333,0.257666667,0.187666667,0.172333333,0.180333333,0.149,0.138666667,0.135333333,0.127333333,0.191666667,0.202,0.127333333,0.134,0.128666667,0.141,0.213666667,0.199,0.185333333,0.142666667
BJ,y7,0.167333333,0.153,0.122,0.124,0.170333333,0.179333333,0.199666667,0.190666667,0.169333333,0.167,0.151333333,0.153333333,0.186,0.217666667,0.260666667,0.213333333,0.297666667,0.256333333,0.214333333,0.210666667,0.305666667,0.443666667,0.507,0.426,0.248,0.266666667,0.193666667,0.183333333,0.234333333,0.303333333,0.39,0.291,0.247666667,0.239,0.145333333,0.196333333,0.286,0.359333333,0.366666667,0.297,0.090333333,0.074666667,0.052333333,0.086666667,0.120666667,0.181333333,0.219,0.166333333,0.067,0.088,0.041666667,0.059666667,0.071666667,0.113,0.140333333,0.100333333,0.064,0.099333333,0.064,0.052666667,0.046333333,0.053666667,0.093,0.072,0.083,0.125333333,0.088333333,0.063333333,0.054666667,0.065666667,0.119,0.087666667,0.128666667,0.162333333,0.145,0.114333333,0.109,0.103,0.164333333,0.162666667,0.309,0.322666667,0.256,0.189666667,0.139333333,0.122333333,0.189333333,0.255333333,0.224,0.242,0.226333333,0.2,0.175666667,0.140333333,0.196333333,0.220333333
BJ,y8,0.240333333,0.259,0.231666667,0.18,0.201333333,0.214666667,0.262666667,0.244666667,0.214666667,0.219333333,0.166333333,0.104,0.09,0.105333333,0.157666667,0.195,0.280666667,0.26,0.191333333,0.279333333,0.425,0.490333333,0.514666667,0.371333333,0.279333333,0.267,0.201333333,0.294666667,0.39,0.423666667,0.442666667,0.376,0.185333333,0.212,0.143666667,0.119666667,0.142333333,0.184,0.260666667,0.234666667,0.116666667,0.112666667,0.103333333,0.114,0.129,0.174666667,0.248333333,0.184,0.077666667,0.138333333,0.072,0.058666667,0.079333333,0.096333333,0.106333333,0.077,0.056666667,0.071666667,0.043,0.030666667,0.038666667,0.067333333,0.098,0.065,0.148333333,0.187,0.126,0.093666667,0.085333333,0.092333333,0.164333333,0.15,0.241,0.242666667,0.204333333,0.221666667,0.247666667,0.260666667,0.251666667,0.257,0.236,0.214,0.176,0.224,0.248,0.252333333,0.276666667,0.256666667,0.169666667,0.173,0.157333333,0.119333333,0.068666667,0.072333333,0.120333333,0.158333333
BJ,y9,0.303666667,0.302666667,0.24,0.187,0.165,0.190333333,0.248666667,0.28,0.224666667,0.224,0.187,0.115666667,0.106666667,0.148,0.217333333,0.207666667,0.200333333,0.207,0.173666667,0.149666667,0.121666667,0.116,0.177,0.207333333,0.244,0.260333333,0.198,0.195333333,0.250333333,0.305666667,0.350333333,0.303333333,0.121666667,0.163666667,0.114333333,0.102,0.142,0.2,0.279666667,0.174666667,0.100666667,0.148666667,0.133,0.140333333,0.127333333,0.153333333,0.196666667,0.158,0.077666667,0.068,0.038666667,0.048666667,0.085,0.105666667,0.144,0.127,0.093333333,0.121,0.061333333,0.087333333,0.100333333,0.148666667,0.211333333,0.129666667,0.090333333,0.104333333,0.090333333,0.087333333,0.107,0.14,0.199,0.133333333,0.303666667,0.341666667,0.275666667,0.259666667,0.261333333,0.273333333,0.351,0.303333333,0.172666667,0.169,0.152,0.150333333,0.149,0.147333333,0.163666667,0.174666667,0.316333333,0.293666667,0.256,0.179,0.192666667,0.22,0.254333333,0.278666667
BJ,y10,0.264333333,0.284,0.264666667,0.232666667,0.219,0.229,0.242666667,0.232666667,0.271333333,0.293333333,0.261333333,0.300666667,0.403666667,0.423,0.355,0.289666667,0.266,0.271333333,0.208333333,0.243666667,0.298666667,0.323333333,0.407,0.342,0.271333333,0.286,0.208666667,0.194666667,0.275666667,0.379,0.382,0.290333333,0.224,0.217333333,0.137333333,0.187666667,0.241333333,0.330333333,0.407,0.336666667,0.079,0.070666667,0.050333333,0.094333333,0.153333333,0.209666667,0.230333333,0.153333333,0.093666667,0.123666667,0.083333333,0.112333333,0.107333333,0.115333333,0.125333333,0.098666667,0.077,0.097666667,0.061333333,0.059333333,0.054,0.065,0.091,0.082333333,0.17,0.221,0.168,0.121,0.136333333,0.151666667,0.217,0.180333333,0.214,0.249333333,0.195,0.145666667,0.138,0.151666667,0.232333333,0.208333333,0.225,0.241666667,0.199333333,0.136,0.136666667,0.158666667,0.218,0.204,0.180333333,0.176666667,0.178333333,0.163,0.155333333,0.142333333,0.165,0.180666667
BJ,y11,0.273333333,0.264,0.222,0.168,0.164333333,0.178666667,0.238,0.249,0.200666667,0.228,0.203333333,0.221666667,0.179666667,0.167333333,0.193666667,0.200666667,0.393333333,0.370666667,0.292,0.262666667,0.232666667,0.299333333,0.418,0.394333333,0.318666667,0.292,0.205333333,0.267666667,0.307,0.370333333,0.416,0.374,0.222,0.209333333,0.150333333,0.187666667,0.284,0.353666667,0.405,0.283,0.113333333,0.108666667,0.054333333,0.074666667,0.113666667,0.139333333,0.205333333,0.155666667,0.079333333,0.113333333,0.055666667,0.050333333,0.058666667,0.076666667,0.122666667,0.081666667,0.053,0.069,0.048666667,0.046333333,0.043333333,0.052666667,0.066,0.059666667,0.074,0.103333333,0.083333333,0.063333333,0.067333333,0.069666667,0.120333333,0.089,0.169333333,0.199333333,0.157333333,0.109333333,0.117333333,0.159,0.253,0.228333333,0.206666667,0.223666667,0.187666667,0.101333333,0.136333333,0.147,0.200666667,0.188,0.316333333,0.293333333,0.273666667,0.284,0.275333333,0.271333333,0.315333333,0.326333333
BJ,y12,0.155333333,0.199,0.182,0.113,0.093666667,0.107666667,0.150666667,0.146666667,0.211666667,0.191,0.168333333,0.174,0.179666667,0.219333333,0.297666667,0.253,0.280333333,0.261,0.219666667,0.254333333,0.261666667,0.331333333,0.468666667,0.362333333,0.284666667,0.260333333,0.190333333,0.208,0.251,0.304333333,0.356666667,0.326333333,0.222333333,0.246666667,0.169333333,0.132666667,0.129,0.182666667,0.298333333,0.232,0.103333333,0.109,0.107,0.148,0.204666667,0.239,0.239333333,0.181333333,0.050333333,0.061666667,0.052333333,0.061333333,0.058333333,0.08,0.106333333,0.085,0.060333333,0.066666667,0.035666667,0.036333333,0.059,0.078666667,0.094666667,0.076333333,0.077333333,0.099666667,0.106666667,0.094333333,0.103666667,0.128,0.183333333,0.112333333,0.149666667,0.176666667,0.163,0.119333333,0.100666667,0.149666667,0.220333333,0.147333333,0.193666667,0.221333333,0.206333333,0.160666667,0.196,0.227666667,0.241,0.209666667,0.180333333,0.184333333,0.148333333,0.117333333,0.123333333,0.137,0.152333333,0.149
BJ,y13,0.276,0.274666667,0.238666667,0.153333333,0.143666667,0.166,0.238666667,0.275666667,0.173666667,0.189,0.171666667,0.168,0.162666667,0.193,0.211333333,0.172666667,0.217,0.234,0.180333333,0.178333333,0.229333333,0.261333333,0.29,0.215333333,0.284,0.279333333,0.203,0.172333333,0.238666667,0.354666667,0.397333333,0.337,0.278666667,0.326333333,0.244,0.248333333,0.271666667,0.338666667,0.374,0.309,0.061,0.063,0.028333333,0.054333333,0.110333333,0.182333333,0.285333333,0.161333333,0.041,0.047666667,0.043666667,0.057,0.063,0.120666667,0.150666667,0.088,0.076,0.114666667,0.055333333,0.049,0.051333333,0.057,0.073,0.065,0.068,0.1,0.069,0.023333333,0.022666667,0.050666667,0.131333333,0.095333333,0.229,0.243,0.177,0.112666667,0.104666667,0.135,0.199666667,0.185666667,0.191333333,0.18,0.150666667,0.161,0.209,0.199666667,0.208666667,0.211666667,0.226666667,0.223666667,0.201333333,0.166666667,0.176333333,0.189666667,0.255333333,0.259
BJ,y14,0.214,0.231,0.220666667,0.171,0.109333333,0.116666667,0.178666667,0.203333333,0.332333333,0.334333333,0.273333333,0.214333333,0.173,0.174333333,0.297333333,0.343,0.294333333,0.258333333,0.185333333,0.193666667,0.210333333,0.243,0.359,0.346333333,0.216,0.204333333,0.134333333,0.156,0.241666667,0.277,0.333333333,0.281333333,0.222666667,0.287666667,0.185333333,0.189,0.236,0.280666667,0.330333333,0.246666667,0.094,0.085666667,0.058,0.054,0.071333333,0.094,0.127666667,0.116333333,0.039333333,0.056333333,0.035,0.024333333,0.039666667,0.060333333,0.123333333,0.09,0.044333333,0.058333333,0.057666667,0.077666667,0.068666667,0.063,0.095333333,0.076666667,0.104,0.134666667,0.101666667,0.068,0.072,0.083666667,0.149666667,0.118666667,0.189,0.200333333,0.171333333,0.16,0.149666667,0.144333333,0.194333333,0.192666667,0.225666667,0.182333333,0.129333333,0.123,0.171666667,0.172333333,0.230333333,0.242,0.254,0.234333333,0.236333333,0.272,0.306333333,0.272333333,0.295333333,0.303333333
BJ,y15,0.309666667,0.335,0.292666667,0.216,0.215333333,0.221333333,0.285,0.280666667,0.182333333,0.177333333,0.147666667,0.1,0.103333333,0.163666667,0.258,0.219,0.249666667,0.197,0.139666667,0.173666667,0.234666667,0.271,0.357,0.314,0.274,0.259666667,0.185666667,0.197,0.227333333,0.269666667,0.360666667,0.299,0.216,0.16,0.120666667,0.225666667,0.289666667,0.296666667,0.328666667,0.313333333,0.177333333,0.195333333,0.111666667,0.136,0.207,0.256333333,0.280333333,0.243333333,0.079333333,0.081666667,0.058333333,0.064,0.067,0.078333333,0.116666667,0.111,0.059333333,0.077666667,0.047666667,0.031,0.05,0.069,0.092666667,0.067,0.132,0.148,0.096666667,0.076,0.110333333,0.154666667,0.236,0.167666667,0.246666667,0.267,0.192666667,0.13,0.168666667,0.191,0.289666667,0.253666667,0.176333333,0.17,0.161,0.166,0.14,0.132333333,0.193,0.195333333,0.193333333,0.202333333,0.187333333,0.167666667,0.181333333,0.201666667,0.251,0.219333333
BJ,y16,0.26,0.223666667,0.216666667,0.246333333,0.269333333,0.268666667,0.302,0.289,0.147666667,0.172666667,0.175,0.150666667,0.109,0.095333333,0.115333333,0.115666667,0.195333333,0.186,0.204666667,0.283666667,0.274333333,0.245,0.268666667,0.224,0.271,0.259666667,0.212,0.304,0.345333333,0.341666667,0.357,0.300333333,0.244333333,0.229,0.186,0.215666667,0.263,0.278666667,0.319,0.296333333,0.045,0.047666667,0.032333333,0.021,0.039666667,0.076333333,0.172,0.133,0.089,0.084666667,0.039,0.036333333,0.045666667,0.075666667,0.162666667,0.132666667,0.074333333,0.082666667,0.058666667,0.062333333,0.087,0.128,0.203333333,0.127333333,0.121666667,0.153666667,0.136,0.122,0.098,0.089333333,0.164,0.148333333,0.197333333,0.199333333,0.151666667,0.131666667,0.140666667,0.157333333,0.235,0.207666667,0.203333333,0.254333333,0.251666667,0.220333333,0.219,0.173666667,0.185333333,0.205666667,0.271,0.29,0.286333333,0.329333333,0.362666667,0.302666667,0.308666667,0.282333333
BJ,y17,0.332,0.315666667,0.287666667,0.277333333,0.243666667,0.259666667,0.364333333,0.353333333,0.190666667,0.213333333,0.209333333,0.140333333,0.095333333,0.120666667,0.196,0.179333333,0.326,0.297333333,0.239666667,0.23,0.228666667,0.263,0.339666667,0.403,0.293666667,0.300333333,0.240666667,0.287666667,0.278333333,0.285333333,0.354666667,0.357,0.283666667,0.276,0.184333333,0.267,0.298666667,0.377333333,0.435666667,0.331666667,0.135333333,0.141333333,0.096,0.097666667,0.098666667,0.151666667,0.227666667,0.199666667,0.044333333,0.066333333,0.036,0.033333333,0.036333333,0.052333333,0.104,0.100333333,0.044666667,0.043666667,0.019,0.017666667,0.034333333,0.049,0.079,0.068333333,0.112333333,0.141666667,0.105333333,0.055,0.053,0.054333333,0.106666667,0.112666667,0.170666667,0.196333333,0.14,0.111666667,0.117333333,0.135333333,0.195,0.173,0.171666667,0.192,0.157666667,0.082,0.084666667,0.097,0.120666667,0.142333333,0.195333333,0.207333333,0.201666667,0.143,0.126,0.148666667,0.171666667,0.182666667
BJ,y18,0.214,0.204,0.158666667,0.104333333,0.127666667,0.145333333,0.176333333,0.173,0.225333333,0.212333333,0.177666667,0.178333333,0.191,0.231,0.308,0.288,0.209666667,0.196666667,0.181,0.215666667,0.22,0.240666667,0.297666667,0.25,0.286,0.294,0.203666667,0.219666667,0.308,0.363333333,0.401333333,0.333666667,0.182,0.19,0.112,0.155333333,0.189333333,0.224333333,0.302666667,0.251,0.120666667,0.121666667,0.067333333,0.074333333,0.107,0.146,0.196333333,0.152333333,0.081333333,0.079333333,0.054333333,0.059333333,0.064,0.068666667,0.114333333,0.117,0.079,0.106666667,0.065333333,0.05,0.057333333,0.076,0.113,0.094,0.104,0.128666667,0.093666667,0.066,0.064666667,0.081666667,0.142333333,0.129,0.199666667,0.217,0.193,0.188333333,0.207666667,0.227,0.280333333,0.228,0.247666667,0.206,0.173333333,0.167333333,0.224333333,0.259,0.329,0.318333333,0.210666667,0.199,0.182666667,0.191,0.173666667,0.154666667,0.202333333,0.209
BJ,y19,0.171666667,0.182,0.156333333,0.1,0.100333333,0.117,0.143333333,0.149666667,0.186333333,0.190333333,0.16,0.184666667,0.172,0.179666667,0.214333333,0.181666667,0.241666667,0.189333333,0.121333333,0.125333333,0.206666667,0.298,0.408,0.334333333,0.293,0.295,0.236,0.283666667,0.300666667,0.362333333,0.452,0.357,0.153,0.158,0.129333333,0.185,0.220333333,0.275333333,0.313333333,0.23,0.066333333,0.081666667,0.073333333,0.101,0.136666667,0.164,0.201,0.121666667,0.104333333,0.127333333,0.082,0.081666667,0.072,0.067333333,0.127,0.137666667,0.084,0.098333333,0.060333333,0.040333333,0.046666667,0.070333333,0.113,0.108666667,0.123666667,0.173333333,0.118333333,0.094333333,0.086666667,0.092666667,0.141666667,0.118,0.153666667,0.197666667,0.16,0.124666667,0.138666667,0.129666667,0.184,0.166333333,0.203666667,0.217666667,0.21,0.197333333,0.213,0.217,0.281666667,0.258666667,0.302666667,0.324333333,0.304333333,0.247666667,0.216,0.202666667,0.243333333,0.257333333
BJ,y20,0.204333333,0.203333333,0.195666667,0.121666667,0.121,0.188666667,0.26,0.229333333,0.118,0.128333333,0.135666667,0.118,0.092,0.099,0.155,0.144333333,0.252333333,0.242666667,0.183666667,0.132666667,0.115666667,0.177666667,0.359,0.333,0.146,0.162,0.125,0.142666667,0.163666667,0.211333333,0.313,0.234666667,0.27,0.275333333,0.210333333,0.322,0.378666667,0.406666667,0.443333333,0.349666667,0.09,0.096,0.050666667,0.048,0.048333333,0.081,0.139333333,0.103666667,0.088,0.097666667,0.058333333,0.065666667,0.082333333,0.102333333,0.160666667,0.152,0.056333333,0.078333333,0.049333333,0.036333333,0.036,0.054333333,0.110666667,0.073333333,0.099333333,0.121666667,0.067,0.033333333,0.048,0.076333333,0.146666667,0.113,0.113666667,0.119,0.122,0.128666667,0.121666667,0.122,0.184333333,0.152666667,0.186666667,0.199,0.174,0.101333333,0.120333333,0.143666667,0.204666667,0.208666667,0.264,0.261,0.253666667,0.262333333,0.301666667,0.294333333,0.329333333,0.303666667
BJ,y21,0.228,0.203333333,0.181333333,0.145666667,0.177333333,0.193,0.250666667,0.242666667,0.274666667,0.25,0.199333333,0.175,0.182,0.238333333,0.335666667,0.307,0.232,0.253666667,0.207666667,0.216333333,0.224666667,0.246333333,0.359333333,0.301,0.205,0.218333333,0.173,0.158333333,0.179666667,0.257,0.424333333,0.325,0.252,0.209666667,0.158666667,0.213333333,0.250666667,0.32,0.427333333,0.367333333,0.124666667,0.145666667,0.115333333,0.106333333,0.147,0.158333333,0.142,0.145333333,0.063666667,0.072666667,0.040333333,0.043,0.044666667,0.063666667,0.168333333,0.139,0.067666667,0.087333333,0.045333333,0.027666667,0.034,0.054333333,0.080333333,0.081,0.119666667,0.150333333,0.093333333,0.072333333,0.082333333,0.076,0.109333333,0.108666667,0.231333333,0.247,0.199333333,0.185333333,0.199,0.212666667,0.233,0.244666667,0.133333333,0.155666667,0.14,0.122666667,0.135333333,0.127333333,0.134666667,0.122,0.166,0.178333333,0.187333333,0.151666667,0.153,0.150333333,0.172,0.169666667
BJ,y22,0.251333333,0.255333333,0.233333333,0.207,0.178333333,0.181,0.231333333,0.250666667,0.265333333,0.240333333,0.218,0.314666667,0.363666667,0.342333333,0.391666667,0.345666667,0.335,0.337333333,0.223333333,0.143666667,0.146,0.187,0.341,0.345666667,0.258,0.236333333,0.166,0.192666667,0.299666667,0.412333333,0.535,0.392666667,0.210666667,0.264666667,0.22,0.242333333,0.302333333,0.378333333,0.411,0.284333333,0.121666667,0.118333333,0.082666667,0.091,0.118,0.177333333,0.247333333,0.192333333,0.073,0.065333333,0.042666667,0.058,0.074666667,0.084666667,0.151666667,0.140666667,0.064,0.121,0.092,0.078333333,0.062333333,0.056333333,0.065666667,0.073333333,0.132333333,0.155333333,0.088,0.061,0.055333333,0.054666667,0.097,0.106333333,0.158666667,0.192,0.15,0.118666667,0.118,0.112,0.158666667,0.130666667,0.129666667,0.127333333,0.121666667,0.155,0.179666667,0.180333333,0.205333333,0.169666667,0.098,0.124333333,0.127,0.121333333,0.134333333,0.14,0.148666667,0.107666667
BJ,y23,0.184666667,0.155333333,0.145666667,0.141,0.170666667,0.195666667,0.252333333,0.23,0.268,0.277333333,0.233666667,0.223333333,0.220333333,0.249333333,0.317666667,0.292666667,0.231666667,0.229666667,0.185666667,0.141,0.159333333,0.204333333,0.318666667,0.314666667,0.321,0.338666667,0.218,0.202666667,0.242,0.313,0.387,0.309,0.192333333,0.203333333,0.183666667,0.236333333,0.276666667,0.335333333,0.377333333,0.279333333,0.138666667,0.104333333,0.076666667,0.120666667,0.143,0.172,0.256666667,0.232333333,0.049,0.067,0.05,0.05,0.059333333,0.069,0.116666667,0.089666667,0.085,0.094,0.046333333,0.047666667,0.052,0.054666667,0.092,0.096,0.136333333,0.158,0.101333333,0.088,0.122333333,0.098666667,0.127333333,0.152333333,0.131666667,0.155333333,0.118,0.084333333,0.092666667,0.082666667,0.109,0.099666667,0.208333333,0.209,0.199666667,0.206333333,0.258666667,0.282666667,0.317,0.257333333,0.19,0.184,0.203333333,0.221666667,0.238333333,0.212666667,0.251,0.222
BJ,y24,0.286,0.265,0.21,0.181333333,0.213666667,0.250333333,0.287,0.285666667,0.217333333,0.217333333,0.191666667,0.225666667,0.238,0.239,0.314,0.278666667,0.156,0.169333333,0.14,0.106333333,0.108,0.15,0.255333333,0.203333333,0.263333333,0.286,0.219666667,0.262666667,0.331333333,0.369666667,0.409666667,0.333666667,0.107333333,0.138666667,0.133666667,0.161666667,0.181666667,0.214666667,0.292666667,0.186666667,0.105666667,0.105,0.059666667,0.083333333,0.114,0.168,0.245666667,0.192,0.078333333,0.075,0.053666667,0.066666667,0.076333333,0.082666667,0.146666667,0.127,0.08,0.113,0.073,0.059666667,0.046666667,0.051666667,0.079333333,0.081,0.168666667,0.205666667,0.147,0.146666667,0.157,0.154,0.187666667,0.185,0.207,0.211333333,0.202666667,0.187,0.212,0.226666667,0.253666667,0.283,0.137666667,0.18,0.180666667,0.123,0.122333333,0.120666667,0.155333333,0.135333333,0.216,0.233333333,0.236,0.209,0.179333333,0.143666667,0.184666667,0.200666667
BJ,y25,0.266666667,0.267,0.241333333,0.17,0.127333333,0.152,0.246666667,0.266333333,0.217333333,0.226,0.196666667,0.138,0.107,0.131666667,0.178666667,0.193,0.298333333,0.259666667,0.218,0.235333333,0.284,0.345333333,0.433666667,0.391,0.196333333,0.176333333,0.145666667,0.189666667,0.23,0.282,0.396,0.283,0.282,0.281,0.176,0.194666667,0.249,0.318666667,0.469666667,0.396333333,0.102,0.111666667,0.072,0.063333333,0.085666667,0.105666667,0.238333333,0.208,0.068,0.065666667,0.039,0.043,0.072333333,0.091333333,0.157,0.128,0.149666667,0.178,0.128,0.145,0.137666667,0.137333333,0.163,0.174333333,0.138,0.129333333,0.089,0.046,0.033666667,0.049,0.158666667,0.152333333,0.132666667,0.144,0.119,0.072666667,0.098333333,0.115,0.188333333,0.173,0.216333333,0.226666667,0.223666667,0.193666667,0.181666667,0.174666667,0.194666667,0.219333333,0.163666667,0.156666667,0.162,0.167,0.211333333,0.198333333,0.194666667,0.170666667
BJ,y26,0.171,0.187666667,0.194,0.083,0.040333333,0.056666667,0.142666667,0.184333333,0.184333333,0.188333333,0.174666667,0.182666667,0.166,0.188,0.233666667,0.201,0.237333333,0.271,0.238,0.288333333,0.323,0.343333333,0.398,0.309,0.35,0.362,0.255,0.237666667,0.223333333,0.287,0.372666667,0.361666667,0.203666667,0.204,0.146666667,0.162,0.174333333,0.252,0.313666667,0.274,0.119333333,0.114333333,0.081,0.156,0.2,0.238,0.307666667,0.215333333,0.049333333,0.060666667,0.035,0.05,0.054666667,0.048666667,0.068333333,0.082333333,0.09,0.100333333,0.056666667,0.048333333,0.061333333,0.085333333,0.135666667,0.119666667,0.192333333,0.209666667,0.141333333,0.134333333,0.110333333,0.096,0.121666667,0.162666667,0.217333333,0.228,0.177,0.136333333,0.125,0.156666667,0.251666667,0.245666667,0.212333333,0.221333333,0.192,0.174666667,0.169333333,0.151333333,0.197666667,0.195666667,0.23,0.239333333,0.198,0.172333333,0.17,0.143333333,0.193,0.223333333
CQ,y1,0.047666667,0.032,0.024,0.072,0.260666667,0.320666667,0.204666667,0.113666667,0.101333333,0.049,0.037,0.117,0.289666667,0.408666667,0.337666667,0.238666667,0.141,0.076,0.053666667,0.196666667,0.404,0.564,0.490333333,0.312333333,0.144333333,0.053666667,0.058,0.294,0.468666667,0.627666667,0.531,0.334333333,0.132333333,0.065,0.062333333,0.131333333,0.167,0.264666667,0.312666667,0.258666667,0.094333333,0.044666667,0.032666667,0.070666667,0.091333333,0.134,0.139666667,0.124666667,0.044666667,0.021666667,0.016333333,0.030333333,0.05,0.084333333,0.076,0.074333333,0.025666667,0.016333333,0.009333333,0.017666667,0.020333333,0.035333333,0.035,0.033,0.026,0.013333333,0.007333333,0.026,0.035,0.042333333,0.027,0.031,0.026333333,0.019333333,0.011666667,0.036666667,0.048333333,0.054333333,0.029,0.031666667,0.022,0.015666667,0.015666667,0.049333333,0.088666667,0.076,0.046666667,0.039333333,0.038333333,0.027,0.019,0.05,0.139666667,0.160333333,0.111333333,0.076333333
CQ,y2,0.080666667,0.051333333,0.039333333,0.092666667,0.292,0.343333333,0.262,0.183,0.117333333,0.059,0.043333333,0.107,0.259,0.355,0.319666667,0.257,0.178666667,0.117,0.095333333,0.279666667,0.489333333,0.578,0.48,0.339666667,0.117666667,0.055666667,0.044666667,0.172333333,0.309,0.444,0.401666667,0.275333333,0.1,0.048,0.032666667,0.076666667,0.105,0.182666667,0.201666667,0.179,0.096333333,0.043333333,0.037,0.058,0.101,0.202333333,0.237333333,0.199,0.066333333,0.035333333,0.033666667,0.075666667,0.096666667,0.122,0.105,0.094666667,0.017,0.008333333,0.005333333,0.01,0.017333333,0.030666667,0.031,0.037,0.023,0.016,0.014,0.028333333,0.027333333,0.034333333,0.026666667,0.025666667,0.048,0.027,0.017333333,0.042666667,0.051,0.067333333,0.067666667,0.074666667,0.041,0.024,0.015333333,0.049666667,0.114666667,0.136,0.089333333,0.075333333,0.042333333,0.022333333,0.012666667,0.029666667,0.093666667,0.116666667,0.107666667,0.087
CQ,y3,0.056333333,0.023666667,0.016666667,0.049,0.161333333,0.217666667,0.170666667,0.147333333,0.066666667,0.030666667,0.016666667,0.082666667,0.302,0.467333333,0.286,0.153,0.138666667,0.059666667,0.039,0.177666667,0.406,0.566,0.463333333,0.300333333,0.11,0.041,0.03,0.106666667,0.182333333,0.304333333,0.303666667,0.215,0.133333333,0.07,0.053,0.113666667,0.149666667,0.233333333,0.289333333,0.259333333,0.102333333,0.041333333,0.034666667,0.053,0.065666667,0.114333333,0.163333333,0.181666667,0.044666667,0.021333333,0.012666667,0.016333333,0.014666667,0.027,0.031666667,0.041666667,0.021666667,0.008666667,0.005333333,0.023666667,0.026333333,0.027333333,0.028,0.034333333,0.035333333,0.026333333,0.012,0.023666667,0.027,0.041,0.033666667,0.041,0.020666667,0.009333333,0.006,0.017666667,0.034666667,0.046666667,0.025333333,0.034666667,0.053666667,0.029,0.019666667,0.047333333,0.114333333,0.138666667,0.131,0.103666667,0.056333333,0.032333333,0.026666667,0.058333333,0.169333333,0.181666667,0.155,0.120666667
CQ,y4,0.096333333,0.047333333,0.034,0.084333333,0.310333333,0.411,0.338333333,0.229,0.119333333,0.049333333,0.031333333,0.103333333,0.288333333,0.411333333,0.339333333,0.279,0.137333333,0.083666667,0.067333333,0.231,0.476666667,0.598333333,0.453666667,0.272666667,0.097,0.056666667,0.031666667,0.127,0.215,0.311333333,0.284333333,0.199333333,0.116666667,0.054,0.043,0.094,0.142666667,0.247333333,0.254666667,0.187,0.082,0.041333333,0.038333333,0.058333333,0.074333333,0.115,0.140333333,0.139333333,0.061333333,0.034666667,0.025333333,0.055,0.076666667,0.114,0.094,0.092,0.04,0.028,0.021333333,0.043666667,0.049,0.069333333,0.040333333,0.045333333,0.027333333,0.022666667,0.012666667,0.026333333,0.025,0.021,0.019,0.030666667,0.026333333,0.019333333,0.014333333,0.027,0.027,0.028666667,0.019333333,0.032,0.023666667,0.015333333,0.009666667,0.014,0.038666667,0.045333333,0.033,0.040666667,0.034,0.016,0.010666667,0.023,0.064,0.057,0.040333333,0.06
CQ,y5,0.066,0.038333333,0.026333333,0.050333333,0.136333333,0.158333333,0.143666667,0.145666667,0.140333333,0.075666667,0.051666667,0.099,0.229333333,0.269,0.258333333,0.256666667,0.157666667,0.07,0.055333333,0.211333333,0.414333333,0.525333333,0.415,0.305,0.16,0.078333333,0.048,0.119666667,0.156,0.266333333,0.275666667,0.240666667,0.079,0.047666667,0.046666667,0.090666667,0.107333333,0.224333333,0.250333333,0.171,0.113,0.051,0.042,0.060666667,0.074666667,0.137,0.184333333,0.207333333,0.047333333,0.021333333,0.014,0.016333333,0.026,0.053333333,0.046666667,0.059,0.016,0.007333333,0.003666667,0.007666667,0.006666667,0.006,0.009666667,0.021,0.029,0.014,0.007333333,0.012333333,0.011666667,0.012333333,0.009666667,0.023666667,0.043333333,0.028666667,0.015,0.043333333,0.057,0.070666667,0.040666667,0.054,0.022,0.012333333,0.007333333,0.022,0.060666667,0.069333333,0.040333333,0.044666667,0.032666667,0.022,0.016,0.019333333,0.047,0.054,0.044333333,0.053666667
CQ,y6,0.083,0.040666667,0.029,0.074333333,0.24,0.259,0.215,0.175333333,0.077,0.043666667,0.030333333,0.087333333,0.291,0.439333333,0.335666667,0.198,0.081,0.042333333,0.025333333,0.102333333,0.288666667,0.432,0.295,0.179333333,0.107666667,0.057333333,0.038333333,0.121666667,0.222,0.352666667,0.300666667,0.200666667,0.059333333,0.031,0.026666667,0.041666667,0.043666667,0.094666667,0.118666667,0.105,0.103666667,0.048666667,0.038666667,0.062333333,0.086666667,0.161,0.166333333,0.157666667,0.025333333,0.013666667,0.013333333,0.021666667,0.024666667,0.039,0.034,0.035666667,0.019,0.007,0.007,0.01,0.009,0.011666667,0.016,0.021666667,0.036666667,0.023666667,0.012333333,0.028,0.028,0.042666667,0.030333333,0.035333333,0.045666667,0.026,0.015,0.032,0.037,0.040666667,0.028666667,0.042666667,0.048666667,0.033333333,0.012333333,0.033666667,0.069,0.073333333,0.045666667,0.053666667,0.035333333,0.023666667,0.018666667,0.031333333,0.085666667,0.094333333,0.072666667,0.069666667
CQ,y7,0.075666667,0.044666667,0.034,0.07,0.212,0.253666667,0.220666667,0.167666667,0.079333333,0.048,0.034,0.107666667,0.288,0.382,0.296333333,0.185666667,0.13,0.050666667,0.032333333,0.127666667,0.276,0.405333333,0.318,0.234666667,0.152,0.08,0.054666667,0.207666667,0.344666667,0.502333333,0.415,0.267333333,0.054666667,0.026,0.027,0.039333333,0.058666667,0.092333333,0.087,0.077,0.049,0.026333333,0.02,0.038,0.048,0.073,0.073,0.075666667,0.024333333,0.008,0.008,0.012666667,0.014333333,0.020666667,0.023,0.037333333,0.020333333,0.011333333,0.009333333,0.021,0.016666667,0.019666667,0.018666667,0.029666667,0.033666667,0.023333333,0.018,0.031,0.023,0.027666667,0.027,0.037,0.040333333,0.036,0.019666667,0.047333333,0.060666667,0.065,0.042666667,0.049,0.025,0.017333333,0.017,0.031,0.050333333,0.06,0.042,0.039333333,0.053333333,0.031333333,0.019666667,0.041666667,0.128,0.141666667,0.111333333,0.099333333
CQ,y8,0.050333333,0.032,0.029,0.067,0.230333333,0.272,0.183,0.110333333,0.074666667,0.039666667,0.030666667,0.092666667,0.237666667,0.290333333,0.288666667,0.215,0.102,0.047333333,0.029666667,0.116,0.247333333,0.352666667,0.297666667,0.219333333,0.163333333,0.093666667,0.062,0.233666667,0.350333333,0.493,0.439,0.288,0.054,0.020666667,0.021,0.064666667,0.115666667,0.173,0.156,0.116333333,0.091666667,0.045,0.028666667,0.029,0.038333333,0.105,0.151333333,0.147333333,0.019666667,0.009333333,0.005666667,0.009666667,0.008,0.008333333,0.014333333,0.023333333,0.011,0.004333333,0.003333333,0.016,0.016333333,0.019333333,0.012666667,0.016333333,0.022,0.012666667,0.007333333,0.013333333,0.011333333,0.009333333,0.006,0.013333333,0.019666667,0.009666667,0.009333333,0.023666667,0.045,0.051,0.037,0.042666667,0.032333333,0.019333333,0.009666667,0.033,0.077333333,0.079,0.046,0.055666667,0.052333333,0.03,0.021333333,0.039,0.110333333,0.127,0.124333333,0.111333333
CQ,y9,0.066,0.042666667,0.040666667,0.075333333,0.182333333,0.212666667,0.193333333,0.135,0.089666667,0.039666667,0.026333333,0.126666667,0.331,0.392333333,0.275,0.194,0.136333333,0.070333333,0.048,0.170333333,0.338333333,0.478,0.393,0.274333333,0.186333333,0.09,0.068666667,0.219333333,0.327333333,0.454666667,0.42,0.296,0.132,0.062666667,0.041666667,0.088333333,0.169666667,0.302333333,0.339333333,0.253,0.080333333,0.051333333,0.037666667,0.056666667,0.057666667,0.081,0.095666667,0.116,0.114,0.061333333,0.058333333,0.093333333,0.116666667,0.201333333,0.207333333,0.162666667,0.036333333,0.019,0.010333333,0.011,0.009333333,0.014,0.025333333,0.053,0.036,0.025333333,0.02,0.025666667,0.017,0.030666667,0.041666667,0.050666667,0.068,0.041666667,0.023333333,0.047,0.065,0.079666667,0.075333333,0.097333333,0.045,0.029333333,0.023333333,0.048,0.105333333,0.123,0.117,0.099,0.059333333,0.037,0.031,0.052666667,0.128666667,0.153,0.141,0.117
CQ,y10,0.104333333,0.064333333,0.048333333,0.112666667,0.285333333,0.328666667,0.238,0.195333333,0.112333333,0.045666667,0.024666667,0.086333333,0.230333333,0.366,0.303,0.23,0.149,0.071333333,0.050333333,0.195,0.373666667,0.528666667,0.45,0.283,0.099666667,0.053,0.041333333,0.102,0.146333333,0.229666667,0.229333333,0.201666667,0.133333333,0.06,0.056,0.117333333,0.147333333,0.250333333,0.302333333,0.244,0.051,0.031,0.028333333,0.062666667,0.069333333,0.094666667,0.089,0.086,0.037333333,0.021,0.012666667,0.031333333,0.033333333,0.036666667,0.028,0.039333333,0.024666667,0.014,0.012,0.021,0.021666667,0.032333333,0.032666667,0.035333333,0.023,0.019,0.014666667,0.035666667,0.038333333,0.042333333,0.030333333,0.035666667,0.049333333,0.037,0.028333333,0.049333333,0.062666667,0.07,0.052333333,0.068333333,0.032666667,0.019333333,0.011,0.030333333,0.070333333,0.076,0.063333333,0.062,0.047,0.03,0.021666667,0.035333333,0.105666667,0.130333333,0.125333333,0.101333333
CQ,y11,0.072,0.044666667,0.034666667,0.079333333,0.277,0.355333333,0.279,0.173,0.161666667,0.098333333,0.087,0.265,0.533,0.644,0.486,0.306,0.114,0.053333333,0.043,0.187333333,0.307,0.420666667,0.329333333,0.210666667,0.148,0.078,0.058,0.179666667,0.267,0.379333333,0.366333333,0.264666667,0.171333333,0.079,0.053666667,0.122,0.187333333,0.313666667,0.371333333,0.303666667,0.118,0.042333333,0.025,0.014666667,0.02,0.076333333,0.174,0.2,0.102,0.060333333,0.045333333,0.048,0.056666667,0.114666667,0.131333333,0.142333333,0.036,0.016666667,0.014,0.028333333,0.026333333,0.031666667,0.030333333,0.050666667,0.027666667,0.018,0.010333333,0.023666667,0.024333333,0.022,0.015666667,0.023666667,0.044333333,0.029333333,0.021666667,0.050666667,0.061666667,0.068333333,0.044333333,0.062333333,0.042666667,0.027333333,0.015333333,0.038666667,0.086,0.104,0.096333333,0.084,0.061333333,0.035666667,0.023,0.037,0.106666667,0.130333333,0.158333333,0.119333333
CQ,y12,0.092666667,0.058333333,0.042333333,0.051333333,0.150666667,0.225333333,0.308333333,0.202333333,0.107666667,0.061333333,0.053666667,0.148,0.288333333,0.347,0.289666667,0.237333333,0.135333333,0.055,0.029666667,0.133333333,0.327333333,0.514,0.424333333,0.276666667,0.143,0.066,0.051666667,0.216333333,0.333,0.464666667,0.416,0.276333333,0.107333333,0.074666667,0.044,0.066666667,0.100666667,0.168666667,0.2,0.172666667,0.107,0.056333333,0.038666667,0.051,0.048666667,0.082666667,0.119,0.160666667,0.037666667,0.015333333,0.012,0.015333333,0.027333333,0.049,0.051333333,0.054333333,0.020333333,0.005333333,0.002666667,0.014666667,0.014,0.012333333,0.013333333,0.029333333,0.053,0.034333333,0.022666667,0.025,0.025666667,0.031333333,0.045333333,0.072666667,0.024666667,0.016,0.008333333,0.024,0.032,0.033666667,0.020666667,0.031333333,0.041666667,0.018333333,0.010333333,0.028666667,0.076666667,0.107333333,0.110333333,0.116,0.061,0.036,0.024333333,0.052666667,0.147666667,0.177333333,0.177666667,0.138666667
CQ,y13,0.075333333,0.042333333,0.030333333,0.062333333,0.197333333,0.267666667,0.231,0.160666667,0.091666667,0.041333333,0.021333333,0.071666667,0.197666667,0.304333333,0.283666667,0.223666667,0.178333333,0.075,0.039333333,0.168333333,0.362666667,0.546333333,0.515666667,0.383,0.091,0.055666667,0.045,0.130666667,0.171,0.253,0.258333333,0.187333333,0.127,0.065666667,0.052333333,0.076666667,0.079666667,0.128,0.195,0.202666667,0.113333333,0.053333333,0.036666667,0.049,0.056333333,0.122333333,0.154,0.171666667,0.109666667,0.057,0.048333333,0.076333333,0.107,0.147333333,0.161333333,0.185,0.014666667,0.005,0.003666667,0.009333333,0.009,0.010666667,0.019666667,0.021333333,0.024666667,0.015333333,0.016333333,0.041333333,0.043333333,0.038333333,0.028666667,0.032333333,0.028666667,0.020333333,0.013,0.038,0.046333333,0.055,0.030333333,0.035,0.023,0.015,0.008333333,0.022,0.046333333,0.047666667,0.028666667,0.035666667,0.052333333,0.036333333,0.026666667,0.057,0.156333333,0.181333333,0.164,0.124333333
CQ,y14,0.088,0.073666667,0.07,0.133,0.333333333,0.406333333,0.315,0.184,0.069,0.047,0.037333333,0.101333333,0.257333333,0.359,0.283,0.161666667,0.076,0.035,0.022,0.103,0.215,0.304333333,0.242,0.169,0.161333333,0.078666667,0.037666667,0.152,0.239333333,0.343333333,0.352333333,0.252666667,0.084666667,0.04,0.023666667,0.046333333,0.051,0.086333333,0.115333333,0.130333333,0.067,0.042,0.039666667,0.04,0.030666667,0.044333333,0.058333333,0.082666667,0.058666667,0.031333333,0.020666667,0.035333333,0.046666667,0.064,0.069333333,0.077,0.035333333,0.017,0.012,0.024,0.030666667,0.045333333,0.04,0.050666667,0.034,0.022666667,0.015666667,0.034333333,0.041333333,0.046666667,0.038333333,0.046333333,0.028333333,0.015333333,0.008,0.027333333,0.046333333,0.047,0.029666667,0.038,0.035,0.023666667,0.015,0.050333333,0.107,0.105666667,0.071666667,0.060333333,0.040333333,0.021666667,0.012333333,0.027333333,0.077,0.080666667,0.069666667,0.066333333
CQ,y15,0.068666667,0.04,0.027,0.059333333,0.120333333,0.125666667,0.150333333,0.146666667,0.101666667,0.056666667,0.039,0.142333333,0.348666667,0.424,0.356333333,0.230333333,0.124666667,0.057333333,0.034666667,0.166666667,0.348666667,0.460666667,0.364333333,0.248333333,0.119666667,0.062,0.041,0.127333333,0.159333333,0.240666667,0.254666667,0.221,0.162333333,0.077666667,0.056,0.087333333,0.106,0.206666667,0.275666667,0.248666667,0.067666667,0.032,0.022,0.036666667,0.044666667,0.09,0.114,0.116333333,0.053666667,0.025,0.021666667,0.028,0.029666667,0.045,0.057666667,0.077333333,0.035666667,0.020333333,0.016333333,0.039,0.046666667,0.054666667,0.051666667,0.057,0.037666667,0.024666667,0.016333333,0.020666667,0.021666667,0.029333333,0.029,0.048333333,0.043333333,0.023,0.019666667,0.041666667,0.056666667,0.077666667,0.055333333,0.067,0.046333333,0.042666667,0.036,0.063,0.094666667,0.098666667,0.097333333,0.076333333,0.073666667,0.040666667,0.03,0.043666667,0.115666667,0.159333333,0.182333333,0.157666667
CQ,y16,0.054666667,0.031,0.022666667,0.053666667,0.155333333,0.193,0.149,0.116666667,0.161666667,0.075,0.052666667,0.187666667,0.381,0.518333333,0.454333333,0.325,0.151666667,0.088666667,0.063333333,0.223,0.413,0.522333333,0.415,0.265,0.153666667,0.067333333,0.052,0.192,0.279333333,0.407,0.416666667,0.309666667,0.157666667,0.068333333,0.062666667,0.181,0.27,0.397333333,0.442333333,0.317666667,0.121333333,0.056666667,0.043,0.080666667,0.102333333,0.146666667,0.159333333,0.186666667,0.084666667,0.049333333,0.041,0.052,0.054,0.09,0.133,0.128333333,0.032,0.015,0.011333333,0.019666667,0.016,0.019666667,0.019666667,0.039333333,0.032,0.016333333,0.008333333,0.02,0.026,0.03,0.020333333,0.034,0.037666667,0.021666667,0.012666667,0.032333333,0.039333333,0.038666667,0.033666667,0.044666667,0.022333333,0.011,0.008,0.024,0.061,0.059,0.027,0.032666667,0.045666667,0.024666667,0.014333333,0.034333333,0.110333333,0.118333333,0.098666667,0.079
CQ,y17,0.086,0.053,0.044,0.098,0.252,0.282666667,0.240666667,0.184666667,0.095333333,0.051666667,0.034333333,0.124,0.288666667,0.379666667,0.317666667,0.221,0.122666667,0.080666667,0.073,0.205333333,0.333333333,0.406333333,0.336333333,0.239,0.092,0.032666667,0.020666667,0.083333333,0.148666667,0.284333333,0.295333333,0.225333333,0.125333333,0.063333333,0.04,0.061333333,0.072,0.125333333,0.213333333,0.224,0.076666667,0.036,0.027333333,0.056333333,0.069333333,0.109,0.133666667,0.145,0.059333333,0.035,0.026333333,0.039333333,0.042333333,0.060333333,0.087666667,0.101,0.030333333,0.013333333,0.013333333,0.027333333,0.038,0.065333333,0.058666667,0.045666667,0.039,0.023333333,0.019,0.033666667,0.029333333,0.033666667,0.048333333,0.07,0.033666667,0.017333333,0.012666667,0.034,0.039666667,0.042,0.032333333,0.043666667,0.024,0.015,0.009,0.025,0.036666667,0.041,0.034666667,0.043,0.064666667,0.036333333,0.022666667,0.046333333,0.107333333,0.131,0.163,0.140666667
CQ,y18,0.083,0.052333333,0.041333333,0.093666667,0.314666667,0.435,0.305333333,0.188666667,0.127666667,0.058666667,0.045333333,0.175666667,0.457333333,0.599333333,0.453666667,0.311333333,0.133,0.061,0.048333333,0.193333333,0.388333333,0.538666667,0.448333333,0.293333333,0.167333333,0.067,0.054666667,0.199666667,0.301333333,0.464666667,0.461333333,0.305666667,0.148,0.043333333,0.026666667,0.05,0.085,0.187666667,0.317666667,0.307333333,0.083666667,0.038666667,0.026666667,0.054333333,0.068333333,0.119666667,0.162333333,0.168,0.074333333,0.039333333,0.031,0.045,0.044,0.054333333,0.072,0.095333333,0.011666667,0.003333333,0.002333333,0.013333333,0.017333333,0.016666667,0.011,0.016666667,0.043,0.024,0.021,0.043666667,0.042333333,0.051666667,0.050666667,0.062333333,0.053333333,0.031333333,0.02,0.051666667,0.078666667,0.099333333,0.070666667,0.079,0.067,0.032,0.02,0.063,0.142333333,0.169333333,0.151,0.131,0.075666667,0.050666667,0.041,0.087333333,0.197,0.21,0.191666667,0.155
CQ,y19,0.061333333,0.034,0.031,0.076,0.212666667,0.263,0.197,0.137333333,0.092666667,0.047666667,0.039,0.149333333,0.378333333,0.492333333,0.351,0.211333333,0.099333333,0.039666667,0.022666667,0.116,0.214,0.336,0.320666667,0.216,0.105333333,0.041333333,0.034,0.160666667,0.252666667,0.379666667,0.333333333,0.188,0.078666667,0.032333333,0.029666667,0.067666667,0.097333333,0.177333333,0.228333333,0.182666667,0.092333333,0.053666667,0.041,0.045,0.044666667,0.094,0.148,0.162666667,0.091333333,0.056333333,0.044666667,0.058,0.066,0.115333333,0.137333333,0.128333333,0.021333333,0.012333333,0.011333333,0.031,0.042,0.049,0.032333333,0.035333333,0.019666667,0.012,0.008333333,0.022666667,0.021666667,0.017333333,0.011,0.020666667,0.027,0.017,0.010666667,0.028666667,0.029666667,0.030666667,0.028,0.039,0.036333333,0.018333333,0.013666667,0.036,0.083333333,0.095666667,0.078333333,0.085333333,0.043,0.025666667,0.019,0.030333333,0.064666667,0.075333333,0.096666667,0.089666667
CQ,y20,0.054666667,0.037,0.029333333,0.056666667,0.168333333,0.214666667,0.206,0.151333333,0.122666667,0.067333333,0.056,0.181,0.386333333,0.514666667,0.441333333,0.281666667,0.130333333,0.057333333,0.035333333,0.163,0.324,0.458666667,0.407666667,0.285,0.136666667,0.054,0.026333333,0.106333333,0.205666667,0.378666667,0.35,0.243333333,0.163,0.064666667,0.057,0.154333333,0.191666667,0.315,0.414666667,0.345666667,0.098666667,0.044,0.027666667,0.036333333,0.039666667,0.081,0.167333333,0.160666667,0.024666667,0.007666667,0.007,0.017,0.016,0.018333333,0.015,0.028333333,0.032,0.014666667,0.007666667,0.014666667,0.014,0.015,0.018333333,0.034,0.032333333,0.022333333,0.016333333,0.031,0.052,0.070333333,0.05,0.042,0.027666667,0.013,0.006333333,0.016333333,0.019333333,0.022333333,0.020333333,0.037666667,0.035,0.015,0.013333333,0.037,0.082,0.092666667,0.088333333,0.096333333,0.060666667,0.039,0.028,0.048333333,0.112,0.133,0.144666667,0.12
CQ,y21,0.057333333,0.033666667,0.031333333,0.053666667,0.125,0.156333333,0.185,0.125,0.092333333,0.039666667,0.031666667,0.111666667,0.231,0.316666667,0.311,0.224,0.155,0.073666667,0.049,0.161,0.330666667,0.48,0.431666667,0.318333333,0.125333333,0.054333333,0.036666667,0.146,0.27,0.396333333,0.357,0.237,0.123333333,0.059333333,0.042,0.089,0.111,0.193,0.266,0.247,0.145666667,0.061333333,0.049,0.077666667,0.108,0.209333333,0.282666667,0.265333333,0.037,0.021333333,0.017333333,0.022,0.017666667,0.027333333,0.038,0.033,0.018,0.007,0.004666667,0.015666667,0.015,0.015666667,0.019333333,0.031666667,0.029333333,0.018,0.011333333,0.026333333,0.025333333,0.032666667,0.025333333,0.035333333,0.014666667,0.009,0.005333333,0.017,0.022333333,0.022333333,0.010333333,0.018333333,0.048,0.023666667,0.014666667,0.041666667,0.090666667,0.107,0.074333333,0.084,0.052,0.028666667,0.016666667,0.04,0.125333333,0.149333333,0.118333333,0.104666667
CQ,y22,0.079,0.045,0.037333333,0.068666667,0.163666667,0.206666667,0.171,0.160333333,0.110333333,0.071333333,0.062,0.122333333,0.213,0.265666667,0.260666667,0.195333333,0.114666667,0.048666667,0.034333333,0.152666667,0.284,0.376666667,0.372,0.296,0.123,0.062,0.043666667,0.182666667,0.323666667,0.465333333,0.406,0.244333333,0.081,0.035666667,0.035333333,0.102333333,0.134666667,0.228,0.261666667,0.208666667,0.088,0.043666667,0.034,0.063666667,0.083666667,0.144333333,0.183333333,0.168333333,0.044333333,0.023333333,0.024333333,0.053666667,0.084666667,0.1,0.079,0.074666667,0.006333333,0.004,0.003333333,0.015,0.024333333,0.019666667,0.013333333,0.010666667,0.024666667,0.017666667,0.013666667,0.029,0.027333333,0.030666667,0.022666667,0.028333333,0.023666667,0.014666667,0.012666667,0.031333333,0.046,0.055666667,0.033,0.040666667,0.043,0.026666667,0.019333333,0.049666667,0.112,0.125,0.086666667,0.076,0.043,0.032,0.023666667,0.039,0.090666667,0.093666667,0.094333333,0.089
CQ,y23,0.061,0.032,0.021666667,0.046666667,0.137666667,0.195666667,0.184333333,0.158,0.107333333,0.069666667,0.036,0.099,0.221333333,0.281,0.267666667,0.205666667,0.147666667,0.089,0.045666667,0.179,0.377,0.476,0.357,0.24,0.102333333,0.045,0.040333333,0.151666667,0.208,0.278666667,0.291,0.234666667,0.078333333,0.033666667,0.025333333,0.069333333,0.072333333,0.110333333,0.138333333,0.144333333,0.089333333,0.048,0.039333333,0.058,0.079666667,0.139,0.173333333,0.153333333,0.016,0.009,0.003666667,0.014,0.021666667,0.030333333,0.023333333,0.024,0.027,0.014333333,0.013,0.024,0.022,0.024666667,0.028,0.047333333,0.046,0.025666667,0.015666667,0.042333333,0.052,0.055,0.051,0.066333333,0.049,0.027333333,0.020333333,0.046,0.051,0.056,0.05,0.065666667,0.042333333,0.020333333,0.012333333,0.027333333,0.065,0.070333333,0.076,0.09,0.045333333,0.023666667,0.016666667,0.025666667,0.066,0.080333333,0.126333333,0.107666667
CQ,y24,0.100333333,0.059333333,0.039,0.078,0.193,0.25,0.262666667,0.192666667,0.104,0.065333333,0.051333333,0.136666667,0.292333333,0.381,0.388333333,0.248,0.129333333,0.061333333,0.033,0.116,0.188333333,0.265,0.255,0.208,0.108,0.048666667,0.039666667,0.118,0.166666667,0.280666667,0.312333333,0.245,0.135666667,0.056666667,0.054,0.117333333,0.169666667,0.308333333,0.345,0.269333333,0.06,0.030666667,0.019,0.028,0.032333333,0.047666667,0.060333333,0.078333333,0.046333333,0.019666667,0.018666667,0.034666667,0.032333333,0.035666667,0.042,0.064,0.012333333,0.004666667,0.002666667,0.012666667,0.013,0.011666667,0.011666667,0.016,0.030333333,0.015333333,0.01,0.024666667,0.024,0.027666667,0.029666667,0.046666667,0.046333333,0.019333333,0.012666667,0.041,0.068,0.080333333,0.074333333,0.091333333,0.040666667,0.02,0.015333333,0.051666667,0.120666667,0.148666667,0.112333333,0.092,0.073666667,0.056333333,0.049666667,0.072,0.162,0.189666667,0.197333333,0.148666667
CQ,y25,0.086,0.061333333,0.049333333,0.081,0.181666667,0.246666667,0.223,0.178333333,0.166666667,0.083,0.068666667,0.207,0.433333333,0.539666667,0.442666667,0.326,0.129666667,0.051333333,0.032333333,0.154,0.299,0.446333333,0.433,0.298666667,0.144,0.062,0.049,0.198,0.294666667,0.387,0.391,0.287666667,0.191,0.080666667,0.055,0.104333333,0.159,0.330333333,0.440333333,0.366666667,0.162,0.078333333,0.061333333,0.069666667,0.096,0.221333333,0.314333333,0.263666667,0.058333333,0.028,0.019333333,0.038333333,0.049,0.053666667,0.068333333,0.098,0.033666667,0.012,0.005666667,0.007333333,0.004333333,0.007666667,0.007666667,0.032,0.030333333,0.016666667,0.009,0.026333333,0.035333333,0.034333333,0.022666667,0.033333333,0.044,0.025333333,0.019,0.055666667,0.079666667,0.096333333,0.064,0.068333333,0.044,0.031333333,0.018,0.047666667,0.077666667,0.073333333,0.064,0.067333333,0.049,0.031666667,0.026333333,0.053333333,0.161333333,0.194,0.145,0.100666667
CQ,y26,0.074666667,0.043,0.038333333,0.103333333,0.326,0.394333333,0.255666667,0.152666667,0.071333333,0.046,0.025333333,0.085,0.211333333,0.268333333,0.162333333,0.124666667,0.152666667,0.073666667,0.045666667,0.184,0.376333333,0.487333333,0.385666667,0.266666667,0.091,0.041666667,0.04,0.134,0.242666667,0.346666667,0.280333333,0.165,0.110666667,0.048666667,0.033333333,0.117666667,0.196333333,0.280333333,0.272333333,0.194666667,0.157,0.082,0.062333333,0.087333333,0.121,0.236,0.295,0.273333333,0.140666667,0.084666667,0.061,0.106,0.138666667,0.217,0.205,0.200666667,0.047333333,0.03,0.024333333,0.036666667,0.037333333,0.045333333,0.052333333,0.073,0.041333333,0.023666667,0.011666667,0.029333333,0.034,0.047,0.045666667,0.066666667,0.082666667,0.051666667,0.030666667,0.047,0.053,0.068333333,0.062333333,0.091,0.047333333,0.028,0.018,0.051,0.120333333,0.153,0.099666667,0.079333333,0.059666667,0.035,0.024666667,0.054,0.156333333,0.191,0.178666667,0.138666667
FJ,y1,0.465333333,0.474,0.47,0.448333333,0.385666667,0.423,0.47,0.457333333,0.421666667,0.424333333,0.432,0.435666667,0.36,0.397333333,0.446,0.409,0.262,0.253333333,0.267,0.287666667,0.296,0.335666667,0.333,0.282,0.234333333,0.227333333,0.246666667,0.291666667,0.319666667,0.328,0.302666667,0.243,0.176666667,0.172,0.175333333,0.173666667,0.205,0.259333333,0.233666667,0.187,0.323,0.303333333,0.337666667,0.412,0.458333333,0.475333333,0.406666667,0.345333333,0.180666667,0.158,0.151,0.226,0.305,0.305,0.232333333,0.207,0.172,0.166666667,0.167,0.195666667,0.228,0.232666667,0.182,0.159666667,0.321,0.323666667,0.343666667,0.385,0.392333333,0.411333333,0.394666667,0.350333333,0.538333333,0.532333333,0.570666667,0.607,0.579666667,0.602666667,0.585666667,0.573,0.516,0.517,0.519,0.555,0.506666667,0.526,0.518,0.487666667,0.569,0.575333333,0.577,0.607,0.552333333,0.581666667,0.601,0.573666667
FJ,y2,0.397,0.39,0.380333333,0.358666667,0.323333333,0.408666667,0.469666667,0.436666667,0.526333333,0.512666667,0.512,0.515,0.484,0.532,0.550666667,0.514333333,0.331333333,0.320666667,0.315,0.321666667,0.330333333,0.409666667,0.394666667,0.339666667,0.391666667,0.384333333,0.386,0.399,0.411666667,0.454,0.440333333,0.404,0.279666667,0.283666667,0.325,0.378666667,0.383333333,0.428666667,0.365,0.294333333,0.195,0.172,0.169333333,0.243333333,0.338333333,0.369666667,0.276666667,0.225,0.217666667,0.186666667,0.197666667,0.271666667,0.377666667,0.423,0.309333333,0.23,0.187,0.164333333,0.157,0.182,0.218333333,0.254,0.225333333,0.21,0.254333333,0.259666667,0.288333333,0.318,0.312666667,0.335333333,0.317666667,0.286333333,0.486333333,0.493,0.514333333,0.553333333,0.544666667,0.574333333,0.537666667,0.498333333,0.59,0.594333333,0.604333333,0.648333333,0.618,0.634333333,0.619666667,0.59,0.449333333,0.471,0.449,0.447666667,0.370666667,0.403333333,0.452,0.419333333
FJ,y3,0.455,0.452,0.424,0.412333333,0.369333333,0.418666667,0.462333333,0.449333333,0.437666667,0.433666667,0.448666667,0.457,0.411666667,0.461,0.505,0.482333333,0.297666667,0.290666667,0.283,0.269666667,0.271,0.346333333,0.363666667,0.309333333,0.234333333,0.239,0.255,0.259333333,0.272666667,0.298666667,0.269,0.234333333,0.215666667,0.205,0.211333333,0.278333333,0.338666667,0.367666667,0.303333333,0.241666667,0.195333333,0.175,0.165,0.206666667,0.257666667,0.288333333,0.257,0.230666667,0.162666667,0.151,0.15,0.204666667,0.266333333,0.261666667,0.205333333,0.183,0.239333333,0.233666667,0.224,0.265333333,0.302333333,0.308333333,0.277333333,0.275666667,0.314333333,0.303,0.307,0.33,0.318666667,0.327333333,0.33,0.325666667,0.253,0.277333333,0.295666667,0.311333333,0.276666667,0.294333333,0.297666667,0.266,0.439666667,0.424666667,0.407333333,0.431,0.405333333,0.423666667,0.455,0.457333333,0.401,0.411666667,0.403666667,0.385666667,0.334666667,0.350666667,0.38,0.376
FJ,y4,0.414666667,0.424666667,0.419666667,0.375666667,0.302,0.335666667,0.398333333,0.402666667,0.304,0.314,0.309,0.323333333,0.299666667,0.325,0.340666667,0.318666667,0.240333333,0.248666667,0.242,0.232666667,0.231666667,0.245,0.242333333,0.235666667,0.154666667,0.173,0.185666667,0.23,0.256333333,0.261333333,0.207666667,0.161,0.162333333,0.160666667,0.172333333,0.187,0.211666667,0.232666667,0.208333333,0.189666667,0.336333333,0.317,0.306,0.399666667,0.471333333,0.453333333,0.376666667,0.350666667,0.239666667,0.193666667,0.166333333,0.246,0.348,0.372333333,0.317666667,0.283666667,0.131333333,0.102666667,0.089666667,0.136,0.209,0.257333333,0.203333333,0.152,0.269,0.28,0.313666667,0.367333333,0.34,0.326333333,0.323666667,0.298333333,0.525333333,0.548,0.574,0.634333333,0.591333333,0.57,0.531666667,0.504666667,0.521,0.531333333,0.535333333,0.586333333,0.529333333,0.505333333,0.524,0.519,0.591666667,0.603666667,0.600666667,0.659333333,0.625,0.608333333,0.608,0.594333333
FJ,y5,0.524333333,0.528333333,0.527333333,0.532666667,0.455666667,0.469,0.517333333,0.509666667,0.385333333,0.397333333,0.402333333,0.397666667,0.336666667,0.376,0.426,0.39,0.341666667,0.322,0.310333333,0.305,0.295333333,0.350333333,0.386666667,0.378,0.284,0.281333333,0.301666667,0.336,0.340333333,0.381666667,0.371666667,0.323666667,0.234,0.245,0.251,0.315666667,0.345,0.327333333,0.270666667,0.218333333,0.268333333,0.244333333,0.233333333,0.286,0.344,0.373,0.326666667,0.293666667,0.263333333,0.208,0.191,0.231333333,0.301666667,0.345333333,0.309333333,0.300333333,0.234666667,0.190666667,0.184,0.247666667,0.294333333,0.298333333,0.275,0.264333333,0.233,0.246333333,0.239666667,0.269333333,0.266333333,0.254,0.249,0.244666667,0.498333333,0.508666667,0.526666667,0.58,0.527,0.514666667,0.511333333,0.493333333,0.425,0.453333333,0.464333333,0.496333333,0.434666667,0.431666667,0.465,0.452,0.659,0.666,0.657666667,0.699666667,0.641333333,0.612333333,0.634,0.636
FJ,y6,0.456666667,0.462666667,0.457666667,0.445,0.379,0.395,0.456,0.467333333,0.53,0.519,0.535666667,0.553333333,0.492666667,0.517,0.561,0.549333333,0.37,0.344333333,0.338333333,0.333,0.299666667,0.334666667,0.384333333,0.374,0.23,0.226333333,0.242333333,0.258,0.279,0.313,0.314666667,0.268,0.2,0.205666667,0.228333333,0.264,0.259333333,0.271666667,0.24,0.205,0.241666667,0.219333333,0.214,0.280333333,0.349333333,0.365,0.325,0.279666667,0.248333333,0.242666667,0.241666667,0.274666667,0.295666667,0.304,0.288,0.270666667,0.247666667,0.224666667,0.198,0.235666667,0.282666667,0.301,0.279,0.264666667,0.260666667,0.281,0.297333333,0.322666667,0.288666667,0.291666667,0.275666667,0.260666667,0.362666667,0.356333333,0.381,0.413,0.380333333,0.379666667,0.401333333,0.405666667,0.684,0.695,0.691333333,0.736666667,0.690666667,0.661333333,0.667333333,0.660333333,0.543666667,0.549,0.539333333,0.577,0.507,0.486,0.524666667,0.543
FJ,y7,0.420666667,0.424666667,0.426666667,0.395333333,0.309666667,0.318666667,0.388333333,0.405,0.436666667,0.432666667,0.441,0.443333333,0.388333333,0.402666667,0.447,0.441666667,0.231333333,0.234333333,0.241666667,0.264333333,0.255,0.276666667,0.291,0.256666667,0.269333333,0.259666667,0.264333333,0.258333333,0.262,0.298,0.297,0.275,0.216333333,0.220666667,0.227333333,0.246,0.267666667,0.286333333,0.263666667,0.229,0.241,0.229333333,0.217,0.27,0.313333333,0.284666667,0.220666667,0.218666667,0.18,0.176333333,0.178666667,0.208333333,0.240333333,0.244333333,0.210666667,0.193,0.179333333,0.18,0.195333333,0.237666667,0.240666667,0.241,0.220333333,0.191666667,0.358666667,0.374666667,0.384666667,0.412,0.405666667,0.405,0.397,0.383666667,0.423666667,0.444666667,0.465333333,0.516,0.463,0.447333333,0.441333333,0.407666667,0.507666667,0.518666667,0.499,0.551333333,0.503,0.48,0.506666667,0.52,0.428333333,0.448333333,0.442,0.443666667,0.385666667,0.38,0.412,0.411666667
FJ,y8,0.305,0.320333333,0.325,0.316333333,0.250333333,0.269666667,0.34,0.325666667,0.338,0.349,0.357333333,0.343666667,0.272666667,0.284666667,0.336,0.318,0.260333333,0.269666667,0.266666667,0.258333333,0.247666667,0.275,0.301333333,0.262,0.235,0.232,0.236666667,0.263,0.287,0.333,0.317666667,0.256333333,0.130666667,0.132333333,0.133333333,0.155666667,0.195,0.228333333,0.197333333,0.145,0.219666667,0.199,0.201666667,0.253666667,0.330666667,0.371,0.311666667,0.244666667,0.219666667,0.202333333,0.197,0.225333333,0.263333333,0.275,0.253,0.220666667,0.241333333,0.236,0.225666667,0.251,0.27,0.273,0.264333333,0.257,0.255,0.251666667,0.268333333,0.289666667,0.279666667,0.289333333,0.293,0.275666667,0.329666667,0.359666667,0.383666667,0.422666667,0.369666667,0.357,0.353666667,0.330666667,0.441333333,0.456,0.439,0.467,0.412666667,0.413666667,0.444666667,0.440666667,0.439333333,0.439333333,0.426666667,0.433666667,0.396333333,0.398,0.426,0.436
FJ,y9,0.470666667,0.493666667,0.464,0.44,0.366,0.365,0.412333333,0.413333333,0.297,0.301666667,0.308333333,0.296,0.268,0.294666667,0.327666667,0.305666667,0.354,0.363,0.362,0.325,0.28,0.301,0.349,0.337,0.247666667,0.267333333,0.276666667,0.303,0.325,0.344,0.318666667,0.270666667,0.212,0.231333333,0.248666667,0.269666667,0.278666667,0.285333333,0.25,0.211333333,0.278666667,0.284333333,0.278333333,0.338666667,0.369666667,0.371333333,0.317666667,0.281,0.159666667,0.120333333,0.121333333,0.186666667,0.257666667,0.307666667,0.276,0.195333333,0.197333333,0.173,0.155333333,0.181,0.218666667,0.252333333,0.236333333,0.207,0.219,0.225,0.247,0.278,0.27,0.281,0.261333333,0.231,0.410666667,0.43,0.452333333,0.486333333,0.431,0.449666667,0.461666667,0.418666667,0.467,0.480666667,0.474,0.496333333,0.454,0.472333333,0.495666667,0.482333333,0.516333333,0.539,0.511,0.479666667,0.403666667,0.448666667,0.509666667,0.504
FJ,y10,0.433333333,0.440666667,0.427,0.391666667,0.284666667,0.324,0.409,0.410333333,0.362,0.372333333,0.361666667,0.349333333,0.308666667,0.343,0.365333333,0.349666667,0.390666667,0.377333333,0.372,0.338333333,0.294666667,0.36,0.418333333,0.396666667,0.237666667,0.236,0.239666667,0.258333333,0.279666667,0.315,0.300666667,0.237,0.156666667,0.171,0.180333333,0.21,0.241666667,0.269333333,0.238,0.179333333,0.202666667,0.195333333,0.212333333,0.247666667,0.286,0.327,0.294333333,0.231,0.236666667,0.214,0.223666667,0.299,0.361333333,0.376333333,0.300333333,0.255333333,0.148666667,0.146666667,0.152,0.183666667,0.215,0.251666667,0.215333333,0.168666667,0.206666667,0.203333333,0.206,0.227,0.226666667,0.226,0.219666667,0.207666667,0.445333333,0.478,0.477666667,0.509,0.451666667,0.449666667,0.477333333,0.459,0.425666667,0.439,0.446333333,0.491,0.439,0.449,0.457666667,0.433,0.543333333,0.546333333,0.529333333,0.554,0.495666667,0.527,0.576333333,0.550666667
FJ,y11,0.425,0.431333333,0.417333333,0.38,0.296666667,0.339666667,0.423,0.417,0.403333333,0.396333333,0.389,0.384333333,0.344333333,0.373333333,0.411,0.415333333,0.341666667,0.344333333,0.340333333,0.335333333,0.31,0.304333333,0.314333333,0.315,0.179,0.174666667,0.18,0.199333333,0.214333333,0.253333333,0.245666667,0.206,0.251666667,0.25,0.25,0.289,0.31,0.34,0.306333333,0.262333333,0.308333333,0.286666667,0.271333333,0.333,0.389,0.398333333,0.347,0.323,0.223333333,0.208666667,0.198666667,0.250333333,0.297333333,0.310333333,0.262333333,0.229,0.277666667,0.260333333,0.245666667,0.286333333,0.32,0.317333333,0.284,0.272,0.264,0.269333333,0.295333333,0.329,0.312,0.317,0.297666667,0.276666667,0.443666667,0.457333333,0.481333333,0.517,0.456,0.455,0.478,0.467,0.436,0.441333333,0.439666667,0.482,0.448333333,0.452333333,0.462666667,0.436,0.529,0.552,0.545333333,0.568333333,0.500666667,0.510333333,0.542666667,0.527
FJ,y12,0.440666667,0.436,0.425333333,0.405666667,0.322666667,0.359333333,0.437,0.429666667,0.463,0.465666667,0.463,0.465333333,0.418333333,0.445666667,0.495666667,0.488333333,0.286333333,0.289,0.283,0.258333333,0.214666667,0.251333333,0.282666667,0.268666667,0.251333333,0.260666667,0.279,0.338,0.36,0.356333333,0.318666667,0.274333333,0.276,0.276333333,0.277,0.308,0.344,0.346,0.317,0.291,0.202333333,0.205333333,0.194333333,0.249666667,0.3,0.298333333,0.237666667,0.204,0.317666667,0.291333333,0.275,0.316333333,0.353,0.360666667,0.337,0.327,0.122333333,0.119333333,0.118,0.146333333,0.159666667,0.168,0.149666667,0.137,0.286666667,0.300333333,0.301666667,0.315,0.292333333,0.302333333,0.316333333,0.304333333,0.320333333,0.342666667,0.367666667,0.424,0.381666667,0.387,0.386333333,0.342666667,0.352333333,0.368666667,0.370333333,0.411333333,0.367,0.346333333,0.354333333,0.331333333,0.586333333,0.600666667,0.583666667,0.608333333,0.568666667,0.558333333,0.590333333,0.595666667
FJ,y13,0.530666667,0.523333333,0.508,0.531,0.447333333,0.45,0.508333333,0.515666667,0.280666667,0.305,0.306666667,0.300666667,0.260333333,0.285333333,0.299666667,0.267,0.349666667,0.321666667,0.314666667,0.299333333,0.300666667,0.353333333,0.383333333,0.374,0.310666667,0.315333333,0.318,0.329333333,0.321,0.334,0.332666667,0.294666667,0.130666667,0.139,0.141333333,0.164,0.193,0.215,0.177333333,0.143333333,0.19,0.173666667,0.162,0.213333333,0.278333333,0.290333333,0.238333333,0.207,0.164,0.138,0.116666667,0.168,0.231,0.260333333,0.223666667,0.182,0.324333333,0.293666667,0.282666667,0.329,0.368333333,0.361666667,0.343,0.333,0.275666667,0.295666667,0.317,0.359333333,0.343333333,0.342666667,0.315,0.290333333,0.599666667,0.599333333,0.621666667,0.681666667,0.639,0.64,0.644,0.623333333,0.665666667,0.677,0.692666667,0.766666667,0.734333333,0.716,0.708333333,0.690666667,0.464666667,0.474,0.453666667,0.449333333,0.374666667,0.409666667,0.466666667,0.452666667
FJ,y14,0.504,0.504333333,0.498666667,0.485666667,0.435,0.461,0.517,0.512,0.571666667,0.562,0.559333333,0.534,0.436333333,0.468,0.559333333,0.561,0.265,0.284,0.292666667,0.303,0.278,0.322,0.320333333,0.275,0.262666667,0.276,0.290666667,0.293,0.275333333,0.290333333,0.286333333,0.248,0.248333333,0.244333333,0.255,0.295333333,0.322666667,0.345666667,0.306,0.264666667,0.276,0.264333333,0.262333333,0.328666667,0.395,0.407333333,0.323333333,0.284,0.185666667,0.155666667,0.130666667,0.162,0.211666667,0.239,0.225,0.214,0.194333333,0.176333333,0.181333333,0.218666667,0.250666667,0.261333333,0.241,0.202666667,0.184666667,0.196,0.200666667,0.234333333,0.228666667,0.229666667,0.219333333,0.211666667,0.431666667,0.454666667,0.475333333,0.496333333,0.435666667,0.421,0.424,0.414666667,0.453333333,0.473,0.462333333,0.463666667,0.397,0.416,0.469333333,0.464333333,0.471666667,0.493333333,0.467,0.455666667,0.377333333,0.387,0.446333333,0.458
FJ,y15,0.486666667,0.501,0.496666667,0.479666667,0.378333333,0.398666667,0.47,0.466333333,0.370666667,0.373666667,0.345,0.337333333,0.297666667,0.33,0.361333333,0.366,0.357666667,0.359666667,0.356,0.321333333,0.266,0.311,0.363,0.353666667,0.378666667,0.381666667,0.407,0.444333333,0.411333333,0.418666667,0.413,0.384,0.198,0.208,0.232333333,0.246,0.227333333,0.251333333,0.238666667,0.196333333,0.182666667,0.181666667,0.196333333,0.249333333,0.281333333,0.272333333,0.228333333,0.196666667,0.21,0.192666667,0.182333333,0.225666667,0.253666667,0.265666667,0.224,0.204333333,0.198,0.193666667,0.192,0.206333333,0.217333333,0.219,0.196666667,0.192333333,0.31,0.321666667,0.371,0.426,0.411333333,0.421666667,0.383333333,0.343666667,0.536,0.544333333,0.569333333,0.62,0.555,0.566666667,0.586333333,0.550333333,0.477,0.493,0.485333333,0.498,0.425333333,0.446,0.496333333,0.488333333,0.419666667,0.426666667,0.414333333,0.397333333,0.304,0.322666667,0.427666667,0.43
FJ,y16,0.412333333,0.407,0.399,0.399,0.333,0.330333333,0.390666667,0.407333333,0.31,0.304333333,0.295333333,0.304,0.297,0.309,0.328666667,0.324666667,0.318666667,0.329333333,0.326333333,0.321333333,0.314666667,0.317333333,0.311333333,0.304333333,0.294666667,0.301333333,0.316,0.344333333,0.333,0.318,0.301333333,0.294333333,0.19,0.191333333,0.184666667,0.212666667,0.238333333,0.256,0.242666667,0.211,0.337,0.326,0.306666667,0.366333333,0.404333333,0.389333333,0.353333333,0.338666667,0.190666667,0.154,0.126666667,0.174666667,0.245666667,0.266,0.247,0.227333333,0.142666667,0.129333333,0.119,0.151,0.18,0.201333333,0.180333333,0.151666667,0.175,0.184666667,0.195333333,0.238666667,0.248666667,0.230333333,0.207,0.189333333,0.494,0.51,0.525,0.565,0.551,0.560333333,0.550333333,0.522333333,0.571,0.583333333,0.569,0.633666667,0.576333333,0.558333333,0.588,0.566,0.364333333,0.39,0.368333333,0.360666667,0.283333333,0.274333333,0.331,0.336333333
FJ,y17,0.639333333,0.645333333,0.642333333,0.625,0.537,0.581,0.671666667,0.663666667,0.368333333,0.364333333,0.352666667,0.314333333,0.243666667,0.290666667,0.372666667,0.372666667,0.485333333,0.502,0.529333333,0.539666667,0.494666667,0.502333333,0.506666667,0.479333333,0.209333333,0.208,0.216333333,0.223666667,0.223666667,0.284666667,0.293333333,0.236333333,0.171,0.157666667,0.161666667,0.170333333,0.164333333,0.187666667,0.203666667,0.178,0.2,0.181666667,0.179333333,0.258666667,0.331,0.338333333,0.26,0.218333333,0.164,0.126,0.136333333,0.180666667,0.222,0.252666667,0.222,0.192333333,0.099,0.090666667,0.085333333,0.110333333,0.141,0.179333333,0.172666667,0.139666667,0.3,0.306666667,0.341333333,0.366333333,0.328666667,0.334,0.335,0.316333333,0.470666667,0.483,0.510666667,0.547666667,0.499333333,0.494666667,0.483666667,0.468,0.543,0.552333333,0.552333333,0.615,0.572,0.555,0.560666667,0.544333333,0.631333333,0.632666667,0.605666667,0.638333333,0.579,0.570333333,0.612333333,0.625
FJ,y18,0.485333333,0.492333333,0.485,0.487,0.410666667,0.422,0.479,0.484666667,0.466333333,0.459,0.450666667,0.424,0.341666667,0.358666667,0.427333333,0.447333333,0.387666667,0.376,0.357,0.346333333,0.310666667,0.347,0.392,0.396666667,0.224666667,0.242333333,0.265333333,0.295,0.289333333,0.302333333,0.282666667,0.236,0.237,0.224333333,0.223333333,0.263666667,0.284666667,0.312333333,0.283333333,0.252333333,0.291666667,0.279666667,0.286333333,0.342666667,0.369666667,0.373333333,0.343,0.320333333,0.186333333,0.150333333,0.137,0.187,0.234333333,0.251,0.228666667,0.2,0.288,0.282,0.280333333,0.325,0.329666667,0.327333333,0.313333333,0.301666667,0.157333333,0.176333333,0.179333333,0.182666667,0.179666667,0.203,0.205333333,0.178333333,0.384,0.412,0.441333333,0.482333333,0.402666667,0.414666667,0.448,0.386333333,0.361666667,0.381666667,0.369333333,0.353666667,0.289333333,0.313,0.363333333,0.357,0.484,0.492666667,0.498,0.495,0.448,0.466,0.508666667,0.507333333
FJ,y19,0.475333333,0.475,0.451666667,0.429666667,0.357,0.401,0.465333333,0.461666667,0.368,0.350666667,0.350333333,0.344666667,0.325,0.362,0.411333333,0.402,0.325,0.309,0.285333333,0.296666667,0.29,0.309,0.326333333,0.315,0.248,0.250333333,0.245333333,0.279666667,0.281,0.279333333,0.279333333,0.266,0.241,0.233666667,0.205666667,0.222333333,0.267666667,0.294666667,0.270666667,0.243333333,0.222666667,0.201333333,0.189333333,0.229,0.274,0.293,0.258333333,0.24,0.164333333,0.137333333,0.124,0.177333333,0.215666667,0.211666667,0.177333333,0.172333333,0.148666667,0.131,0.120333333,0.152,0.163333333,0.167,0.173666667,0.166333333,0.350333333,0.369,0.370333333,0.399333333,0.377333333,0.388,0.374,0.351666667,0.486666667,0.519,0.518333333,0.544666667,0.453333333,0.448666667,0.478,0.467,0.494,0.512666667,0.481666667,0.511333333,0.425666667,0.396,0.425333333,0.452333333,0.513,0.526666667,0.483666667,0.470333333,0.379,0.381,0.466333333,0.485
FJ,y20,0.42,0.437,0.407666667,0.394,0.314333333,0.309666667,0.360333333,0.379333333,0.366666667,0.368666667,0.351,0.315666667,0.261666667,0.291333333,0.343666667,0.362333333,0.314,0.338,0.343,0.349,0.333333333,0.354,0.353333333,0.313,0.196666667,0.206333333,0.197,0.178,0.156333333,0.193333333,0.198,0.184333333,0.18,0.204,0.21,0.264333333,0.282333333,0.269333333,0.225666667,0.170333333,0.272666667,0.271666667,0.256,0.294666667,0.327,0.334,0.289,0.271333333,0.181,0.159333333,0.158666667,0.183333333,0.206666667,0.219333333,0.200666667,0.191333333,0.119666667,0.091,0.069,0.076,0.114,0.147,0.152333333,0.135,0.142333333,0.153333333,0.152,0.163666667,0.156,0.160333333,0.161,0.14,0.367,0.398333333,0.398,0.415666667,0.359666667,0.379,0.418333333,0.390666667,0.412333333,0.415333333,0.388666667,0.388333333,0.34,0.383,0.425,0.408333333,0.526333333,0.540666667,0.509666667,0.498333333,0.42,0.412,0.453,0.479333333
FJ,y21,0.428,0.451333333,0.429333333,0.426333333,0.368,0.378,0.410333333,0.398333333,0.323666667,0.346666667,0.321666667,0.286666667,0.224,0.249666667,0.301,0.298333333,0.308,0.301333333,0.283,0.271333333,0.274,0.316666667,0.314333333,0.290333333,0.267,0.27,0.270333333,0.288333333,0.284,0.303666667,0.284666667,0.261666667,0.245666667,0.218333333,0.193333333,0.240333333,0.292,0.306,0.264,0.250333333,0.213333333,0.182333333,0.165666667,0.228333333,0.282333333,0.305,0.26,0.232333333,0.354666667,0.318666667,0.287333333,0.329666667,0.370666667,0.370333333,0.354666667,0.354333333,0.232333333,0.224666667,0.218333333,0.244,0.26,0.260333333,0.245666667,0.244,0.191333333,0.2,0.187333333,0.176333333,0.16,0.182333333,0.191333333,0.184,0.449,0.478,0.473,0.519666667,0.466666667,0.429666667,0.430666667,0.421,0.366666667,0.373,0.341666667,0.339,0.300666667,0.321,0.365,0.367,0.467666667,0.485,0.465,0.46,0.399333333,0.411666667,0.462333333,0.461333333
FJ,y22,0.389333333,0.415,0.394666667,0.353666667,0.266666667,0.291666667,0.365,0.367666667,0.403666667,0.421,0.419333333,0.424333333,0.374333333,0.377333333,0.398666667,0.389666667,0.304333333,0.306,0.300333333,0.281,0.253666667,0.276666667,0.287666667,0.270333333,0.166,0.163333333,0.143333333,0.178666667,0.219666667,0.234333333,0.180333333,0.159,0.177666667,0.175666667,0.169333333,0.206,0.225666667,0.223666667,0.202333333,0.184333333,0.189333333,0.169,0.156666667,0.228,0.272,0.261,0.235666667,0.210333333,0.260333333,0.235666667,0.218666667,0.284333333,0.326666667,0.323,0.287333333,0.272,0.102333333,0.11,0.109333333,0.145666667,0.160333333,0.147,0.125666667,0.114333333,0.244,0.262,0.261,0.282333333,0.261333333,0.280666667,0.293666667,0.26,0.498333333,0.5,0.478,0.517666667,0.502333333,0.476666667,0.480666667,0.480666667,0.367666667,0.386333333,0.373,0.364333333,0.337333333,0.349,0.377666667,0.371666667,0.539666667,0.560333333,0.529666667,0.519,0.479333333,0.476333333,0.510666667,0.521
FJ,y23,0.430333333,0.447666667,0.434666667,0.438,0.373333333,0.389,0.424666667,0.420666667,0.466666667,0.465666667,0.434333333,0.409,0.348333333,0.377,0.422,0.429,0.288666667,0.315,0.298666667,0.272666667,0.226333333,0.269666667,0.294333333,0.286,0.218666667,0.223,0.217333333,0.247666667,0.252333333,0.249666667,0.221666667,0.197666667,0.141333333,0.168,0.164666667,0.175666667,0.160666667,0.174666667,0.167333333,0.139,0.221333333,0.203666667,0.195666667,0.258,0.319,0.341666667,0.288333333,0.247,0.073666667,0.062333333,0.064666667,0.099333333,0.137,0.155,0.122,0.103333333,0.217333333,0.198,0.175,0.222333333,0.256,0.266666667,0.243,0.215666667,0.158333333,0.163,0.164,0.189666667,0.192,0.203666667,0.195666667,0.168,0.536,0.560666667,0.554333333,0.578,0.538,0.545666667,0.549333333,0.531,0.5,0.518666667,0.506333333,0.548,0.506,0.499,0.507,0.497,0.605333333,0.609666667,0.586333333,0.616666667,0.543666667,0.546,0.584666667,0.589
FJ,y24,0.495,0.507666667,0.485666667,0.499,0.423,0.424333333,0.474,0.483666667,0.417,0.433333333,0.423333333,0.415666667,0.343333333,0.343333333,0.381666667,0.38,0.262666667,0.267333333,0.238,0.216,0.2,0.242,0.264,0.246333333,0.149333333,0.156,0.153,0.155,0.162333333,0.199333333,0.186,0.147,0.144333333,0.144333333,0.151666667,0.191666667,0.230666667,0.266,0.239666667,0.162666667,0.236666667,0.237,0.225,0.238333333,0.249666667,0.266666667,0.252,0.229333333,0.193333333,0.186666667,0.172,0.189333333,0.224666667,0.259666667,0.225333333,0.199333333,0.086666667,0.081,0.062666667,0.082333333,0.115333333,0.136,0.120666667,0.101333333,0.296666667,0.296666667,0.291333333,0.317,0.309666667,0.302,0.307333333,0.304666667,0.391333333,0.421,0.406333333,0.403666667,0.325,0.321666667,0.372333333,0.362333333,0.413,0.422,0.389333333,0.392333333,0.346333333,0.347333333,0.379333333,0.386333333,0.474333333,0.486,0.472333333,0.473666667,0.427,0.420333333,0.452666667,0.468333333
FJ,y25,0.457666667,0.461,0.429666667,0.401666667,0.344333333,0.365333333,0.413333333,0.412333333,0.317,0.324666667,0.304,0.254333333,0.206,0.25,0.313,0.319333333,0.277,0.285666667,0.270666667,0.281,0.289666667,0.308666667,0.304666667,0.289666667,0.222,0.201666667,0.186333333,0.196333333,0.218333333,0.247666667,0.248333333,0.227333333,0.244666667,0.249666667,0.24,0.258,0.255,0.266,0.265,0.243333333,0.171,0.147,0.134,0.189666667,0.237,0.252333333,0.233333333,0.2,0.252,0.223,0.187666667,0.257333333,0.314333333,0.317333333,0.266666667,0.243666667,0.232333333,0.236333333,0.235,0.272,0.29,0.308333333,0.27,0.242666667,0.263,0.290333333,0.293333333,0.315666667,0.279666667,0.284,0.282333333,0.252333333,0.379,0.403333333,0.395,0.399,0.338,0.352333333,0.384666667,0.36,0.502,0.518666667,0.503,0.534666667,0.498666667,0.516333333,0.530333333,0.507666667,0.475666667,0.488,0.461666667,0.445,0.395666667,0.428,0.474666667,0.465333333
FJ,y26,0.350333333,0.355,0.314666667,0.257666667,0.176333333,0.204666667,0.271666667,0.296333333,0.357,0.382,0.358333333,0.330666667,0.28,0.307333333,0.336,0.315666667,0.262666667,0.279333333,0.255666667,0.246666667,0.214666667,0.24,0.270666667,0.255,0.31,0.333333333,0.314333333,0.297666667,0.263,0.290666667,0.307,0.276333333,0.149666667,0.150333333,0.135,0.164333333,0.218666667,0.248,0.200333333,0.152333333,0.232666667,0.195333333,0.177333333,0.276,0.365666667,0.371,0.299333333,0.252666667,0.207333333,0.159333333,0.146666667,0.223333333,0.303666667,0.348,0.293,0.226,0.122,0.113,0.109666667,0.131,0.163,0.196,0.165666667,0.143666667,0.157666667,0.169333333,0.163666667,0.154,0.150666667,0.196333333,0.204666667,0.174,0.591666667,0.611333333,0.609333333,0.638666667,0.597,0.599,0.604,0.589666667,0.595,0.596666667,0.585666667,0.645666667,0.612333333,0.613,0.599,0.585,0.652,0.665666667,0.627333333,0.631,0.577333333,0.597666667,0.628,0.628333333
GD,y1,0.371,0.388333333,0.354333333,0.293,0.213,0.240666667,0.305333333,0.329,0.305,0.317,0.32,0.309666667,0.21,0.217666667,0.286666667,0.288666667,0.262666667,0.274666667,0.299,0.319333333,0.272,0.28,0.287666667,0.259333333,0.223333333,0.198,0.235,0.291666667,0.296666667,0.303,0.301666667,0.259333333,0.150333333,0.133666667,0.133333333,0.154666667,0.186333333,0.225666667,0.217,0.189,0.289,0.260333333,0.248333333,0.340333333,0.386,0.346,0.252,0.267333333,0.161333333,0.134333333,0.101666667,0.117666667,0.130666667,0.132666667,0.135,0.165,0.229,0.237333333,0.233333333,0.278,0.301666667,0.272666667,0.244666667,0.242333333,0.224333333,0.238,0.237666667,0.284333333,0.26,0.237333333,0.212333333,0.210333333,0.353666667,0.365333333,0.383,0.448,0.396666667,0.354333333,0.319666667,0.334333333,0.38,0.423,0.420666667,0.436333333,0.342333333,0.297,0.311333333,0.337333333,0.429333333,0.469333333,0.448,0.421666667,0.294,0.267,0.325333333,0.381333333
GD,y2,0.307666667,0.311,0.299666667,0.248666667,0.167,0.171333333,0.263333333,0.294666667,0.418333333,0.424666667,0.411,0.369,0.281666667,0.304666667,0.371,0.392666667,0.249666667,0.260333333,0.279,0.329666667,0.345666667,0.357333333,0.313333333,0.258666667,0.277,0.277666667,0.305,0.311,0.294666667,0.309333333,0.318333333,0.295333333,0.169,0.155666667,0.169333333,0.212,0.222,0.233333333,0.213666667,0.193333333,0.230666667,0.209333333,0.159666667,0.193333333,0.228,0.224666667,0.21,0.233333333,0.309333333,0.305666667,0.261333333,0.304333333,0.308,0.271333333,0.245666667,0.282666667,0.185,0.172333333,0.149,0.184333333,0.194666667,0.167666667,0.153666667,0.179666667,0.233,0.237666667,0.236666667,0.288333333,0.295,0.274333333,0.239,0.239333333,0.299,0.345,0.347,0.363333333,0.284666667,0.253666667,0.249666667,0.274333333,0.406333333,0.448666667,0.445333333,0.444,0.356666667,0.329,0.335666667,0.347,0.333333333,0.404333333,0.401,0.354666667,0.244,0.229,0.273666667,0.286333333
GD,y3,0.340333333,0.349666667,0.348333333,0.315333333,0.223666667,0.214,0.291,0.322,0.313333333,0.331,0.345333333,0.323333333,0.239,0.252,0.296333333,0.312,0.21,0.188333333,0.213,0.242,0.228,0.252333333,0.286333333,0.248666667,0.199,0.182666667,0.18,0.209333333,0.211,0.212,0.201666667,0.205666667,0.22,0.189333333,0.182666667,0.23,0.246,0.238,0.222333333,0.239666667,0.144666667,0.125,0.119,0.178333333,0.212,0.187333333,0.169333333,0.183,0.219666667,0.211666667,0.179666667,0.238666667,0.253666667,0.215333333,0.218666667,0.233666667,0.267333333,0.278666667,0.259666667,0.301,0.317,0.291,0.261666667,0.265666667,0.214333333,0.222333333,0.215,0.233,0.211,0.198666667,0.187666667,0.212333333,0.131,0.137666667,0.132333333,0.124666667,0.103333333,0.114,0.133333333,0.137666667,0.299666667,0.308333333,0.300666667,0.316,0.251333333,0.241666667,0.275666667,0.291333333,0.282666667,0.298333333,0.314333333,0.289666667,0.212666667,0.216666667,0.279,0.288
GD,y4,0.350333333,0.370333333,0.378,0.337666667,0.243,0.232333333,0.311,0.343666667,0.283333333,0.278333333,0.267333333,0.265666667,0.239666667,0.226,0.244666667,0.269333333,0.319666667,0.308,0.297666667,0.31,0.306,0.333666667,0.339,0.321333333,0.199666667,0.184,0.197333333,0.275666667,0.286666667,0.285333333,0.258666667,0.240666667,0.156333333,0.139,0.132333333,0.151666667,0.161666667,0.176666667,0.176666667,0.182,0.304666667,0.288333333,0.240666667,0.321666667,0.339,0.274,0.236,0.279666667,0.263,0.244,0.223666667,0.324,0.352666667,0.291666667,0.240666667,0.269333333,0.137,0.108666667,0.086,0.11,0.12,0.112666667,0.122666667,0.148,0.144333333,0.157,0.171666667,0.219666667,0.194333333,0.158333333,0.145666667,0.157,0.349333333,0.391,0.388666667,0.425333333,0.338333333,0.280666667,0.284,0.318333333,0.264333333,0.310333333,0.331333333,0.346,0.233666667,0.192666667,0.238333333,0.258,0.373666667,0.425,0.423666667,0.441333333,0.341666667,0.293,0.316666667,0.340333333
GD,y5,0.358333333,0.398666667,0.396666667,0.364333333,0.248,0.225666667,0.271333333,0.306666667,0.297666667,0.318333333,0.324,0.303,0.219666667,0.212,0.286333333,0.284666667,0.284,0.255666667,0.255666667,0.256666667,0.250666667,0.280333333,0.294666667,0.300333333,0.254,0.239,0.272,0.307666667,0.289333333,0.324333333,0.322333333,0.288,0.204666667,0.208,0.220333333,0.253333333,0.241666667,0.225333333,0.199,0.204,0.228,0.212333333,0.187333333,0.23,0.235333333,0.206,0.208,0.239,0.158,0.142,0.123333333,0.175333333,0.187,0.162333333,0.151,0.169,0.172666667,0.166333333,0.16,0.192333333,0.196333333,0.171666667,0.168,0.182,0.188333333,0.202333333,0.200333333,0.21,0.178,0.153666667,0.150666667,0.181333333,0.273333333,0.299333333,0.313333333,0.35,0.286,0.243333333,0.237333333,0.256666667,0.302,0.333,0.346333333,0.371,0.291666667,0.261,0.281666667,0.301666667,0.506,0.541666667,0.526666667,0.542666667,0.434333333,0.364333333,0.395,0.450666667
GD,y6,0.363,0.356333333,0.366333333,0.349666667,0.265,0.261666667,0.345666667,0.391,0.335666667,0.361333333,0.369666667,0.317333333,0.203666667,0.19,0.270666667,0.317,0.215666667,0.208666667,0.233,0.226333333,0.168333333,0.175,0.255666667,0.242666667,0.223,0.207333333,0.220333333,0.257333333,0.266666667,0.270666667,0.258,0.245333333,0.161333333,0.150666667,0.161333333,0.217,0.224,0.222333333,0.204666667,0.194,0.227333333,0.211,0.19,0.26,0.252,0.211666667,0.205,0.233,0.184333333,0.176666667,0.172333333,0.207666667,0.199333333,0.188333333,0.190666667,0.205,0.145666667,0.124666667,0.108333333,0.140666667,0.134,0.108,0.122333333,0.153,0.238,0.261333333,0.258333333,0.294333333,0.225,0.194333333,0.189333333,0.221666667,0.299,0.294,0.306,0.362333333,0.339,0.301333333,0.304666667,0.314666667,0.478333333,0.516333333,0.51,0.495333333,0.387333333,0.338333333,0.371333333,0.428333333,0.331,0.376666667,0.390666667,0.363,0.276666667,0.249333333,0.286666667,0.314333333
GD,y7,0.319666667,0.317333333,0.328,0.302333333,0.190333333,0.182,0.268,0.303333333,0.291333333,0.301333333,0.330333333,0.292,0.181666667,0.195666667,0.289333333,0.302333333,0.221,0.221333333,0.243,0.260333333,0.203,0.208,0.247666667,0.242333333,0.234,0.243333333,0.266,0.294333333,0.258666667,0.246666667,0.256,0.251333333,0.132333333,0.135,0.137666667,0.172666667,0.181333333,0.160666667,0.142333333,0.148,0.21,0.201666667,0.177666667,0.23,0.236666667,0.196666667,0.190333333,0.213,0.316,0.303666667,0.279,0.319666667,0.321333333,0.292666667,0.291,0.316666667,0.08,0.083,0.082,0.105,0.097666667,0.085666667,0.086,0.094,0.256666667,0.279333333,0.268,0.311333333,0.287,0.237,0.221,0.234666667,0.248666667,0.27,0.278,0.301666667,0.209666667,0.183,0.208666667,0.237,0.381666667,0.437,0.417666667,0.418666667,0.303666667,0.255333333,0.289333333,0.33,0.395,0.434333333,0.423333333,0.406666667,0.323333333,0.296666667,0.328,0.347
GD,y8,0.251333333,0.275,0.259,0.206666667,0.123,0.115666667,0.186333333,0.222666667,0.210333333,0.230333333,0.251,0.247,0.183,0.199,0.244333333,0.217,0.174333333,0.177333333,0.198666667,0.239333333,0.231333333,0.237,0.243333333,0.208,0.231333333,0.204666667,0.204,0.225333333,0.228,0.254,0.293666667,0.260666667,0.152666667,0.149666667,0.155333333,0.196,0.204333333,0.195333333,0.184,0.166666667,0.204,0.191,0.165666667,0.208,0.213333333,0.181333333,0.174666667,0.205666667,0.202666667,0.212666667,0.192666667,0.241666667,0.248666667,0.210666667,0.182666667,0.191,0.221333333,0.216666667,0.188333333,0.215333333,0.218333333,0.193333333,0.192666667,0.207333333,0.280333333,0.313,0.309,0.344,0.310666667,0.266666667,0.246333333,0.264333333,0.213333333,0.258333333,0.262666667,0.273666667,0.222333333,0.174333333,0.160333333,0.177666667,0.367,0.4,0.377666667,0.375,0.285,0.250333333,0.279333333,0.323666667,0.355333333,0.366333333,0.357,0.329,0.233666667,0.225,0.297666667,0.334333333
GD,y9,0.366333333,0.402,0.388,0.346333333,0.254,0.221333333,0.276,0.327333333,0.264333333,0.247333333,0.247333333,0.253333333,0.198,0.224333333,0.285333333,0.276666667,0.303666667,0.323666667,0.336,0.343,0.298666667,0.282,0.289,0.294666667,0.283,0.269,0.274333333,0.321333333,0.311666667,0.307333333,0.284333333,0.28,0.196,0.186333333,0.187666667,0.237333333,0.231666667,0.215,0.209,0.207333333,0.232333333,0.240666667,0.234333333,0.296333333,0.291333333,0.239333333,0.230333333,0.249,0.231333333,0.190666667,0.145,0.165,0.167333333,0.172333333,0.213,0.245333333,0.140333333,0.124666667,0.112,0.130333333,0.126333333,0.122333333,0.141333333,0.157333333,0.215,0.229,0.218333333,0.262666667,0.246,0.198,0.182333333,0.200333333,0.232,0.258,0.260666667,0.251666667,0.172333333,0.151333333,0.184,0.203666667,0.309333333,0.349666667,0.342,0.328666667,0.239,0.221,0.272333333,0.293333333,0.398666667,0.458,0.449,0.380666667,0.228333333,0.207,0.295,0.334333333
GD,y10,0.322,0.364333333,0.366,0.327,0.218,0.220333333,0.300333333,0.311,0.270666667,0.288333333,0.296,0.314,0.25,0.234,0.242666667,0.244,0.254,0.255,0.258,0.237666667,0.169,0.177666667,0.233,0.243,0.179666667,0.164333333,0.178333333,0.197666667,0.187,0.200333333,0.215666667,0.203,0.171,0.155,0.140333333,0.142333333,0.14,0.145333333,0.164333333,0.176666667,0.144666667,0.131666667,0.128333333,0.167666667,0.166666667,0.154333333,0.148333333,0.149333333,0.238,0.237,0.209666667,0.297333333,0.317,0.264,0.215,0.237,0.116333333,0.104666667,0.077333333,0.080666667,0.077666667,0.064,0.082333333,0.116,0.156666667,0.165,0.151666667,0.153,0.141,0.124333333,0.126666667,0.143333333,0.211,0.255,0.249333333,0.238333333,0.149333333,0.128,0.169333333,0.197,0.243333333,0.267,0.274333333,0.275,0.174333333,0.155,0.224333333,0.234333333,0.314,0.354,0.369,0.337,0.214666667,0.201333333,0.285,0.315
GD,y11,0.269,0.267666667,0.263666667,0.23,0.127333333,0.121666667,0.212666667,0.251,0.327666667,0.322666667,0.307,0.264,0.207333333,0.216333333,0.278333333,0.312,0.267666667,0.286333333,0.314333333,0.354,0.297333333,0.277333333,0.281,0.269,0.163,0.153,0.179333333,0.239666667,0.246333333,0.246,0.225,0.203333333,0.215,0.184,0.167333333,0.242,0.238666667,0.213666667,0.199333333,0.220333333,0.254666667,0.234666667,0.212666667,0.287,0.305666667,0.267,0.241333333,0.259333333,0.175,0.159666667,0.148666667,0.183333333,0.186333333,0.170333333,0.178333333,0.211666667,0.230333333,0.208333333,0.196666667,0.244333333,0.252666667,0.242333333,0.228,0.235333333,0.238666667,0.247,0.246,0.277666667,0.266,0.243666667,0.235666667,0.241,0.219666667,0.241666667,0.264333333,0.258,0.149666667,0.111666667,0.151,0.196333333,0.315666667,0.316,0.313,0.303333333,0.203666667,0.183666667,0.251333333,0.301666667,0.391333333,0.441333333,0.449666667,0.424,0.276666667,0.236333333,0.305333333,0.359666667
GD,y12,0.29,0.293333333,0.294,0.237333333,0.147,0.152666667,0.255333333,0.292333333,0.264666667,0.293,0.311666667,0.269,0.202,0.211333333,0.278666667,0.288666667,0.199,0.189666667,0.191666667,0.188333333,0.173333333,0.189,0.23,0.224666667,0.227333333,0.21,0.223333333,0.270333333,0.259666667,0.239333333,0.23,0.240666667,0.237666667,0.231666667,0.242,0.284666667,0.275333333,0.259333333,0.259,0.272666667,0.185,0.177333333,0.153,0.216666667,0.237,0.194,0.171,0.188333333,0.284333333,0.271,0.251333333,0.306333333,0.303666667,0.264666667,0.253666667,0.281666667,0.164,0.166666667,0.159,0.176333333,0.167333333,0.150333333,0.149666667,0.162333333,0.228666667,0.234666667,0.228,0.240333333,0.203,0.172,0.18,0.222666667,0.105666667,0.118333333,0.129666667,0.146333333,0.104333333,0.083666667,0.096333333,0.109333333,0.241666667,0.266,0.258666667,0.272,0.213666667,0.194666667,0.239,0.245,0.424333333,0.46,0.434,0.385666667,0.276333333,0.237333333,0.317333333,0.39
GD,y13,0.382666667,0.407333333,0.373,0.308333333,0.199333333,0.193,0.291333333,0.348666667,0.192333333,0.213666667,0.232666667,0.243666667,0.184333333,0.19,0.242666667,0.217,0.254333333,0.267333333,0.283,0.290666667,0.259666667,0.275,0.277,0.267,0.201666667,0.187333333,0.184,0.186333333,0.170333333,0.185666667,0.217,0.216666667,0.111666667,0.105,0.115666667,0.153,0.172,0.178666667,0.16,0.143666667,0.131666667,0.112,0.087333333,0.109666667,0.131,0.125666667,0.125666667,0.149333333,0.217,0.183,0.142666667,0.180666667,0.193333333,0.185,0.193,0.219333333,0.171,0.155666667,0.142333333,0.176666667,0.171666667,0.154,0.155666667,0.175333333,0.186,0.195,0.190333333,0.215333333,0.172666667,0.145333333,0.150333333,0.184666667,0.271,0.315333333,0.334666667,0.361,0.262666667,0.208333333,0.235333333,0.264333333,0.343666667,0.398333333,0.41,0.418333333,0.28,0.234333333,0.309666667,0.354333333,0.286333333,0.325,0.317333333,0.254666667,0.142666667,0.141333333,0.236,0.267333333
GD,y14,0.349666667,0.379666667,0.373333333,0.307,0.182333333,0.174333333,0.272666667,0.327333333,0.380333333,0.393666667,0.403333333,0.335666667,0.199,0.204666667,0.316333333,0.376,0.159333333,0.169,0.183,0.192666667,0.158333333,0.168333333,0.206,0.185,0.2,0.191,0.217333333,0.231666667,0.219666667,0.237666667,0.250666667,0.227,0.153333333,0.14,0.144333333,0.179,0.171333333,0.165666667,0.176,0.18,0.220333333,0.209,0.185666667,0.242666667,0.250666667,0.209,0.196,0.222,0.162333333,0.152666667,0.115,0.142333333,0.145666667,0.122666667,0.14,0.175,0.232666667,0.213,0.186333333,0.201333333,0.195666667,0.181,0.206,0.238666667,0.122666667,0.115666667,0.101333333,0.097333333,0.082,0.075,0.096666667,0.124333333,0.239,0.275666667,0.302666667,0.339333333,0.243666667,0.187666667,0.210333333,0.243,0.310333333,0.356666667,0.364333333,0.342666667,0.229666667,0.184333333,0.249666667,0.299666667,0.325666667,0.373666667,0.363666667,0.301,0.199333333,0.171666667,0.241,0.296666667
GD,y15,0.347333333,0.367666667,0.366,0.323,0.205666667,0.185666667,0.285,0.332333333,0.206,0.211333333,0.223,0.244666667,0.224666667,0.241666667,0.275666667,0.236333333,0.264666667,0.256333333,0.284,0.288333333,0.233333333,0.241666667,0.271,0.287,0.269333333,0.263333333,0.3,0.335,0.282333333,0.294666667,0.316666667,0.315,0.176,0.152,0.176333333,0.214666667,0.209,0.229333333,0.266333333,0.230333333,0.133666667,0.132666667,0.119,0.163333333,0.168333333,0.141,0.139666667,0.149333333,0.236666667,0.212333333,0.188333333,0.230333333,0.225333333,0.196666667,0.195666667,0.223333333,0.149333333,0.136333333,0.126666667,0.143666667,0.134333333,0.123333333,0.128666667,0.154666667,0.174333333,0.181333333,0.186,0.226666667,0.192,0.154666667,0.166666667,0.191333333,0.259,0.296666667,0.303666667,0.322333333,0.255333333,0.214333333,0.215666667,0.229666667,0.338666667,0.336666667,0.336666667,0.304,0.224666667,0.232,0.310333333,0.339333333,0.269333333,0.279333333,0.271666667,0.219,0.135333333,0.142666667,0.237666667,0.275666667
GD,y16,0.283333333,0.304,0.305,0.285333333,0.195333333,0.179666667,0.247,0.282666667,0.355333333,0.313333333,0.290333333,0.324,0.318333333,0.310666667,0.329666667,0.375666667,0.342666667,0.318666667,0.327666667,0.365,0.315,0.307333333,0.327333333,0.356,0.296666667,0.265333333,0.287333333,0.340666667,0.319333333,0.308333333,0.296,0.314,0.192,0.172,0.179333333,0.247333333,0.26,0.224666667,0.2,0.221333333,0.222666667,0.219333333,0.184666667,0.244,0.245333333,0.2,0.200666667,0.234333333,0.256333333,0.228,0.184333333,0.217333333,0.206666667,0.195333333,0.217666667,0.264,0.117666667,0.099333333,0.083,0.094,0.085,0.079,0.111666667,0.138666667,0.136,0.139666667,0.119666667,0.115,0.105,0.097,0.116333333,0.134333333,0.333666667,0.36,0.373333333,0.414,0.361,0.317666667,0.317333333,0.344,0.295,0.351666667,0.348,0.331333333,0.212,0.153666667,0.192666667,0.238,0.242333333,0.266333333,0.274,0.255666667,0.177666667,0.166,0.23,0.250333333
GD,y17,0.461,0.503333333,0.501666667,0.418,0.251,0.225,0.322333333,0.413333333,0.212333333,0.21,0.227,0.19,0.122666667,0.128666667,0.209,0.219,0.296666667,0.318,0.350333333,0.317666667,0.227666667,0.214666667,0.263666667,0.288333333,0.122,0.111,0.134,0.152,0.136666667,0.152666667,0.212,0.165333333,0.155,0.136,0.123,0.122,0.118333333,0.125333333,0.149,0.163,0.237666667,0.209333333,0.172,0.211333333,0.213,0.200666667,0.217333333,0.253333333,0.178,0.155,0.127666667,0.157666667,0.163666667,0.145666667,0.163333333,0.197,0.106,0.082333333,0.062666667,0.066,0.060666667,0.061,0.084333333,0.104333333,0.204333333,0.205,0.224666667,0.250666667,0.205333333,0.175,0.185,0.217,0.292666667,0.312,0.332,0.354666667,0.282666667,0.256666667,0.273333333,0.298333333,0.26,0.302333333,0.322,0.339333333,0.256666667,0.206,0.232666667,0.256,0.432,0.463,0.454333333,0.428333333,0.295333333,0.256333333,0.321666667,0.383666667
GD,y18,0.284333333,0.307666667,0.316,0.258666667,0.149,0.153666667,0.227,0.272666667,0.322666667,0.332,0.332666667,0.286,0.198666667,0.185,0.240666667,0.303,0.255,0.252333333,0.267333333,0.302333333,0.255,0.245333333,0.28,0.278666667,0.209,0.200666667,0.217666667,0.264666667,0.265,0.263333333,0.26,0.261,0.177666667,0.151,0.150666667,0.195,0.182,0.175666667,0.19,0.210666667,0.241666667,0.236,0.242666667,0.325666667,0.330666667,0.292333333,0.267666667,0.267,0.234333333,0.198666667,0.169,0.204666667,0.197,0.174,0.197666667,0.239333333,0.133666667,0.120666667,0.101666667,0.097333333,0.083666667,0.087333333,0.104,0.136,0.119666667,0.112333333,0.117666667,0.123333333,0.095333333,0.095,0.123666667,0.143666667,0.13,0.158,0.209333333,0.230333333,0.133,0.112,0.168333333,0.167666667,0.294333333,0.308333333,0.329,0.353333333,0.265666667,0.219,0.251,0.285666667,0.295333333,0.325333333,0.368666667,0.362666667,0.280666667,0.259666667,0.308666667,0.323333333
GD,y19,0.264,0.267,0.291666667,0.254666667,0.138333333,0.135333333,0.231333333,0.271,0.224,0.211666667,0.238666667,0.237666667,0.159666667,0.158,0.233,0.244666667,0.215666667,0.221666667,0.252,0.271333333,0.205,0.209666667,0.271666667,0.243333333,0.236666667,0.229,0.222666667,0.256666667,0.223333333,0.213333333,0.232666667,0.249,0.172333333,0.149333333,0.147333333,0.192666667,0.190666667,0.174666667,0.192666667,0.213333333,0.227,0.208,0.192333333,0.255,0.253,0.215,0.199333333,0.242,0.235666667,0.184333333,0.150666667,0.201333333,0.213333333,0.201666667,0.229333333,0.268333333,0.236666667,0.225333333,0.218333333,0.242333333,0.241333333,0.223333333,0.241,0.261333333,0.183333333,0.188666667,0.191333333,0.224666667,0.188333333,0.156,0.17,0.197,0.243666667,0.292333333,0.32,0.347,0.232666667,0.18,0.197333333,0.227666667,0.317333333,0.340333333,0.349333333,0.377666667,0.285333333,0.25,0.287666667,0.309,0.380666667,0.424666667,0.407333333,0.353,0.229666667,0.191333333,0.261333333,0.331333333
GD,y20,0.254333333,0.282666667,0.283333333,0.257,0.162333333,0.140666667,0.217,0.246666667,0.259333333,0.249666667,0.262666667,0.256333333,0.196333333,0.216,0.293333333,0.298,0.235333333,0.237333333,0.264333333,0.276,0.203,0.194666667,0.250333333,0.261,0.142333333,0.132333333,0.153,0.168333333,0.15,0.175333333,0.204666667,0.179666667,0.201333333,0.190333333,0.195,0.257,0.257,0.229333333,0.209333333,0.226,0.151,0.133333333,0.100666667,0.125333333,0.119666667,0.111666667,0.117333333,0.143333333,0.152666667,0.137666667,0.115333333,0.125,0.123666667,0.111333333,0.127666667,0.162666667,0.128,0.108,0.084,0.108666667,0.136666667,0.124333333,0.119333333,0.14,0.139333333,0.126666667,0.101666667,0.105333333,0.099,0.090333333,0.111333333,0.141666667,0.133666667,0.162666667,0.178333333,0.185666667,0.111333333,0.096666667,0.131666667,0.144333333,0.203666667,0.222,0.245,0.246,0.158333333,0.155333333,0.205333333,0.208,0.386,0.415,0.423,0.408666667,0.285666667,0.238666667,0.288,0.341333333
GD,y21,0.251666667,0.281666667,0.303333333,0.297333333,0.184333333,0.156,0.211,0.237666667,0.234,0.244333333,0.263333333,0.261,0.179666667,0.166666667,0.22,0.226666667,0.214666667,0.207666667,0.226666667,0.243333333,0.228333333,0.262,0.274666667,0.251666667,0.262666667,0.232,0.220333333,0.237666667,0.235333333,0.254333333,0.267333333,0.274333333,0.202,0.186333333,0.187333333,0.264,0.280666667,0.238666667,0.218,0.229333333,0.259,0.23,0.187,0.23,0.221,0.200666667,0.209,0.256666667,0.228,0.233666667,0.210333333,0.269333333,0.296666667,0.245666667,0.186666667,0.201666667,0.122666667,0.109,0.073333333,0.077333333,0.083666667,0.078666667,0.086333333,0.115333333,0.119,0.113666667,0.109666667,0.142333333,0.131,0.110333333,0.107666667,0.121333333,0.169333333,0.188666667,0.195,0.211,0.172333333,0.142666667,0.153,0.170666667,0.184333333,0.196666667,0.220666667,0.246666667,0.193333333,0.193,0.228,0.221,0.324333333,0.334,0.328666667,0.296,0.197,0.190333333,0.269,0.307333333
GD,y22,0.274333333,0.301333333,0.333333333,0.332333333,0.247,0.227,0.273,0.279333333,0.329666667,0.34,0.334333333,0.342,0.281666667,0.244666667,0.272,0.304333333,0.237666667,0.220333333,0.231333333,0.24,0.195,0.196,0.23,0.25,0.222,0.206,0.183666667,0.250333333,0.25,0.209,0.201,0.231666667,0.229666667,0.195,0.179666667,0.202,0.189,0.176666667,0.198666667,0.24,0.171,0.147666667,0.114333333,0.157,0.163666667,0.136,0.135333333,0.175,0.23,0.21,0.172,0.209666667,0.196666667,0.159666667,0.165333333,0.216666667,0.162,0.156333333,0.146,0.165666667,0.171666667,0.152333333,0.147666667,0.162,0.107666667,0.12,0.123,0.140333333,0.114333333,0.096666667,0.092,0.103666667,0.280666667,0.298,0.298,0.335333333,0.271333333,0.225666667,0.244666667,0.276333333,0.252666667,0.250333333,0.266,0.267333333,0.210333333,0.214333333,0.261,0.275,0.372333333,0.411666667,0.414,0.396,0.281,0.240666667,0.29,0.337666667
GD,y23,0.217333333,0.257,0.288333333,0.276666667,0.171,0.157666667,0.217333333,0.224333333,0.261333333,0.276666667,0.308333333,0.268666667,0.168666667,0.183,0.257666667,0.266333333,0.209666667,0.219666667,0.267666667,0.321,0.259666667,0.272666667,0.284,0.242666667,0.199333333,0.188,0.196666667,0.232666667,0.249333333,0.248,0.233,0.205333333,0.123333333,0.126333333,0.124666667,0.132666667,0.119,0.128,0.148333333,0.144333333,0.183666667,0.188666667,0.164,0.217666667,0.219666667,0.186,0.166,0.18,0.173666667,0.170666667,0.141333333,0.181333333,0.188,0.171666667,0.159333333,0.178,0.210333333,0.212,0.183333333,0.188666667,0.184333333,0.153333333,0.156666667,0.195666667,0.103333333,0.094666667,0.092,0.111666667,0.109333333,0.093333333,0.093666667,0.109333333,0.281,0.304333333,0.313666667,0.321666667,0.255333333,0.23,0.240333333,0.268333333,0.322,0.351333333,0.366333333,0.390333333,0.298333333,0.257333333,0.291333333,0.319666667,0.359,0.394333333,0.395666667,0.384666667,0.255,0.218666667,0.285333333,0.328
GD,y24,0.285,0.310666667,0.332666667,0.342666667,0.254,0.226,0.268666667,0.287333333,0.267,0.253333333,0.246,0.22,0.153,0.17,0.248666667,0.265,0.206333333,0.198666667,0.203333333,0.220666667,0.204333333,0.224,0.241,0.210666667,0.144,0.133,0.156333333,0.181666667,0.183333333,0.21,0.220666667,0.178333333,0.173,0.136,0.113666667,0.134666667,0.140666667,0.155333333,0.182666667,0.200333333,0.197333333,0.194666667,0.168666667,0.197,0.201333333,0.19,0.184333333,0.196,0.205333333,0.209,0.193333333,0.261,0.273333333,0.241,0.204666667,0.208333333,0.171666667,0.172333333,0.155,0.173,0.181333333,0.167333333,0.159333333,0.170333333,0.176666667,0.181333333,0.157666667,0.165,0.152333333,0.128666667,0.133333333,0.156666667,0.144,0.177,0.186,0.186333333,0.118666667,0.11,0.127,0.141333333,0.245,0.256333333,0.249,0.232,0.188666667,0.169,0.205666667,0.232666667,0.312333333,0.330666667,0.348666667,0.330666667,0.255,0.246,0.293,0.317
GD,y25,0.245666667,0.259666667,0.267,0.221,0.132666667,0.137,0.213666667,0.235,0.200333333,0.200333333,0.195,0.179,0.174666667,0.21,0.248,0.227,0.199,0.199666667,0.207333333,0.207666667,0.184333333,0.208,0.228666667,0.217,0.202666667,0.185,0.186,0.230333333,0.225,0.217,0.220666667,0.222666667,0.176333333,0.162,0.156333333,0.165666667,0.151333333,0.141666667,0.158,0.187,0.169666667,0.155333333,0.123666667,0.158333333,0.160333333,0.143333333,0.126666667,0.160333333,0.176333333,0.164666667,0.125666667,0.166333333,0.180666667,0.158333333,0.144333333,0.165666667,0.185666667,0.184,0.16,0.173666667,0.178,0.171,0.166666667,0.178666667,0.144333333,0.164,0.165333333,0.204666667,0.173,0.140666667,0.133333333,0.142,0.118666667,0.135,0.142666667,0.14,0.093666667,0.082333333,0.113333333,0.122,0.256333333,0.278,0.281,0.282666667,0.179,0.162,0.226333333,0.252666667,0.295,0.313333333,0.315666667,0.294333333,0.204666667,0.189333333,0.270333333,0.290333333
GD,y26,0.249333333,0.249666667,0.246333333,0.211666667,0.142333333,0.165,0.231333333,0.236666667,0.227666667,0.264,0.278333333,0.270333333,0.202333333,0.194666667,0.23,0.222333333,0.222,0.239666667,0.276666667,0.307333333,0.270333333,0.258333333,0.246,0.232333333,0.188333333,0.195333333,0.206,0.218,0.18,0.183333333,0.202333333,0.195333333,0.149333333,0.129333333,0.12,0.152333333,0.164666667,0.15,0.149,0.167333333,0.289,0.263,0.212333333,0.274,0.290666667,0.243,0.202666667,0.251333333,0.229,0.207666667,0.159,0.17,0.163333333,0.153,0.182,0.22,0.178666667,0.168333333,0.147666667,0.170666667,0.177333333,0.175666667,0.180333333,0.189,0.091,0.086333333,0.075666667,0.075,0.068333333,0.063,0.078,0.096666667,0.425666667,0.436666667,0.449,0.492666667,0.409666667,0.334333333,0.368333333,0.422666667,0.303,0.347,0.354333333,0.395,0.301666667,0.225333333,0.246666667,0.281666667,0.427,0.463333333,0.457,0.404333333,0.269666667,0.242666667,0.328,0.405666667
GS,y1,0.258666667,0.263666667,0.279666667,0.264,0.321666667,0.313,0.245,0.246333333,0.217666667,0.231,0.246666667,0.232,0.246,0.266,0.241666667,0.221666667,0.341333333,0.353666667,0.338333333,0.334333333,0.422333333,0.475333333,0.432666667,0.367,0.385666667,0.393,0.354333333,0.312,0.346333333,0.425333333,0.444666667,0.411333333,0.349,0.368666667,0.334,0.311,0.336,0.392333333,0.428,0.405666667,0.360666667,0.349,0.285,0.235666667,0.231,0.268666667,0.310666667,0.371666667,0.265333333,0.256333333,0.207666667,0.185333333,0.195666667,0.221333333,0.235,0.261333333,0.295333333,0.259666667,0.189666667,0.162666667,0.181666667,0.202666667,0.231666667,0.314666667,0.308,0.293,0.259666667,0.222,0.217333333,0.246,0.305666667,0.329,0.248666667,0.265,0.252666667,0.2,0.223666667,0.259333333,0.267333333,0.263666667,0.339666667,0.330666667,0.313666667,0.269333333,0.309333333,0.326333333,0.303,0.310333333,0.204333333,0.217,0.221,0.195,0.214,0.216,0.185333333,0.2
GS,y2,0.244333333,0.256333333,0.237666667,0.203,0.254,0.268,0.205666667,0.212333333,0.345,0.340333333,0.334333333,0.303666667,0.297,0.303333333,0.325666667,0.345333333,0.334,0.319333333,0.316,0.316,0.356333333,0.397333333,0.411333333,0.378333333,0.375333333,0.378,0.342666667,0.319,0.345333333,0.382333333,0.407,0.415333333,0.407666667,0.368,0.309666667,0.300333333,0.306333333,0.346,0.389,0.449333333,0.338,0.340666667,0.28,0.260333333,0.290666667,0.323666667,0.314,0.314,0.336666667,0.313666667,0.257333333,0.255666667,0.264666667,0.284333333,0.292666667,0.339666667,0.278333333,0.251333333,0.222333333,0.189666667,0.185333333,0.229666667,0.278666667,0.319,0.271666667,0.280333333,0.234333333,0.147666667,0.175333333,0.215333333,0.248,0.269333333,0.263333333,0.260666667,0.237,0.187,0.213,0.246,0.269,0.272666667,0.393666667,0.385666667,0.370666667,0.354,0.438333333,0.466,0.418,0.38,0.387666667,0.402,0.383,0.340666667,0.415,0.416,0.353,0.374
GS,y3,0.308333333,0.324333333,0.318,0.271333333,0.292,0.289666667,0.248,0.278,0.195333333,0.205333333,0.196333333,0.156333333,0.186666667,0.227,0.207333333,0.185666667,0.377,0.364333333,0.346666667,0.323333333,0.324,0.334333333,0.399666667,0.415333333,0.39,0.382,0.354,0.297,0.279,0.302333333,0.367333333,0.422,0.366,0.330333333,0.280333333,0.256666667,0.285333333,0.335,0.377666667,0.399666667,0.342,0.322666667,0.256333333,0.217333333,0.228333333,0.263333333,0.282666667,0.344333333,0.312666667,0.280666667,0.228333333,0.209666667,0.241333333,0.285333333,0.303,0.336333333,0.327666667,0.334666667,0.296,0.246,0.242333333,0.271333333,0.289333333,0.322,0.326666667,0.328333333,0.306,0.236666667,0.198,0.221333333,0.288333333,0.339666667,0.297,0.301333333,0.285333333,0.216,0.241666667,0.279333333,0.296333333,0.296333333,0.304333333,0.290666667,0.278333333,0.249,0.305,0.319,0.291333333,0.300666667,0.244333333,0.24,0.236666667,0.213333333,0.265333333,0.259333333,0.207666667,0.238333333
GS,y4,0.253333333,0.249333333,0.239666667,0.215666667,0.288,0.291666667,0.202333333,0.219,0.279666667,0.290333333,0.279,0.261666667,0.3,0.293666667,0.271,0.267,0.332333333,0.322333333,0.293666667,0.281666667,0.326333333,0.352666667,0.353,0.334333333,0.384666667,0.385,0.343333333,0.322333333,0.338666667,0.375666667,0.378,0.367333333,0.362666667,0.363,0.315666667,0.300333333,0.333666667,0.379,0.389,0.373666667,0.335,0.292333333,0.214,0.200666667,0.253,0.309333333,0.319666667,0.355666667,0.268,0.238333333,0.185333333,0.161,0.174,0.204666667,0.220666667,0.287,0.240333333,0.2,0.152666667,0.127333333,0.15,0.179333333,0.201,0.266666667,0.310666667,0.310333333,0.281666667,0.213666667,0.216333333,0.244,0.265666667,0.295,0.279333333,0.272,0.244333333,0.203,0.244333333,0.264666667,0.265666667,0.269,0.369,0.377,0.362666667,0.315666667,0.413333333,0.415,0.324666667,0.338666667,0.312,0.318,0.315333333,0.299666667,0.379333333,0.36,0.265666667,0.293
GS,y5,0.285333333,0.283666667,0.272,0.239,0.293666667,0.298333333,0.229333333,0.253666667,0.282,0.282333333,0.275,0.245333333,0.302,0.335333333,0.303666667,0.284666667,0.28,0.281333333,0.269666667,0.29,0.384333333,0.444666667,0.392666667,0.304333333,0.332,0.326666667,0.300333333,0.303,0.355666667,0.396666667,0.385666667,0.357333333,0.354666667,0.337,0.303333333,0.306,0.336,0.370666667,0.382333333,0.387,0.321333333,0.284333333,0.228,0.205333333,0.200333333,0.230666667,0.259333333,0.332,0.341333333,0.303,0.262,0.253333333,0.251,0.274,0.302666667,0.366333333,0.354333333,0.316,0.270666667,0.250666667,0.273,0.315333333,0.333666667,0.367,0.263666667,0.263666667,0.228333333,0.165666667,0.205666667,0.253,0.279333333,0.295666667,0.245333333,0.241666667,0.235333333,0.189333333,0.223,0.258666667,0.245666667,0.254333333,0.262333333,0.262333333,0.268333333,0.241666667,0.273333333,0.27,0.243666667,0.245666667,0.323333333,0.326666667,0.321,0.303,0.388333333,0.387666667,0.305666667,0.316333333
GS,y6,0.266666667,0.263666667,0.248333333,0.214333333,0.278,0.291,0.226,0.239666667,0.233333333,0.226333333,0.228333333,0.203666667,0.258,0.287,0.262333333,0.234333333,0.278,0.268,0.249333333,0.210333333,0.269333333,0.324666667,0.323333333,0.296333333,0.404666667,0.408333333,0.371666667,0.332666667,0.38,0.43,0.439666667,0.43,0.343,0.344,0.283666667,0.262333333,0.314333333,0.373666667,0.363,0.349666667,0.321666667,0.293,0.258,0.281333333,0.301666667,0.334,0.342,0.348333333,0.350666667,0.309,0.252,0.248,0.254666667,0.297666667,0.336333333,0.391,0.28,0.260666667,0.21,0.208666667,0.242333333,0.266,0.255,0.280666667,0.287333333,0.276666667,0.248666667,0.196,0.164333333,0.189,0.239,0.304666667,0.237333333,0.241333333,0.239666667,0.188333333,0.202666667,0.233,0.221333333,0.230666667,0.318,0.312,0.309,0.304666667,0.391666667,0.407,0.324666667,0.311333333,0.320333333,0.325666667,0.332333333,0.315333333,0.406666667,0.392333333,0.283,0.303
GS,y7,0.297666667,0.299333333,0.306333333,0.306666667,0.415,0.428,0.294,0.281666667,0.279666667,0.273,0.274666667,0.277333333,0.356,0.371333333,0.302,0.276,0.398666667,0.405333333,0.378333333,0.356333333,0.418333333,0.465666667,0.437333333,0.399333333,0.458,0.440666667,0.411,0.427333333,0.462333333,0.489666667,0.486333333,0.465666667,0.354,0.360666667,0.291333333,0.247,0.274333333,0.316333333,0.319666667,0.339333333,0.382,0.355,0.284,0.267666667,0.271666667,0.305333333,0.331333333,0.381666667,0.307,0.263666667,0.202666667,0.192,0.215,0.259666667,0.286333333,0.344,0.358,0.321,0.266333333,0.225333333,0.205666667,0.23,0.288333333,0.381,0.313666667,0.289,0.266,0.251333333,0.227666667,0.246666667,0.314,0.353,0.243333333,0.232666667,0.213666667,0.186333333,0.236,0.272,0.268666667,0.245666667,0.211333333,0.211666667,0.209333333,0.174333333,0.208666667,0.225666667,0.208333333,0.207333333,0.210333333,0.208,0.211333333,0.202666667,0.292333333,0.301666667,0.205666667,0.198
GS,y8,0.231666667,0.237666667,0.239333333,0.215666667,0.249333333,0.240666667,0.196,0.207333333,0.273,0.271333333,0.271,0.250666667,0.298333333,0.309,0.289666667,0.282666667,0.348333333,0.361666667,0.346666667,0.347333333,0.411666667,0.445,0.390666667,0.337333333,0.412333333,0.420333333,0.396333333,0.420333333,0.466666667,0.508333333,0.491,0.423666667,0.288,0.256,0.210666667,0.231,0.279,0.326666667,0.316,0.306,0.324,0.314,0.265,0.265,0.285333333,0.309,0.299666667,0.328,0.344666667,0.295666667,0.255333333,0.241333333,0.226,0.253333333,0.316333333,0.398333333,0.348666667,0.309666667,0.28,0.283666667,0.296,0.338666667,0.369,0.387,0.281333333,0.285666667,0.266333333,0.227,0.213,0.238333333,0.266666667,0.287666667,0.330333333,0.337666667,0.300333333,0.235333333,0.321666667,0.378666667,0.325,0.297,0.263666667,0.263,0.256666667,0.232333333,0.353666667,0.386666667,0.268,0.251,0.211333333,0.207,0.203,0.198333333,0.247333333,0.242333333,0.181,0.192333333
GS,y9,0.229,0.226333333,0.218,0.199666667,0.268666667,0.267333333,0.194333333,0.206666667,0.23,0.238333333,0.226666667,0.204333333,0.263333333,0.285666667,0.224,0.211,0.290333333,0.285,0.268333333,0.253666667,0.301333333,0.327666667,0.294,0.291,0.437333333,0.424,0.379333333,0.397333333,0.475333333,0.531666667,0.501,0.433,0.33,0.316666667,0.273333333,0.27,0.298,0.342666667,0.334666667,0.338333333,0.350333333,0.317666667,0.270333333,0.277,0.295,0.329,0.349333333,0.385333333,0.263666667,0.235666667,0.197,0.190666667,0.224666667,0.268666667,0.255333333,0.289,0.274666667,0.237333333,0.19,0.171666667,0.208333333,0.254666667,0.273,0.306333333,0.256666667,0.243,0.222,0.179666667,0.191,0.219333333,0.237333333,0.275333333,0.238,0.235666667,0.216,0.191666667,0.251,0.286666667,0.253666667,0.245666667,0.328,0.318666667,0.311333333,0.281333333,0.346,0.361,0.316333333,0.320666667,0.255666667,0.258666667,0.247333333,0.214333333,0.270666667,0.269333333,0.219333333,0.244333333
GS,y10,0.206666667,0.200333333,0.201333333,0.179333333,0.217333333,0.217666667,0.188,0.196,0.273666667,0.271,0.268333333,0.257333333,0.329666667,0.375,0.31,0.280666667,0.341666667,0.335666667,0.303333333,0.323666667,0.429333333,0.460333333,0.397666667,0.351333333,0.472333333,0.454333333,0.416333333,0.365,0.400333333,0.451666667,0.460333333,0.464333333,0.406333333,0.404,0.362,0.338,0.333333333,0.369333333,0.380666667,0.405666667,0.346,0.315666667,0.270666667,0.268333333,0.289333333,0.343666667,0.359,0.375333333,0.374666667,0.344,0.284,0.312333333,0.360333333,0.391666667,0.390666667,0.405333333,0.293,0.278333333,0.255333333,0.245333333,0.25,0.280333333,0.296333333,0.329666667,0.279666667,0.270333333,0.227333333,0.166,0.181666667,0.224333333,0.252,0.289,0.288,0.287333333,0.269666667,0.223333333,0.240333333,0.254,0.271666667,0.273666667,0.254666667,0.242666667,0.243666667,0.224,0.312333333,0.320333333,0.231333333,0.229,0.277,0.277333333,0.274,0.253,0.295333333,0.273333333,0.227,0.252333333
GS,y11,0.201,0.192666667,0.187,0.159333333,0.177666667,0.171666667,0.151,0.181333333,0.235666667,0.233,0.227333333,0.219666667,0.257,0.264666667,0.223,0.220333333,0.326,0.308666667,0.303333333,0.299333333,0.340333333,0.357333333,0.364333333,0.357,0.324,0.317666667,0.284333333,0.282,0.360333333,0.430666667,0.399,0.343666667,0.308666667,0.28,0.234666667,0.196,0.231333333,0.287666667,0.287666667,0.315666667,0.279333333,0.254666667,0.191666667,0.198,0.260333333,0.323666667,0.311666667,0.299,0.294666667,0.256666667,0.188666667,0.169333333,0.174333333,0.209,0.235,0.31,0.299,0.255666667,0.220333333,0.23,0.241,0.273333333,0.303333333,0.349333333,0.287,0.267666667,0.230666667,0.174333333,0.171,0.194333333,0.233,0.301,0.229333333,0.229333333,0.216333333,0.156333333,0.190333333,0.232666667,0.201333333,0.210333333,0.264666667,0.250666667,0.235666667,0.196333333,0.281666667,0.315666667,0.250666667,0.254333333,0.235666667,0.243,0.240333333,0.229,0.298333333,0.275333333,0.184333333,0.205666667
GS,y12,0.210666667,0.227333333,0.224,0.198333333,0.226333333,0.229666667,0.182,0.195666667,0.242,0.260666667,0.263666667,0.24,0.294333333,0.306,0.225,0.216,0.325666667,0.316333333,0.290666667,0.261333333,0.357,0.430333333,0.375,0.319666667,0.423,0.412333333,0.38,0.403666667,0.482,0.529333333,0.506333333,0.436,0.349,0.344,0.291666667,0.254333333,0.295666667,0.364,0.368666667,0.359666667,0.314,0.285333333,0.206333333,0.183666667,0.227,0.274333333,0.274666667,0.310666667,0.296,0.272666667,0.229666667,0.237666667,0.269666667,0.315,0.314,0.329,0.292333333,0.241666667,0.214333333,0.192,0.186333333,0.227,0.275666667,0.345666667,0.303333333,0.286666667,0.269333333,0.246,0.228,0.254333333,0.313,0.343333333,0.231333333,0.219333333,0.202333333,0.140333333,0.184666667,0.237333333,0.219666667,0.216666667,0.246666667,0.253,0.256,0.209666667,0.267,0.299333333,0.242,0.225333333,0.264666667,0.276666667,0.284,0.257,0.282,0.276333333,0.228,0.246666667
GS,y13,0.228666667,0.231333333,0.227333333,0.197333333,0.250333333,0.266666667,0.211333333,0.208666667,0.238333333,0.247333333,0.241666667,0.198666667,0.221666667,0.246666667,0.256333333,0.247,0.331333333,0.328333333,0.303333333,0.275,0.334,0.397333333,0.382333333,0.333333333,0.326,0.323,0.301,0.284333333,0.345333333,0.412,0.381,0.340333333,0.391,0.392,0.349666667,0.343,0.37,0.425,0.433333333,0.401,0.337,0.316666667,0.250666667,0.229,0.267666667,0.322333333,0.344666667,0.354333333,0.319666667,0.292,0.25,0.288333333,0.311,0.327666667,0.324,0.331333333,0.317,0.278,0.234333333,0.227333333,0.210333333,0.233333333,0.277333333,0.351,0.302333333,0.273333333,0.247,0.196,0.180666667,0.211666667,0.262333333,0.330333333,0.24,0.236333333,0.229666667,0.213,0.223666667,0.253,0.238,0.226666667,0.289,0.275666667,0.267333333,0.237333333,0.311666667,0.319666667,0.282666667,0.293333333,0.208666667,0.208666667,0.206666667,0.179666667,0.199333333,0.192333333,0.170333333,0.185666667
GS,y14,0.167666667,0.159,0.155333333,0.143333333,0.144666667,0.144,0.135666667,0.145333333,0.253666667,0.246666667,0.245666667,0.233333333,0.280666667,0.286,0.232666667,0.254,0.353333333,0.343333333,0.302333333,0.257,0.342666667,0.401666667,0.366333333,0.330666667,0.299666667,0.294666667,0.276333333,0.231666667,0.257666667,0.313,0.313333333,0.290333333,0.336,0.318666667,0.287333333,0.248,0.258666667,0.322666667,0.351,0.368666667,0.310666667,0.293,0.231666667,0.191666667,0.227666667,0.284666667,0.300666667,0.314,0.275333333,0.25,0.211333333,0.171666667,0.179666667,0.218,0.255666667,0.318333333,0.327,0.307666667,0.274666667,0.297,0.316,0.337,0.346333333,0.354,0.300666667,0.295333333,0.265,0.248666667,0.266333333,0.303333333,0.316,0.307,0.234666667,0.238666667,0.223666667,0.155,0.173666667,0.211666667,0.227,0.237,0.259333333,0.260666667,0.256333333,0.234,0.294333333,0.309,0.252,0.248333333,0.348333333,0.339333333,0.338333333,0.319333333,0.369,0.370333333,0.331,0.338666667
GS,y15,0.303666667,0.304333333,0.307,0.275333333,0.319333333,0.321666667,0.267,0.284666667,0.229,0.229333333,0.232666667,0.233666667,0.305,0.332666667,0.274,0.239333333,0.358,0.343,0.341666667,0.323666667,0.343333333,0.360666667,0.381,0.389333333,0.409333333,0.381333333,0.349333333,0.317666667,0.317,0.347666667,0.41,0.452333333,0.394,0.364666667,0.315333333,0.285666667,0.281666667,0.299,0.315,0.378,0.335666667,0.306,0.242333333,0.212,0.252666667,0.307666667,0.32,0.362666667,0.309,0.278333333,0.235666667,0.215333333,0.23,0.282333333,0.288,0.331,0.257333333,0.208333333,0.173666667,0.145666667,0.161333333,0.209,0.231333333,0.292333333,0.259666667,0.252333333,0.239666667,0.199333333,0.203,0.250333333,0.268,0.279666667,0.322666667,0.305,0.286666667,0.239,0.300333333,0.339,0.322,0.317333333,0.306333333,0.307333333,0.315333333,0.307,0.394333333,0.409333333,0.327,0.310666667,0.288333333,0.286666667,0.288,0.271333333,0.334,0.331333333,0.251666667,0.28
GS,y16,0.310666667,0.307,0.306333333,0.28,0.338,0.326333333,0.264333333,0.289333333,0.255,0.265,0.257,0.225333333,0.319,0.369333333,0.275666667,0.243333333,0.372666667,0.367,0.343,0.365666667,0.463666667,0.514333333,0.427666667,0.380333333,0.348666667,0.354666667,0.329333333,0.314333333,0.405333333,0.485666667,0.438,0.359,0.343,0.345333333,0.319666667,0.327,0.356666667,0.415333333,0.404333333,0.371333333,0.353,0.312,0.261,0.252,0.276333333,0.323333333,0.341,0.384666667,0.277,0.259,0.221,0.185666667,0.192,0.219,0.244666667,0.305666667,0.361,0.313,0.274666667,0.245,0.274666667,0.324333333,0.365,0.417666667,0.251333333,0.218666667,0.190666667,0.193,0.214333333,0.240666667,0.261,0.270666667,0.251666667,0.246666667,0.225666667,0.174666667,0.226666667,0.262666667,0.229666667,0.230333333,0.318333333,0.314666667,0.310666667,0.276666667,0.362666667,0.37,0.304666667,0.312333333,0.419666667,0.403666667,0.405666667,0.409333333,0.507,0.504666667,0.423333333,0.428333333
GS,y17,0.218333333,0.212,0.208,0.192333333,0.207333333,0.207666667,0.199333333,0.21,0.309666667,0.310333333,0.305666667,0.294,0.330333333,0.339333333,0.322,0.302333333,0.305333333,0.307666667,0.289,0.259,0.281333333,0.305,0.315,0.310666667,0.426,0.403,0.364333333,0.359666667,0.391666667,0.422,0.448,0.452666667,0.348333333,0.342666667,0.306,0.326333333,0.379333333,0.433666667,0.415333333,0.380333333,0.305,0.269,0.219,0.201666667,0.209333333,0.238666667,0.238333333,0.295666667,0.319,0.275666667,0.214666667,0.198666667,0.239666667,0.286,0.307666667,0.344,0.289,0.272,0.237666667,0.231333333,0.221333333,0.244,0.273,0.318666667,0.328333333,0.303666667,0.281,0.254666667,0.254,0.296666667,0.346,0.366666667,0.264666667,0.269,0.263333333,0.220333333,0.231,0.249,0.26,0.269333333,0.219333333,0.223,0.205666667,0.168666667,0.195333333,0.209,0.183,0.198333333,0.195666667,0.190666667,0.188333333,0.164666667,0.171333333,0.166333333,0.159666667,0.187
GS,y18,0.195333333,0.198666667,0.194666667,0.166333333,0.202,0.213333333,0.174666667,0.188333333,0.246,0.237,0.221666667,0.191333333,0.210666667,0.242333333,0.225333333,0.228333333,0.306666667,0.292666667,0.272,0.244333333,0.286333333,0.332,0.339666667,0.335,0.330333333,0.332333333,0.312333333,0.293333333,0.360333333,0.425,0.420333333,0.356,0.329,0.307666667,0.283,0.248666667,0.258333333,0.309333333,0.320333333,0.347,0.291666667,0.257333333,0.206,0.206,0.241333333,0.285666667,0.297,0.337666667,0.249333333,0.233,0.19,0.172,0.182,0.207666667,0.203,0.255666667,0.306666667,0.281,0.234333333,0.193333333,0.188,0.231333333,0.264,0.322333333,0.296666667,0.271333333,0.246,0.208666667,0.195,0.222333333,0.284,0.351,0.259,0.25,0.228333333,0.193666667,0.279666667,0.338666667,0.299666667,0.266333333,0.282666667,0.290666667,0.285666667,0.277333333,0.382,0.406666667,0.306,0.284666667,0.321,0.316,0.326333333,0.325666667,0.384,0.385666667,0.331,0.331333333
GS,y19,0.302333333,0.285,0.283666667,0.249,0.271666667,0.277,0.259,0.304,0.309333333,0.303333333,0.280333333,0.242333333,0.309,0.336333333,0.277,0.277333333,0.368,0.354666667,0.342,0.317666667,0.402,0.461333333,0.429666667,0.406,0.400666667,0.377333333,0.334333333,0.331,0.372666667,0.415333333,0.431333333,0.431333333,0.349,0.340333333,0.298666667,0.282666667,0.313,0.378666667,0.385666667,0.38,0.303,0.300666667,0.252,0.25,0.319333333,0.387666667,0.380333333,0.347,0.241333333,0.219333333,0.172,0.148333333,0.188666667,0.237666667,0.225,0.243,0.29,0.246666667,0.219333333,0.250333333,0.288333333,0.309333333,0.307,0.322,0.324,0.339333333,0.313333333,0.270333333,0.273,0.299666667,0.302,0.328666667,0.321,0.319333333,0.303333333,0.240333333,0.285666667,0.314333333,0.318666667,0.312333333,0.287666667,0.290666667,0.294,0.275,0.354,0.368666667,0.299333333,0.277333333,0.24,0.239333333,0.238666667,0.198,0.219333333,0.214666667,0.197333333,0.228
GS,y20,0.261333333,0.261666667,0.272,0.242333333,0.292333333,0.296333333,0.232,0.256333333,0.226,0.226666667,0.221666667,0.187,0.230666667,0.274666667,0.236666667,0.214333333,0.262666667,0.251666667,0.24,0.206333333,0.215,0.240333333,0.255333333,0.271666667,0.356,0.321,0.279,0.267,0.295,0.336666667,0.371666667,0.394333333,0.367666667,0.382,0.331666667,0.298666667,0.308666667,0.355333333,0.341,0.326,0.289,0.271,0.228666667,0.247,0.254333333,0.293333333,0.293666667,0.317666667,0.293333333,0.261666667,0.216,0.173,0.175333333,0.212666667,0.239666667,0.323666667,0.322666667,0.285,0.248666667,0.223,0.223333333,0.250333333,0.277333333,0.345333333,0.200333333,0.192333333,0.181666667,0.149333333,0.179,0.215,0.209,0.226333333,0.283666667,0.283666667,0.283666667,0.222666667,0.238666667,0.263333333,0.248666667,0.261,0.225,0.231333333,0.224,0.199666667,0.263666667,0.287,0.227,0.211,0.284,0.283666667,0.292,0.284,0.338666667,0.338333333,0.273333333,0.278666667
GS,y21,0.309666667,0.304,0.298666667,0.263333333,0.278333333,0.274,0.260333333,0.297666667,0.284,0.299,0.299,0.283666667,0.327333333,0.336333333,0.308666667,0.290333333,0.324,0.317666667,0.285,0.257333333,0.306666667,0.350333333,0.349,0.331333333,0.328666667,0.320333333,0.287333333,0.253,0.253,0.302333333,0.328666667,0.344,0.364666667,0.362,0.312333333,0.282666667,0.294666667,0.351666667,0.367,0.373,0.343666667,0.320666667,0.288,0.323666667,0.35,0.371666667,0.359,0.371666667,0.316666667,0.303333333,0.252333333,0.241666667,0.247333333,0.273666667,0.284666667,0.33,0.38,0.339333333,0.295666667,0.295,0.299666667,0.339666667,0.385666667,0.427,0.270666667,0.261333333,0.23,0.243,0.284,0.307333333,0.286,0.281666667,0.306333333,0.306333333,0.307333333,0.266333333,0.270666667,0.285666667,0.298,0.310333333,0.25,0.249333333,0.244,0.223666667,0.237666667,0.228,0.207666667,0.236666667,0.281333333,0.275666667,0.281,0.271333333,0.309,0.279,0.232333333,0.270666667
GS,y22,0.250333333,0.243666667,0.244666667,0.228333333,0.252,0.242666667,0.227,0.251,0.296333333,0.310333333,0.309,0.289666667,0.366666667,0.376666667,0.297666667,0.271666667,0.330333333,0.313666667,0.305666667,0.312,0.373333333,0.402,0.378333333,0.357333333,0.306,0.279333333,0.249,0.218333333,0.251333333,0.316666667,0.329,0.328333333,0.342,0.331,0.296333333,0.283,0.320333333,0.367666667,0.347666667,0.337333333,0.334666667,0.307333333,0.242333333,0.256333333,0.316666667,0.370333333,0.341666667,0.348,0.28,0.239666667,0.203333333,0.206333333,0.239,0.277333333,0.282333333,0.328333333,0.328,0.295,0.263,0.298333333,0.295333333,0.326333333,0.379,0.393333333,0.231333333,0.223,0.197333333,0.162,0.165666667,0.186333333,0.193,0.227666667,0.264333333,0.258333333,0.233666667,0.168,0.198333333,0.244,0.264,0.268,0.308333333,0.311,0.296666667,0.270333333,0.351,0.372666667,0.301666667,0.302666667,0.256,0.261333333,0.261,0.237,0.252333333,0.237,0.201333333,0.231
GS,y23,0.260333333,0.264666667,0.267333333,0.253333333,0.280666667,0.267,0.217,0.237,0.23,0.224333333,0.225666667,0.205333333,0.217333333,0.226333333,0.211666667,0.221,0.312666667,0.282333333,0.257666667,0.248333333,0.262333333,0.297333333,0.333333333,0.357333333,0.355,0.342,0.296,0.292666667,0.327666667,0.363666667,0.357666667,0.355,0.378,0.366,0.320666667,0.280666667,0.290666667,0.327333333,0.343333333,0.387333333,0.324,0.291666667,0.242,0.258,0.275333333,0.303666667,0.303,0.345333333,0.301,0.279333333,0.248,0.239333333,0.246333333,0.281666667,0.293666667,0.332666667,0.311666667,0.286333333,0.242666667,0.276666667,0.310666667,0.343,0.363,0.370333333,0.251666667,0.211666667,0.187,0.154666667,0.181333333,0.217666667,0.219666667,0.276333333,0.272,0.267,0.260666667,0.208666667,0.222666667,0.246333333,0.267333333,0.286666667,0.269333333,0.270666667,0.270333333,0.228333333,0.296,0.316666667,0.269333333,0.265666667,0.271333333,0.282,0.285333333,0.255666667,0.294333333,0.294666667,0.229666667,0.235
GS,y24,0.336333333,0.333666667,0.328666667,0.309,0.377333333,0.378333333,0.319333333,0.33,0.259666667,0.269333333,0.268,0.224333333,0.285333333,0.328,0.257666667,0.241333333,0.337333333,0.337666667,0.316333333,0.286666667,0.34,0.381,0.357333333,0.339,0.400333333,0.388333333,0.365333333,0.338333333,0.355666667,0.373666667,0.391666667,0.401333333,0.384666667,0.373666667,0.328,0.297333333,0.286333333,0.313666667,0.353,0.402333333,0.346,0.321,0.262666667,0.247666667,0.233,0.258,0.276666667,0.341333333,0.269333333,0.237,0.192333333,0.173666667,0.198666667,0.249,0.258333333,0.303333333,0.314,0.277,0.249333333,0.255333333,0.231,0.260666667,0.305666667,0.366666667,0.304,0.298666667,0.267333333,0.224333333,0.212666667,0.249666667,0.291333333,0.320666667,0.301,0.278666667,0.265,0.211666667,0.234,0.255,0.303,0.326666667,0.284333333,0.285,0.269666667,0.230666667,0.283666667,0.308666667,0.26,0.267333333,0.287333333,0.294666667,0.288,0.257,0.292,0.285666667,0.238,0.260666667
GS,y25,0.198,0.193333333,0.193333333,0.160666667,0.150333333,0.147333333,0.140333333,0.18,0.291333333,0.274666667,0.250666667,0.227333333,0.285,0.296666667,0.272,0.284,0.283,0.273,0.253333333,0.211666667,0.261,0.334,0.338,0.323666667,0.347333333,0.332,0.301333333,0.264666667,0.278333333,0.336333333,0.374666667,0.385333333,0.393,0.374666667,0.34,0.342333333,0.362666667,0.399666667,0.402,0.406333333,0.29,0.262666667,0.216666667,0.239333333,0.295333333,0.330666667,0.313666667,0.300666667,0.284,0.255666667,0.204333333,0.191,0.217,0.254333333,0.272666667,0.303666667,0.353,0.319,0.28,0.266666667,0.240666667,0.259666667,0.301666667,0.390666667,0.317333333,0.276333333,0.251666667,0.238666667,0.203,0.213666667,0.262333333,0.339333333,0.308666667,0.304333333,0.297333333,0.263666667,0.272,0.290333333,0.290666667,0.31,0.342,0.335333333,0.311333333,0.271333333,0.337,0.335333333,0.295,0.314333333,0.265,0.267666667,0.280333333,0.275666667,0.334,0.312666667,0.235666667,0.247333333
GS,y26,0.174,0.178333333,0.182666667,0.161,0.185,0.189,0.152333333,0.158,0.297333333,0.291333333,0.280666667,0.243333333,0.288666667,0.309666667,0.274,0.294333333,0.298666667,0.298666667,0.279,0.239,0.246333333,0.289,0.292,0.302666667,0.382333333,0.356333333,0.327,0.307666667,0.297666667,0.327333333,0.368666667,0.401,0.400666667,0.387,0.338666667,0.344666667,0.336333333,0.361,0.376666667,0.416666667,0.249,0.217,0.177333333,0.176,0.229333333,0.279333333,0.278666667,0.288,0.293,0.251,0.195,0.167333333,0.183333333,0.232333333,0.245333333,0.31,0.301,0.268666667,0.219,0.2,0.230333333,0.286666667,0.306333333,0.338,0.280666667,0.256,0.229,0.193666667,0.200333333,0.242,0.28,0.320333333,0.293333333,0.287666667,0.267,0.199,0.202333333,0.236333333,0.254666667,0.273,0.262333333,0.268666667,0.266333333,0.238333333,0.253333333,0.258,0.249333333,0.255333333,0.199,0.195,0.185,0.156333333,0.193,0.203,0.161666667,0.187
GX,y1,0.294666667,0.289666667,0.258,0.272,0.244,0.242333333,0.248666667,0.275666667,0.235333333,0.23,0.202,0.222,0.171666667,0.172,0.225666667,0.238333333,0.268,0.254333333,0.252,0.327333333,0.331,0.348666667,0.365666667,0.335,0.211666667,0.183,0.213333333,0.316,0.341333333,0.351666667,0.336,0.258666667,0.151,0.12,0.135666667,0.210333333,0.242,0.275,0.260666667,0.204,0.204,0.201,0.205666667,0.308333333,0.334666667,0.308666667,0.216666667,0.211,0.161,0.143,0.120333333,0.193333333,0.217666667,0.203333333,0.157333333,0.167,0.174,0.181333333,0.155333333,0.227666667,0.259333333,0.230333333,0.192666667,0.192,0.174333333,0.166666667,0.137666667,0.172,0.154,0.139,0.134333333,0.160333333,0.243333333,0.248,0.249,0.301,0.248666667,0.227333333,0.222666667,0.242,0.262666667,0.271333333,0.243666667,0.278,0.230666667,0.214666667,0.246333333,0.263666667,0.283666667,0.281,0.248666667,0.231,0.147333333,0.136333333,0.232,0.287666667
GX,y2,0.247333333,0.236666667,0.240666667,0.234333333,0.196,0.182,0.237333333,0.262333333,0.372333333,0.35,0.315666667,0.324666667,0.288,0.314666667,0.355,0.391,0.262333333,0.251333333,0.247666667,0.297666667,0.313333333,0.335,0.345,0.296333333,0.23,0.218666667,0.221,0.281,0.278,0.265,0.255666667,0.251666667,0.144333333,0.128333333,0.142666667,0.206666667,0.218666667,0.218,0.209,0.19,0.179,0.177666667,0.154333333,0.252666667,0.306,0.286333333,0.199666667,0.195,0.305333333,0.309,0.289666667,0.418666667,0.421333333,0.352333333,0.280666667,0.284,0.118333333,0.115333333,0.1,0.137,0.150666667,0.125333333,0.105,0.121333333,0.205,0.208333333,0.191333333,0.252,0.27,0.245666667,0.206333333,0.210333333,0.246,0.241333333,0.206333333,0.212333333,0.177,0.178333333,0.198666667,0.254,0.310333333,0.286,0.255333333,0.262666667,0.206666667,0.188666667,0.267666667,0.319,0.245,0.249666667,0.223333333,0.201666667,0.149666667,0.146666667,0.214,0.242333333
GX,y3,0.265,0.250666667,0.232666667,0.223,0.193333333,0.194333333,0.263666667,0.288666667,0.256666667,0.249666667,0.238333333,0.223333333,0.141333333,0.152333333,0.254333333,0.301,0.233,0.198333333,0.214,0.253,0.246333333,0.269666667,0.294,0.283333333,0.221,0.205333333,0.187666667,0.250666667,0.243333333,0.221,0.218,0.237,0.202666667,0.182666667,0.169,0.243666667,0.258666667,0.252666667,0.225666667,0.234,0.127,0.138333333,0.127666667,0.161333333,0.157,0.134666667,0.131666667,0.145,0.189,0.186333333,0.154333333,0.224,0.235666667,0.195,0.174666667,0.186,0.182333333,0.181333333,0.139333333,0.165,0.187333333,0.174666667,0.147,0.168,0.143666667,0.152,0.14,0.170333333,0.168333333,0.163333333,0.145333333,0.147,0.088333333,0.088666667,0.080666667,0.082,0.078333333,0.082666667,0.094,0.102333333,0.254666667,0.262333333,0.233,0.275333333,0.256,0.226666667,0.236666667,0.241,0.245666667,0.247333333,0.237666667,0.255666667,0.229333333,0.215666667,0.251333333,0.254
GX,y4,0.350666667,0.354333333,0.332333333,0.337666667,0.281333333,0.26,0.319,0.336666667,0.27,0.261666667,0.249,0.286,0.270333333,0.257333333,0.287,0.291333333,0.266,0.248333333,0.247333333,0.310666667,0.323,0.337,0.357333333,0.324333333,0.211333333,0.196,0.192333333,0.293,0.316333333,0.325,0.330666667,0.284,0.171666667,0.17,0.176,0.220333333,0.204666667,0.211666667,0.197666667,0.179,0.222333333,0.235666667,0.225333333,0.321,0.340333333,0.305333333,0.233666667,0.219,0.288666667,0.283666667,0.271333333,0.404666667,0.452666667,0.399666667,0.321333333,0.310666667,0.134,0.116333333,0.090666667,0.137666667,0.155333333,0.142333333,0.132,0.145,0.120333333,0.139666667,0.125,0.151,0.139,0.119666667,0.094333333,0.116666667,0.316333333,0.334333333,0.274,0.324333333,0.308,0.276333333,0.242,0.277333333,0.246333333,0.255,0.227333333,0.220666667,0.181333333,0.174333333,0.222666667,0.253,0.302666667,0.317,0.277,0.286666667,0.255666667,0.246333333,0.267666667,0.280666667
GX,y5,0.269666667,0.277666667,0.263333333,0.285666667,0.241333333,0.235666667,0.27,0.278333333,0.276666667,0.256666667,0.233333333,0.272,0.235,0.233666667,0.284333333,0.299666667,0.310666667,0.314333333,0.298333333,0.335333333,0.332,0.347,0.361333333,0.351,0.265666667,0.229333333,0.249333333,0.327333333,0.312333333,0.322,0.315,0.302,0.147,0.147,0.155,0.245,0.265333333,0.258,0.196,0.168666667,0.179666667,0.158666667,0.139666667,0.224666667,0.28,0.274,0.214666667,0.208,0.134666667,0.125666667,0.092333333,0.121666667,0.134333333,0.126333333,0.117,0.131666667,0.087333333,0.096333333,0.082,0.095666667,0.105666667,0.098333333,0.083333333,0.087,0.153,0.165333333,0.134666667,0.157,0.154666667,0.134,0.102333333,0.125666667,0.196666667,0.202333333,0.186333333,0.203,0.181333333,0.166666667,0.158666667,0.178,0.214666667,0.213,0.184,0.193,0.166666667,0.144,0.163333333,0.203,0.381,0.394,0.347333333,0.364333333,0.328333333,0.283333333,0.293333333,0.344
GX,y6,0.341333333,0.327,0.299666667,0.317666667,0.291333333,0.294333333,0.346666667,0.364,0.294333333,0.309,0.280333333,0.278,0.217666667,0.211,0.248,0.262333333,0.175666667,0.156666667,0.158666667,0.191333333,0.177666667,0.186,0.215666667,0.209,0.196333333,0.173333333,0.174333333,0.245333333,0.271333333,0.292333333,0.266333333,0.234,0.134666667,0.140666667,0.148666667,0.192666667,0.186333333,0.184333333,0.16,0.150666667,0.214666667,0.217333333,0.205333333,0.311333333,0.347666667,0.327333333,0.243666667,0.224666667,0.129333333,0.101666667,0.075666667,0.116333333,0.119333333,0.117666667,0.119,0.142,0.106666667,0.081,0.057333333,0.083,0.096666667,0.096333333,0.095333333,0.115,0.211666667,0.208,0.184666667,0.220333333,0.205666667,0.213,0.199666667,0.215,0.224666667,0.224333333,0.226333333,0.254,0.235,0.226666667,0.238,0.243333333,0.350666667,0.366,0.330666667,0.332333333,0.307666667,0.299,0.311,0.322666667,0.225,0.243333333,0.228,0.202333333,0.168,0.168,0.215333333,0.230666667
GX,y7,0.302333333,0.297,0.276666667,0.280666667,0.233666667,0.226,0.29,0.308333333,0.258666667,0.262333333,0.265666667,0.284666667,0.220666667,0.216666667,0.274,0.270333333,0.231666667,0.212666667,0.207,0.29,0.291333333,0.292666667,0.288333333,0.270666667,0.237666667,0.232,0.25,0.305666667,0.289,0.299666667,0.333666667,0.308,0.137333333,0.146,0.157333333,0.196,0.181,0.173333333,0.152333333,0.144333333,0.154666667,0.157333333,0.135666667,0.181,0.18,0.164666667,0.144333333,0.155,0.227666667,0.221666667,0.201666667,0.244,0.248,0.229,0.216666667,0.234666667,0.082666667,0.076666667,0.064333333,0.083666667,0.083,0.071333333,0.071333333,0.091666667,0.290333333,0.321333333,0.275,0.337333333,0.343666667,0.308666667,0.236333333,0.243666667,0.154333333,0.163333333,0.132666667,0.141333333,0.123666667,0.126666667,0.131666667,0.149666667,0.254333333,0.286333333,0.242666667,0.243666667,0.231666667,0.199,0.187666667,0.208333333,0.276666667,0.276333333,0.26,0.273666667,0.254333333,0.252333333,0.277333333,0.278333333
GX,y8,0.205,0.219333333,0.195666667,0.191,0.142,0.132666667,0.192666667,0.206333333,0.216666667,0.187,0.175666667,0.232333333,0.210333333,0.209,0.264333333,0.257333333,0.219666667,0.211666667,0.221333333,0.289,0.276333333,0.283333333,0.294333333,0.259666667,0.284333333,0.238,0.256333333,0.388333333,0.425,0.457333333,0.455333333,0.377,0.153333333,0.145666667,0.142,0.184666667,0.192333333,0.186,0.165333333,0.167666667,0.160666667,0.161,0.139,0.217666667,0.229666667,0.19,0.167,0.18,0.126,0.120666667,0.096666667,0.123666667,0.134,0.118,0.102666667,0.119666667,0.170666667,0.173,0.145333333,0.157666667,0.157666667,0.142333333,0.139666667,0.156333333,0.250333333,0.284333333,0.259333333,0.301,0.289333333,0.264,0.221333333,0.233,0.186,0.212,0.183333333,0.185333333,0.177666667,0.158333333,0.143333333,0.153333333,0.250333333,0.26,0.233333333,0.266666667,0.268333333,0.255666667,0.232333333,0.240333333,0.267666667,0.266,0.248333333,0.263666667,0.246666667,0.233333333,0.262333333,0.269666667
GX,y9,0.261666667,0.261666667,0.231,0.23,0.231,0.235333333,0.262333333,0.269333333,0.303,0.266666667,0.236666667,0.300666667,0.319333333,0.349666667,0.371333333,0.335666667,0.305,0.292333333,0.286333333,0.341333333,0.313,0.319333333,0.343,0.322666667,0.279,0.235333333,0.233,0.318333333,0.341,0.369333333,0.384333333,0.339333333,0.198,0.172666667,0.171666667,0.263666667,0.254666667,0.241,0.228666667,0.236333333,0.168666667,0.174666667,0.162,0.215333333,0.219,0.192,0.163333333,0.174666667,0.237,0.213333333,0.205666667,0.318,0.328,0.308666667,0.261,0.256,0.131666667,0.129666667,0.118,0.128,0.117,0.112333333,0.123333333,0.144,0.154333333,0.160333333,0.149666667,0.174,0.162,0.148,0.140666667,0.151,0.207,0.217,0.194666667,0.199333333,0.163,0.167333333,0.182333333,0.2,0.241,0.233333333,0.207333333,0.210666667,0.173333333,0.177666667,0.238666667,0.264666667,0.302666667,0.299666667,0.274333333,0.250666667,0.180333333,0.192666667,0.256,0.284
GX,y10,0.268333333,0.262333333,0.237333333,0.264666667,0.209333333,0.205,0.26,0.283666667,0.243,0.24,0.236333333,0.307333333,0.289333333,0.279666667,0.278,0.258666667,0.231,0.221333333,0.237333333,0.252666667,0.191666667,0.195,0.245,0.257333333,0.181333333,0.164,0.165666667,0.233,0.256666667,0.278333333,0.268,0.234,0.188666667,0.159333333,0.171,0.236,0.236,0.26,0.261333333,0.231666667,0.123,0.120666667,0.11,0.155333333,0.154666667,0.147333333,0.131333333,0.134333333,0.207666667,0.204666667,0.184,0.271,0.306666667,0.267,0.203666667,0.208333333,0.051666667,0.047333333,0.033333333,0.046666667,0.04,0.031666667,0.041333333,0.056666667,0.15,0.156333333,0.137333333,0.158333333,0.153666667,0.147,0.123666667,0.135333333,0.218333333,0.231666667,0.190333333,0.182,0.154333333,0.165666667,0.191666667,0.214666667,0.212,0.202,0.176,0.182333333,0.148,0.148666667,0.203,0.229666667,0.283666667,0.304,0.268666667,0.241333333,0.205333333,0.204333333,0.265666667,0.279666667
GX,y11,0.234,0.218333333,0.197666667,0.202666667,0.158333333,0.161,0.246,0.252666667,0.352,0.323333333,0.287333333,0.261666667,0.240666667,0.260666667,0.349333333,0.366,0.247333333,0.241,0.251666667,0.339666667,0.334,0.324666667,0.309333333,0.283,0.189666667,0.169333333,0.188,0.275666667,0.28,0.284,0.277666667,0.248,0.19,0.169666667,0.183333333,0.315,0.31,0.280666667,0.275,0.245666667,0.177666667,0.175333333,0.149666667,0.214666667,0.216,0.175333333,0.164333333,0.186,0.126666667,0.120333333,0.104333333,0.150333333,0.157333333,0.153666667,0.144333333,0.148,0.143666667,0.137,0.125,0.149,0.143,0.138333333,0.139333333,0.145,0.192666667,0.214333333,0.207333333,0.253,0.241333333,0.216666667,0.177666667,0.189333333,0.191333333,0.197,0.184,0.182666667,0.129333333,0.119666667,0.152,0.182666667,0.267666667,0.258333333,0.230666667,0.262,0.21,0.189666667,0.218666667,0.262,0.318,0.338,0.309333333,0.302,0.237,0.234,0.285333333,0.317
GX,y12,0.308,0.280666667,0.265333333,0.29,0.259333333,0.249666667,0.301666667,0.326,0.301666667,0.304666667,0.288333333,0.282666667,0.235,0.236333333,0.290666667,0.320666667,0.201333333,0.183,0.164666667,0.212333333,0.230333333,0.231666667,0.257666667,0.239666667,0.256,0.237333333,0.261,0.376333333,0.373,0.365333333,0.366666667,0.306333333,0.194666667,0.201333333,0.194666667,0.312333333,0.328333333,0.317666667,0.28,0.233,0.123666667,0.123333333,0.105666667,0.157666667,0.164,0.154666667,0.142666667,0.148,0.199666667,0.196,0.164,0.193333333,0.21,0.204333333,0.179666667,0.198,0.130333333,0.148666667,0.131666667,0.134666667,0.126333333,0.116333333,0.112333333,0.118666667,0.186666667,0.189,0.175,0.226,0.216,0.191333333,0.167,0.188333333,0.105333333,0.105333333,0.089666667,0.093,0.075,0.072333333,0.095666667,0.114,0.213,0.211666667,0.170333333,0.181333333,0.157333333,0.156666667,0.212333333,0.229,0.345333333,0.347333333,0.300666667,0.276,0.215333333,0.195666667,0.257333333,0.310666667
GX,y13,0.332333333,0.335333333,0.295333333,0.295666667,0.219,0.21,0.287333333,0.32,0.231333333,0.218666667,0.201666667,0.268333333,0.255,0.258666667,0.308666667,0.289666667,0.293333333,0.282666667,0.278,0.348666667,0.341,0.348666667,0.365333333,0.339333333,0.185666667,0.174333333,0.195333333,0.242,0.231,0.221,0.246666667,0.232666667,0.137333333,0.129333333,0.133666667,0.165666667,0.165666667,0.186666667,0.209666667,0.19,0.149666667,0.140333333,0.111333333,0.149,0.152,0.153,0.159333333,0.173,0.197666667,0.18,0.169,0.264333333,0.288333333,0.284333333,0.235666667,0.225,0.081666667,0.088333333,0.072,0.087666667,0.093,0.080333333,0.066666667,0.075666667,0.211,0.224,0.19,0.241666667,0.226666667,0.195333333,0.175666667,0.205,0.255,0.278333333,0.245666667,0.259666667,0.208,0.183666667,0.179333333,0.219666667,0.339,0.349333333,0.291,0.298333333,0.276666667,0.258333333,0.296666667,0.325666667,0.294666667,0.286,0.246333333,0.239666667,0.187333333,0.180666667,0.26,0.289666667
GX,y14,0.354,0.37,0.341333333,0.318666667,0.226666667,0.209,0.291666667,0.33,0.323666667,0.333,0.310666667,0.332666667,0.213666667,0.194333333,0.269,0.301666667,0.155,0.146,0.151333333,0.210666667,0.195,0.175333333,0.201666667,0.208666667,0.165666667,0.155666667,0.179,0.250333333,0.245666667,0.246333333,0.257333333,0.216333333,0.144333333,0.132666667,0.141,0.209666667,0.206333333,0.207666667,0.204666667,0.186666667,0.145,0.144,0.134,0.191666667,0.201666667,0.192,0.166,0.162666667,0.162,0.143,0.123,0.194333333,0.217,0.194,0.170666667,0.177666667,0.170666667,0.151,0.120666667,0.157333333,0.155333333,0.146333333,0.165,0.185666667,0.115666667,0.124,0.108333333,0.111666667,0.094666667,0.082,0.105333333,0.124333333,0.191,0.231333333,0.202333333,0.214666667,0.158333333,0.128,0.149333333,0.177333333,0.236,0.263,0.232,0.236666667,0.179333333,0.145666667,0.186,0.219333333,0.263333333,0.29,0.252666667,0.203,0.155333333,0.133333333,0.200333333,0.249666667
GX,y15,0.290333333,0.307333333,0.285,0.297333333,0.226,0.183666667,0.237,0.271,0.201666667,0.177,0.175,0.24,0.262666667,0.279333333,0.309,0.278666667,0.265,0.245333333,0.26,0.319,0.272,0.252333333,0.280666667,0.295666667,0.254333333,0.230333333,0.234333333,0.320333333,0.282333333,0.271,0.261333333,0.276333333,0.193666667,0.162666667,0.170333333,0.233,0.214666667,0.220333333,0.220666667,0.226,0.126,0.115666667,0.101,0.148666667,0.147,0.140333333,0.140666667,0.158666667,0.19,0.166333333,0.156666667,0.24,0.217666667,0.184333333,0.187,0.201666667,0.146,0.134666667,0.118,0.157,0.138,0.116666667,0.120666667,0.147333333,0.122666667,0.136333333,0.133333333,0.161333333,0.132,0.106,0.122,0.144,0.254,0.284,0.261666667,0.281,0.216,0.186333333,0.190333333,0.205,0.287666667,0.289333333,0.284333333,0.310333333,0.268,0.262666667,0.310666667,0.313333333,0.230666667,0.219,0.211,0.206666667,0.162333333,0.153666667,0.231333333,0.249333333
GX,y16,0.255333333,0.246666667,0.223666667,0.234666667,0.201,0.197666667,0.251333333,0.279333333,0.315,0.285666667,0.275333333,0.344666667,0.337,0.331,0.369666667,0.356,0.292666667,0.263,0.282,0.382,0.372333333,0.395666667,0.399,0.356,0.252333333,0.258666667,0.289333333,0.357,0.330333333,0.314,0.298666667,0.29,0.175333333,0.165666667,0.193333333,0.297666667,0.292666667,0.267,0.230666667,0.219333333,0.182333333,0.179,0.169666667,0.269333333,0.268,0.214666667,0.197333333,0.203333333,0.231666667,0.209666667,0.202,0.321666667,0.299,0.256,0.256333333,0.268,0.108666667,0.097666667,0.08,0.111666667,0.124333333,0.130333333,0.126,0.129,0.095666667,0.102666667,0.080666667,0.086333333,0.082,0.076666667,0.078666667,0.092333333,0.290333333,0.297,0.279666667,0.339666667,0.313,0.284,0.267333333,0.293666667,0.284333333,0.312333333,0.264,0.242333333,0.189333333,0.165,0.187,0.225,0.221666667,0.236,0.222666667,0.221333333,0.202,0.189666667,0.219666667,0.226
GX,y17,0.418,0.423,0.401333333,0.397666667,0.267,0.233333333,0.331666667,0.409666667,0.244666667,0.220333333,0.223333333,0.254333333,0.205333333,0.197,0.261333333,0.282,0.287,0.294,0.287666667,0.300333333,0.259666667,0.261,0.263333333,0.283666667,0.169333333,0.135,0.138666667,0.219,0.233333333,0.246,0.254333333,0.228,0.201,0.203,0.217666667,0.281,0.260666667,0.259,0.235,0.218,0.175,0.154,0.147333333,0.227,0.248333333,0.245,0.221333333,0.215,0.148,0.123,0.113666667,0.179333333,0.188666667,0.179333333,0.166333333,0.181333333,0.114,0.092333333,0.078,0.110333333,0.113,0.117333333,0.117,0.119333333,0.162,0.152,0.162,0.201,0.152333333,0.130333333,0.165,0.188,0.272333333,0.298333333,0.281666667,0.301,0.256666667,0.227,0.238333333,0.265333333,0.162666667,0.192,0.175666667,0.164666667,0.124333333,0.107666667,0.126666667,0.143,0.357666667,0.362666667,0.332,0.333666667,0.247666667,0.225666667,0.284,0.341333333
GX,y18,0.253,0.261333333,0.256,0.252666667,0.160333333,0.144333333,0.213,0.257333333,0.330333333,0.312,0.3,0.302,0.237,0.221,0.286333333,0.328666667,0.256,0.248666667,0.252666667,0.307333333,0.272,0.264,0.286,0.295,0.207666667,0.197,0.211333333,0.285666667,0.301333333,0.329333333,0.343666667,0.281,0.148,0.132,0.150666667,0.215,0.198333333,0.181666667,0.185333333,0.183,0.183,0.188,0.174,0.234,0.217,0.182,0.165,0.186666667,0.205333333,0.176333333,0.160666667,0.233333333,0.231,0.217333333,0.203,0.217,0.111,0.12,0.101333333,0.103333333,0.089666667,0.081666667,0.087666667,0.104,0.101333333,0.107333333,0.100666667,0.116666667,0.097666667,0.089,0.098333333,0.116,0.151,0.157666667,0.142333333,0.160666667,0.109,0.100333333,0.14,0.162,0.269666667,0.267666667,0.245333333,0.282,0.280666667,0.249333333,0.253,0.268,0.292666667,0.304333333,0.304,0.315666667,0.293333333,0.272333333,0.278,0.285333333
GX,y19,0.242333333,0.246,0.227333333,0.233666667,0.194666667,0.180666667,0.226,0.249333333,0.270666667,0.268,0.268333333,0.322333333,0.315,0.303,0.31,0.287666667,0.271666667,0.233666667,0.216666667,0.284,0.279333333,0.292,0.332,0.313,0.237,0.205666667,0.188333333,0.261,0.266,0.291333333,0.298,0.284,0.166333333,0.164333333,0.149333333,0.210333333,0.201,0.182,0.180333333,0.18,0.189,0.19,0.187333333,0.277333333,0.282,0.259666667,0.212,0.211333333,0.207333333,0.180666667,0.163333333,0.252666667,0.265666667,0.258333333,0.225666667,0.225666667,0.168666667,0.155,0.136666667,0.168,0.175,0.163,0.162,0.177333333,0.119333333,0.123666667,0.114333333,0.129,0.108,0.091,0.102333333,0.126333333,0.272,0.298,0.265333333,0.288666667,0.232,0.194333333,0.189666667,0.235666667,0.232666667,0.234,0.222333333,0.25,0.223333333,0.201,0.209666667,0.226666667,0.306,0.344333333,0.322,0.306666667,0.259,0.217666667,0.234666667,0.275
GX,y20,0.241333333,0.266333333,0.255,0.251666667,0.236,0.188666667,0.214333333,0.229333333,0.276333333,0.260333333,0.259333333,0.3,0.277666667,0.278,0.317666667,0.316,0.224333333,0.22,0.223666667,0.276333333,0.247,0.237,0.255333333,0.248,0.223,0.200666667,0.212,0.288666667,0.262666667,0.245666667,0.252333333,0.254333333,0.155666667,0.155666667,0.189,0.278333333,0.277333333,0.268666667,0.237666667,0.196,0.129666667,0.120666667,0.101666667,0.148,0.142333333,0.118666667,0.099,0.118666667,0.116,0.111,0.085,0.112666667,0.119,0.110666667,0.111333333,0.126666667,0.109333333,0.091,0.067333333,0.104666667,0.131,0.119666667,0.105333333,0.122333333,0.126666667,0.131333333,0.115666667,0.122666667,0.112,0.099333333,0.106333333,0.121666667,0.133666667,0.150333333,0.130666667,0.134333333,0.089333333,0.072,0.086666667,0.121666667,0.195666667,0.201,0.189333333,0.213666667,0.153666667,0.137,0.181,0.205333333,0.314,0.335666667,0.32,0.336666667,0.270333333,0.224,0.252333333,0.297
GX,y21,0.261,0.254666667,0.238666667,0.257,0.209,0.186666667,0.228666667,0.253,0.235666667,0.221333333,0.207666667,0.246666667,0.219666667,0.224666667,0.241666667,0.250333333,0.204,0.192666667,0.195666667,0.238666667,0.233666667,0.255333333,0.271333333,0.249,0.264666667,0.236333333,0.254666667,0.352333333,0.337333333,0.357666667,0.377,0.322666667,0.172,0.172666667,0.183,0.296,0.3,0.270333333,0.242,0.205,0.209666667,0.206666667,0.205666667,0.334,0.372666667,0.322666667,0.246666667,0.236,0.196,0.206333333,0.201333333,0.276666667,0.282,0.238666667,0.189,0.190333333,0.102666667,0.101666667,0.081,0.118333333,0.129,0.114333333,0.088333333,0.086333333,0.125666667,0.132,0.122333333,0.171666667,0.16,0.134333333,0.121333333,0.132666667,0.135666667,0.166666667,0.158333333,0.148,0.138666667,0.119333333,0.112333333,0.125333333,0.193333333,0.192333333,0.187,0.216666667,0.194333333,0.18,0.205,0.213666667,0.257666667,0.262,0.240333333,0.251,0.209,0.197333333,0.221,0.245
GX,y22,0.236,0.261333333,0.256333333,0.252666667,0.194,0.169666667,0.199666667,0.223,0.323666667,0.320333333,0.296333333,0.356333333,0.343666667,0.32,0.307666667,0.318333333,0.215,0.185666667,0.173666667,0.232333333,0.227666667,0.234666667,0.247,0.255333333,0.185,0.143666667,0.122333333,0.196666667,0.25,0.242,0.237666667,0.235333333,0.175,0.171333333,0.171333333,0.282666667,0.295,0.25,0.196,0.187333333,0.178666667,0.164666667,0.146333333,0.230333333,0.246,0.207,0.19,0.209666667,0.223666667,0.199333333,0.163666667,0.260666667,0.278666667,0.229666667,0.203,0.226333333,0.151666667,0.145666667,0.114,0.138666667,0.154333333,0.136,0.116,0.136666667,0.112666667,0.133,0.095333333,0.100666667,0.088,0.086,0.075666667,0.085333333,0.252666667,0.272333333,0.246,0.278333333,0.229666667,0.201333333,0.199333333,0.234,0.264333333,0.256,0.24,0.264,0.235666667,0.227666667,0.249,0.272333333,0.360666667,0.362,0.324,0.327,0.278,0.247333333,0.273,0.321
GX,y23,0.205333333,0.227333333,0.228333333,0.229,0.149,0.126,0.182666667,0.214333333,0.280333333,0.267333333,0.247666667,0.297,0.255666667,0.244666667,0.277,0.289333333,0.226,0.251333333,0.265666667,0.338333333,0.311,0.289,0.252666667,0.233,0.237666667,0.203,0.221,0.336666667,0.363,0.367333333,0.318,0.279,0.157,0.16,0.148333333,0.189,0.173666667,0.164666667,0.160333333,0.160333333,0.154666667,0.158,0.132666667,0.183333333,0.161,0.153333333,0.167,0.164333333,0.155,0.143333333,0.108666667,0.174333333,0.179666667,0.146333333,0.124,0.147,0.174,0.154666667,0.130333333,0.164,0.176,0.137333333,0.141333333,0.177,0.100666667,0.089,0.071333333,0.096,0.094333333,0.083333333,0.087666667,0.104666667,0.236333333,0.249333333,0.228333333,0.246333333,0.203666667,0.187333333,0.195666667,0.224666667,0.286333333,0.303,0.282666667,0.33,0.292,0.228333333,0.229,0.264333333,0.298,0.317333333,0.294333333,0.312,0.253666667,0.206,0.247333333,0.276333333
GX,y24,0.245666667,0.263333333,0.249666667,0.248666667,0.201,0.175666667,0.226333333,0.254,0.300666667,0.28,0.239666667,0.296333333,0.267333333,0.275666667,0.299,0.295333333,0.221,0.196,0.196,0.291666667,0.298333333,0.311333333,0.295333333,0.261666667,0.215333333,0.202333333,0.233333333,0.326666667,0.315666667,0.317666667,0.301666667,0.256333333,0.214,0.192333333,0.176333333,0.285333333,0.288333333,0.281666667,0.274333333,0.260333333,0.148666667,0.17,0.158,0.211,0.194666667,0.167333333,0.134666667,0.143666667,0.162333333,0.161666667,0.150333333,0.233333333,0.249,0.212333333,0.182333333,0.176333333,0.107666667,0.116,0.092,0.107333333,0.108333333,0.086333333,0.085,0.097333333,0.159,0.159666667,0.137666667,0.174,0.174,0.153333333,0.153333333,0.160666667,0.159333333,0.196666667,0.163666667,0.166,0.125,0.112,0.116666667,0.14,0.212666667,0.224666667,0.193333333,0.18,0.160333333,0.149333333,0.179,0.198666667,0.321333333,0.328,0.304,0.306666667,0.278,0.252333333,0.283666667,0.323333333
GX,y25,0.245,0.244,0.217333333,0.22,0.187,0.183333333,0.223,0.232333333,0.213,0.213666667,0.21,0.205666667,0.195333333,0.224666667,0.254,0.235333333,0.257,0.260333333,0.229333333,0.258333333,0.243,0.242666667,0.263666667,0.273666667,0.216333333,0.183,0.169333333,0.250333333,0.267,0.265666667,0.262,0.247,0.171333333,0.151333333,0.149333333,0.205333333,0.190333333,0.184,0.193666667,0.197,0.198666667,0.181,0.154666667,0.235,0.235666667,0.197666667,0.181666667,0.199,0.178333333,0.167666667,0.130333333,0.173666667,0.184333333,0.154666667,0.149666667,0.176,0.134333333,0.138333333,0.111333333,0.115333333,0.121333333,0.122333333,0.123,0.127666667,0.179,0.201333333,0.172,0.21,0.184333333,0.15,0.134666667,0.161333333,0.127333333,0.126,0.107666667,0.101333333,0.067333333,0.068,0.11,0.133333333,0.263666667,0.274666667,0.242,0.259333333,0.202666667,0.176666667,0.212,0.246333333,0.287333333,0.298666667,0.280333333,0.278333333,0.239666667,0.220333333,0.265666667,0.285666667
GX,y26,0.277666667,0.271,0.252666667,0.289333333,0.257333333,0.275666667,0.303,0.286666667,0.244666667,0.236333333,0.214333333,0.256666667,0.238333333,0.232666667,0.247666667,0.257666667,0.293,0.282666667,0.261666667,0.338333333,0.353,0.326,0.299666667,0.301666667,0.222,0.22,0.203666667,0.261333333,0.240333333,0.222333333,0.219333333,0.23,0.183666667,0.169,0.167333333,0.265333333,0.276666667,0.250666667,0.216666667,0.206,0.282333333,0.281666667,0.254666667,0.410666667,0.425,0.349333333,0.290666667,0.292,0.255,0.216,0.183333333,0.301333333,0.311666667,0.268,0.253333333,0.271666667,0.162666667,0.142333333,0.108666667,0.178666667,0.214,0.189666667,0.159,0.167333333,0.108,0.100666667,0.077,0.088333333,0.094333333,0.094333333,0.113333333,0.126333333,0.370666667,0.368333333,0.345333333,0.408666667,0.366,0.326,0.33,0.369333333,0.311,0.313,0.264666667,0.285,0.245333333,0.205333333,0.247333333,0.287,0.409,0.405333333,0.372,0.374,0.287,0.276333333,0.349666667,0.418333333
GZ,y1,0.136333333,0.129,0.107,0.151,0.163333333,0.184,0.275333333,0.183666667,0.103333333,0.094666667,0.102,0.152666667,0.165666667,0.189666667,0.275333333,0.163,0.264,0.246333333,0.261,0.351666667,0.332666667,0.336,0.445,0.346,0.257666667,0.224666667,0.192,0.249666667,0.272333333,0.338333333,0.461,0.342,0.270333333,0.283,0.304666667,0.334333333,0.281666667,0.301,0.339333333,0.292333333,0.214666667,0.222666667,0.221666667,0.282333333,0.278666667,0.294333333,0.257333333,0.222333333,0.362,0.355333333,0.335,0.431333333,0.418333333,0.408,0.331666667,0.330333333,0.190333333,0.165666667,0.149,0.196,0.193666667,0.214333333,0.201666667,0.198,0.171666667,0.152,0.161666667,0.255666667,0.233666667,0.238,0.228,0.200666667,0.158333333,0.154,0.149666667,0.204666667,0.183333333,0.199666667,0.229666667,0.197666667,0.124,0.136333333,0.145,0.210333333,0.190666667,0.158,0.216666667,0.177333333,0.133,0.108,0.102,0.123333333,0.141666667,0.157666667,0.262333333,0.199
GZ,y2,0.191,0.165333333,0.145,0.168,0.206333333,0.228,0.321666667,0.241666667,0.226333333,0.198333333,0.186333333,0.245666667,0.260333333,0.235333333,0.350666667,0.301666667,0.286666667,0.251666667,0.228333333,0.294666667,0.330333333,0.384,0.494333333,0.401,0.234333333,0.221333333,0.235333333,0.271666667,0.254333333,0.298333333,0.418,0.32,0.166333333,0.163666667,0.171333333,0.210666667,0.197,0.208,0.248333333,0.216666667,0.303666667,0.301333333,0.288333333,0.363,0.348,0.365,0.319,0.292666667,0.303333333,0.289333333,0.259,0.328,0.308666667,0.278666667,0.220666667,0.251333333,0.164,0.161333333,0.165333333,0.231,0.217666667,0.238666667,0.228,0.203333333,0.130666667,0.119666667,0.116333333,0.156333333,0.136333333,0.161,0.203333333,0.171333333,0.14,0.120333333,0.117,0.144666667,0.129666667,0.157333333,0.259,0.208,0.179666667,0.172666667,0.167666667,0.245,0.262,0.254333333,0.250333333,0.199666667,0.113666667,0.110666667,0.101666667,0.122,0.133,0.135666667,0.206333333,0.150333333
GZ,y3,0.178333333,0.157,0.147666667,0.18,0.22,0.236,0.330333333,0.232666667,0.211,0.176333333,0.153666667,0.207333333,0.215333333,0.251666667,0.338333333,0.264333333,0.249666667,0.211333333,0.195666667,0.276,0.327666667,0.388,0.454333333,0.372333333,0.212666667,0.219333333,0.216666667,0.256333333,0.24,0.266333333,0.317333333,0.243,0.251333333,0.244666667,0.218666667,0.259333333,0.259666667,0.303333333,0.331666667,0.308333333,0.156,0.171666667,0.174666667,0.221,0.187,0.167,0.161,0.166,0.219,0.196,0.162,0.211,0.197333333,0.186,0.157666667,0.191333333,0.141333333,0.162333333,0.147666667,0.207666667,0.222666667,0.224,0.176,0.150666667,0.136,0.128666667,0.103666667,0.141,0.134,0.142666667,0.157666667,0.16,0.119,0.12,0.090666667,0.102,0.087666667,0.093,0.120666667,0.122333333,0.195333333,0.182333333,0.162333333,0.203666667,0.225333333,0.232333333,0.268,0.226666667,0.137333333,0.130666667,0.114666667,0.146,0.177333333,0.196333333,0.267333333,0.170333333
GZ,y4,0.187,0.163333333,0.153,0.191,0.223666667,0.239666667,0.336,0.245333333,0.188333333,0.169333333,0.148666667,0.187333333,0.192333333,0.215666667,0.326666667,0.247333333,0.269666667,0.235666667,0.217,0.262666667,0.322,0.375,0.433666667,0.344,0.354333333,0.334333333,0.311333333,0.351666667,0.356666667,0.389333333,0.443,0.412666667,0.237,0.211666667,0.24,0.28,0.284,0.339666667,0.354333333,0.279333333,0.2,0.205333333,0.206,0.264666667,0.253666667,0.25,0.201,0.196666667,0.383,0.358,0.334,0.446333333,0.445666667,0.405,0.301666667,0.331333333,0.33,0.301666667,0.268,0.328666667,0.287666667,0.280666667,0.258666667,0.294333333,0.132,0.130333333,0.117333333,0.176333333,0.174333333,0.201,0.184,0.160333333,0.163333333,0.159,0.141666667,0.183,0.173333333,0.180666667,0.231333333,0.204,0.119,0.115,0.116666667,0.158,0.167666667,0.168,0.211333333,0.167666667,0.15,0.161666667,0.156,0.165,0.146,0.146333333,0.214333333,0.169666667
GZ,y5,0.161,0.162666667,0.145,0.162666667,0.141666667,0.142333333,0.265333333,0.21,0.238666667,0.223333333,0.203666667,0.282,0.252666667,0.243333333,0.382,0.315,0.327666667,0.251333333,0.212666667,0.27,0.307333333,0.359666667,0.524666667,0.45,0.294666667,0.285,0.283,0.340333333,0.304,0.303333333,0.376333333,0.331666667,0.219333333,0.209333333,0.228,0.337,0.321333333,0.319333333,0.287,0.249,0.270333333,0.286,0.283333333,0.322666667,0.293,0.294666667,0.258666667,0.250333333,0.150666667,0.162666667,0.156,0.192,0.165,0.138666667,0.113333333,0.124,0.076,0.066666667,0.063666667,0.081666667,0.069333333,0.087666667,0.114,0.112333333,0.141666667,0.133,0.119,0.153333333,0.131333333,0.138666667,0.171333333,0.176666667,0.144333333,0.124333333,0.116666667,0.185,0.185,0.175666667,0.187,0.169666667,0.164333333,0.148,0.136666667,0.204,0.215,0.191666667,0.212,0.194,0.168,0.153333333,0.123,0.153,0.17,0.183666667,0.226666667,0.189666667
GZ,y6,0.199666667,0.179666667,0.157333333,0.198333333,0.227,0.234666667,0.316,0.251333333,0.142,0.133,0.137,0.174,0.148333333,0.17,0.282,0.198666667,0.161666667,0.166333333,0.149,0.181,0.194666667,0.228333333,0.310333333,0.233,0.219333333,0.231666667,0.253666667,0.313,0.26,0.234666667,0.264333333,0.233,0.228,0.224,0.202666667,0.261333333,0.246666667,0.252333333,0.220666667,0.215333333,0.354666667,0.341,0.305,0.350333333,0.356333333,0.353666667,0.315,0.332333333,0.211666667,0.208666667,0.205333333,0.258333333,0.214333333,0.200333333,0.171666667,0.196666667,0.123333333,0.113333333,0.091666667,0.103,0.082333333,0.084666667,0.102,0.120333333,0.142666667,0.132,0.137,0.187666667,0.172666667,0.175666667,0.168,0.164,0.219666667,0.217666667,0.196666667,0.272,0.242666667,0.238,0.23,0.212,0.175,0.166,0.146666667,0.199,0.225333333,0.222333333,0.261333333,0.212,0.156,0.161333333,0.142333333,0.161,0.157,0.137666667,0.201333333,0.162666667
GZ,y7,0.186,0.154,0.116,0.142333333,0.207333333,0.272666667,0.356,0.250666667,0.219,0.184,0.164333333,0.231666667,0.228333333,0.245,0.349,0.277,0.288,0.259,0.207,0.260666667,0.282333333,0.305333333,0.372,0.317333333,0.241333333,0.214,0.207333333,0.236,0.243333333,0.279666667,0.407666667,0.329333333,0.150333333,0.164,0.156666667,0.184666667,0.169666667,0.166,0.143666667,0.135333333,0.191,0.186333333,0.156666667,0.207333333,0.210666667,0.221333333,0.182666667,0.187666667,0.173666667,0.153,0.134333333,0.178,0.186666667,0.197666667,0.191666667,0.203666667,0.109666667,0.092,0.088,0.119666667,0.095666667,0.107,0.118666667,0.131666667,0.134,0.113333333,0.116666667,0.172666667,0.162,0.199,0.209666667,0.168666667,0.164333333,0.167,0.147666667,0.236333333,0.230333333,0.218666667,0.191,0.163666667,0.132,0.14,0.116666667,0.176333333,0.179,0.167333333,0.188666667,0.155333333,0.183333333,0.204,0.206333333,0.236666667,0.243666667,0.232,0.281,0.205
GZ,y8,0.153333333,0.137,0.114666667,0.140666667,0.161,0.165,0.239666667,0.19,0.23,0.203666667,0.175333333,0.228333333,0.248666667,0.26,0.366333333,0.295,0.260333333,0.242666667,0.231,0.329333333,0.347,0.35,0.399666667,0.334666667,0.375666667,0.358666667,0.308,0.391666667,0.412333333,0.457333333,0.531666667,0.468666667,0.202333333,0.184,0.170666667,0.220333333,0.200666667,0.198666667,0.205,0.186666667,0.255333333,0.280666667,0.257,0.284,0.245,0.239333333,0.209333333,0.214333333,0.082,0.079333333,0.065333333,0.088333333,0.099333333,0.107666667,0.079666667,0.086333333,0.116333333,0.120666667,0.117666667,0.159,0.154666667,0.148,0.129666667,0.128,0.101333333,0.103666667,0.104333333,0.141333333,0.15,0.162,0.140666667,0.133333333,0.135333333,0.125666667,0.105333333,0.142,0.135666667,0.135,0.173333333,0.161333333,0.153333333,0.153666667,0.132333333,0.188666667,0.198,0.197,0.231333333,0.177,0.141333333,0.135,0.116333333,0.133,0.145333333,0.152,0.241333333,0.182333333
GZ,y9,0.149666667,0.154666667,0.159333333,0.217666667,0.243666667,0.248,0.291666667,0.204333333,0.314,0.269666667,0.193,0.262,0.360333333,0.407333333,0.500333333,0.412666667,0.340666667,0.298,0.260666667,0.319,0.303333333,0.334333333,0.434,0.404666667,0.318,0.307333333,0.311,0.393333333,0.377,0.375,0.446,0.371666667,0.255,0.254333333,0.22,0.269666667,0.259,0.283,0.308,0.268,0.216333333,0.222333333,0.224,0.268,0.249,0.239333333,0.198,0.211666667,0.501333333,0.499666667,0.487666667,0.566666667,0.535666667,0.496,0.425333333,0.441,0.166666667,0.139,0.124,0.152,0.142,0.163666667,0.201666667,0.206333333,0.21,0.200333333,0.187,0.244,0.226,0.231,0.225,0.225333333,0.157666667,0.153666667,0.142666667,0.202333333,0.172,0.169333333,0.191,0.165333333,0.231666667,0.228333333,0.204,0.273666667,0.273,0.256333333,0.313333333,0.262,0.122,0.099666667,0.085333333,0.138,0.172333333,0.182333333,0.244666667,0.167666667
GZ,y10,0.158,0.154,0.139,0.187,0.206,0.226,0.314333333,0.201333333,0.253333333,0.235333333,0.195333333,0.237333333,0.231333333,0.263666667,0.359666667,0.306666667,0.201333333,0.166,0.128666667,0.133333333,0.126333333,0.165333333,0.311333333,0.264,0.292333333,0.285666667,0.268666667,0.317,0.301666667,0.290333333,0.299333333,0.285333333,0.276,0.266,0.298666667,0.357333333,0.304,0.290666667,0.295333333,0.289333333,0.193666667,0.167,0.170666667,0.233666667,0.212333333,0.197666667,0.187666667,0.197,0.234333333,0.226333333,0.205333333,0.244,0.222666667,0.199666667,0.184666667,0.212666667,0.150666667,0.138333333,0.124,0.160333333,0.141333333,0.145666667,0.146333333,0.162333333,0.197333333,0.207666667,0.193666667,0.250666667,0.242333333,0.252,0.214666667,0.204,0.138666667,0.132,0.125666667,0.189666667,0.173333333,0.172333333,0.194333333,0.166666667,0.143666667,0.150666667,0.148,0.23,0.234,0.213666667,0.274333333,0.207333333,0.163,0.167333333,0.158,0.198333333,0.23,0.234,0.282666667,0.207333333
GZ,y11,0.091,0.088666667,0.084333333,0.110333333,0.123333333,0.143666667,0.226,0.135333333,0.225,0.177333333,0.149,0.17,0.238333333,0.297,0.412333333,0.313666667,0.220333333,0.208,0.215666667,0.301,0.269666667,0.237,0.319333333,0.265666667,0.257,0.271666667,0.246333333,0.299333333,0.302,0.311333333,0.353,0.313,0.248666667,0.244333333,0.214666667,0.236333333,0.214333333,0.249333333,0.326666667,0.276333333,0.161333333,0.171,0.162333333,0.193666667,0.163666667,0.155333333,0.133333333,0.147333333,0.385666667,0.376333333,0.357,0.423666667,0.402666667,0.39,0.336333333,0.338,0.133333333,0.128,0.124666667,0.173,0.163,0.176333333,0.148666667,0.137,0.141,0.127333333,0.126666667,0.199,0.197333333,0.194666667,0.187,0.163333333,0.163,0.152333333,0.145333333,0.219,0.205333333,0.200666667,0.22,0.192333333,0.159333333,0.146,0.117666667,0.175333333,0.183,0.175,0.208,0.189333333,0.134666667,0.129333333,0.105666667,0.130333333,0.138,0.156,0.232,0.157666667
GZ,y12,0.169666667,0.164333333,0.128,0.154,0.190666667,0.215,0.336666667,0.237,0.248333333,0.223333333,0.164,0.173333333,0.178333333,0.214333333,0.309666667,0.259666667,0.188333333,0.190333333,0.169,0.229666667,0.216666667,0.215666667,0.344666667,0.265,0.342,0.313333333,0.284666667,0.329333333,0.332,0.345333333,0.420333333,0.394666667,0.262,0.225333333,0.218,0.296,0.31,0.324666667,0.324666667,0.292333333,0.177333333,0.191333333,0.162,0.180333333,0.146666667,0.151666667,0.153666667,0.171333333,0.227,0.215666667,0.209,0.255333333,0.240666667,0.238666667,0.218666667,0.228333333,0.117,0.101666667,0.083333333,0.105,0.114,0.142,0.154,0.149333333,0.205666667,0.19,0.18,0.251666667,0.246333333,0.270666667,0.262666667,0.223333333,0.088666667,0.086333333,0.079666667,0.138333333,0.135333333,0.116,0.129333333,0.107333333,0.137,0.110666667,0.096,0.149666667,0.174333333,0.174,0.227,0.177666667,0.121333333,0.118,0.12,0.137,0.141666667,0.150666667,0.222,0.171333333
GZ,y13,0.112333333,0.122666667,0.109,0.12,0.096333333,0.094,0.173,0.134333333,0.317,0.269,0.226666667,0.345333333,0.405,0.404333333,0.465,0.419,0.335666667,0.302,0.252666667,0.270666667,0.256333333,0.311333333,0.465,0.410333333,0.215666667,0.175333333,0.173666667,0.220666667,0.195666667,0.214,0.260666667,0.244,0.304666667,0.270666667,0.222666667,0.288666667,0.298666667,0.345,0.362,0.332,0.236666667,0.235333333,0.230666667,0.246,0.201333333,0.204,0.196,0.210333333,0.453,0.434666667,0.429333333,0.509,0.498333333,0.485333333,0.405,0.423666667,0.118666667,0.12,0.116666667,0.166333333,0.16,0.151333333,0.118666667,0.122666667,0.176,0.190333333,0.176,0.256,0.255333333,0.24,0.2,0.181333333,0.12,0.099333333,0.089,0.127666667,0.119,0.128666667,0.168,0.154,0.122,0.125333333,0.112333333,0.138,0.131666667,0.141,0.191333333,0.167333333,0.141666667,0.145333333,0.132666667,0.155666667,0.164666667,0.159333333,0.236,0.169333333
GZ,y14,0.160333333,0.154666667,0.126,0.107666667,0.081333333,0.108333333,0.244333333,0.205666667,0.121,0.129,0.117,0.140666667,0.104,0.099,0.198666667,0.165,0.232666667,0.209333333,0.179,0.241333333,0.207,0.186333333,0.278333333,0.259,0.218,0.237333333,0.238,0.275333333,0.236666667,0.232333333,0.289,0.249666667,0.175666667,0.171333333,0.173666667,0.232333333,0.19,0.180333333,0.179666667,0.186,0.187,0.197333333,0.186666667,0.211333333,0.177666667,0.158333333,0.150333333,0.172666667,0.285333333,0.248333333,0.208333333,0.256,0.245,0.234666667,0.228,0.261,0.140666667,0.145333333,0.119666667,0.155666667,0.148,0.144333333,0.129,0.14,0.198333333,0.192,0.174666667,0.229333333,0.214666667,0.202,0.219,0.222,0.127333333,0.123333333,0.107,0.137666667,0.111,0.106333333,0.147333333,0.147333333,0.129,0.112666667,0.093,0.127333333,0.127333333,0.119333333,0.170333333,0.165333333,0.178666667,0.166333333,0.131666667,0.156666667,0.161666667,0.157666667,0.221,0.192666667
GZ,y15,0.146666667,0.154666667,0.136333333,0.147333333,0.141666667,0.127,0.208333333,0.176,0.321333333,0.281,0.213666667,0.237333333,0.276333333,0.306333333,0.413,0.387666667,0.292666667,0.270666667,0.225666667,0.262,0.261666667,0.279666667,0.369333333,0.334,0.235666667,0.265,0.243333333,0.318333333,0.265666667,0.238333333,0.261666667,0.249,0.291,0.289,0.307,0.388666667,0.356333333,0.348666667,0.322,0.285666667,0.159,0.152666667,0.133333333,0.158666667,0.129,0.137666667,0.149,0.160666667,0.221,0.229,0.231666667,0.294,0.257,0.227333333,0.194,0.208333333,0.209666667,0.187666667,0.176666667,0.246666667,0.219666667,0.210666667,0.202333333,0.222333333,0.204,0.168666667,0.142666667,0.198,0.167666667,0.174666667,0.229666667,0.241333333,0.083666667,0.085666667,0.083666667,0.108333333,0.079,0.092666667,0.154666667,0.129,0.207,0.206666667,0.194333333,0.226666667,0.197333333,0.194333333,0.300333333,0.25,0.129666667,0.131,0.124,0.143333333,0.144333333,0.135333333,0.206,0.146
GZ,y16,0.183333333,0.155666667,0.135666667,0.182666667,0.193,0.218333333,0.323333333,0.224666667,0.269333333,0.251666667,0.224333333,0.262,0.265,0.284333333,0.408333333,0.347666667,0.322666667,0.312333333,0.258333333,0.308333333,0.284666667,0.325666667,0.441333333,0.354666667,0.241,0.230333333,0.226333333,0.247,0.191,0.204666667,0.322,0.282333333,0.218333333,0.22,0.245333333,0.305,0.261333333,0.255333333,0.278333333,0.245,0.164666667,0.179333333,0.180333333,0.242,0.213,0.184333333,0.152666667,0.153666667,0.356666667,0.344333333,0.340666667,0.435666667,0.355,0.299333333,0.265666667,0.31,0.257,0.237666667,0.225333333,0.280333333,0.251,0.236,0.219666667,0.245,0.163666667,0.145333333,0.135,0.172,0.159666667,0.166,0.175333333,0.188333333,0.145666667,0.164,0.161333333,0.204666667,0.194666667,0.182333333,0.164333333,0.142666667,0.120333333,0.126333333,0.120333333,0.161333333,0.171333333,0.152,0.172666667,0.149,0.155,0.162666667,0.152666667,0.184333333,0.173,0.138,0.205333333,0.175333333
GZ,y17,0.132333333,0.128,0.112333333,0.118,0.077333333,0.098666667,0.210666667,0.162666667,0.236666667,0.207333333,0.173666667,0.223666667,0.234333333,0.234666667,0.330333333,0.291,0.211333333,0.191,0.179,0.217333333,0.195666667,0.223666667,0.270666667,0.253333333,0.236,0.209666667,0.191666667,0.248333333,0.224333333,0.237,0.287333333,0.269,0.286666667,0.259666667,0.244333333,0.278333333,0.251,0.292,0.332333333,0.327666667,0.196,0.183666667,0.175333333,0.235333333,0.228,0.235333333,0.191,0.185333333,0.275,0.250333333,0.253666667,0.304,0.279,0.272333333,0.265666667,0.277666667,0.223333333,0.180666667,0.197666667,0.281666667,0.275666667,0.293333333,0.305333333,0.276666667,0.133666667,0.108666667,0.108333333,0.152,0.139,0.165333333,0.216333333,0.186333333,0.2,0.194666667,0.181,0.229666667,0.206,0.214,0.233,0.228,0.186666667,0.185666667,0.152666667,0.214333333,0.221,0.202,0.270666667,0.225,0.163,0.153333333,0.118,0.146,0.150333333,0.148,0.23,0.190333333
GZ,y18,0.071333333,0.075,0.066666667,0.090666667,0.066,0.092,0.178666667,0.091,0.163,0.145,0.129666667,0.156333333,0.153666667,0.174333333,0.277666667,0.202,0.237333333,0.202333333,0.163666667,0.209333333,0.251666667,0.309666667,0.404,0.336333333,0.289,0.276,0.243,0.285,0.246333333,0.261666667,0.397333333,0.339333333,0.196333333,0.183666667,0.187,0.256333333,0.238666667,0.238333333,0.277666667,0.228,0.093666667,0.100666667,0.082666667,0.096333333,0.082333333,0.091,0.086,0.089333333,0.358,0.348,0.334666667,0.409666667,0.365,0.320333333,0.267,0.298,0.096333333,0.089666667,0.071666667,0.093333333,0.093666667,0.093666667,0.095666667,0.11,0.149333333,0.146333333,0.145666667,0.211333333,0.189,0.163,0.182,0.174,0.144333333,0.133333333,0.13,0.203,0.179666667,0.161,0.208666667,0.174666667,0.186,0.166666667,0.125333333,0.168,0.185666667,0.182666667,0.271333333,0.239333333,0.227,0.225,0.204333333,0.236666667,0.222666667,0.205,0.250666667,0.221
GZ,y19,0.157,0.149666667,0.127333333,0.146333333,0.133333333,0.140666667,0.245333333,0.208666667,0.286666667,0.253666667,0.221666667,0.270333333,0.283333333,0.298,0.395666667,0.334,0.271,0.295,0.259,0.326666667,0.293666667,0.256333333,0.376,0.298666667,0.207333333,0.213666667,0.218,0.266666667,0.220333333,0.23,0.297333333,0.24,0.181,0.178,0.170333333,0.213333333,0.185333333,0.170666667,0.199,0.201666667,0.202666667,0.193666667,0.174333333,0.217333333,0.19,0.194666667,0.225,0.247666667,0.467333333,0.428666667,0.43,0.504666667,0.462666667,0.449666667,0.430666667,0.443666667,0.259666667,0.254333333,0.259666667,0.393,0.405666667,0.374666667,0.291,0.262333333,0.157333333,0.14,0.127666667,0.170333333,0.157,0.154,0.171666667,0.186,0.108333333,0.103666667,0.084333333,0.106,0.087666667,0.094333333,0.151333333,0.140333333,0.151,0.155,0.149666667,0.189,0.189,0.158,0.217333333,0.186,0.121666667,0.126666667,0.108666667,0.126,0.112666667,0.115333333,0.175,0.138
GZ,y20,0.202666667,0.210333333,0.183666667,0.202333333,0.199666667,0.203666667,0.313666667,0.256,0.201666667,0.196,0.172,0.192333333,0.18,0.199333333,0.304333333,0.233,0.145,0.163666667,0.164,0.204333333,0.191,0.216666667,0.304666667,0.203333333,0.275666667,0.259,0.236,0.278,0.231666667,0.251333333,0.344,0.317666667,0.159,0.169666667,0.177,0.190333333,0.14,0.142666667,0.193,0.166666667,0.144333333,0.142333333,0.138666667,0.156333333,0.116333333,0.111666667,0.117333333,0.121333333,0.111,0.104666667,0.091333333,0.137,0.127333333,0.122333333,0.124666667,0.135333333,0.149333333,0.132333333,0.101666667,0.128333333,0.111666667,0.109,0.125333333,0.146666667,0.198333333,0.173666667,0.147333333,0.213666667,0.206,0.197,0.222666667,0.229666667,0.132333333,0.115333333,0.087666667,0.124333333,0.118333333,0.098,0.138666667,0.144,0.125666667,0.124666667,0.115,0.165333333,0.168,0.141666667,0.173,0.145666667,0.181666667,0.17,0.152,0.196333333,0.173,0.156666667,0.213666667,0.199333333
GZ,y21,0.16,0.164333333,0.151666667,0.184666667,0.18,0.156,0.215,0.173,0.199333333,0.192333333,0.152666667,0.192,0.202,0.213,0.313,0.243,0.223,0.190333333,0.163666667,0.189,0.198,0.239333333,0.340333333,0.303666667,0.308333333,0.261666667,0.225666667,0.254,0.241,0.267,0.346,0.342,0.198333333,0.214666667,0.221333333,0.273666667,0.228666667,0.193333333,0.22,0.208666667,0.262666667,0.277333333,0.264666667,0.343666667,0.308,0.301,0.251,0.248333333,0.103333333,0.110333333,0.107666667,0.134666667,0.106,0.103,0.088666667,0.098333333,0.144333333,0.130666667,0.115666667,0.173666667,0.165333333,0.148333333,0.119666667,0.136,0.125,0.131333333,0.101,0.137,0.122666667,0.132666667,0.141333333,0.130333333,0.134,0.133666667,0.111333333,0.148333333,0.143666667,0.136,0.173,0.161666667,0.242666667,0.201,0.162333333,0.225666667,0.257666667,0.247333333,0.318,0.286666667,0.12,0.116,0.097333333,0.111333333,0.106666667,0.108666667,0.167666667,0.135333333
GZ,y22,0.135,0.117,0.103333333,0.109666667,0.115,0.143,0.241,0.185666667,0.259333333,0.245,0.220333333,0.261666667,0.222666667,0.213666667,0.303333333,0.303666667,0.238666667,0.205,0.174,0.251333333,0.205333333,0.207666667,0.313333333,0.286,0.217333333,0.206666667,0.177333333,0.261333333,0.263333333,0.258,0.299,0.246666667,0.242333333,0.243333333,0.224,0.254,0.227333333,0.212333333,0.241666667,0.253,0.311,0.294666667,0.261,0.306666667,0.297,0.283666667,0.274,0.289,0.317,0.289,0.250333333,0.332,0.333666667,0.298333333,0.292,0.320333333,0.107333333,0.101,0.094333333,0.142333333,0.158666667,0.150333333,0.129666667,0.128333333,0.102333333,0.099,0.08,0.111666667,0.087666667,0.096666667,0.131333333,0.126,0.147666667,0.138,0.131,0.175666667,0.158,0.156333333,0.21,0.202,0.207333333,0.196333333,0.171,0.194666667,0.199333333,0.209,0.260666667,0.231666667,0.176666667,0.164,0.131,0.144333333,0.155333333,0.158,0.240666667,0.2
GZ,y23,0.145666667,0.152333333,0.133,0.157,0.171333333,0.179,0.255,0.187666667,0.229333333,0.217,0.195333333,0.246666667,0.232,0.205,0.282,0.259666667,0.192,0.170666667,0.129,0.170666667,0.200666667,0.250333333,0.319,0.245333333,0.321,0.287666667,0.248666667,0.298666667,0.253333333,0.259,0.342666667,0.344,0.247333333,0.242333333,0.183,0.220666667,0.208,0.206666667,0.234666667,0.242,0.158,0.150666667,0.127333333,0.166666667,0.141,0.137,0.141333333,0.149,0.21,0.188,0.162666667,0.215666667,0.187666667,0.150666667,0.152333333,0.199333333,0.175333333,0.160333333,0.139333333,0.190666667,0.212666667,0.199666667,0.185333333,0.19,0.166333333,0.169,0.14,0.199333333,0.182666667,0.165333333,0.164,0.156333333,0.165666667,0.164,0.172333333,0.236666667,0.223666667,0.203,0.195333333,0.177,0.127666667,0.13,0.104,0.126,0.114333333,0.122,0.195333333,0.157333333,0.160666667,0.168666667,0.135666667,0.139333333,0.131333333,0.131,0.202666667,0.175666667
GZ,y24,0.171,0.172333333,0.155,0.174333333,0.185333333,0.184,0.233,0.187,0.167333333,0.190666667,0.189666667,0.248333333,0.228333333,0.219666667,0.307,0.234333333,0.235,0.202,0.182,0.274333333,0.273,0.261666667,0.299333333,0.277666667,0.334333333,0.301666667,0.271,0.332666667,0.307,0.318666667,0.377,0.371,0.386,0.364333333,0.335666667,0.384333333,0.385333333,0.401,0.392666667,0.373666667,0.167333333,0.175666667,0.168666667,0.204333333,0.195,0.207,0.177666667,0.176666667,0.194666667,0.151,0.129,0.195,0.183666667,0.165,0.170666667,0.209333333,0.068333333,0.060666667,0.05,0.079,0.082666667,0.081666667,0.081333333,0.087,0.167666667,0.165,0.159,0.218333333,0.201666667,0.190333333,0.174666667,0.175333333,0.097,0.095,0.087333333,0.112333333,0.108333333,0.113,0.139666667,0.115,0.120666667,0.128333333,0.112,0.131333333,0.129333333,0.136333333,0.203,0.146,0.140333333,0.152,0.137333333,0.153666667,0.159333333,0.158,0.241666667,0.184
GZ,y25,0.138,0.156333333,0.137,0.143333333,0.146333333,0.167666667,0.226666667,0.161666667,0.199,0.189,0.159666667,0.159333333,0.179666667,0.264,0.364,0.257333333,0.242666667,0.233,0.181,0.192666667,0.180666667,0.214666667,0.293333333,0.260333333,0.254333333,0.282333333,0.247,0.279,0.258666667,0.259,0.302333333,0.262,0.180333333,0.194,0.167666667,0.186666667,0.151333333,0.199,0.252,0.201666667,0.263,0.266333333,0.225666667,0.256,0.195666667,0.199,0.196333333,0.224,0.202333333,0.198333333,0.159666667,0.197666667,0.173666667,0.168666667,0.152666667,0.175,0.092666667,0.071333333,0.051666667,0.075333333,0.067333333,0.062,0.080666667,0.101666667,0.138666667,0.132666667,0.116333333,0.176666667,0.17,0.172666667,0.158,0.152333333,0.133,0.123666667,0.096666667,0.152333333,0.150666667,0.148,0.172666667,0.154666667,0.162333333,0.160333333,0.137666667,0.185333333,0.192,0.177,0.217666667,0.180333333,0.15,0.141,0.121666667,0.148666667,0.167666667,0.176333333,0.228,0.198
GZ,y26,0.229666667,0.191666667,0.156,0.200666667,0.247,0.275333333,0.358666667,0.285333333,0.259666667,0.225333333,0.197,0.267333333,0.283,0.261666667,0.325666667,0.294,0.298333333,0.302333333,0.275666667,0.333666667,0.327,0.323,0.387,0.351666667,0.214333333,0.207,0.181,0.209666667,0.195666667,0.221333333,0.282666667,0.268333333,0.285666667,0.269,0.217666667,0.254,0.231666667,0.265333333,0.313333333,0.294666667,0.321333333,0.348,0.325,0.332333333,0.301333333,0.288666667,0.251,0.279333333,0.456,0.460666667,0.384666667,0.450333333,0.447,0.408,0.353,0.377666667,0.335333333,0.326333333,0.277666667,0.337333333,0.348,0.357333333,0.304333333,0.308333333,0.154,0.147,0.116666667,0.158,0.147,0.144666667,0.140333333,0.148,0.131333333,0.128,0.127666667,0.192,0.187666667,0.176333333,0.168,0.152666667,0.190333333,0.174,0.154666667,0.171666667,0.181666667,0.185333333,0.239,0.231666667,0.118333333,0.111666667,0.108,0.123,0.106,0.112666667,0.185666667,0.149666667
HA,y1,0.265666667,0.220666667,0.176666667,0.175,0.207333333,0.192666667,0.259,0.286666667,0.213666667,0.189333333,0.155666667,0.173,0.166,0.156,0.243666667,0.256666667,0.367,0.324,0.253,0.282333333,0.288666667,0.251,0.282,0.367,0.322666667,0.297333333,0.235333333,0.277,0.262,0.238333333,0.285,0.348666667,0.344,0.282666667,0.245333333,0.339666667,0.33,0.330666667,0.391,0.419333333,0.213666667,0.149333333,0.102666667,0.139333333,0.160666667,0.169,0.244666667,0.292666667,0.180333333,0.141,0.128,0.173,0.194,0.204666667,0.224,0.247666667,0.113,0.099,0.087666667,0.102,0.103333333,0.101,0.103333333,0.116333333,0.171333333,0.129666667,0.110333333,0.127333333,0.126666667,0.131,0.211,0.236333333,0.181333333,0.148666667,0.109666667,0.131333333,0.129,0.122,0.208333333,0.216,0.377666667,0.327,0.251333333,0.195333333,0.25,0.239333333,0.323666667,0.386666667,0.167,0.150666667,0.131,0.100666667,0.114333333,0.135,0.211,0.192666667
HA,y2,0.21,0.173,0.142333333,0.143666667,0.156333333,0.162666667,0.251666667,0.242333333,0.253,0.217333333,0.201,0.247666667,0.262666667,0.260666667,0.328333333,0.324666667,0.234666667,0.201333333,0.168333333,0.234,0.234,0.197666667,0.214333333,0.233333333,0.271666667,0.221666667,0.170666667,0.268,0.291666667,0.292,0.29,0.306333333,0.246666667,0.208,0.117333333,0.197333333,0.204666667,0.191666667,0.217333333,0.278333333,0.265666667,0.209333333,0.177333333,0.217666667,0.235333333,0.247,0.295666667,0.328333333,0.212,0.174666667,0.126666667,0.175,0.194666667,0.199666667,0.234666667,0.250333333,0.146,0.139333333,0.127666667,0.158333333,0.166666667,0.158333333,0.168333333,0.179,0.124666667,0.099333333,0.069666667,0.079,0.077333333,0.078333333,0.137,0.162,0.169,0.125666667,0.089666667,0.120333333,0.135666667,0.128,0.191333333,0.225,0.336,0.29,0.243,0.234333333,0.272,0.258666667,0.317666667,0.341,0.336666667,0.270666667,0.217666667,0.209666667,0.294666667,0.281333333,0.345666667,0.376
HA,y3,0.211333333,0.172666667,0.159666667,0.189333333,0.205666667,0.205666667,0.264666667,0.249,0.196333333,0.173333333,0.147,0.176333333,0.160333333,0.149333333,0.233333333,0.24,0.246333333,0.222,0.186333333,0.205333333,0.189333333,0.170333333,0.239,0.27,0.308333333,0.257333333,0.193666667,0.231666667,0.216,0.198,0.279333333,0.348333333,0.352333333,0.337333333,0.249,0.324,0.321666667,0.311666667,0.327666667,0.385,0.312666667,0.235333333,0.131666667,0.127666667,0.143,0.171666667,0.263,0.353333333,0.127333333,0.096333333,0.067333333,0.094,0.124333333,0.137666667,0.171666667,0.175,0.165666667,0.144333333,0.112333333,0.127666667,0.147666667,0.180333333,0.242,0.232,0.266666667,0.241333333,0.215,0.243333333,0.228333333,0.24,0.335666667,0.328666667,0.291333333,0.282333333,0.222333333,0.171666667,0.150333333,0.158,0.247333333,0.294,0.250666667,0.239666667,0.204,0.165666667,0.151666667,0.151666667,0.259666667,0.284666667,0.238333333,0.217,0.186333333,0.182333333,0.186666667,0.182,0.233333333,0.251333333
HA,y4,0.266,0.253333333,0.23,0.219666667,0.234333333,0.236,0.291333333,0.285,0.324666667,0.319666667,0.280666667,0.335666667,0.328666667,0.309333333,0.366,0.355666667,0.310666667,0.288333333,0.265,0.317666667,0.319,0.301,0.353666667,0.362,0.373,0.334333333,0.247333333,0.312333333,0.323333333,0.313333333,0.374,0.398666667,0.297666667,0.280666667,0.228666667,0.283666667,0.274,0.252333333,0.280666667,0.325,0.269,0.192333333,0.102666667,0.149,0.195,0.205333333,0.275333333,0.338333333,0.185666667,0.153333333,0.108333333,0.141666667,0.14,0.134333333,0.152,0.202333333,0.143333333,0.136666667,0.089333333,0.103,0.122,0.111666667,0.124333333,0.149,0.202,0.161,0.109666667,0.13,0.144666667,0.147666667,0.223,0.256,0.219333333,0.189333333,0.128333333,0.132666667,0.114,0.123,0.208,0.239333333,0.337,0.298,0.260333333,0.243333333,0.251333333,0.238,0.365333333,0.379666667,0.280666667,0.265666667,0.225666667,0.172333333,0.183,0.184,0.279666667,0.290333333
HA,y5,0.286,0.262666667,0.226333333,0.191666667,0.184666667,0.191666667,0.279333333,0.303666667,0.359333333,0.312333333,0.236666667,0.212666667,0.213333333,0.232,0.357666667,0.393,0.273333333,0.249666667,0.230666667,0.280333333,0.310333333,0.309666667,0.33,0.308333333,0.307,0.261333333,0.188666667,0.24,0.246666667,0.258,0.35,0.39,0.278666667,0.255333333,0.184,0.230333333,0.224666667,0.233,0.27,0.304666667,0.209,0.162333333,0.153,0.182666667,0.189333333,0.207,0.26,0.29,0.105,0.084,0.064,0.089666667,0.097666667,0.092333333,0.121,0.147333333,0.119666667,0.107666667,0.107,0.125,0.138,0.155666667,0.164666667,0.166666667,0.168333333,0.147333333,0.121,0.148333333,0.151666667,0.158666667,0.218,0.228,0.160333333,0.153333333,0.138666667,0.148,0.145,0.142666667,0.188,0.198333333,0.248666667,0.243333333,0.227,0.219,0.220666667,0.202333333,0.249333333,0.252666667,0.32,0.288,0.239,0.186666667,0.239666667,0.238,0.304666667,0.331333333
HA,y6,0.184333333,0.181666667,0.16,0.185333333,0.179,0.196666667,0.222,0.193666667,0.222,0.202333333,0.174666667,0.182333333,0.179,0.172333333,0.238666667,0.258,0.317666667,0.252333333,0.196666667,0.242,0.241333333,0.251333333,0.351666667,0.376666667,0.432333333,0.372,0.234666667,0.294666667,0.290666667,0.307333333,0.397333333,0.473,0.328333333,0.263,0.176666667,0.266666667,0.307,0.316666667,0.357333333,0.393666667,0.203666667,0.169666667,0.128,0.155333333,0.162333333,0.170333333,0.227,0.268,0.168333333,0.141333333,0.103,0.141333333,0.164,0.165,0.171333333,0.194,0.156666667,0.147666667,0.093333333,0.111666667,0.112333333,0.105666667,0.120333333,0.152,0.173666667,0.192,0.159666667,0.188666667,0.207,0.185666667,0.203333333,0.194,0.168333333,0.166333333,0.154,0.175333333,0.165666667,0.152333333,0.182,0.174,0.271333333,0.262666667,0.226,0.216666667,0.246666667,0.220666667,0.290666667,0.305666667,0.252,0.228333333,0.208333333,0.168,0.196666667,0.198,0.272666667,0.276666667
HA,y7,0.264666667,0.228,0.198,0.206,0.201,0.219333333,0.289666667,0.278666667,0.265,0.253666667,0.231,0.227666667,0.234666667,0.219,0.289333333,0.300666667,0.484333333,0.436,0.332333333,0.331333333,0.339666667,0.311,0.419333333,0.497,0.367,0.316666667,0.230333333,0.290333333,0.304666667,0.317333333,0.382333333,0.405333333,0.338333333,0.289666667,0.152,0.148,0.137,0.173,0.333666667,0.399333333,0.193333333,0.132333333,0.089,0.116666667,0.149333333,0.171666667,0.257666667,0.295666667,0.165333333,0.126666667,0.111,0.154,0.158333333,0.170333333,0.222333333,0.234333333,0.114,0.107666667,0.071333333,0.086333333,0.09,0.106666667,0.139666667,0.135666667,0.129,0.112,0.101,0.144,0.151,0.174,0.215666667,0.193,0.177333333,0.165333333,0.127666667,0.158666667,0.17,0.171666667,0.239333333,0.225,0.242333333,0.262,0.225,0.187333333,0.180333333,0.172333333,0.216333333,0.221666667,0.240666667,0.225666667,0.201333333,0.214333333,0.243333333,0.224666667,0.266,0.263333333
HA,y8,0.297,0.267,0.226666667,0.190333333,0.215666667,0.211333333,0.283666667,0.312,0.275,0.258333333,0.199,0.184666667,0.194,0.174333333,0.268666667,0.293666667,0.312666667,0.304333333,0.235666667,0.287,0.319333333,0.281,0.324666667,0.354,0.338666667,0.313666667,0.286666667,0.356,0.326333333,0.316333333,0.374333333,0.377,0.206,0.207,0.157666667,0.207,0.229666667,0.221,0.216,0.234666667,0.279,0.207333333,0.14,0.171,0.199,0.210333333,0.288666667,0.348666667,0.155666667,0.137,0.080666667,0.096,0.091666667,0.083333333,0.130666667,0.167666667,0.131333333,0.113666667,0.079333333,0.11,0.118666667,0.124666667,0.155666667,0.169333333,0.254,0.215666667,0.165,0.153333333,0.143666667,0.162666667,0.246,0.292,0.287333333,0.268,0.228333333,0.260333333,0.261,0.239666667,0.321333333,0.327333333,0.285333333,0.289333333,0.253666667,0.260333333,0.266666667,0.233333333,0.283666667,0.291333333,0.205,0.2,0.18,0.173666667,0.187333333,0.191333333,0.21,0.2
HA,y9,0.28,0.263333333,0.229666667,0.238666667,0.252666667,0.231333333,0.291,0.292666667,0.220333333,0.209666667,0.187,0.231666667,0.231333333,0.215,0.249666667,0.236666667,0.289,0.276666667,0.249333333,0.315666667,0.314666667,0.296333333,0.318,0.330333333,0.377333333,0.354666667,0.28,0.337333333,0.322333333,0.289,0.340333333,0.376666667,0.197,0.165333333,0.110333333,0.194,0.226,0.227,0.249333333,0.247666667,0.205666667,0.151666667,0.102333333,0.133,0.142333333,0.154333333,0.251,0.304,0.144,0.15,0.129666667,0.179,0.168,0.155333333,0.161,0.163,0.104666667,0.109666667,0.086666667,0.119666667,0.122666667,0.126666667,0.146666667,0.136333333,0.177666667,0.166,0.143,0.156666667,0.171,0.16,0.199333333,0.208333333,0.299333333,0.313333333,0.269666667,0.252333333,0.260333333,0.211,0.234666667,0.271666667,0.262,0.242333333,0.205666667,0.202,0.225333333,0.202,0.274333333,0.283,0.214333333,0.203,0.172,0.134,0.153,0.14,0.183,0.213
HA,y10,0.246333333,0.250333333,0.222,0.200333333,0.197666667,0.167666667,0.216,0.233333333,0.349333333,0.325333333,0.242666667,0.225333333,0.272,0.241666667,0.306666667,0.347333333,0.348,0.294666667,0.217666667,0.267666667,0.294666667,0.276333333,0.352,0.393,0.405666667,0.344333333,0.237666667,0.326666667,0.338333333,0.318,0.389666667,0.447333333,0.386666667,0.352333333,0.244333333,0.257333333,0.233666667,0.239666667,0.309333333,0.389,0.201666667,0.139,0.094333333,0.141666667,0.158666667,0.165,0.230666667,0.277666667,0.194666667,0.161333333,0.118,0.149,0.149666667,0.139,0.174,0.225333333,0.156333333,0.18,0.176,0.195666667,0.178333333,0.174,0.176666667,0.174,0.153333333,0.136333333,0.089333333,0.103,0.100666667,0.098666667,0.157333333,0.175666667,0.177333333,0.160333333,0.113666667,0.102333333,0.106,0.128666667,0.198333333,0.197333333,0.271,0.266666667,0.229666667,0.186666667,0.197333333,0.168333333,0.218333333,0.270666667,0.265666667,0.249666667,0.236333333,0.218,0.231333333,0.210666667,0.259,0.277333333
HA,y11,0.160333333,0.162,0.159,0.139,0.137,0.137666667,0.188333333,0.173666667,0.222,0.192,0.179,0.226,0.218666667,0.228333333,0.296,0.265666667,0.380333333,0.318666667,0.231333333,0.266,0.289333333,0.283,0.348666667,0.392333333,0.367,0.310333333,0.231,0.308333333,0.314666667,0.329333333,0.436666667,0.449666667,0.229,0.215,0.169666667,0.214333333,0.238333333,0.250333333,0.289666667,0.29,0.276333333,0.208333333,0.103666667,0.119666667,0.130666667,0.174666667,0.287666667,0.347333333,0.181666667,0.156,0.109666667,0.139,0.169333333,0.196,0.215666667,0.212666667,0.196,0.191333333,0.145,0.200666667,0.22,0.214333333,0.198,0.195666667,0.171,0.196333333,0.170333333,0.191666667,0.166,0.145666667,0.166333333,0.164,0.199,0.181333333,0.139333333,0.128,0.150333333,0.135,0.188333333,0.216,0.231333333,0.237666667,0.205333333,0.113666667,0.122,0.111666667,0.192666667,0.231333333,0.314,0.319333333,0.286666667,0.247333333,0.280666667,0.235,0.272666667,0.289333333
HA,y12,0.212666667,0.217,0.207,0.209333333,0.207333333,0.207333333,0.258333333,0.231666667,0.299,0.250666667,0.206333333,0.237333333,0.281,0.292333333,0.385666667,0.384,0.4,0.362333333,0.261666667,0.253333333,0.254,0.218666667,0.306333333,0.390333333,0.360666667,0.326333333,0.252,0.289333333,0.274666667,0.291333333,0.4,0.426,0.344,0.293333333,0.215,0.290333333,0.309333333,0.332,0.386,0.413,0.325666667,0.234666667,0.143666667,0.175333333,0.176333333,0.196,0.300333333,0.385666667,0.146333333,0.138666667,0.129666667,0.168,0.177333333,0.185,0.187333333,0.183666667,0.086,0.088333333,0.063666667,0.089333333,0.100666667,0.100666667,0.104333333,0.105,0.123333333,0.108,0.088333333,0.106333333,0.109666667,0.116333333,0.164,0.16,0.157,0.145,0.108666667,0.107,0.089666667,0.084333333,0.153,0.175333333,0.322,0.297666667,0.251666667,0.22,0.252333333,0.236333333,0.330666667,0.357333333,0.235666667,0.229666667,0.208666667,0.159333333,0.155,0.15,0.202333333,0.22
HA,y13,0.253666667,0.238,0.197,0.165,0.171,0.182,0.251333333,0.278333333,0.282333333,0.244,0.199333333,0.213,0.215333333,0.219,0.317,0.317666667,0.327333333,0.300666667,0.242666667,0.266,0.229333333,0.204,0.316333333,0.359666667,0.312666667,0.306666667,0.234333333,0.273,0.263666667,0.240333333,0.307333333,0.348,0.414333333,0.390333333,0.295333333,0.338666667,0.306666667,0.281333333,0.37,0.447666667,0.180666667,0.136,0.106,0.128,0.143666667,0.15,0.204666667,0.236666667,0.130666667,0.132,0.097666667,0.121,0.125666667,0.132,0.149333333,0.152333333,0.134666667,0.146333333,0.12,0.136333333,0.133,0.139666667,0.165333333,0.166,0.129333333,0.144666667,0.120666667,0.139333333,0.142,0.142333333,0.17,0.162666667,0.195,0.181,0.147666667,0.135,0.125666667,0.132,0.218333333,0.223,0.268,0.245,0.194,0.183333333,0.210666667,0.196333333,0.265,0.274,0.223333333,0.224666667,0.204666667,0.164333333,0.150666667,0.138333333,0.205333333,0.223333333
HA,y14,0.200666667,0.194333333,0.187333333,0.203333333,0.21,0.209666667,0.217666667,0.201333333,0.244333333,0.253333333,0.216333333,0.204666667,0.189333333,0.161333333,0.203333333,0.229666667,0.364,0.326333333,0.245333333,0.286,0.268333333,0.245,0.370666667,0.389666667,0.328,0.304666667,0.236,0.327666667,0.327,0.299333333,0.353666667,0.383666667,0.364,0.315666667,0.199333333,0.283666667,0.301333333,0.286,0.343666667,0.401,0.212333333,0.176,0.121666667,0.147666667,0.140666667,0.163333333,0.271333333,0.296,0.148333333,0.141333333,0.120666667,0.141333333,0.139,0.140666667,0.147666667,0.164666667,0.139,0.141666667,0.112333333,0.146666667,0.146666667,0.140666667,0.164333333,0.163666667,0.141333333,0.151333333,0.137333333,0.155333333,0.165,0.170333333,0.188666667,0.174666667,0.187666667,0.181666667,0.138,0.105,0.085,0.084333333,0.168666667,0.201333333,0.183666667,0.192,0.178,0.132,0.127666667,0.102666667,0.163666667,0.183666667,0.393,0.364,0.313666667,0.253666667,0.300333333,0.291,0.398,0.412666667
HA,y15,0.272333333,0.268333333,0.255333333,0.232,0.26,0.231666667,0.274,0.275666667,0.202333333,0.200666667,0.193,0.187333333,0.198666667,0.194,0.224333333,0.226666667,0.335,0.305333333,0.256666667,0.289333333,0.312333333,0.32,0.423,0.392,0.262333333,0.206,0.112666667,0.183666667,0.201666667,0.198666667,0.285333333,0.326333333,0.258666667,0.233,0.158666667,0.246333333,0.242666667,0.212333333,0.255,0.298333333,0.297,0.236666667,0.124,0.129,0.124333333,0.143333333,0.252333333,0.343333333,0.159666667,0.124333333,0.102,0.138,0.147666667,0.153666667,0.203666667,0.216333333,0.109,0.100666667,0.096,0.136,0.144666667,0.157333333,0.167666667,0.167,0.141333333,0.134333333,0.113,0.129,0.125333333,0.133666667,0.154333333,0.153,0.207333333,0.178333333,0.121333333,0.093,0.107,0.120333333,0.226333333,0.256666667,0.330333333,0.311666667,0.269,0.243666667,0.261666667,0.238666667,0.301666667,0.335333333,0.234333333,0.227666667,0.213333333,0.196666667,0.227666667,0.205666667,0.257333333,0.254666667
HA,y16,0.242333333,0.233666667,0.218666667,0.222333333,0.212333333,0.195,0.247666667,0.246666667,0.298,0.286,0.244,0.245333333,0.261666667,0.241666667,0.303333333,0.296,0.324333333,0.309,0.284666667,0.356666667,0.366666667,0.325333333,0.353666667,0.369,0.361666667,0.333,0.260666667,0.340333333,0.354666667,0.316333333,0.364666667,0.399,0.313666667,0.278333333,0.171333333,0.233666667,0.231,0.229,0.282666667,0.335333333,0.202333333,0.15,0.095666667,0.132333333,0.151,0.159666667,0.211666667,0.262,0.105666667,0.090333333,0.068,0.086,0.089333333,0.086333333,0.125,0.145,0.163333333,0.150666667,0.118,0.127666667,0.149666667,0.157333333,0.163,0.18,0.154,0.135333333,0.100666667,0.108,0.117,0.134666667,0.177,0.177,0.224666667,0.212666667,0.167333333,0.176333333,0.167,0.157,0.237333333,0.248333333,0.284,0.241333333,0.208,0.178,0.234666667,0.217333333,0.310666667,0.341333333,0.460333333,0.419666667,0.384666667,0.346,0.428666667,0.388,0.465666667,0.482666667
HA,y17,0.185,0.203666667,0.175333333,0.185333333,0.170333333,0.148,0.167,0.165666667,0.209,0.187333333,0.164666667,0.166333333,0.184333333,0.206333333,0.263666667,0.247,0.3,0.311666667,0.244666667,0.267666667,0.256,0.210333333,0.264,0.307333333,0.356333333,0.305,0.223,0.320333333,0.342333333,0.358333333,0.428666667,0.451666667,0.344666667,0.304666667,0.222,0.246,0.240666667,0.267666667,0.359,0.406,0.216,0.163666667,0.114,0.136333333,0.134333333,0.159,0.246,0.285,0.155666667,0.128,0.102666667,0.111333333,0.114333333,0.120333333,0.151333333,0.174333333,0.078333333,0.086,0.089333333,0.092,0.070333333,0.071333333,0.097666667,0.094333333,0.115333333,0.113,0.097666667,0.094,0.093,0.109333333,0.148,0.141666667,0.220333333,0.209,0.160333333,0.144,0.144333333,0.131,0.184,0.228666667,0.185666667,0.177,0.161,0.168,0.144333333,0.133,0.215,0.206,0.21,0.213,0.183666667,0.162,0.175,0.18,0.215,0.203666667
HA,y18,0.161333333,0.144666667,0.120333333,0.104,0.111333333,0.124,0.168666667,0.167333333,0.186,0.180333333,0.161666667,0.191,0.16,0.136666667,0.185666667,0.181666667,0.276,0.251666667,0.218666667,0.227,0.213,0.196666667,0.244666667,0.293666667,0.392333333,0.337333333,0.222,0.255333333,0.269,0.248333333,0.315,0.4,0.176666667,0.156,0.095333333,0.146333333,0.162333333,0.148666667,0.173333333,0.208,0.250333333,0.179666667,0.106333333,0.139,0.152333333,0.168333333,0.219666667,0.301666667,0.146,0.118333333,0.076,0.113666667,0.125,0.124,0.155333333,0.187,0.165333333,0.162666667,0.169666667,0.191333333,0.179666667,0.185,0.206,0.193,0.151333333,0.149333333,0.097333333,0.104666667,0.091,0.073666667,0.103,0.141,0.219333333,0.181,0.126333333,0.126,0.126,0.117333333,0.195,0.242333333,0.279333333,0.262333333,0.208333333,0.183333333,0.216333333,0.216666667,0.311333333,0.322333333,0.276,0.260333333,0.225333333,0.230333333,0.237666667,0.190333333,0.234333333,0.267
HA,y19,0.156333333,0.141,0.124666667,0.107666667,0.118666667,0.126,0.196333333,0.187333333,0.22,0.186666667,0.163666667,0.193333333,0.167333333,0.161666667,0.256666667,0.263666667,0.416666667,0.377333333,0.322666667,0.329,0.331666667,0.319333333,0.409,0.443666667,0.407,0.376333333,0.284666667,0.342333333,0.335,0.319,0.376333333,0.441,0.301666667,0.264333333,0.179333333,0.211,0.219666667,0.233666667,0.324333333,0.364333333,0.224,0.164,0.117333333,0.143666667,0.159333333,0.195666667,0.291333333,0.318333333,0.184666667,0.160333333,0.159666667,0.199333333,0.179666667,0.184333333,0.204333333,0.216,0.180333333,0.151,0.138,0.197666667,0.202666667,0.218,0.247666667,0.256,0.182666667,0.157666667,0.110333333,0.109666667,0.119333333,0.15,0.24,0.225333333,0.22,0.176333333,0.128666667,0.148,0.14,0.156,0.310666667,0.305,0.223,0.236,0.212666667,0.17,0.174,0.162333333,0.232333333,0.250666667,0.280666667,0.261,0.245333333,0.200333333,0.212333333,0.19,0.277,0.297
HA,y20,0.287666667,0.249,0.213666667,0.190666667,0.230333333,0.223333333,0.327666667,0.329666667,0.188333333,0.187333333,0.177,0.199333333,0.179666667,0.169666667,0.214,0.199333333,0.312333333,0.261333333,0.191333333,0.232666667,0.226666667,0.220666667,0.343666667,0.361,0.200333333,0.184666667,0.155333333,0.191333333,0.183,0.174333333,0.230666667,0.261333333,0.424333333,0.345333333,0.222666667,0.274,0.277,0.305,0.392333333,0.476,0.135666667,0.108666667,0.094666667,0.118666667,0.104333333,0.094,0.151333333,0.185,0.146333333,0.113666667,0.091333333,0.107666667,0.112333333,0.125,0.187333333,0.211333333,0.085666667,0.076333333,0.069333333,0.069666667,0.060666667,0.073,0.112,0.117,0.142333333,0.142666667,0.129666667,0.150666667,0.127,0.123333333,0.156666667,0.168666667,0.259666667,0.241,0.187333333,0.162,0.167,0.166666667,0.258666667,0.281333333,0.202666667,0.201666667,0.182333333,0.143333333,0.13,0.112,0.193,0.207666667,0.298333333,0.302333333,0.286,0.26,0.273333333,0.231,0.290333333,0.312666667
HA,y21,0.245666667,0.223333333,0.195,0.171666667,0.171333333,0.172333333,0.253666667,0.264666667,0.242666667,0.233666667,0.19,0.193333333,0.174,0.161666667,0.249666667,0.264666667,0.303333333,0.248333333,0.183666667,0.191333333,0.196333333,0.196666667,0.323,0.358333333,0.342666667,0.318333333,0.249666667,0.296,0.269333333,0.253666667,0.318333333,0.349333333,0.284333333,0.254666667,0.175666667,0.215666667,0.188666667,0.190666667,0.246333333,0.302,0.255666667,0.233666667,0.163,0.206333333,0.208333333,0.229,0.245666667,0.273666667,0.131,0.110666667,0.082,0.099333333,0.104666667,0.121,0.155,0.171333333,0.129666667,0.116666667,0.087,0.110333333,0.110333333,0.111,0.144,0.146333333,0.080666667,0.075666667,0.054666667,0.063,0.055,0.052666667,0.106666667,0.118333333,0.245333333,0.223666667,0.184,0.187,0.195,0.183666667,0.277666667,0.291666667,0.222,0.201,0.185333333,0.195333333,0.211,0.210333333,0.237666667,0.231666667,0.225333333,0.207333333,0.186666667,0.150666667,0.174333333,0.161,0.226,0.238333333
HA,y22,0.221333333,0.202666667,0.197666667,0.209,0.207333333,0.197666667,0.264,0.250666667,0.299666667,0.316333333,0.276666667,0.269666667,0.258666667,0.216666667,0.260333333,0.307,0.292333333,0.253,0.199333333,0.229666667,0.189,0.172666667,0.292666667,0.343333333,0.242333333,0.230666667,0.184,0.222666667,0.195,0.173666667,0.234666667,0.262666667,0.304,0.274,0.208333333,0.265333333,0.263,0.285,0.321333333,0.341,0.24,0.187333333,0.111666667,0.118333333,0.117333333,0.145333333,0.244,0.300333333,0.184666667,0.163666667,0.124333333,0.156333333,0.168333333,0.158333333,0.194666667,0.224,0.128,0.108666667,0.086,0.104333333,0.113666667,0.133333333,0.157,0.159333333,0.153333333,0.125333333,0.073333333,0.074666667,0.072,0.08,0.147333333,0.188,0.191333333,0.186666667,0.157666667,0.180333333,0.166666667,0.167666667,0.206333333,0.211,0.242666667,0.233666667,0.22,0.247333333,0.261,0.222,0.270333333,0.253,0.237666667,0.217666667,0.208333333,0.172666667,0.205666667,0.182333333,0.256666667,0.251
HA,y23,0.213666667,0.185666667,0.160333333,0.160666667,0.173,0.172,0.224666667,0.232,0.250666667,0.245666667,0.227333333,0.211666667,0.208666667,0.192666667,0.246,0.264666667,0.206333333,0.172666667,0.145333333,0.183666667,0.2,0.173666667,0.208,0.225666667,0.364333333,0.333,0.204,0.248,0.245666667,0.252,0.329666667,0.397666667,0.363,0.298666667,0.173666667,0.210333333,0.206,0.217333333,0.347,0.412333333,0.166333333,0.129666667,0.085333333,0.099333333,0.108666667,0.109333333,0.165333333,0.214666667,0.198,0.164666667,0.134666667,0.163666667,0.158333333,0.185,0.258333333,0.259333333,0.110666667,0.105666667,0.086,0.104333333,0.111,0.128666667,0.135333333,0.145,0.128,0.122333333,0.095333333,0.103333333,0.105,0.104666667,0.142666667,0.153333333,0.163,0.151,0.129333333,0.137666667,0.131666667,0.120333333,0.160666667,0.176333333,0.320666667,0.310333333,0.252333333,0.193666667,0.197,0.175,0.296333333,0.336,0.284,0.263,0.242666667,0.170666667,0.199666667,0.195666667,0.313666667,0.325
HA,y24,0.223,0.224666667,0.217666667,0.225333333,0.225666667,0.204333333,0.231666667,0.230333333,0.285666667,0.249666667,0.217666667,0.26,0.296666667,0.262,0.337333333,0.332666667,0.307333333,0.29,0.245333333,0.288666667,0.290333333,0.283,0.361,0.350666667,0.411333333,0.368333333,0.287333333,0.357333333,0.349333333,0.342333333,0.406,0.445333333,0.250333333,0.232,0.183333333,0.248,0.23,0.217333333,0.240666667,0.268666667,0.228666667,0.169,0.095666667,0.112333333,0.113,0.142333333,0.253666667,0.305333333,0.138,0.116666667,0.097666667,0.152,0.158333333,0.150666667,0.155666667,0.163666667,0.178,0.176333333,0.163,0.175666667,0.169,0.179333333,0.196,0.188,0.181,0.173666667,0.131,0.137,0.112,0.125666667,0.193,0.210666667,0.203666667,0.178333333,0.13,0.124333333,0.121,0.114666667,0.196,0.243,0.258666667,0.235666667,0.191666667,0.164,0.178666667,0.167333333,0.259666667,0.276,0.207666667,0.192666667,0.176333333,0.162333333,0.164333333,0.169333333,0.229,0.210333333
HA,y25,0.147333333,0.151333333,0.151666667,0.129333333,0.131666667,0.123333333,0.170333333,0.173,0.19,0.166666667,0.134333333,0.125,0.116,0.131,0.182,0.182,0.340666667,0.311,0.221666667,0.216333333,0.193333333,0.181666667,0.320333333,0.388333333,0.305666667,0.277333333,0.219333333,0.241,0.192,0.186666667,0.283,0.331333333,0.301333333,0.246666667,0.149,0.186333333,0.185333333,0.189,0.255,0.333666667,0.219333333,0.169,0.111,0.138333333,0.139333333,0.148,0.231,0.291,0.15,0.116,0.084,0.103333333,0.103666667,0.119,0.158666667,0.18,0.132,0.105666667,0.075666667,0.091666667,0.086,0.102666667,0.169333333,0.175666667,0.121666667,0.099333333,0.073333333,0.085666667,0.075,0.094,0.163666667,0.169333333,0.180666667,0.149666667,0.127,0.132333333,0.121,0.114333333,0.209333333,0.230666667,0.257666667,0.232666667,0.191333333,0.166,0.203333333,0.192333333,0.246,0.262666667,0.269666667,0.243,0.208333333,0.149,0.182333333,0.182666667,0.265666667,0.283
HA,y26,0.140333333,0.148333333,0.122666667,0.101,0.098333333,0.101,0.143,0.135,0.289,0.236666667,0.177666667,0.176666667,0.195,0.189333333,0.305,0.338666667,0.344,0.299,0.21,0.268,0.270666667,0.246666667,0.35,0.378333333,0.321666667,0.293333333,0.218666667,0.25,0.203666667,0.191,0.298666667,0.366,0.364,0.297,0.200333333,0.243666667,0.242666667,0.246666667,0.339666667,0.405,0.203,0.163333333,0.122333333,0.147,0.147666667,0.16,0.210666667,0.263666667,0.140666667,0.126,0.097666667,0.126666667,0.124,0.125,0.152,0.155333333,0.172,0.157,0.108666667,0.142333333,0.146333333,0.133,0.156666667,0.186,0.129333333,0.116333333,0.074,0.069666667,0.065,0.065666667,0.127,0.147666667,0.143,0.152,0.121666667,0.125,0.112,0.093333333,0.141666667,0.145,0.226666667,0.223666667,0.189333333,0.17,0.162666667,0.149333333,0.232,0.239666667,0.185,0.184,0.166666667,0.146333333,0.148,0.141333333,0.162666667,0.166
HB,y1,0.165666667,0.147666667,0.140666667,0.121,0.116,0.114666667,0.162666667,0.166,0.137666667,0.120666667,0.091333333,0.085666667,0.086333333,0.085666667,0.155,0.168333333,0.205666667,0.170333333,0.137,0.185,0.205,0.203333333,0.228,0.250666667,0.121666667,0.120333333,0.111333333,0.169333333,0.174,0.147666667,0.139,0.143333333,0.247333333,0.226333333,0.192,0.249666667,0.243,0.246333333,0.262,0.295,0.152666667,0.15,0.129333333,0.146,0.135333333,0.130333333,0.143,0.170666667,0.232333333,0.215,0.174,0.289,0.320666667,0.310333333,0.293333333,0.278666667,0.148,0.137666667,0.118333333,0.154,0.169,0.183,0.163,0.153,0.178666667,0.161666667,0.142333333,0.191666667,0.195666667,0.212333333,0.229,0.211,0.127,0.130666667,0.121333333,0.146,0.157333333,0.167,0.192333333,0.154333333,0.127,0.159,0.152,0.148333333,0.15,0.120666667,0.148333333,0.152333333,0.142,0.131666667,0.114666667,0.079666667,0.065333333,0.076333333,0.130333333,0.144
HB,y2,0.174333333,0.156666667,0.126666667,0.136666667,0.138,0.136666667,0.165666667,0.185,0.239333333,0.226333333,0.199666667,0.204333333,0.197666667,0.225333333,0.281333333,0.284666667,0.201333333,0.163333333,0.143333333,0.159333333,0.149333333,0.163333333,0.187666667,0.194666667,0.237,0.201666667,0.186,0.258666667,0.259,0.239666667,0.269666667,0.303,0.142333333,0.138333333,0.097666667,0.122333333,0.13,0.133,0.151666667,0.154,0.264,0.226666667,0.185,0.237333333,0.243333333,0.230666667,0.256,0.312666667,0.191333333,0.181333333,0.146,0.205333333,0.212666667,0.192666667,0.19,0.203333333,0.147666667,0.134333333,0.111,0.141333333,0.157666667,0.156,0.164,0.175666667,0.091,0.085333333,0.07,0.07,0.055666667,0.059666667,0.105666667,0.126,0.176,0.152333333,0.116,0.104,0.088333333,0.105666667,0.161,0.198,0.169333333,0.187333333,0.187,0.178,0.166666667,0.156333333,0.198666667,0.181333333,0.14,0.111,0.097333333,0.09,0.117333333,0.120333333,0.163666667,0.162
HB,y3,0.228,0.186666667,0.151666667,0.162,0.165666667,0.161333333,0.23,0.244,0.141,0.119666667,0.107666667,0.103666667,0.108,0.118666667,0.142666667,0.151666667,0.14,0.136,0.123333333,0.126666667,0.133,0.115,0.132333333,0.152333333,0.238666667,0.212666667,0.154666667,0.165333333,0.164666667,0.175333333,0.229,0.264666667,0.246666667,0.225333333,0.137333333,0.185333333,0.189666667,0.177666667,0.207333333,0.262666667,0.111,0.086666667,0.067,0.109666667,0.135,0.122,0.121333333,0.141666667,0.11,0.109666667,0.083666667,0.107333333,0.115,0.107,0.114666667,0.133,0.171333333,0.152666667,0.106333333,0.139,0.16,0.181,0.186666667,0.202,0.182,0.168666667,0.151666667,0.133666667,0.127333333,0.153,0.235,0.251333333,0.141333333,0.118333333,0.107666667,0.102333333,0.091,0.093333333,0.110666667,0.129333333,0.162333333,0.154666667,0.132,0.122666667,0.134666667,0.127666667,0.150333333,0.174666667,0.174,0.166666667,0.158333333,0.157333333,0.161,0.157333333,0.158333333,0.159666667
HB,y4,0.210333333,0.177333333,0.156,0.198,0.188666667,0.192,0.216,0.217333333,0.249333333,0.228,0.21,0.210333333,0.229,0.229,0.278333333,0.284,0.220666667,0.195666667,0.182,0.211666667,0.224666667,0.209666667,0.236,0.259333333,0.296,0.283,0.241666667,0.269333333,0.261666667,0.226333333,0.251333333,0.291,0.202666667,0.213333333,0.163666667,0.197,0.227,0.242666667,0.242,0.237666667,0.140333333,0.142666667,0.138333333,0.185666667,0.193333333,0.180666667,0.172,0.164333333,0.218333333,0.225666667,0.225666667,0.306666667,0.306666667,0.277,0.236,0.228,0.160666667,0.152333333,0.132333333,0.181,0.197,0.159,0.152,0.172666667,0.113333333,0.110666667,0.088,0.08,0.084333333,0.099333333,0.123,0.128333333,0.156666667,0.169666667,0.142666667,0.129666667,0.124333333,0.141,0.181333333,0.169333333,0.169,0.175333333,0.148666667,0.125333333,0.134,0.123333333,0.184333333,0.181,0.180666667,0.196333333,0.167333333,0.127666667,0.144666667,0.154,0.201666667,0.188
HB,y5,0.196333333,0.190666667,0.148333333,0.117333333,0.115666667,0.124,0.188666667,0.197333333,0.219333333,0.215,0.183333333,0.178,0.174666667,0.161666667,0.215,0.236666667,0.242,0.251666667,0.228,0.264,0.276666667,0.31,0.304333333,0.274333333,0.247333333,0.242,0.196666667,0.223666667,0.269333333,0.29,0.32,0.295,0.192333333,0.153666667,0.11,0.169333333,0.182666667,0.182666667,0.189,0.23,0.136333333,0.168666667,0.18,0.198,0.181333333,0.175,0.182,0.169333333,0.083666667,0.102333333,0.062,0.061333333,0.077666667,0.075,0.062666667,0.075333333,0.094333333,0.116666667,0.097,0.109,0.090666667,0.085333333,0.088,0.085666667,0.189666667,0.185666667,0.164,0.203666667,0.245,0.256333333,0.241666667,0.221333333,0.128666667,0.136333333,0.126333333,0.130666667,0.131666667,0.134333333,0.152666667,0.141333333,0.164666667,0.184666667,0.169,0.150666667,0.158,0.145333333,0.165333333,0.167333333,0.226666667,0.195666667,0.153333333,0.123333333,0.156333333,0.173,0.229,0.230666667
HB,y6,0.224666667,0.219,0.190666667,0.202666667,0.202,0.222,0.239666667,0.240333333,0.125333333,0.115666667,0.101666667,0.121,0.133333333,0.135666667,0.152333333,0.139666667,0.188333333,0.169333333,0.118,0.146333333,0.139333333,0.135,0.218333333,0.24,0.277,0.273,0.205333333,0.246,0.231666667,0.204333333,0.219333333,0.236,0.281,0.240333333,0.181333333,0.214666667,0.183333333,0.201333333,0.294333333,0.313666667,0.197,0.190666667,0.170666667,0.231666667,0.235666667,0.228666667,0.214333333,0.222333333,0.211,0.179666667,0.155333333,0.215333333,0.229333333,0.223666667,0.247666667,0.268,0.151333333,0.135,0.100333333,0.128333333,0.141666667,0.153,0.159666667,0.168333333,0.244666667,0.229333333,0.199666667,0.265,0.271666667,0.273333333,0.302666667,0.305,0.174666667,0.185666667,0.165,0.154,0.158666667,0.176333333,0.182333333,0.184333333,0.218,0.216333333,0.19,0.215,0.240333333,0.227,0.223333333,0.226,0.192666667,0.166,0.129333333,0.121666667,0.146,0.16,0.190666667,0.191
HB,y7,0.174,0.171666667,0.141666667,0.164666667,0.192666667,0.196333333,0.199,0.184333333,0.205333333,0.188666667,0.158,0.170333333,0.189,0.193333333,0.226333333,0.225666667,0.276333333,0.274333333,0.219333333,0.255,0.273666667,0.264666667,0.299333333,0.319,0.255333333,0.250666667,0.182333333,0.179333333,0.162666667,0.171666667,0.211666667,0.247666667,0.163,0.149333333,0.113666667,0.107666667,0.095666667,0.091,0.127333333,0.177,0.126333333,0.115,0.11,0.153666667,0.168,0.162666667,0.158666667,0.159666667,0.156,0.138,0.14,0.222,0.239333333,0.243,0.229333333,0.204666667,0.081666667,0.079333333,0.063333333,0.097,0.108666667,0.117333333,0.144333333,0.129333333,0.216666667,0.217666667,0.189,0.195666667,0.203666667,0.243333333,0.274666667,0.281333333,0.191666667,0.185,0.157666667,0.172333333,0.148666667,0.141666667,0.180333333,0.199333333,0.155666667,0.143,0.134,0.144666667,0.158666667,0.155333333,0.192,0.197,0.285333333,0.282,0.224333333,0.204,0.210666667,0.218666667,0.252333333,0.278
HB,y8,0.189,0.168,0.131666667,0.107333333,0.135666667,0.148,0.166666667,0.181666667,0.140666667,0.139,0.132333333,0.113333333,0.089333333,0.098333333,0.152333333,0.163,0.206666667,0.171,0.139333333,0.184,0.211333333,0.177333333,0.218,0.259,0.269,0.261333333,0.231,0.287333333,0.291666667,0.249,0.255333333,0.271666667,0.126,0.153333333,0.137666667,0.141666667,0.136333333,0.131333333,0.104333333,0.108333333,0.127,0.124,0.072,0.096666667,0.100333333,0.088333333,0.109333333,0.131,0.113333333,0.098,0.073333333,0.099666667,0.096333333,0.086,0.099666667,0.129,0.132333333,0.140666667,0.105666667,0.137,0.157333333,0.161333333,0.157666667,0.148,0.221,0.216666667,0.195,0.224666667,0.204666667,0.188666667,0.219333333,0.246333333,0.176666667,0.153666667,0.127666667,0.136333333,0.151333333,0.169,0.224,0.215666667,0.217333333,0.219333333,0.195666667,0.177,0.178333333,0.192,0.278666667,0.247333333,0.226666667,0.236666667,0.217,0.212666667,0.215333333,0.221666667,0.236,0.231666667
HB,y9,0.148666667,0.15,0.150666667,0.148666667,0.167666667,0.165333333,0.208333333,0.191666667,0.236666667,0.233666667,0.213666667,0.202,0.208666667,0.206666667,0.226,0.239333333,0.283,0.275,0.23,0.275333333,0.261333333,0.271666667,0.317666667,0.317,0.259,0.245,0.227333333,0.298333333,0.331333333,0.312333333,0.278666667,0.281333333,0.213,0.191333333,0.129333333,0.150333333,0.140666667,0.127,0.154,0.201333333,0.163,0.138666667,0.099666667,0.13,0.14,0.140666667,0.16,0.191666667,0.220333333,0.189333333,0.161,0.293,0.312,0.258333333,0.227666667,0.241333333,0.199,0.173333333,0.136666667,0.165,0.175333333,0.200333333,0.200666667,0.218,0.189,0.169,0.136666667,0.120666667,0.133666667,0.178,0.216333333,0.211666667,0.205666667,0.202666667,0.186,0.193,0.217666667,0.267,0.286666667,0.24,0.232333333,0.218666667,0.193666667,0.223666667,0.241333333,0.260333333,0.298,0.284,0.168666667,0.150333333,0.117,0.099,0.111333333,0.134666667,0.180333333,0.166666667
HB,y10,0.124333333,0.125333333,0.116,0.144,0.155333333,0.152666667,0.179,0.159,0.247,0.216333333,0.155666667,0.172666667,0.213333333,0.217,0.279333333,0.285333333,0.257666667,0.245666667,0.223666667,0.266666667,0.245666667,0.242,0.299666667,0.300333333,0.31,0.285666667,0.205333333,0.277,0.301,0.287666667,0.350666667,0.359,0.264,0.237666667,0.179,0.187,0.160333333,0.134333333,0.224,0.308666667,0.137,0.131666667,0.111,0.141333333,0.136,0.118333333,0.141333333,0.163333333,0.219,0.207,0.156333333,0.218666667,0.249333333,0.225,0.214,0.241,0.21,0.203,0.161666667,0.181666667,0.181,0.191,0.219666667,0.236333333,0.162666667,0.176333333,0.135666667,0.151,0.169333333,0.182666667,0.179333333,0.168,0.183,0.196333333,0.146,0.138,0.139666667,0.152,0.198333333,0.194,0.188333333,0.188666667,0.155,0.137,0.156666667,0.157666667,0.201666667,0.198333333,0.23,0.217666667,0.184333333,0.172333333,0.196333333,0.204,0.254333333,0.252
HB,y11,0.175,0.153,0.130666667,0.119666667,0.130333333,0.157333333,0.212,0.202,0.245,0.213,0.191666667,0.206,0.194333333,0.183333333,0.188333333,0.231,0.246,0.228333333,0.182333333,0.200666667,0.224,0.230333333,0.279333333,0.288333333,0.244,0.212666667,0.172,0.253333333,0.265333333,0.239,0.266333333,0.269666667,0.154333333,0.166333333,0.093,0.132,0.162,0.152666667,0.143,0.161,0.119333333,0.097666667,0.075,0.085333333,0.106333333,0.124,0.149,0.154,0.269,0.254333333,0.253333333,0.338666667,0.357,0.361666667,0.324,0.296,0.202,0.186666667,0.190666667,0.256,0.253666667,0.264666667,0.267666667,0.246666667,0.230333333,0.225333333,0.214333333,0.233666667,0.239333333,0.246666667,0.255,0.245333333,0.196666667,0.178666667,0.154,0.186,0.203333333,0.209666667,0.247333333,0.240333333,0.174333333,0.170333333,0.140333333,0.096333333,0.106,0.124666667,0.167,0.168666667,0.205333333,0.210666667,0.179666667,0.183333333,0.233666667,0.235666667,0.255666667,0.224333333
HB,y12,0.243666667,0.231333333,0.196,0.210666667,0.202666667,0.216666667,0.261333333,0.260666667,0.277,0.263,0.226333333,0.227666667,0.24,0.250333333,0.269333333,0.269333333,0.204666667,0.199,0.156,0.157333333,0.164333333,0.161333333,0.227,0.234333333,0.294,0.242666667,0.170666667,0.245333333,0.283666667,0.293333333,0.323333333,0.329,0.285,0.234666667,0.177333333,0.226666667,0.224,0.223666667,0.258333333,0.295666667,0.186333333,0.145666667,0.1,0.128333333,0.132333333,0.140666667,0.175,0.222,0.253666667,0.262333333,0.292333333,0.367666667,0.376666667,0.381333333,0.347333333,0.307,0.129666667,0.126,0.075333333,0.092333333,0.112333333,0.131333333,0.151333333,0.163,0.160333333,0.138333333,0.119333333,0.147333333,0.156666667,0.164,0.241333333,0.226,0.117333333,0.124333333,0.101666667,0.083666667,0.079,0.088,0.13,0.117666667,0.187,0.203333333,0.175666667,0.140666667,0.148666667,0.162333333,0.205333333,0.207333333,0.155666667,0.167666667,0.156666667,0.140333333,0.142666667,0.143,0.158333333,0.144333333
HB,y13,0.170333333,0.189666667,0.168666667,0.16,0.154333333,0.146333333,0.164333333,0.156,0.176666667,0.158666667,0.153666667,0.149,0.153,0.153,0.208333333,0.213333333,0.269666667,0.246,0.212,0.228666667,0.222333333,0.237333333,0.271333333,0.287333333,0.252,0.245666667,0.210666667,0.243333333,0.226,0.231,0.263666667,0.277,0.304,0.229,0.132,0.189333333,0.224,0.223,0.303666667,0.358333333,0.103,0.103333333,0.068666667,0.08,0.076,0.081666667,0.104666667,0.128666667,0.273666667,0.239666667,0.212333333,0.335666667,0.342333333,0.282333333,0.259333333,0.286666667,0.169333333,0.175666667,0.159333333,0.21,0.219666667,0.200333333,0.184,0.184333333,0.196666667,0.181666667,0.129333333,0.161666667,0.171666667,0.197,0.226666667,0.224,0.194666667,0.194333333,0.183666667,0.161666667,0.138666667,0.159666667,0.225,0.217666667,0.209,0.208,0.175333333,0.152,0.149,0.144666667,0.194,0.217666667,0.184,0.183333333,0.150333333,0.138333333,0.134,0.135333333,0.179666667,0.176
HB,y14,0.252,0.273333333,0.249666667,0.249333333,0.239,0.257333333,0.241,0.233333333,0.232,0.207,0.15,0.152,0.16,0.178,0.226333333,0.256,0.204666667,0.207666667,0.204666667,0.215666667,0.187666667,0.152666667,0.177333333,0.203333333,0.228,0.204333333,0.147333333,0.190666667,0.172,0.163666667,0.228333333,0.277333333,0.249,0.223666667,0.203,0.28,0.252,0.217333333,0.218,0.284333333,0.173,0.196666667,0.154333333,0.183666667,0.157,0.122666667,0.127666667,0.161333333,0.158666667,0.144,0.117666667,0.163666667,0.160333333,0.142666667,0.161333333,0.178,0.141,0.143666667,0.106333333,0.124,0.116333333,0.114333333,0.146333333,0.153666667,0.169666667,0.168333333,0.138666667,0.142,0.148666667,0.159,0.179666667,0.189333333,0.173333333,0.166666667,0.122666667,0.096333333,0.078666667,0.089333333,0.151333333,0.164666667,0.125333333,0.132333333,0.113333333,0.094,0.11,0.092666667,0.123,0.133,0.261666667,0.240666667,0.211,0.171,0.181,0.187,0.278,0.269666667
HB,y15,0.225,0.188,0.129333333,0.097333333,0.122333333,0.152333333,0.199333333,0.212666667,0.235,0.225333333,0.198333333,0.232666667,0.236333333,0.225666667,0.263333333,0.273333333,0.233,0.241666667,0.214,0.232666667,0.211,0.185666667,0.21,0.231,0.215666667,0.165,0.12,0.155666667,0.161666667,0.154,0.196333333,0.241666667,0.195,0.182333333,0.146666667,0.186666667,0.195,0.189,0.167333333,0.191666667,0.167,0.147,0.099333333,0.108,0.086,0.074666667,0.131333333,0.186333333,0.183,0.176,0.182,0.276333333,0.25,0.214333333,0.206666667,0.216,0.169,0.146666667,0.152,0.176,0.164666667,0.173333333,0.197,0.216,0.174666667,0.141333333,0.125666667,0.11,0.095333333,0.132666667,0.203333333,0.217666667,0.139,0.135666667,0.094666667,0.057666667,0.062333333,0.064333333,0.146666667,0.165333333,0.277,0.261,0.224666667,0.232333333,0.253666667,0.253,0.287333333,0.31,0.237333333,0.229666667,0.188666667,0.171666667,0.169,0.163,0.204333333,0.221333333
HB,y16,0.208333333,0.224666667,0.218666667,0.225666667,0.245666667,0.220333333,0.239333333,0.220333333,0.283666667,0.280333333,0.225666667,0.219666667,0.225666667,0.219,0.255666667,0.280333333,0.327666667,0.282333333,0.237666667,0.326,0.367666667,0.384,0.411666667,0.405666667,0.229,0.221333333,0.222,0.251333333,0.259,0.275333333,0.292666667,0.287,0.240333333,0.234333333,0.18,0.202,0.205666667,0.176,0.176333333,0.231333333,0.108666667,0.095666667,0.065666667,0.116333333,0.128666667,0.131666667,0.146666667,0.147666667,0.153333333,0.160666667,0.142,0.197,0.185,0.166666667,0.166333333,0.169333333,0.203333333,0.181333333,0.136,0.196,0.215333333,0.211666667,0.254,0.250666667,0.172333333,0.174333333,0.136,0.142333333,0.151666667,0.167333333,0.182333333,0.184333333,0.202333333,0.217,0.169333333,0.144666667,0.165,0.168,0.176,0.191666667,0.179,0.172666667,0.143666667,0.094333333,0.129666667,0.130666667,0.187333333,0.195666667,0.301666667,0.259333333,0.213,0.180333333,0.236666667,0.233333333,0.3,0.333
HB,y17,0.225333333,0.204666667,0.166333333,0.191,0.181333333,0.189,0.236333333,0.226666667,0.247333333,0.219333333,0.174666667,0.152,0.135,0.141666667,0.203666667,0.25,0.218666667,0.213666667,0.169666667,0.215,0.213333333,0.203,0.228666667,0.244666667,0.279333333,0.261,0.212666667,0.260666667,0.239333333,0.228,0.275,0.311666667,0.309,0.277333333,0.237,0.281333333,0.271333333,0.303333333,0.352333333,0.365,0.143333333,0.146333333,0.125,0.133,0.113333333,0.114333333,0.156333333,0.16,0.174333333,0.167333333,0.146333333,0.22,0.220666667,0.208333333,0.208,0.208,0.168,0.160333333,0.151666667,0.194666667,0.176666667,0.158333333,0.181333333,0.188333333,0.142666667,0.14,0.127666667,0.104666667,0.103,0.141666667,0.191333333,0.185333333,0.182333333,0.178666667,0.174,0.175333333,0.164666667,0.159333333,0.195333333,0.198333333,0.183666667,0.176333333,0.142666667,0.118,0.099666667,0.121,0.216333333,0.216666667,0.249,0.234666667,0.187666667,0.157333333,0.154666667,0.186333333,0.265333333,0.247
HB,y18,0.191,0.180333333,0.16,0.155666667,0.123,0.141333333,0.202333333,0.201333333,0.198666667,0.197333333,0.166333333,0.189666667,0.171,0.187666667,0.223666667,0.205666667,0.157666667,0.147333333,0.12,0.15,0.162,0.178333333,0.195333333,0.187,0.219,0.172,0.110666667,0.171666667,0.19,0.213,0.263333333,0.269333333,0.129666667,0.144333333,0.106666667,0.124333333,0.124666667,0.144333333,0.164333333,0.162333333,0.107,0.094666667,0.057333333,0.062,0.072,0.072,0.096333333,0.117,0.181333333,0.186,0.179333333,0.262333333,0.254333333,0.221,0.216,0.208,0.204333333,0.211,0.192,0.224,0.214333333,0.206666667,0.194666667,0.205666667,0.116,0.121333333,0.093333333,0.109333333,0.104666667,0.097333333,0.120333333,0.138666667,0.144666667,0.145,0.104,0.102,0.091666667,0.089,0.124,0.137666667,0.162666667,0.169,0.150666667,0.154,0.181333333,0.157333333,0.173666667,0.181333333,0.21,0.208,0.193666667,0.206666667,0.194333333,0.167,0.208666667,0.212
HB,y19,0.140666667,0.14,0.126666667,0.128333333,0.126333333,0.109333333,0.141333333,0.138,0.206,0.198666667,0.196333333,0.197,0.170666667,0.149,0.183,0.208,0.290333333,0.258,0.221333333,0.224333333,0.225666667,0.208666667,0.287666667,0.324333333,0.304333333,0.253,0.204,0.254333333,0.24,0.231666667,0.302666667,0.339666667,0.232333333,0.234666667,0.176,0.188333333,0.171,0.163,0.198,0.240333333,0.148,0.131666667,0.106333333,0.152,0.144,0.135,0.157,0.178666667,0.334333333,0.326666667,0.323,0.438666667,0.411,0.366666667,0.377666667,0.383666667,0.274,0.240666667,0.231333333,0.314666667,0.3,0.278333333,0.290666667,0.291666667,0.186333333,0.191,0.157,0.136666667,0.131666667,0.129,0.171,0.198666667,0.193,0.185333333,0.143,0.124666667,0.141333333,0.138333333,0.197,0.215666667,0.191333333,0.195,0.162,0.115333333,0.101666667,0.099,0.145,0.172,0.164,0.175666667,0.182666667,0.127,0.133666667,0.118,0.167666667,0.19
HB,y20,0.23,0.213333333,0.186666667,0.13,0.156333333,0.133333333,0.208666667,0.250666667,0.236333333,0.234333333,0.243666667,0.254333333,0.243666667,0.241666667,0.218666667,0.234333333,0.179333333,0.177666667,0.16,0.196666667,0.191333333,0.155666667,0.177,0.198,0.215666667,0.201666667,0.148666667,0.146333333,0.142333333,0.126,0.148666667,0.194333333,0.197333333,0.184666667,0.123666667,0.149333333,0.156333333,0.156666667,0.176,0.203333333,0.07,0.085,0.090333333,0.117333333,0.091666667,0.067666667,0.088,0.092666667,0.084333333,0.08,0.069666667,0.092,0.098666667,0.099666667,0.103666667,0.115,0.089,0.079666667,0.074666667,0.081666667,0.064666667,0.072666667,0.095,0.098666667,0.129,0.118,0.111,0.091,0.088,0.126,0.177333333,0.182,0.191333333,0.166333333,0.128666667,0.13,0.123333333,0.134333333,0.250666667,0.255333333,0.188333333,0.196,0.169,0.165666667,0.161333333,0.126333333,0.152,0.169666667,0.204666667,0.204666667,0.184333333,0.183666667,0.191333333,0.161333333,0.227,0.225333333
HB,y21,0.191,0.187666667,0.169666667,0.156666667,0.163,0.128333333,0.147,0.183,0.173666667,0.167333333,0.154666667,0.135666667,0.14,0.146666667,0.162,0.179333333,0.163,0.14,0.133333333,0.166,0.162666667,0.170333333,0.224333333,0.232666667,0.23,0.219,0.188666667,0.252666667,0.255,0.226666667,0.248333333,0.241,0.183333333,0.199333333,0.187,0.245666667,0.254,0.190333333,0.138,0.155666667,0.172333333,0.167333333,0.134333333,0.178666667,0.179333333,0.133333333,0.128333333,0.176,0.136,0.133,0.115333333,0.172,0.189666667,0.173,0.158666667,0.164,0.219,0.199,0.187,0.269,0.289,0.263666667,0.245,0.236333333,0.097333333,0.078333333,0.061333333,0.070666667,0.060333333,0.07,0.128666667,0.138333333,0.113666667,0.148333333,0.143333333,0.146333333,0.144666667,0.141333333,0.160666667,0.147333333,0.201,0.192,0.165666667,0.133333333,0.13,0.150666667,0.19,0.207666667,0.119,0.14,0.126333333,0.101,0.099333333,0.072666667,0.1,0.101333333
HB,y22,0.183333333,0.169666667,0.148666667,0.173333333,0.185333333,0.186666667,0.230333333,0.216666667,0.227333333,0.199666667,0.183333333,0.225,0.259666667,0.243666667,0.312333333,0.294,0.228,0.210333333,0.186666667,0.212666667,0.220666667,0.209666667,0.234333333,0.241666667,0.138666667,0.166333333,0.154333333,0.159666667,0.152,0.153666667,0.172333333,0.175333333,0.275,0.268666667,0.208666667,0.237333333,0.254333333,0.265666667,0.271333333,0.284333333,0.197666667,0.204,0.19,0.252,0.252666667,0.225333333,0.217333333,0.235333333,0.226,0.22,0.171,0.239666667,0.243333333,0.204,0.215666667,0.252333333,0.125333333,0.121666667,0.090666667,0.075666667,0.074666667,0.085333333,0.115666667,0.143333333,0.114,0.098,0.064,0.070333333,0.075,0.075,0.115333333,0.143666667,0.224,0.232333333,0.222666667,0.226,0.195333333,0.207666667,0.247666667,0.245333333,0.225666667,0.219666667,0.203333333,0.201333333,0.204,0.188,0.232333333,0.248,0.16,0.150333333,0.118666667,0.104333333,0.142666667,0.155,0.209,0.199666667
HB,y23,0.209,0.207,0.174333333,0.142,0.129666667,0.126666667,0.201666667,0.221666667,0.18,0.154333333,0.146333333,0.183333333,0.232333333,0.226,0.229,0.218333333,0.165666667,0.152333333,0.144,0.147333333,0.162666667,0.165333333,0.171333333,0.184333333,0.292666667,0.256,0.193666667,0.234666667,0.229666667,0.212666667,0.277666667,0.328,0.225666667,0.201333333,0.119333333,0.150333333,0.170333333,0.184666667,0.206666667,0.239333333,0.145666667,0.113666667,0.072,0.070666667,0.091333333,0.098333333,0.129666667,0.166,0.223666667,0.196333333,0.167333333,0.260333333,0.287333333,0.278,0.289666667,0.271333333,0.140333333,0.123,0.112333333,0.142333333,0.146666667,0.142666667,0.172666667,0.184,0.11,0.102666667,0.093333333,0.096666667,0.077,0.082,0.135333333,0.145,0.217666667,0.209666667,0.202,0.216666667,0.211666667,0.201666667,0.202333333,0.218333333,0.148666667,0.161,0.155,0.135666667,0.163,0.165,0.206,0.183,0.189,0.191,0.175,0.128333333,0.135333333,0.130333333,0.169333333,0.175
HB,y24,0.241333333,0.208666667,0.192,0.189,0.197,0.207,0.248,0.268666667,0.184666667,0.180333333,0.165666667,0.201,0.206,0.186,0.212666667,0.219666667,0.255,0.221666667,0.187333333,0.203,0.218333333,0.197,0.222666667,0.262333333,0.325333333,0.307666667,0.264666667,0.342,0.34,0.309,0.335666667,0.352,0.27,0.242333333,0.199333333,0.272,0.263,0.234666667,0.278333333,0.296,0.163,0.148666667,0.128666667,0.157,0.154,0.159,0.174333333,0.181666667,0.136,0.122666667,0.091666667,0.13,0.129,0.137666667,0.127333333,0.145,0.164,0.163,0.153333333,0.178666667,0.187666667,0.21,0.228,0.203333333,0.142,0.141,0.137,0.137333333,0.129,0.142,0.178,0.187666667,0.123666667,0.127666667,0.099,0.057666667,0.054,0.064666667,0.100333333,0.115,0.162333333,0.170666667,0.167,0.176333333,0.165333333,0.155333333,0.200333333,0.191666667,0.245,0.226666667,0.198666667,0.192666667,0.219,0.222333333,0.251333333,0.269666667
HB,y25,0.124333333,0.113,0.091333333,0.07,0.101333333,0.113333333,0.155,0.175,0.187,0.166333333,0.153666667,0.175666667,0.164333333,0.166666667,0.178333333,0.168333333,0.196666667,0.174666667,0.158333333,0.150666667,0.141666667,0.137,0.208333333,0.237,0.272333333,0.215666667,0.170666667,0.205333333,0.210666667,0.213333333,0.267333333,0.317,0.141666667,0.157333333,0.137666667,0.169,0.159,0.145666667,0.156,0.158666667,0.166,0.153,0.106333333,0.130333333,0.131,0.137333333,0.165333333,0.195666667,0.133666667,0.134,0.108,0.132333333,0.147,0.165,0.166,0.166666667,0.104666667,0.089333333,0.060333333,0.052666667,0.053,0.069,0.133333333,0.134,0.193,0.152,0.111666667,0.091333333,0.085333333,0.124666667,0.242,0.261333333,0.173666667,0.157333333,0.138333333,0.123666667,0.115,0.121666667,0.180333333,0.201666667,0.174333333,0.167333333,0.141,0.152333333,0.158333333,0.138,0.160333333,0.176333333,0.158333333,0.154333333,0.143666667,0.137666667,0.145666667,0.138,0.164333333,0.160666667
HB,y26,0.195666667,0.181,0.139666667,0.144333333,0.144333333,0.148666667,0.176,0.191666667,0.159,0.175666667,0.171666667,0.170333333,0.189,0.178666667,0.183666667,0.163,0.218333333,0.200666667,0.175,0.182333333,0.197666667,0.186333333,0.212,0.226333333,0.262,0.224333333,0.152333333,0.143666667,0.166,0.193333333,0.245,0.293,0.182333333,0.168333333,0.145,0.188666667,0.196666667,0.147666667,0.149333333,0.196,0.176666667,0.163,0.118,0.134,0.148333333,0.128,0.141666667,0.187333333,0.148666667,0.152333333,0.112666667,0.158,0.170666667,0.141666667,0.122666667,0.142,0.189666667,0.174333333,0.153333333,0.225,0.247,0.214666667,0.226333333,0.213333333,0.11,0.1,0.064,0.059666667,0.057333333,0.062666667,0.078666667,0.107,0.190666667,0.187333333,0.148333333,0.130333333,0.144333333,0.140333333,0.155333333,0.178333333,0.239,0.239,0.195666667,0.149,0.173666667,0.177666667,0.195333333,0.219333333,0.208,0.204,0.175,0.155666667,0.169333333,0.161,0.174333333,0.183
HE,y1,0.324333333,0.307333333,0.275,0.251333333,0.289333333,0.262666667,0.296333333,0.332,0.255666667,0.239,0.198,0.19,0.193333333,0.180333333,0.236333333,0.261333333,0.378,0.326333333,0.269,0.316333333,0.360666667,0.367,0.439,0.457333333,0.421666667,0.382333333,0.317,0.420333333,0.484666667,0.522333333,0.538666667,0.501,0.396333333,0.349666667,0.296666667,0.408,0.451666667,0.450666667,0.436,0.436333333,0.189,0.156,0.105666667,0.147333333,0.187666667,0.197,0.215666667,0.214,0.178333333,0.154666667,0.129,0.171666667,0.190666667,0.189,0.205333333,0.219,0.098333333,0.086,0.066333333,0.083333333,0.081333333,0.076666667,0.097333333,0.109333333,0.195333333,0.167333333,0.128666667,0.176333333,0.195,0.185,0.218,0.235666667,0.239666667,0.222,0.179,0.217333333,0.250666667,0.224333333,0.254666667,0.253,0.431333333,0.379,0.326,0.315666667,0.382333333,0.350666667,0.420666667,0.478,0.258666667,0.258333333,0.235,0.208,0.229666667,0.202666667,0.232666667,0.265666667
HE,y2,0.287333333,0.274666667,0.251,0.227,0.253666667,0.244666667,0.277333333,0.300333333,0.337333333,0.338666667,0.307333333,0.315,0.330333333,0.31,0.341666667,0.357333333,0.380333333,0.333333333,0.299666667,0.379666667,0.390333333,0.383333333,0.42,0.428,0.334666667,0.295333333,0.255333333,0.358,0.385333333,0.378,0.390666667,0.385333333,0.273,0.230333333,0.191333333,0.273,0.299,0.298,0.302333333,0.321,0.247,0.184,0.141333333,0.205,0.249333333,0.263,0.274333333,0.287,0.125666667,0.106333333,0.075666667,0.109666667,0.126,0.132666667,0.163,0.17,0.132333333,0.112,0.085,0.112666667,0.124,0.127666667,0.144666667,0.146666667,0.165333333,0.139333333,0.098,0.136,0.159333333,0.143666667,0.201333333,0.212666667,0.180666667,0.171666667,0.151666667,0.192333333,0.230333333,0.206333333,0.238666667,0.224666667,0.328,0.288,0.26,0.282666667,0.33,0.302,0.326,0.335333333,0.357,0.312,0.303666667,0.315,0.383333333,0.348333333,0.383333333,0.391
HE,y3,0.275666667,0.273,0.252333333,0.234,0.262,0.237666667,0.266333333,0.281,0.277333333,0.258,0.235666667,0.265,0.285333333,0.251333333,0.292,0.3,0.254666667,0.232,0.194,0.247,0.265,0.256,0.319333333,0.305,0.319,0.28,0.217333333,0.276666667,0.274666667,0.269333333,0.332666667,0.378333333,0.358333333,0.355,0.310333333,0.400333333,0.404,0.398666667,0.414666667,0.389333333,0.258,0.215666667,0.168666667,0.205333333,0.215333333,0.226666667,0.285666667,0.32,0.161,0.123666667,0.079666667,0.110666667,0.140666667,0.172333333,0.223666667,0.222,0.209666667,0.168666667,0.117,0.178666667,0.199333333,0.212,0.264,0.259,0.275,0.249333333,0.210333333,0.264333333,0.253333333,0.245,0.309333333,0.318333333,0.402333333,0.379,0.303,0.344,0.376333333,0.346,0.417333333,0.432333333,0.246,0.237,0.218,0.22,0.236,0.215666667,0.271666667,0.274333333,0.282333333,0.275333333,0.244333333,0.221,0.265666667,0.251666667,0.291666667,0.306
HE,y4,0.321,0.33,0.313666667,0.31,0.324333333,0.293333333,0.309,0.313666667,0.281666667,0.281,0.250666667,0.288333333,0.312333333,0.308,0.34,0.314333333,0.335333333,0.312666667,0.263,0.318,0.339,0.334,0.371333333,0.364333333,0.321,0.278,0.233666667,0.321,0.363666667,0.403,0.425333333,0.396333333,0.300333333,0.277666667,0.221666667,0.276,0.276666667,0.266666667,0.297666667,0.331,0.229333333,0.166333333,0.127333333,0.191666667,0.232,0.268666667,0.316666667,0.308,0.146666667,0.124666667,0.100666667,0.128666667,0.128333333,0.122333333,0.165666667,0.183666667,0.113666667,0.101333333,0.084666667,0.127333333,0.138666667,0.147333333,0.191666667,0.172,0.178333333,0.151333333,0.112666667,0.171,0.181333333,0.189666667,0.266333333,0.245,0.226,0.19,0.163333333,0.221,0.251333333,0.242,0.295666667,0.288,0.341,0.310333333,0.255666667,0.276,0.346,0.323666667,0.390333333,0.38,0.290666667,0.286333333,0.266666667,0.255666667,0.323,0.277666667,0.292333333,0.298
HE,y5,0.385,0.366,0.322666667,0.320666667,0.351,0.335,0.4,0.417666667,0.398666667,0.359333333,0.303,0.34,0.382333333,0.364333333,0.419,0.440333333,0.320666667,0.292333333,0.263,0.321666667,0.356666667,0.360666667,0.402666667,0.365,0.348333333,0.308666667,0.265666667,0.333,0.357333333,0.385,0.439666667,0.419666667,0.297666667,0.266666667,0.214333333,0.288,0.289333333,0.308333333,0.373,0.372,0.252333333,0.214333333,0.179666667,0.211666667,0.233,0.267333333,0.32,0.324666667,0.094666667,0.069666667,0.041,0.058333333,0.066,0.074,0.123333333,0.133333333,0.143,0.129666667,0.112666667,0.156,0.157666667,0.162333333,0.198666667,0.188666667,0.14,0.135,0.110666667,0.139333333,0.143333333,0.140333333,0.194666667,0.178,0.287333333,0.267,0.208666667,0.243666667,0.265,0.238666667,0.302333333,0.331,0.271666667,0.273,0.258333333,0.267,0.291666667,0.245666667,0.265,0.283666667,0.355333333,0.332666667,0.293,0.305333333,0.360666667,0.314333333,0.349,0.37
HE,y6,0.284666667,0.293,0.259,0.25,0.260666667,0.260333333,0.279333333,0.288,0.284666667,0.289333333,0.24,0.252,0.248666667,0.228333333,0.259333333,0.27,0.347333333,0.316666667,0.271666667,0.360333333,0.405666667,0.400666667,0.421,0.408333333,0.451666667,0.405666667,0.348666667,0.444,0.472666667,0.479,0.516333333,0.530666667,0.304,0.286,0.230666667,0.320666667,0.320666667,0.323,0.353333333,0.336666667,0.183666667,0.146,0.090333333,0.111,0.135333333,0.156333333,0.203666667,0.225333333,0.179,0.148666667,0.126333333,0.176333333,0.189333333,0.189666667,0.211,0.227666667,0.12,0.101666667,0.069666667,0.091333333,0.095333333,0.088666667,0.127,0.15,0.125,0.119,0.083,0.084666667,0.085,0.087666667,0.145,0.151333333,0.223333333,0.22,0.198,0.233666667,0.238333333,0.216666667,0.253,0.250333333,0.279666667,0.261333333,0.231,0.273,0.297666667,0.248,0.269,0.286666667,0.278666667,0.253,0.232666667,0.244,0.331666667,0.29,0.326,0.323
HE,y7,0.268333333,0.256333333,0.234333333,0.252333333,0.291666667,0.266333333,0.288,0.283666667,0.317666667,0.295333333,0.26,0.292666667,0.328,0.307,0.363666667,0.349666667,0.465,0.411333333,0.337666667,0.4,0.444333333,0.454666667,0.520666667,0.53,0.35,0.334333333,0.307,0.397333333,0.415333333,0.411,0.423,0.405,0.388333333,0.333333333,0.225666667,0.321333333,0.354333333,0.381666667,0.431666667,0.436,0.212666667,0.174666667,0.119666667,0.150666667,0.158,0.181666667,0.243333333,0.258333333,0.154,0.118666667,0.075333333,0.112666667,0.129333333,0.17,0.230666667,0.215666667,0.093,0.091666667,0.062666667,0.086333333,0.085333333,0.081666667,0.139,0.14,0.114333333,0.108333333,0.087,0.116333333,0.106,0.101,0.153,0.151666667,0.175333333,0.171,0.145,0.161666667,0.173666667,0.156333333,0.212333333,0.221,0.306666667,0.301666667,0.274333333,0.264666667,0.274333333,0.231,0.269,0.302666667,0.281,0.290333333,0.274666667,0.278666667,0.293333333,0.235666667,0.24,0.265333333
HE,y8,0.334,0.338333333,0.304333333,0.284333333,0.322333333,0.286333333,0.311,0.333666667,0.289,0.278666667,0.221,0.215666667,0.253666667,0.229666667,0.287666667,0.315666667,0.378333333,0.330333333,0.283,0.412,0.469666667,0.482333333,0.525,0.478666667,0.406333333,0.37,0.326333333,0.43,0.466666667,0.470333333,0.462,0.443666667,0.212666667,0.184,0.138,0.220333333,0.242666667,0.245,0.249333333,0.263666667,0.206333333,0.186,0.178666667,0.200666667,0.198,0.219666667,0.286,0.264666667,0.115333333,0.105333333,0.08,0.115666667,0.124333333,0.124,0.143666667,0.154333333,0.117,0.107666667,0.085666667,0.096333333,0.093,0.095,0.138,0.149333333,0.185,0.157,0.117333333,0.137666667,0.145666667,0.158333333,0.231333333,0.236333333,0.339666667,0.314333333,0.271,0.326333333,0.336333333,0.316,0.357333333,0.361333333,0.319,0.311666667,0.277666667,0.319,0.347333333,0.314666667,0.336666667,0.337,0.227333333,0.233666667,0.217333333,0.202333333,0.212333333,0.179666667,0.205666667,0.217333333
HE,y9,0.340333333,0.352333333,0.314,0.277333333,0.281666667,0.244333333,0.286,0.323666667,0.270333333,0.259,0.225666667,0.218333333,0.215666667,0.213333333,0.268333333,0.280666667,0.262,0.251333333,0.227,0.270666667,0.256333333,0.221333333,0.261333333,0.275666667,0.356,0.332333333,0.263,0.333333333,0.35,0.348,0.385333333,0.397,0.246333333,0.220666667,0.168333333,0.223,0.253333333,0.262333333,0.287333333,0.284333333,0.184333333,0.160333333,0.132333333,0.184,0.177,0.178666667,0.215666667,0.236333333,0.117333333,0.103666667,0.081,0.095333333,0.113333333,0.124333333,0.161333333,0.169333333,0.126666667,0.109,0.084666667,0.122333333,0.132666667,0.143,0.176333333,0.17,0.175333333,0.156333333,0.116,0.144,0.145333333,0.153333333,0.216666667,0.208333333,0.359666667,0.340333333,0.283333333,0.333333333,0.364,0.322,0.369666667,0.388666667,0.291,0.278,0.241333333,0.243333333,0.269333333,0.242333333,0.283666667,0.291,0.346666667,0.335333333,0.296333333,0.263,0.301,0.271333333,0.320666667,0.345
HE,y10,0.322,0.336333333,0.317,0.288,0.294,0.257333333,0.276,0.291333333,0.454,0.422666667,0.362666667,0.412666667,0.474333333,0.456,0.486333333,0.483,0.406333333,0.355,0.286333333,0.377666667,0.426666667,0.402666667,0.453,0.465,0.386666667,0.372333333,0.288,0.351666667,0.370666667,0.385333333,0.441,0.432333333,0.347,0.318333333,0.242666667,0.332333333,0.347666667,0.353666667,0.396333333,0.385333333,0.159,0.125666667,0.091333333,0.131,0.149,0.168333333,0.213666667,0.213666667,0.137666667,0.135,0.132,0.179,0.185666667,0.183666667,0.181333333,0.171333333,0.100666667,0.105333333,0.083666667,0.105,0.102,0.098,0.125333333,0.128666667,0.212333333,0.192333333,0.153333333,0.189,0.197666667,0.180333333,0.240333333,0.264666667,0.263333333,0.238333333,0.195333333,0.213,0.223,0.204333333,0.275333333,0.305666667,0.290666667,0.278333333,0.236666667,0.219,0.256333333,0.223333333,0.284666667,0.319666667,0.26,0.257,0.246,0.242,0.259666667,0.224666667,0.258,0.268666667
HE,y11,0.313333333,0.310666667,0.290333333,0.266,0.279333333,0.249666667,0.293666667,0.315333333,0.249,0.268333333,0.273,0.316333333,0.291333333,0.248,0.256,0.250666667,0.444666667,0.412333333,0.355333333,0.389666667,0.382,0.374,0.477,0.489,0.458,0.431666667,0.350666667,0.444333333,0.455666667,0.447333333,0.495,0.503333333,0.321666667,0.288666667,0.24,0.326333333,0.338,0.373333333,0.421,0.386333333,0.217666667,0.177666667,0.132333333,0.199,0.225,0.242666667,0.290333333,0.291666667,0.144,0.110333333,0.067666667,0.088333333,0.1,0.117666667,0.197333333,0.196,0.107333333,0.107333333,0.084333333,0.11,0.111666667,0.113666667,0.150666667,0.145666667,0.164,0.141333333,0.095,0.114333333,0.113666667,0.112333333,0.196666667,0.198,0.253,0.237333333,0.189,0.225666667,0.237333333,0.201,0.283,0.303666667,0.279333333,0.260666667,0.216666667,0.201,0.256333333,0.228666667,0.269666667,0.287333333,0.429333333,0.405333333,0.382666667,0.383,0.395333333,0.342,0.374333333,0.421666667
HE,y12,0.232666667,0.234333333,0.228333333,0.208,0.211333333,0.189666667,0.226,0.227,0.345666667,0.298666667,0.251333333,0.303,0.357666667,0.347333333,0.407,0.409,0.441666667,0.391666667,0.317,0.367333333,0.375,0.361333333,0.470666667,0.491,0.392666667,0.366,0.32,0.392666667,0.4,0.399666667,0.454333333,0.439,0.317333333,0.290666667,0.228333333,0.297,0.299,0.304666667,0.342333333,0.354666667,0.259,0.205666667,0.146333333,0.215666667,0.248333333,0.277,0.31,0.309333333,0.116333333,0.100333333,0.091333333,0.112,0.118666667,0.142666667,0.201333333,0.182,0.107333333,0.094333333,0.064666667,0.066666667,0.069666667,0.088666667,0.137666667,0.131666667,0.148,0.146666667,0.118666667,0.141333333,0.14,0.136333333,0.179333333,0.178,0.221666667,0.208333333,0.166333333,0.184,0.188666667,0.180666667,0.268,0.256,0.290333333,0.284333333,0.265,0.282333333,0.33,0.292,0.329,0.328333333,0.273333333,0.268333333,0.237,0.227,0.250333333,0.211666667,0.225333333,0.251333333
HE,y13,0.286333333,0.287666667,0.256333333,0.202333333,0.219333333,0.211666667,0.262,0.288666667,0.291333333,0.267666667,0.243,0.274,0.317333333,0.292666667,0.34,0.323,0.317333333,0.318,0.264,0.287333333,0.305333333,0.288333333,0.352333333,0.347333333,0.358333333,0.339,0.284,0.33,0.345,0.371333333,0.407,0.391333333,0.404,0.382666667,0.306333333,0.359666667,0.355333333,0.357333333,0.388333333,0.431333333,0.169666667,0.132,0.091,0.109,0.138666667,0.172333333,0.235333333,0.227666667,0.129,0.101,0.077666667,0.103333333,0.103,0.112666667,0.182666667,0.18,0.096,0.090333333,0.073666667,0.108666667,0.111,0.118666667,0.167,0.146,0.117,0.118,0.084333333,0.085,0.077,0.079,0.15,0.153333333,0.192333333,0.195666667,0.161333333,0.176,0.189333333,0.176666667,0.211333333,0.206333333,0.29,0.282666667,0.261,0.277333333,0.321,0.275666667,0.309333333,0.317,0.296,0.276333333,0.251333333,0.241,0.266666667,0.241333333,0.291,0.315333333
HE,y14,0.257333333,0.267,0.258,0.249666667,0.227333333,0.194,0.21,0.226,0.342,0.335666667,0.291666667,0.289666667,0.263333333,0.233333333,0.302666667,0.355,0.378666667,0.335333333,0.263,0.329666667,0.343666667,0.337,0.404333333,0.401666667,0.382,0.331,0.253,0.334666667,0.377,0.366333333,0.403333333,0.429,0.310666667,0.305,0.259666667,0.335333333,0.341666667,0.342666667,0.364333333,0.35,0.186333333,0.162,0.123,0.146,0.163666667,0.180666667,0.222666667,0.227333333,0.119666667,0.099333333,0.073333333,0.088,0.088333333,0.092666667,0.132,0.152,0.116666667,0.111333333,0.085666667,0.114333333,0.111333333,0.114333333,0.159333333,0.154,0.183666667,0.165333333,0.119666667,0.159333333,0.157,0.150333333,0.193,0.201,0.262666667,0.233666667,0.19,0.203666667,0.223,0.199333333,0.265,0.301666667,0.308,0.28,0.219,0.228666667,0.275666667,0.232333333,0.292333333,0.322666667,0.437,0.392,0.358333333,0.371,0.443666667,0.398666667,0.447,0.468666667
HE,y15,0.386,0.375666667,0.343,0.309,0.344333333,0.302666667,0.335,0.372666667,0.272333333,0.253333333,0.215,0.232,0.239,0.223333333,0.306666667,0.302666667,0.369333333,0.351666667,0.311333333,0.363333333,0.386,0.361,0.429,0.425,0.341333333,0.316666667,0.247,0.332666667,0.343666667,0.354333333,0.406,0.404,0.356,0.32,0.244,0.352666667,0.368666667,0.368666667,0.395666667,0.394,0.313666667,0.270666667,0.195666667,0.275333333,0.27,0.263333333,0.344333333,0.373333333,0.157666667,0.131333333,0.105666667,0.134666667,0.137666667,0.151666667,0.193666667,0.199666667,0.100333333,0.094666667,0.061666667,0.078666667,0.087,0.090333333,0.125666667,0.128,0.208333333,0.186,0.139666667,0.167333333,0.165666667,0.156666667,0.219666667,0.239333333,0.287,0.249333333,0.196333333,0.222,0.262333333,0.243666667,0.330333333,0.345333333,0.324666667,0.311,0.281333333,0.289666667,0.313333333,0.279666667,0.302333333,0.329,0.292,0.280333333,0.261333333,0.264666667,0.314,0.275,0.308333333,0.314
HE,y16,0.356666667,0.351666667,0.326666667,0.317333333,0.333,0.291666667,0.326666667,0.357,0.256,0.261,0.241666667,0.267666667,0.277333333,0.255666667,0.280333333,0.261333333,0.317333333,0.316666667,0.296666667,0.379333333,0.381666667,0.345666667,0.380666667,0.355666667,0.392666667,0.361333333,0.312,0.425666667,0.432666667,0.411333333,0.43,0.441333333,0.354666667,0.323666667,0.264666667,0.321,0.316666667,0.318666667,0.376333333,0.377,0.149333333,0.116333333,0.065333333,0.088666667,0.111333333,0.146666667,0.238333333,0.224,0.138666667,0.103666667,0.065333333,0.080333333,0.089333333,0.114333333,0.195,0.195666667,0.135333333,0.130333333,0.101333333,0.122333333,0.126,0.135333333,0.174333333,0.158333333,0.138333333,0.130666667,0.111,0.136,0.137333333,0.137333333,0.177333333,0.176,0.254666667,0.234,0.195666667,0.225333333,0.236666667,0.220666667,0.292,0.285333333,0.281333333,0.28,0.274666667,0.287333333,0.331666667,0.279666667,0.322666667,0.329,0.473666667,0.455333333,0.438,0.451666667,0.498666667,0.429,0.456,0.482
HE,y17,0.379,0.363666667,0.333,0.353,0.327333333,0.272666667,0.3,0.363333333,0.226,0.224666667,0.223333333,0.225666667,0.233333333,0.222333333,0.265333333,0.243666667,0.414333333,0.395,0.308333333,0.365666667,0.369333333,0.343,0.377666667,0.424,0.395333333,0.352333333,0.297,0.400333333,0.397666667,0.396333333,0.442666667,0.444333333,0.405666667,0.370333333,0.285333333,0.396,0.394666667,0.391333333,0.416,0.434,0.218333333,0.184333333,0.145666667,0.188,0.179666667,0.204666667,0.263333333,0.269,0.129666667,0.108333333,0.082,0.098666667,0.093,0.093666667,0.152666667,0.177666667,0.099666667,0.089666667,0.051666667,0.057666667,0.054666667,0.056,0.104333333,0.117,0.137,0.129666667,0.101333333,0.117,0.113666667,0.099,0.139666667,0.155666667,0.199666667,0.203,0.166666667,0.195,0.199,0.176333333,0.218,0.227333333,0.210666667,0.204,0.178333333,0.179333333,0.199666667,0.163666667,0.197666667,0.203,0.266333333,0.268,0.256333333,0.236,0.250666667,0.213333333,0.234,0.260333333
HE,y18,0.242,0.254,0.239,0.217333333,0.243,0.205,0.218666667,0.236333333,0.355,0.321,0.278333333,0.318666667,0.321333333,0.284666667,0.317,0.357333333,0.300666667,0.282333333,0.256,0.326333333,0.316,0.303333333,0.34,0.347,0.419,0.389666667,0.297666667,0.375666667,0.416666667,0.439333333,0.473666667,0.439666667,0.276333333,0.247,0.181,0.259333333,0.255666667,0.270333333,0.312333333,0.311666667,0.210666667,0.196333333,0.163333333,0.197333333,0.194666667,0.199,0.233333333,0.25,0.121,0.117333333,0.101666667,0.137333333,0.130666667,0.115,0.148333333,0.164333333,0.105333333,0.110666667,0.099,0.119666667,0.108,0.102333333,0.117666667,0.114666667,0.135666667,0.135333333,0.098333333,0.109666667,0.102333333,0.087,0.110666667,0.145,0.286666667,0.253666667,0.212,0.262,0.288333333,0.246333333,0.308,0.319666667,0.350333333,0.296,0.237666667,0.250333333,0.304,0.29,0.368,0.400333333,0.321,0.324,0.299666667,0.294,0.291666667,0.231333333,0.262,0.294666667
HE,y19,0.252333333,0.241,0.219666667,0.197333333,0.227666667,0.191333333,0.215,0.228666667,0.276333333,0.288333333,0.261666667,0.297666667,0.307666667,0.259333333,0.278333333,0.280333333,0.375,0.326666667,0.264333333,0.337,0.373333333,0.378333333,0.482666667,0.461666667,0.382333333,0.374,0.330333333,0.416333333,0.4,0.411333333,0.475666667,0.439,0.275333333,0.268333333,0.212,0.263333333,0.278333333,0.305333333,0.367666667,0.350666667,0.219333333,0.186,0.147,0.19,0.208666667,0.219,0.266333333,0.267333333,0.167,0.144333333,0.111,0.134333333,0.119,0.114666667,0.152666667,0.181666667,0.144333333,0.123,0.077,0.104666667,0.110666667,0.110666667,0.160666667,0.194,0.175666667,0.170333333,0.132666667,0.175333333,0.177333333,0.158333333,0.208333333,0.206666667,0.229,0.210666667,0.177333333,0.216333333,0.240333333,0.218333333,0.273,0.259666667,0.285333333,0.264333333,0.234,0.255333333,0.291,0.252333333,0.311333333,0.339333333,0.363333333,0.365333333,0.360666667,0.326666667,0.318,0.265,0.317333333,0.360666667
HE,y20,0.341,0.320333333,0.28,0.24,0.266,0.247,0.310666667,0.329333333,0.188,0.175666667,0.158,0.174,0.169333333,0.155666667,0.185,0.196,0.344666667,0.304,0.225,0.256666667,0.258666667,0.253,0.339,0.377333333,0.266666667,0.252333333,0.193333333,0.237,0.234,0.233333333,0.296666667,0.311666667,0.434666667,0.394,0.317333333,0.431333333,0.441666667,0.464,0.493666667,0.486333333,0.126,0.122333333,0.096666667,0.127,0.121333333,0.127333333,0.171333333,0.162666667,0.154,0.126,0.087,0.115333333,0.132666667,0.146666667,0.194333333,0.201,0.095666667,0.079333333,0.055666667,0.07,0.065,0.073666667,0.136666667,0.138333333,0.132,0.115333333,0.079333333,0.089666667,0.092,0.096,0.167333333,0.161333333,0.230666667,0.22,0.185,0.198333333,0.227666667,0.209,0.283,0.272666667,0.261666667,0.244,0.216666667,0.202666667,0.231666667,0.204333333,0.242,0.267,0.385333333,0.361666667,0.359333333,0.362,0.397666667,0.345333333,0.382666667,0.418333333
HE,y21,0.315,0.299333333,0.263,0.234666667,0.258,0.25,0.300333333,0.314333333,0.311666667,0.301333333,0.259666667,0.271666667,0.269,0.251666667,0.325,0.345333333,0.371,0.332666667,0.283,0.365,0.374,0.352333333,0.416333333,0.42,0.376,0.350666667,0.276333333,0.327333333,0.320666667,0.336666667,0.421666667,0.425666667,0.374333333,0.341666667,0.272,0.329,0.317,0.335666667,0.405666667,0.403333333,0.215333333,0.183666667,0.163,0.195333333,0.217666667,0.238,0.244666667,0.256,0.116,0.092,0.055333333,0.064,0.066666667,0.081333333,0.135666667,0.155333333,0.103333333,0.094,0.057,0.073666667,0.071333333,0.081,0.122333333,0.128666667,0.143,0.135,0.095666667,0.115666667,0.114,0.102666667,0.146666667,0.163333333,0.304666667,0.296333333,0.259,0.302,0.308666667,0.268666667,0.304333333,0.317,0.219,0.220333333,0.21,0.217,0.217666667,0.203333333,0.231666667,0.227666667,0.238333333,0.237,0.228,0.213,0.238333333,0.214,0.236,0.242666667
HE,y22,0.337666667,0.338333333,0.312666667,0.289333333,0.283333333,0.272333333,0.311666667,0.324333333,0.390333333,0.359,0.312333333,0.370666667,0.391666667,0.354666667,0.399333333,0.413333333,0.353333333,0.339666667,0.259666667,0.287666667,0.277333333,0.263333333,0.356333333,0.389,0.386666667,0.365666667,0.278666667,0.353,0.378666667,0.374333333,0.419666667,0.413333333,0.349,0.303666667,0.257,0.328,0.333666667,0.340666667,0.367,0.38,0.227,0.195666667,0.15,0.191333333,0.196333333,0.210666667,0.245333333,0.254333333,0.13,0.113,0.071,0.080666667,0.094666667,0.101,0.135333333,0.15,0.103333333,0.114333333,0.098333333,0.127333333,0.126,0.115333333,0.123666667,0.120333333,0.148333333,0.144333333,0.092,0.099333333,0.104,0.100333333,0.153,0.176666667,0.233333333,0.225333333,0.192333333,0.221,0.245666667,0.208,0.246333333,0.253333333,0.277,0.265333333,0.238,0.285666667,0.327666667,0.280666667,0.307666667,0.305666667,0.247666667,0.252333333,0.246333333,0.229,0.239666667,0.195333333,0.226333333,0.237666667
HE,y23,0.288666667,0.278666667,0.248,0.222,0.240666667,0.231,0.276333333,0.297666667,0.344666667,0.339333333,0.297333333,0.305,0.314,0.292,0.326333333,0.351666667,0.272666667,0.242666667,0.206,0.231666667,0.241666667,0.244,0.296666667,0.316666667,0.38,0.36,0.275,0.346666667,0.331666667,0.333333333,0.375333333,0.391,0.343333333,0.303,0.251333333,0.304666667,0.303666667,0.321333333,0.362333333,0.385666667,0.205333333,0.175333333,0.124333333,0.158,0.174333333,0.205,0.257333333,0.269666667,0.133,0.106,0.069666667,0.099333333,0.119666667,0.145333333,0.198666667,0.186,0.101333333,0.094,0.068,0.096666667,0.101333333,0.106333333,0.133666667,0.128333333,0.190333333,0.171,0.110666667,0.141333333,0.162,0.156666667,0.206333333,0.231,0.168,0.161666667,0.121666667,0.151333333,0.165333333,0.143666667,0.173666667,0.172,0.372333333,0.330333333,0.295,0.331333333,0.374666667,0.335,0.400333333,0.423333333,0.330666667,0.313666667,0.313333333,0.331,0.378,0.302,0.321,0.337333333
HE,y24,0.345,0.342666667,0.314666667,0.307,0.315333333,0.296,0.317666667,0.339333333,0.340666667,0.313666667,0.287666667,0.371666667,0.414333333,0.350333333,0.371333333,0.370666667,0.33,0.308333333,0.244,0.280333333,0.312,0.309,0.368666667,0.343333333,0.423666667,0.392666667,0.316,0.403666667,0.429666667,0.424333333,0.450333333,0.457333333,0.273333333,0.235,0.176,0.244666667,0.252333333,0.279333333,0.327333333,0.320666667,0.235666667,0.200333333,0.130333333,0.148,0.158,0.183333333,0.246666667,0.274666667,0.159666667,0.132,0.094,0.119,0.143666667,0.154666667,0.172,0.18,0.123666667,0.124666667,0.104,0.120666667,0.111666667,0.116,0.153333333,0.152,0.208333333,0.189,0.152666667,0.203333333,0.203,0.187666667,0.219,0.24,0.248666667,0.234333333,0.198333333,0.241333333,0.244333333,0.234,0.299333333,0.304,0.222666667,0.201333333,0.181333333,0.187333333,0.215666667,0.194,0.240666667,0.24,0.296666667,0.299,0.294,0.293666667,0.293333333,0.231,0.249333333,0.268
HE,y25,0.324,0.326333333,0.305333333,0.253333333,0.241666667,0.213,0.268,0.317333333,0.235666667,0.238333333,0.207666667,0.193333333,0.186,0.185333333,0.225666667,0.228666667,0.399666667,0.351666667,0.280333333,0.330666667,0.351333333,0.346666667,0.431666667,0.455333333,0.305666667,0.288666667,0.246,0.313,0.329666667,0.330333333,0.376333333,0.353666667,0.424333333,0.362666667,0.253666667,0.327666667,0.351333333,0.358333333,0.427333333,0.481666667,0.214333333,0.175,0.131666667,0.145,0.151333333,0.166666667,0.239333333,0.267333333,0.119666667,0.100666667,0.072666667,0.089333333,0.105,0.118,0.161,0.157,0.166666667,0.163333333,0.140333333,0.186333333,0.178,0.164333333,0.179666667,0.205666667,0.156666667,0.142666667,0.105,0.114333333,0.100333333,0.095666667,0.169333333,0.178333333,0.203666667,0.184,0.147333333,0.169333333,0.182333333,0.182,0.244666667,0.247666667,0.308666667,0.298333333,0.27,0.255,0.276,0.237,0.280666667,0.297333333,0.257666667,0.242,0.236333333,0.260333333,0.309333333,0.257333333,0.260666667,0.258666667
HE,y26,0.209,0.208333333,0.184333333,0.128,0.121333333,0.113,0.154666667,0.186666667,0.290666667,0.273666667,0.248666667,0.261,0.286666667,0.264666667,0.310333333,0.316,0.381666667,0.357333333,0.310666667,0.417666667,0.443666667,0.397666667,0.442,0.442,0.408666667,0.387333333,0.313333333,0.344666667,0.311,0.322,0.416,0.449666667,0.335,0.286333333,0.220333333,0.284333333,0.280333333,0.305666667,0.376666667,0.384,0.227333333,0.184333333,0.150333333,0.204,0.213666667,0.232,0.287666667,0.275,0.111,0.091,0.056333333,0.086,0.094666667,0.089,0.12,0.142666667,0.127,0.107333333,0.09,0.131666667,0.147666667,0.136,0.157666667,0.169666667,0.178666667,0.184333333,0.134666667,0.160666667,0.154666667,0.145333333,0.158,0.173333333,0.25,0.231333333,0.184,0.210333333,0.238666667,0.207666667,0.252666667,0.28,0.280666667,0.279333333,0.253,0.251666667,0.257,0.212333333,0.259,0.274666667,0.302333333,0.308333333,0.278333333,0.269666667,0.278333333,0.226,0.239,0.276333333
HI,y1,0.294333333,0.308,0.32,0.317,0.281333333,0.31,0.335,0.31,0.215,0.228,0.253666667,0.246333333,0.215333333,0.249333333,0.259,0.23,0.189,0.191333333,0.217,0.244666667,0.235666667,0.267666667,0.242333333,0.214333333,0.198333333,0.191333333,0.194333333,0.218333333,0.231,0.245,0.211333333,0.198666667,0.115,0.101,0.088,0.098333333,0.117,0.128666667,0.112,0.114,0.244333333,0.243333333,0.203333333,0.220666667,0.231,0.217666667,0.197666667,0.229333333,0.197666667,0.192333333,0.144,0.124666667,0.110666667,0.108333333,0.130666667,0.168333333,0.180333333,0.198333333,0.194666667,0.211666667,0.199,0.174333333,0.17,0.186,0.216333333,0.205333333,0.201666667,0.224,0.21,0.196666667,0.202,0.201333333,0.378333333,0.387666667,0.397333333,0.438333333,0.429333333,0.412666667,0.407,0.401,0.434,0.465666667,0.504,0.531,0.474,0.464,0.476666667,0.448333333,0.441666667,0.468,0.514,0.55,0.481333333,0.47,0.485,0.465
HI,y2,0.212666667,0.240333333,0.273666667,0.258666667,0.208333333,0.234333333,0.273,0.242666667,0.385,0.408,0.424666667,0.413666667,0.377333333,0.408666667,0.408,0.377333333,0.198,0.195333333,0.202666667,0.244,0.261,0.286333333,0.243,0.216333333,0.214333333,0.222,0.249,0.264,0.266666667,0.302666667,0.260333333,0.225666667,0.134333333,0.128,0.140666667,0.182,0.192666667,0.208,0.177333333,0.154,0.187,0.184666667,0.145666667,0.155666667,0.172666667,0.178,0.169333333,0.183,0.277666667,0.273333333,0.235333333,0.246,0.244,0.233,0.226333333,0.242,0.210333333,0.206333333,0.184333333,0.203666667,0.197,0.164666667,0.165,0.191333333,0.233666667,0.239666667,0.220666667,0.227666667,0.240666667,0.239333333,0.237333333,0.240333333,0.348333333,0.358666667,0.376333333,0.426666667,0.407333333,0.397333333,0.393333333,0.378333333,0.43,0.459666667,0.485666667,0.526,0.493666667,0.467666667,0.46,0.437333333,0.380666667,0.413333333,0.455666667,0.477333333,0.42,0.411,0.429333333,0.395
HI,y3,0.242,0.258333333,0.267666667,0.259,0.223,0.237,0.27,0.258,0.240666667,0.265666667,0.289666667,0.291333333,0.256,0.266333333,0.276,0.26,0.154,0.148666667,0.154,0.169666667,0.176,0.209666667,0.208,0.181,0.162,0.152666667,0.145666667,0.157666667,0.157333333,0.168666667,0.158,0.159333333,0.219666667,0.21,0.189333333,0.218333333,0.213,0.195333333,0.196666667,0.222,0.158666667,0.156,0.128333333,0.149,0.160666667,0.14,0.137,0.149666667,0.208333333,0.207,0.175333333,0.182,0.178,0.144333333,0.160666667,0.187,0.253333333,0.273,0.235333333,0.246,0.231333333,0.180333333,0.168666667,0.205333333,0.234666667,0.252333333,0.254333333,0.271666667,0.262666667,0.238666667,0.235666667,0.233666667,0.125666667,0.13,0.133666667,0.134666667,0.129,0.138,0.158,0.155666667,0.332,0.324333333,0.340666667,0.367666667,0.328,0.315666667,0.332,0.329666667,0.249666667,0.249666667,0.270666667,0.281333333,0.233333333,0.244,0.284666667,0.272333333
HI,y4,0.214333333,0.235666667,0.282333333,0.264333333,0.213333333,0.222666667,0.245,0.232,0.186333333,0.199666667,0.224666667,0.244333333,0.231666667,0.238333333,0.228333333,0.208333333,0.203666667,0.212666667,0.222,0.244666667,0.258,0.27,0.230666667,0.202,0.177333333,0.197,0.211666667,0.251,0.258,0.246333333,0.196333333,0.181333333,0.157666667,0.147333333,0.123,0.124,0.135333333,0.152333333,0.136666667,0.132333333,0.241,0.229666667,0.188,0.200333333,0.185,0.16,0.180333333,0.229,0.297,0.300333333,0.260666667,0.262,0.232333333,0.214333333,0.232666667,0.271,0.154,0.149666667,0.119666667,0.11,0.104,0.097666667,0.107666667,0.134333333,0.124333333,0.122,0.124666667,0.147666667,0.14,0.122,0.131,0.139666667,0.261333333,0.288666667,0.312333333,0.349333333,0.316333333,0.291,0.284333333,0.269666667,0.364,0.39,0.440666667,0.491666667,0.436,0.407,0.43,0.409333333,0.434333333,0.455666667,0.492333333,0.540666667,0.487666667,0.459333333,0.465,0.446666667
HI,y5,0.357,0.387333333,0.422666667,0.457333333,0.404666667,0.387,0.38,0.349666667,0.288,0.313,0.340666667,0.369,0.332666667,0.333,0.334333333,0.303666667,0.218333333,0.220666667,0.236,0.239666667,0.228666667,0.235333333,0.214666667,0.221666667,0.237,0.240666667,0.245666667,0.246,0.241,0.266666667,0.255333333,0.251,0.105666667,0.100666667,0.087333333,0.098,0.105666667,0.121666667,0.121,0.116666667,0.187666667,0.19,0.168,0.161333333,0.138,0.119666667,0.141,0.180333333,0.244333333,0.244,0.184333333,0.176333333,0.162666667,0.135,0.158666667,0.202,0.18,0.212666667,0.197666667,0.189333333,0.182,0.139,0.137333333,0.151,0.103333333,0.101,0.096,0.099,0.091,0.087333333,0.096666667,0.106,0.315,0.301,0.309,0.340333333,0.326,0.319666667,0.342333333,0.341333333,0.380666667,0.380333333,0.396333333,0.437666667,0.403333333,0.379,0.403333333,0.398333333,0.591666667,0.624,0.648333333,0.671333333,0.606333333,0.566,0.583666667,0.584
HI,y6,0.286,0.293333333,0.322333333,0.337333333,0.302,0.295,0.324666667,0.32,0.267,0.286333333,0.328666667,0.335666667,0.281,0.289666667,0.308,0.283666667,0.154333333,0.158,0.180666667,0.202333333,0.182666667,0.194333333,0.188333333,0.164333333,0.166,0.161,0.157333333,0.190666667,0.189666667,0.189666667,0.182333333,0.176,0.143,0.134666667,0.113333333,0.115,0.119666667,0.127333333,0.142333333,0.148333333,0.218,0.204333333,0.17,0.175666667,0.153666667,0.146,0.173,0.208333333,0.133666667,0.144666667,0.131333333,0.122333333,0.110666667,0.099,0.107333333,0.126333333,0.158333333,0.169,0.164333333,0.155,0.117666667,0.094,0.118666667,0.150333333,0.144,0.154666667,0.164666667,0.167333333,0.140333333,0.13,0.140333333,0.147333333,0.299,0.304333333,0.304666667,0.33,0.306,0.287333333,0.307666667,0.317,0.444,0.467666667,0.5,0.536,0.467666667,0.427333333,0.445333333,0.441666667,0.396333333,0.427666667,0.469,0.524666667,0.464333333,0.430666667,0.432333333,0.413
HI,y7,0.259,0.288666667,0.315333333,0.317666667,0.259,0.258333333,0.270666667,0.257333333,0.221666667,0.233666667,0.268333333,0.273333333,0.225,0.249666667,0.269666667,0.243333333,0.191666667,0.205666667,0.225666667,0.232,0.201333333,0.207666667,0.212333333,0.211666667,0.178333333,0.175666667,0.197666667,0.215,0.210666667,0.219333333,0.199666667,0.185,0.141333333,0.149,0.141,0.150333333,0.168666667,0.154333333,0.129666667,0.138333333,0.183666667,0.177666667,0.14,0.141666667,0.123333333,0.101,0.131333333,0.17,0.212333333,0.226333333,0.222,0.241666667,0.217,0.167666667,0.166,0.191,0.083666667,0.088666667,0.079333333,0.082,0.072666667,0.061333333,0.072666667,0.084,0.265,0.281,0.275,0.285333333,0.285,0.261,0.247,0.242666667,0.279333333,0.266333333,0.270333333,0.304666667,0.282333333,0.273,0.300333333,0.308,0.468,0.488333333,0.488333333,0.496,0.427666667,0.395333333,0.452666667,0.476333333,0.421666667,0.427666667,0.443,0.464333333,0.416666667,0.384666667,0.409333333,0.415666667
HI,y8,0.235,0.256666667,0.275,0.258,0.192333333,0.181666667,0.243333333,0.247666667,0.183666667,0.187,0.207333333,0.216333333,0.182666667,0.192,0.220333333,0.208333333,0.176,0.174666667,0.171666667,0.173,0.169,0.187333333,0.183,0.182,0.213,0.208,0.187666667,0.198333333,0.216,0.237333333,0.223,0.218666667,0.123333333,0.118666667,0.105,0.132666667,0.144333333,0.118333333,0.114,0.122333333,0.173666667,0.193666667,0.149,0.147,0.129,0.105333333,0.115333333,0.149666667,0.250666667,0.3,0.273,0.299,0.298,0.222,0.172666667,0.205333333,0.210333333,0.205666667,0.199333333,0.211333333,0.208333333,0.192333333,0.188333333,0.197,0.281,0.292,0.294666667,0.314333333,0.312333333,0.299333333,0.289333333,0.287,0.214666667,0.230666667,0.242333333,0.267333333,0.237,0.219666667,0.232333333,0.229333333,0.383666667,0.395,0.411,0.441,0.390333333,0.366333333,0.389666667,0.395333333,0.299333333,0.303666667,0.341333333,0.362333333,0.308333333,0.301666667,0.332666667,0.323333333
HI,y9,0.278666667,0.326666667,0.372333333,0.361,0.276,0.262,0.303333333,0.287,0.208333333,0.206333333,0.211333333,0.207333333,0.172666667,0.197,0.219666667,0.216333333,0.310333333,0.315666667,0.333,0.366,0.332666667,0.342,0.315333333,0.31,0.221333333,0.217333333,0.224666667,0.256666667,0.267666667,0.262,0.216,0.218333333,0.178333333,0.165666667,0.146333333,0.158,0.148333333,0.162,0.165,0.17,0.259,0.268666667,0.219666667,0.243333333,0.237666667,0.196666667,0.202333333,0.231333333,0.203666667,0.190666667,0.169,0.16,0.139666667,0.127333333,0.153333333,0.194333333,0.151333333,0.169333333,0.153666667,0.147666667,0.133333333,0.110666667,0.115666667,0.134666667,0.159,0.137,0.123666667,0.126666667,0.119333333,0.112666667,0.142,0.164333333,0.277333333,0.293,0.317333333,0.350333333,0.301333333,0.284,0.313333333,0.304333333,0.338333333,0.358333333,0.379666667,0.413,0.372,0.347666667,0.352666667,0.342333333,0.428,0.467333333,0.515,0.536,0.446666667,0.416,0.441333333,0.427333333
HI,y10,0.292333333,0.292,0.319,0.342666667,0.283666667,0.29,0.329333333,0.325,0.213,0.225,0.246,0.257666667,0.235666667,0.234666667,0.239,0.225333333,0.207666667,0.216,0.226333333,0.225666667,0.202333333,0.223666667,0.215666667,0.195,0.143,0.147,0.140333333,0.146666667,0.148666667,0.156,0.147333333,0.148,0.158,0.149333333,0.127,0.112,0.100666667,0.112,0.128666667,0.15,0.198333333,0.197333333,0.187666667,0.214,0.198666667,0.169333333,0.172666667,0.191666667,0.225,0.223666667,0.189,0.212,0.187666667,0.165333333,0.184666667,0.205,0.095,0.114666667,0.097,0.076666667,0.065333333,0.054333333,0.064333333,0.092,0.197666667,0.216,0.216333333,0.229333333,0.233,0.207,0.189666667,0.185666667,0.201333333,0.211666667,0.228333333,0.257333333,0.229,0.21,0.233666667,0.224333333,0.329666667,0.345333333,0.368,0.401333333,0.354,0.343,0.363666667,0.357333333,0.311666667,0.327333333,0.381333333,0.408,0.321,0.307666667,0.351333333,0.345666667
HI,y11,0.250666667,0.251333333,0.273666667,0.269333333,0.218,0.220333333,0.255333333,0.247666667,0.221333333,0.224333333,0.248,0.263,0.248333333,0.271333333,0.256333333,0.233333333,0.258333333,0.255,0.274333333,0.3,0.285,0.296333333,0.281,0.268,0.208333333,0.206333333,0.214666667,0.242,0.244,0.244,0.223,0.222666667,0.268,0.273333333,0.219333333,0.198666667,0.178666667,0.181,0.176666667,0.209333333,0.253,0.289333333,0.245333333,0.240666667,0.208666667,0.146,0.136666667,0.186666667,0.183666667,0.190666667,0.163,0.171333333,0.145,0.127333333,0.14,0.170666667,0.194,0.217333333,0.195333333,0.208666667,0.206333333,0.178666667,0.174666667,0.177,0.249666667,0.240333333,0.246,0.263666667,0.253333333,0.248333333,0.257666667,0.267666667,0.294666667,0.308,0.335,0.391666667,0.341333333,0.283333333,0.295333333,0.302333333,0.372,0.393666667,0.422666667,0.436333333,0.379666667,0.358,0.381333333,0.380666667,0.462,0.504,0.552333333,0.592666667,0.528,0.491666667,0.497666667,0.478333333
HI,y12,0.239666667,0.246666667,0.287,0.294333333,0.236,0.244333333,0.273666667,0.256333333,0.279333333,0.298333333,0.326333333,0.352666667,0.319333333,0.319,0.319666667,0.310333333,0.145333333,0.153,0.156,0.148666667,0.141,0.165333333,0.165666667,0.147333333,0.226333333,0.228,0.219333333,0.227333333,0.212666667,0.214333333,0.206666667,0.217333333,0.265666667,0.261,0.240666667,0.256333333,0.258,0.259666667,0.230666667,0.246666667,0.195666667,0.204666667,0.165666667,0.183666667,0.175333333,0.134,0.137,0.178,0.311666667,0.346333333,0.301666667,0.328,0.309,0.218333333,0.195333333,0.244333333,0.186,0.196333333,0.18,0.187333333,0.174666667,0.153333333,0.160666667,0.176333333,0.228,0.231333333,0.224,0.218666667,0.194,0.183666667,0.209,0.242333333,0.210333333,0.212333333,0.216,0.234,0.216,0.2,0.225,0.23,0.231333333,0.248666667,0.263,0.292,0.252666667,0.229,0.247666667,0.24,0.473,0.509,0.551666667,0.584333333,0.488666667,0.455,0.483666667,0.489666667
HI,y13,0.382,0.414333333,0.460666667,0.468666667,0.367,0.364666667,0.398333333,0.387666667,0.199333333,0.206,0.212333333,0.222,0.183,0.182666667,0.201666667,0.2,0.202,0.216666667,0.242666667,0.270666667,0.254,0.262,0.236,0.221333333,0.216666667,0.224333333,0.238666667,0.246,0.206333333,0.216,0.219333333,0.211666667,0.142333333,0.137,0.130333333,0.152666667,0.151333333,0.156666667,0.156,0.159333333,0.180666667,0.190333333,0.148,0.136666667,0.132666667,0.129333333,0.141333333,0.163333333,0.206333333,0.214333333,0.181333333,0.173666667,0.147666667,0.135333333,0.156666667,0.185,0.218666667,0.237,0.224,0.224666667,0.195,0.167666667,0.179,0.201333333,0.152333333,0.148666667,0.159333333,0.171666667,0.149666667,0.131666667,0.144666667,0.162,0.390666667,0.403666667,0.428666667,0.473666667,0.422666667,0.375,0.409333333,0.411666667,0.495333333,0.521,0.573333333,0.649,0.568,0.498,0.504333333,0.519333333,0.300666667,0.32,0.355666667,0.377333333,0.311333333,0.289,0.327666667,0.324666667
HI,y14,0.307,0.327333333,0.370666667,0.376333333,0.300666667,0.288,0.337,0.322666667,0.348,0.374666667,0.419666667,0.424666667,0.330666667,0.341333333,0.372,0.357666667,0.175666667,0.176,0.179,0.196,0.160333333,0.164333333,0.185666667,0.179,0.190666667,0.180333333,0.188333333,0.208333333,0.216,0.229333333,0.213666667,0.204666667,0.164333333,0.175333333,0.170666667,0.178333333,0.165666667,0.165,0.176333333,0.18,0.208666667,0.229,0.201,0.202666667,0.177333333,0.141,0.138666667,0.174,0.155,0.176333333,0.154,0.141666667,0.112666667,0.083,0.093666667,0.127333333,0.202666667,0.220666667,0.207333333,0.197,0.156333333,0.124666667,0.141333333,0.176666667,0.108,0.102,0.085333333,0.076666667,0.062333333,0.062,0.094,0.124,0.333333333,0.337,0.369,0.419333333,0.368666667,0.317333333,0.35,0.365,0.415,0.449,0.477666667,0.5,0.407,0.355333333,0.411333333,0.426,0.429666667,0.463666667,0.503,0.523666667,0.414,0.358,0.42,0.433
HI,y15,0.429333333,0.437333333,0.446333333,0.445666667,0.350666667,0.333333333,0.397666667,0.410333333,0.195,0.176666667,0.184333333,0.227333333,0.23,0.235666667,0.236333333,0.230333333,0.203,0.194,0.201666667,0.215333333,0.178333333,0.185333333,0.208,0.219333333,0.267333333,0.246666667,0.248666667,0.284,0.267333333,0.269,0.274333333,0.292,0.214,0.176,0.162,0.184333333,0.195,0.226333333,0.240333333,0.241,0.155333333,0.182333333,0.161333333,0.155666667,0.136,0.106333333,0.111,0.138,0.222666667,0.240666667,0.211333333,0.195666667,0.149,0.112333333,0.132,0.183666667,0.163666667,0.182666667,0.170666667,0.153,0.149,0.12,0.113333333,0.133333333,0.166666667,0.171666667,0.180666667,0.208666667,0.213333333,0.206666667,0.208,0.205,0.294,0.291333333,0.303,0.332,0.326,0.295666667,0.298,0.299,0.367666667,0.387666667,0.391,0.374,0.319666667,0.312666667,0.351666667,0.363,0.237666667,0.248333333,0.270666667,0.257666667,0.188333333,0.199666667,0.266666667,0.266
HI,y16,0.262,0.261333333,0.291,0.322333333,0.275666667,0.266666667,0.279666667,0.282,0.29,0.288333333,0.284666667,0.297666667,0.286,0.283666667,0.269333333,0.285,0.3,0.323333333,0.336,0.340666667,0.327666667,0.326333333,0.309666667,0.300666667,0.264,0.263666667,0.281666667,0.297333333,0.283,0.297666667,0.265,0.272666667,0.238333333,0.241333333,0.206,0.205333333,0.21,0.218,0.21,0.217,0.245,0.25,0.189666667,0.171333333,0.159,0.156666667,0.175333333,0.221666667,0.318,0.322333333,0.263333333,0.247333333,0.214,0.189333333,0.216333333,0.272666667,0.180666667,0.183,0.148666667,0.134333333,0.120333333,0.113666667,0.142666667,0.175333333,0.117333333,0.122,0.098666667,0.073666667,0.059,0.054666667,0.077666667,0.104,0.361,0.356333333,0.362666667,0.381333333,0.37,0.350666667,0.382666667,0.402666667,0.455,0.489333333,0.526,0.563666667,0.472666667,0.426333333,0.454333333,0.454,0.254666667,0.280333333,0.304,0.307,0.24,0.230333333,0.272333333,0.261
HI,y17,0.425333333,0.491333333,0.564,0.584333333,0.483333333,0.445,0.438,0.426333333,0.191,0.189333333,0.192333333,0.189,0.164333333,0.185666667,0.214333333,0.198666667,0.333333333,0.353666667,0.389666667,0.419,0.377333333,0.376666667,0.364666667,0.353666667,0.143,0.135666667,0.135,0.136666667,0.147333333,0.181333333,0.172666667,0.158666667,0.125333333,0.131,0.121666667,0.117666667,0.115666667,0.125,0.127333333,0.125333333,0.232,0.246333333,0.184333333,0.171666667,0.164666667,0.142666667,0.166333333,0.216,0.221,0.220666667,0.195,0.215,0.195333333,0.165,0.169333333,0.209666667,0.147666667,0.143666667,0.117,0.108666667,0.101,0.085,0.086,0.106666667,0.23,0.224333333,0.223666667,0.232666667,0.216666667,0.202333333,0.231,0.245333333,0.326,0.318333333,0.337,0.377666667,0.34,0.325666667,0.354666667,0.356333333,0.394666667,0.416333333,0.445,0.494666667,0.446,0.41,0.428,0.416333333,0.48,0.533666667,0.572666667,0.598333333,0.520666667,0.480666667,0.489333333,0.477
HI,y18,0.268333333,0.295666667,0.334333333,0.335333333,0.268,0.280666667,0.312333333,0.288,0.242333333,0.256666667,0.295666667,0.312333333,0.257,0.250333333,0.259,0.246666667,0.228,0.234,0.240666667,0.249333333,0.213666667,0.211333333,0.224666667,0.238666667,0.193666667,0.181666667,0.174666667,0.201666667,0.198,0.192333333,0.202666667,0.216333333,0.159666667,0.153666667,0.113,0.104666667,0.092666667,0.093,0.124,0.15,0.281666667,0.282,0.248666667,0.281666667,0.282666667,0.234666667,0.243333333,0.269333333,0.222333333,0.214666667,0.163333333,0.151,0.131666667,0.112,0.139333333,0.193333333,0.164333333,0.189333333,0.154,0.152666667,0.143333333,0.111,0.102666667,0.123,0.122333333,0.113666667,0.107,0.102,0.091333333,0.091,0.125,0.143,0.194333333,0.191666667,0.213666667,0.253333333,0.218,0.203666667,0.250666667,0.251,0.279,0.272333333,0.303333333,0.346333333,0.288666667,0.264333333,0.293,0.294,0.260666667,0.254,0.283,0.323333333,0.289666667,0.288,0.326333333,0.322
HI,y19,0.253666667,0.276666667,0.320666667,0.320333333,0.227666667,0.231666667,0.294333333,0.289,0.211666667,0.208333333,0.232666667,0.263333333,0.233666667,0.230333333,0.244333333,0.234,0.177,0.189666667,0.204,0.205666667,0.188,0.199666667,0.204666667,0.189,0.196,0.191333333,0.191333333,0.196666667,0.193666667,0.199,0.2,0.206333333,0.173,0.169666667,0.122333333,0.115,0.102333333,0.094333333,0.123333333,0.160333333,0.19,0.189666667,0.164666667,0.183666667,0.176666667,0.151666667,0.156666667,0.180666667,0.269666667,0.255333333,0.200666667,0.190333333,0.173333333,0.156333333,0.195666667,0.256333333,0.281333333,0.287666667,0.259,0.280333333,0.282666667,0.251333333,0.239333333,0.254,0.219,0.226666667,0.216,0.214,0.192,0.158333333,0.184666667,0.227666667,0.303666667,0.316666667,0.339666667,0.373333333,0.333666667,0.304333333,0.334666667,0.326333333,0.367333333,0.394333333,0.421666667,0.463,0.407666667,0.368666667,0.384666667,0.371333333,0.344666667,0.389666667,0.390333333,0.345333333,0.268333333,0.245,0.291666667,0.301333333
HI,y20,0.25,0.272,0.278333333,0.271,0.208666667,0.208333333,0.259,0.249,0.198333333,0.196333333,0.198,0.178666667,0.142,0.148,0.186333333,0.204666667,0.164,0.168333333,0.177,0.200333333,0.176666667,0.194666667,0.196666667,0.184,0.121,0.108333333,0.099,0.097666667,0.100666667,0.126,0.131,0.132666667,0.215666667,0.220666667,0.183333333,0.183,0.172666667,0.163,0.177333333,0.206,0.151666667,0.170666667,0.130666667,0.145,0.146,0.119333333,0.110333333,0.122666667,0.143333333,0.164,0.128666667,0.109333333,0.101333333,0.092,0.1,0.124333333,0.185,0.213666667,0.170666667,0.182,0.189666667,0.151333333,0.136666667,0.151666667,0.138,0.134,0.104666667,0.088666667,0.077666667,0.077,0.103333333,0.12,0.16,0.163,0.184666667,0.214666667,0.189,0.187666667,0.216666667,0.203666667,0.237333333,0.253666667,0.278333333,0.301333333,0.253666667,0.242,0.269666667,0.251,0.353666667,0.398666667,0.435333333,0.464333333,0.407666667,0.379333333,0.390666667,0.370666667
HI,y21,0.227333333,0.252666667,0.284666667,0.299,0.255333333,0.25,0.278666667,0.249333333,0.193666667,0.203,0.214,0.217666667,0.186666667,0.19,0.209333333,0.201666667,0.217,0.212333333,0.22,0.264333333,0.265333333,0.283333333,0.255666667,0.237333333,0.229,0.256,0.263333333,0.280333333,0.269,0.270666667,0.251333333,0.232333333,0.3,0.303666667,0.262,0.270666667,0.242333333,0.231333333,0.241666667,0.269666667,0.280333333,0.288,0.250333333,0.264333333,0.245666667,0.237666667,0.235333333,0.252666667,0.24,0.263333333,0.221666667,0.245,0.255,0.199666667,0.170666667,0.183,0.114,0.139666667,0.103333333,0.079666667,0.076666667,0.064666667,0.066333333,0.086,0.199,0.21,0.183,0.173666667,0.154333333,0.139333333,0.158333333,0.175,0.119333333,0.125,0.126,0.133666667,0.124333333,0.116,0.134,0.129333333,0.208,0.210333333,0.219,0.238,0.204,0.207333333,0.249666667,0.246666667,0.292333333,0.310666667,0.326666667,0.322,0.273333333,0.277,0.312,0.304
HI,y22,0.263666667,0.260666667,0.264,0.266333333,0.229666667,0.236,0.279666667,0.279,0.328333333,0.350666667,0.346666667,0.337,0.281333333,0.274333333,0.286333333,0.290333333,0.225333333,0.223,0.214666667,0.228333333,0.213666667,0.219666667,0.218666667,0.212,0.241666667,0.278,0.256,0.273333333,0.284666667,0.267,0.212666667,0.195666667,0.163333333,0.183,0.151,0.133333333,0.137333333,0.15,0.147,0.152333333,0.230333333,0.241,0.17,0.147666667,0.113333333,0.094666667,0.128,0.184333333,0.261666667,0.282666667,0.219666667,0.205333333,0.174,0.139,0.159333333,0.213666667,0.236,0.253,0.226333333,0.224,0.202,0.159333333,0.149666667,0.183333333,0.145333333,0.147,0.129333333,0.128666667,0.133,0.121666667,0.133333333,0.144333333,0.209333333,0.228333333,0.236666667,0.242,0.230666667,0.229333333,0.246,0.237666667,0.292666667,0.293666667,0.315666667,0.326333333,0.305666667,0.302666667,0.319333333,0.314333333,0.392,0.441,0.471666667,0.508,0.446,0.413666667,0.420333333,0.401333333
HI,y23,0.264666667,0.292,0.322666667,0.369666667,0.323666667,0.313,0.312666667,0.279666667,0.263666667,0.286666667,0.298,0.293333333,0.241333333,0.247,0.272333333,0.261,0.135666667,0.128666667,0.137333333,0.161666667,0.154333333,0.172,0.175,0.164666667,0.199,0.200333333,0.196333333,0.189333333,0.193,0.208666667,0.208666667,0.197,0.125333333,0.114666667,0.107666667,0.118666667,0.118,0.121333333,0.137333333,0.141666667,0.267333333,0.270666667,0.210333333,0.213666667,0.201666667,0.157333333,0.166666667,0.220333333,0.210666667,0.213666667,0.177333333,0.163666667,0.146,0.135,0.164333333,0.199333333,0.217,0.234666667,0.176666667,0.165,0.162666667,0.131,0.14,0.178666667,0.136333333,0.139333333,0.131,0.124333333,0.112333333,0.098,0.104333333,0.123666667,0.265666667,0.281333333,0.279333333,0.266,0.25,0.25,0.268,0.263,0.418333333,0.44,0.448,0.479,0.454666667,0.438666667,0.454666667,0.437666667,0.413,0.451666667,0.476333333,0.497666667,0.431,0.398,0.409333333,0.400333333
HI,y24,0.294666667,0.315666667,0.322333333,0.329333333,0.283666667,0.290666667,0.312,0.299666667,0.228,0.238333333,0.226,0.2,0.165333333,0.187,0.225333333,0.222333333,0.185,0.196,0.189666667,0.178,0.162,0.190666667,0.210666667,0.197,0.158,0.135666667,0.116333333,0.119333333,0.131333333,0.162,0.177,0.172666667,0.128666667,0.118,0.087,0.077666667,0.080333333,0.083333333,0.107,0.126,0.26,0.268666667,0.222666667,0.233333333,0.212666667,0.18,0.173666667,0.211666667,0.235666667,0.245,0.212333333,0.231,0.214666667,0.168,0.168333333,0.201,0.266333333,0.272333333,0.238666667,0.250666667,0.257,0.220666667,0.201666667,0.228333333,0.136,0.135666667,0.125666667,0.122666667,0.121,0.108666667,0.111666667,0.121666667,0.129,0.137,0.158333333,0.172333333,0.163333333,0.184333333,0.204,0.179333333,0.238,0.251,0.259333333,0.284,0.269333333,0.26,0.272666667,0.255333333,0.329,0.337333333,0.364666667,0.401333333,0.391333333,0.398333333,0.400666667,0.368
HI,y25,0.269,0.280666667,0.302666667,0.311666667,0.287666667,0.299666667,0.310666667,0.282666667,0.151333333,0.139333333,0.140666667,0.146666667,0.151666667,0.188,0.202333333,0.181333333,0.133333333,0.142333333,0.149333333,0.154666667,0.164,0.186666667,0.15,0.126666667,0.198666667,0.211333333,0.214,0.24,0.232666667,0.237333333,0.214,0.194333333,0.128,0.115666667,0.085666667,0.092,0.091666667,0.093333333,0.105,0.123,0.226333333,0.234,0.180333333,0.183666667,0.169,0.137,0.142666667,0.185333333,0.215333333,0.215666667,0.172,0.189,0.179333333,0.136333333,0.133,0.176333333,0.207333333,0.215,0.179,0.198,0.205333333,0.171,0.153333333,0.180333333,0.165,0.159333333,0.145333333,0.162333333,0.156333333,0.158,0.176333333,0.170666667,0.198333333,0.19,0.188,0.208333333,0.197,0.195333333,0.226333333,0.230333333,0.302666667,0.341,0.370666667,0.405,0.365666667,0.340333333,0.358333333,0.331333333,0.329333333,0.355666667,0.367333333,0.371,0.337666667,0.332666667,0.344666667,0.336666667
HI,y26,0.209666667,0.218,0.229333333,0.231333333,0.193333333,0.196666667,0.234666667,0.210333333,0.238,0.270333333,0.295,0.309333333,0.276666667,0.276333333,0.254,0.233333333,0.165666667,0.172666667,0.199333333,0.232666667,0.234666667,0.250666667,0.203333333,0.179666667,0.161,0.177666667,0.184,0.198333333,0.211666667,0.235666667,0.209,0.169,0.156333333,0.146,0.125,0.134333333,0.147333333,0.156666667,0.143,0.153,0.326,0.322333333,0.259666667,0.273666667,0.259333333,0.249333333,0.249333333,0.282666667,0.241666667,0.249,0.187,0.181666667,0.171333333,0.173,0.175333333,0.201,0.201666667,0.214,0.194666667,0.176,0.162,0.146333333,0.159,0.183,0.117,0.11,0.088333333,0.070333333,0.066,0.064333333,0.081333333,0.109,0.514666667,0.518666667,0.515333333,0.547333333,0.540666667,0.511,0.522666667,0.528666667,0.426666667,0.454,0.468,0.531,0.513333333,0.473,0.459333333,0.437,0.448333333,0.512,0.547666667,0.557,0.491666667,0.453333333,0.439333333,0.427666667
HL,y1,0.284,0.249,0.241,0.264666667,0.320666667,0.326333333,0.34,0.321333333,0.143333333,0.11,0.102666667,0.118666667,0.165333333,0.161333333,0.184666667,0.171,0.257,0.214333333,0.194,0.308666667,0.361666667,0.345666667,0.332666667,0.320333333,0.333666667,0.300666667,0.315333333,0.414333333,0.456,0.406666667,0.393,0.397,0.363666667,0.29,0.298,0.389666667,0.408666667,0.376,0.373666667,0.385333333,0.203,0.140666667,0.123666667,0.152333333,0.159666667,0.142333333,0.171,0.225333333,0.219,0.166333333,0.159333333,0.220333333,0.235,0.195,0.216333333,0.249666667,0.166333333,0.128,0.094333333,0.145333333,0.168,0.142333333,0.172333333,0.183,0.226666667,0.202666667,0.182666667,0.294333333,0.328333333,0.293666667,0.291,0.263,0.231,0.213,0.187,0.262333333,0.300666667,0.273333333,0.295,0.285,0.356,0.332333333,0.343,0.426333333,0.479666667,0.428333333,0.407666667,0.391,0.195666667,0.163666667,0.165333333,0.199333333,0.235666667,0.238,0.259333333,0.235666667
HL,y2,0.244333333,0.197666667,0.2,0.273333333,0.381333333,0.388666667,0.365666667,0.320333333,0.324,0.277333333,0.241333333,0.317,0.417,0.392666667,0.407666667,0.382333333,0.342666667,0.296,0.269666667,0.402666667,0.492,0.449666667,0.419666667,0.408333333,0.371,0.315,0.312333333,0.39,0.431,0.436,0.463333333,0.436,0.294666667,0.238666667,0.211,0.302666667,0.337333333,0.316,0.343333333,0.349333333,0.269,0.200333333,0.230666667,0.295,0.307,0.277666667,0.276666667,0.314333333,0.130666667,0.093666667,0.082,0.109,0.111333333,0.091,0.13,0.151333333,0.214,0.171666667,0.131666667,0.198,0.224666667,0.191333333,0.215,0.228666667,0.199,0.171,0.11,0.207666667,0.243,0.205666667,0.230666667,0.227333333,0.255,0.223,0.171,0.271666667,0.332,0.306666667,0.312666667,0.298,0.299666667,0.258,0.246333333,0.315333333,0.401,0.389666667,0.349,0.333666667,0.242333333,0.219666667,0.210666667,0.210333333,0.249333333,0.258666667,0.259,0.249666667
HL,y3,0.273,0.250666667,0.237666667,0.208666667,0.245,0.285,0.324,0.303,0.293666667,0.242666667,0.198,0.203666667,0.293,0.294333333,0.349666667,0.345333333,0.325666667,0.301666667,0.286333333,0.384666667,0.471,0.434666667,0.406,0.369333333,0.312666667,0.259666667,0.213333333,0.360333333,0.417333333,0.398666667,0.391,0.37,0.298,0.245,0.228666667,0.307,0.319,0.277333333,0.27,0.296333333,0.223,0.168333333,0.155666667,0.233666667,0.257,0.223,0.253333333,0.270333333,0.264666667,0.203,0.192333333,0.253333333,0.267333333,0.247666667,0.261,0.274,0.23,0.203666667,0.158666667,0.231333333,0.266,0.233,0.251666667,0.254666667,0.245333333,0.203666667,0.145,0.25,0.303,0.256666667,0.271,0.269666667,0.283,0.264333333,0.256,0.360666667,0.416666667,0.367666667,0.351333333,0.307666667,0.289666667,0.264,0.235,0.272333333,0.32,0.329,0.354333333,0.325666667,0.264666667,0.226,0.205333333,0.238,0.280333333,0.281666667,0.308333333,0.286666667
HL,y4,0.148666667,0.130666667,0.123666667,0.165333333,0.237333333,0.225,0.22,0.189666667,0.285,0.247666667,0.199666667,0.222666667,0.285333333,0.277333333,0.329,0.318333333,0.351666667,0.324,0.333333333,0.438666667,0.507666667,0.477333333,0.436,0.395,0.447666667,0.380333333,0.296333333,0.400333333,0.430333333,0.389333333,0.452333333,0.488,0.446,0.374,0.397,0.516,0.568,0.531666667,0.479333333,0.463,0.288666667,0.228666667,0.239666667,0.328333333,0.344333333,0.28,0.271,0.300666667,0.166333333,0.128333333,0.103333333,0.162,0.168,0.136,0.166333333,0.188,0.183333333,0.161,0.135,0.183,0.190666667,0.173,0.215,0.201,0.202,0.167,0.115333333,0.196333333,0.244666667,0.225,0.238333333,0.228666667,0.296333333,0.265666667,0.224666667,0.296,0.347333333,0.327333333,0.333333333,0.316333333,0.172333333,0.163333333,0.156,0.220333333,0.265333333,0.236,0.204,0.173333333,0.201333333,0.169,0.162,0.183,0.225666667,0.245333333,0.255,0.236666667
HL,y5,0.345666667,0.309,0.305333333,0.331666667,0.385,0.407,0.426,0.398,0.309333333,0.262333333,0.226,0.267666667,0.358333333,0.352666667,0.382333333,0.352,0.247333333,0.231666667,0.215,0.302,0.364333333,0.321333333,0.273666667,0.268666667,0.391,0.352666667,0.314666667,0.415333333,0.447,0.399666667,0.382,0.405,0.307333333,0.273666667,0.296333333,0.413,0.451333333,0.421666667,0.349333333,0.335666667,0.267666667,0.200333333,0.199333333,0.241333333,0.251666667,0.227666667,0.248666667,0.287,0.129666667,0.094,0.067666667,0.096666667,0.101333333,0.096,0.130666667,0.148,0.263,0.228,0.179,0.250666667,0.278333333,0.244666667,0.264,0.276,0.263333333,0.243666667,0.220333333,0.322,0.351,0.303666667,0.316333333,0.3,0.336666667,0.296333333,0.248333333,0.361,0.414333333,0.383,0.390333333,0.39,0.293,0.264,0.234666667,0.278666667,0.344666667,0.316666667,0.313,0.294333333,0.214333333,0.190666667,0.183333333,0.220666667,0.29,0.298,0.294333333,0.252666667
HL,y6,0.197333333,0.202,0.205333333,0.18,0.200333333,0.230666667,0.251666667,0.222666667,0.192333333,0.166666667,0.139,0.148666667,0.220333333,0.212,0.238,0.227,0.336,0.31,0.29,0.399,0.465666667,0.443333333,0.414333333,0.366,0.3,0.278333333,0.299,0.397666667,0.436333333,0.4,0.364333333,0.324,0.253,0.218,0.198333333,0.261666667,0.275,0.257,0.278,0.278,0.239666667,0.168333333,0.157333333,0.236333333,0.256,0.223,0.235333333,0.271333333,0.191,0.141666667,0.130666667,0.196333333,0.222,0.202333333,0.202666667,0.231,0.128666667,0.099666667,0.069333333,0.125,0.132666667,0.114666667,0.142666667,0.140333333,0.191666667,0.165,0.094333333,0.173333333,0.196666667,0.173,0.211666667,0.217333333,0.345333333,0.327666667,0.295333333,0.373666667,0.42,0.378,0.396333333,0.384333333,0.253,0.223333333,0.2,0.289666667,0.343333333,0.303666667,0.285333333,0.270666667,0.166,0.146333333,0.15,0.212666667,0.284333333,0.286333333,0.268666667,0.213333333
HL,y7,0.176666667,0.162333333,0.158,0.144666667,0.172666667,0.201666667,0.230666667,0.214,0.307333333,0.252,0.21,0.24,0.348,0.335,0.365666667,0.353333333,0.308333333,0.305,0.275,0.327666667,0.353333333,0.327333333,0.348333333,0.333333333,0.418666667,0.382666667,0.371333333,0.504333333,0.549666667,0.504333333,0.451666667,0.436333333,0.377333333,0.312333333,0.309333333,0.386333333,0.392333333,0.354,0.351333333,0.382,0.238666667,0.161,0.146,0.189,0.217,0.223,0.264666667,0.3,0.238666667,0.186,0.191,0.254666667,0.279666667,0.234333333,0.243666667,0.261,0.138,0.106666667,0.063,0.098666667,0.105333333,0.094666667,0.144,0.151666667,0.280333333,0.224666667,0.156333333,0.289,0.346666667,0.316333333,0.355666667,0.335333333,0.242,0.227,0.177,0.211333333,0.240666667,0.22,0.267,0.271,0.298333333,0.279666667,0.251,0.348,0.412,0.381666667,0.372666667,0.33,0.257666667,0.222666667,0.191,0.223,0.295,0.302,0.331,0.298333333
HL,y8,0.272,0.258666667,0.247,0.241333333,0.265333333,0.303,0.324,0.297333333,0.314666667,0.291333333,0.248333333,0.273666667,0.361,0.352666667,0.369666667,0.34,0.302333333,0.270666667,0.248,0.379666667,0.450666667,0.399,0.385666667,0.358,0.385333333,0.340666667,0.316,0.463333333,0.483333333,0.42,0.391666667,0.392666667,0.315666667,0.262333333,0.266666667,0.346333333,0.379,0.351333333,0.343,0.355,0.274666667,0.214666667,0.210666667,0.269666667,0.278666667,0.252333333,0.269666667,0.302666667,0.140666667,0.095333333,0.082666667,0.127,0.127333333,0.109666667,0.134666667,0.161333333,0.163,0.145333333,0.118666667,0.158333333,0.175666667,0.166333333,0.206,0.202333333,0.256,0.224333333,0.135666667,0.272333333,0.312333333,0.267666667,0.306666667,0.286,0.228,0.221333333,0.205666667,0.285,0.330666667,0.296333333,0.313,0.273333333,0.159333333,0.155,0.136666667,0.192666667,0.247333333,0.214,0.188333333,0.159333333,0.240666667,0.206,0.197333333,0.224333333,0.275666667,0.269,0.279,0.271333333
HL,y9,0.255333333,0.227333333,0.215,0.234,0.279333333,0.288,0.308666667,0.298,0.192,0.163,0.138,0.165333333,0.21,0.214666667,0.258333333,0.240333333,0.298333333,0.255,0.194666667,0.291333333,0.351333333,0.316666667,0.354,0.349666667,0.419333333,0.345333333,0.266666667,0.377,0.434333333,0.409333333,0.461333333,0.485333333,0.376,0.324,0.302666667,0.395333333,0.44,0.389333333,0.389666667,0.396,0.274333333,0.220666667,0.218666667,0.274,0.265333333,0.230333333,0.266,0.287333333,0.224,0.179333333,0.159333333,0.212666667,0.222,0.19,0.226666667,0.245,0.184333333,0.150333333,0.111,0.174,0.207333333,0.189666667,0.231666667,0.223333333,0.243333333,0.213333333,0.146333333,0.274,0.328666667,0.274333333,0.278,0.263666667,0.262333333,0.208333333,0.151,0.26,0.341666667,0.314666667,0.327,0.304333333,0.257333333,0.233333333,0.216333333,0.285,0.342666667,0.309666667,0.296666667,0.279333333,0.197666667,0.168333333,0.165333333,0.187333333,0.227,0.266333333,0.285666667,0.248333333
HL,y10,0.212666667,0.194666667,0.177,0.153333333,0.165333333,0.178666667,0.223333333,0.232,0.245,0.218,0.206333333,0.203333333,0.253,0.264666667,0.303,0.293333333,0.335333333,0.326333333,0.290666667,0.345,0.379,0.338,0.325333333,0.336,0.376666667,0.338333333,0.33,0.468666667,0.512333333,0.463333333,0.424,0.411666667,0.402666667,0.331,0.333666667,0.455333333,0.495333333,0.458333333,0.413666667,0.425,0.266,0.191333333,0.173,0.227333333,0.259,0.254666667,0.301666667,0.318,0.216666667,0.158,0.164666667,0.232333333,0.243333333,0.196666667,0.214666667,0.243,0.210666667,0.161666667,0.123666667,0.178,0.202333333,0.180666667,0.210333333,0.231,0.242333333,0.221333333,0.162,0.271333333,0.296666667,0.256666667,0.300666667,0.283333333,0.33,0.283333333,0.221,0.353,0.429666667,0.387,0.396333333,0.370666667,0.250666667,0.225,0.206333333,0.262333333,0.308666667,0.307333333,0.334333333,0.305,0.272333333,0.261666667,0.258666667,0.291333333,0.323333333,0.316666667,0.324,0.3
HL,y11,0.254666667,0.242,0.231,0.237,0.259333333,0.247666667,0.271,0.267,0.245,0.209,0.190666667,0.224,0.313333333,0.292666667,0.312,0.295666667,0.412666667,0.395,0.379333333,0.491333333,0.554666667,0.479666667,0.437,0.442,0.402666667,0.347,0.338666667,0.469,0.502333333,0.420333333,0.406,0.441,0.352,0.296,0.309333333,0.394666667,0.416,0.383333333,0.352333333,0.360333333,0.194,0.138666667,0.114666667,0.157666667,0.179,0.159,0.192666667,0.227,0.188333333,0.158666667,0.152333333,0.184,0.198333333,0.172666667,0.181,0.188,0.119,0.099333333,0.055,0.079333333,0.088,0.076666667,0.114666667,0.134666667,0.222,0.188666667,0.147333333,0.260666667,0.294333333,0.254,0.257666667,0.248333333,0.368333333,0.331666667,0.267333333,0.401,0.448666667,0.409,0.422,0.406333333,0.232666667,0.203,0.173333333,0.251333333,0.323666667,0.276666667,0.269666667,0.256333333,0.205333333,0.183333333,0.167666667,0.205333333,0.266333333,0.262666667,0.255666667,0.229333333
HL,y12,0.205666667,0.169333333,0.159,0.199333333,0.277666667,0.289333333,0.292333333,0.252666667,0.307666667,0.257,0.216333333,0.289333333,0.376,0.350333333,0.351,0.341333333,0.334333333,0.317,0.279333333,0.371333333,0.43,0.390666667,0.369,0.341333333,0.308333333,0.275,0.291333333,0.396666667,0.421,0.386333333,0.362,0.347666667,0.356333333,0.265666667,0.215666667,0.349333333,0.406333333,0.394,0.395333333,0.413666667,0.225666667,0.184666667,0.161,0.203,0.207666667,0.18,0.207333333,0.241666667,0.148666667,0.113666667,0.095666667,0.13,0.131333333,0.095333333,0.104,0.144,0.164333333,0.126333333,0.073,0.127,0.154666667,0.135,0.181666667,0.191333333,0.231333333,0.21,0.14,0.233,0.255,0.214,0.249666667,0.259666667,0.245,0.214666667,0.136,0.190666667,0.247,0.244333333,0.307333333,0.288333333,0.250666667,0.221333333,0.202,0.296,0.365666667,0.326333333,0.286666667,0.265,0.194333333,0.155666667,0.130666667,0.145333333,0.199666667,0.204333333,0.228,0.224
HL,y13,0.225,0.166666667,0.133,0.136333333,0.190666667,0.220666667,0.281333333,0.285666667,0.355666667,0.344333333,0.313,0.325333333,0.39,0.353666667,0.364666667,0.356,0.341,0.338333333,0.307333333,0.363666667,0.404666667,0.374,0.360666667,0.344666667,0.294666667,0.259,0.225333333,0.31,0.335666667,0.31,0.323,0.341,0.281,0.233666667,0.222,0.312333333,0.331333333,0.287,0.273,0.288,0.283,0.219333333,0.219333333,0.310666667,0.333333333,0.284,0.266,0.308666667,0.167666667,0.113333333,0.099666667,0.158666667,0.186666667,0.155,0.159666667,0.190666667,0.212,0.177666667,0.169,0.243,0.267666667,0.24,0.240666667,0.234,0.181,0.162,0.084333333,0.139666667,0.183,0.174,0.190333333,0.191666667,0.326666667,0.277666667,0.213333333,0.330666667,0.402,0.341,0.354,0.365333333,0.267,0.243666667,0.226,0.335666667,0.402333333,0.357333333,0.330333333,0.308,0.197333333,0.175666667,0.151333333,0.161333333,0.211666667,0.218666667,0.239666667,0.227
HL,y14,0.248,0.199,0.172333333,0.19,0.274333333,0.293666667,0.338666667,0.303333333,0.353333333,0.293666667,0.226,0.276333333,0.366,0.327666667,0.372,0.391666667,0.335333333,0.304666667,0.247,0.334,0.361,0.325,0.365333333,0.373333333,0.393666667,0.331666667,0.251333333,0.354666667,0.390666667,0.358,0.407666667,0.436666667,0.278333333,0.230666667,0.233,0.315333333,0.346,0.309333333,0.288,0.309,0.226,0.166333333,0.147666667,0.191666667,0.201,0.179666667,0.202333333,0.241,0.134,0.112666667,0.113666667,0.161666667,0.185,0.148333333,0.138333333,0.143,0.190666667,0.157333333,0.145333333,0.211666667,0.226333333,0.195666667,0.219333333,0.218333333,0.308666667,0.27,0.218666667,0.350333333,0.412333333,0.369666667,0.383666667,0.366,0.282666667,0.261333333,0.212666667,0.312333333,0.368666667,0.325,0.348,0.329,0.256,0.229333333,0.206,0.291,0.336,0.293,0.289,0.274333333,0.313333333,0.266,0.249666667,0.284,0.338333333,0.348666667,0.377666667,0.363333333
HL,y15,0.229666667,0.215333333,0.2,0.199666667,0.234333333,0.252,0.262333333,0.242666667,0.290333333,0.262333333,0.221333333,0.235666667,0.304333333,0.288333333,0.321333333,0.328333333,0.327333333,0.336333333,0.301333333,0.356,0.404333333,0.356666667,0.313,0.313666667,0.391333333,0.340333333,0.283,0.440666667,0.478333333,0.410333333,0.396,0.408333333,0.436,0.352,0.326333333,0.467666667,0.516333333,0.49,0.494666667,0.479666667,0.190666667,0.160666667,0.159,0.204333333,0.212,0.181666667,0.19,0.207666667,0.142333333,0.112666667,0.105666667,0.135,0.145666667,0.123,0.131,0.148666667,0.197,0.161666667,0.127666667,0.188333333,0.203,0.178333333,0.209666667,0.231,0.297,0.247,0.169333333,0.303,0.358333333,0.272666667,0.285666667,0.308333333,0.25,0.214333333,0.141,0.230333333,0.278,0.262,0.311666667,0.299333333,0.284666667,0.255333333,0.236666667,0.286333333,0.35,0.346333333,0.349666667,0.319,0.254333333,0.245,0.226333333,0.210333333,0.237,0.253,0.280666667,0.271666667
HL,y16,0.295333333,0.260333333,0.25,0.203666667,0.281333333,0.342666667,0.378666667,0.349,0.273333333,0.242,0.2,0.204,0.291333333,0.270333333,0.299,0.302666667,0.337666667,0.305333333,0.237333333,0.296666667,0.388,0.360666667,0.411666667,0.406333333,0.393,0.350666667,0.334,0.421666667,0.455666667,0.407,0.383,0.403,0.312666667,0.271,0.243333333,0.336666667,0.364,0.324333333,0.322333333,0.323,0.237333333,0.161333333,0.106666667,0.167,0.175333333,0.14,0.186333333,0.250333333,0.151,0.115,0.096,0.137,0.147666667,0.125333333,0.142333333,0.159333333,0.208666667,0.163666667,0.125666667,0.227,0.269666667,0.228,0.227333333,0.229,0.217333333,0.184666667,0.129333333,0.220333333,0.262333333,0.234333333,0.258,0.248666667,0.276666667,0.249666667,0.210333333,0.303333333,0.360333333,0.331,0.336333333,0.313333333,0.299,0.263333333,0.233666667,0.270666667,0.319333333,0.333,0.345666667,0.327,0.285666667,0.284333333,0.278,0.257666667,0.279,0.304666667,0.313,0.297333333
HL,y17,0.205666667,0.190333333,0.184,0.111666667,0.132,0.220333333,0.284666667,0.248,0.308,0.259333333,0.221,0.184666667,0.249666667,0.273,0.341666667,0.336,0.332333333,0.296666667,0.199,0.254,0.361333333,0.309,0.359333333,0.368666667,0.406333333,0.380333333,0.362666667,0.502,0.521,0.452,0.394333333,0.397666667,0.284666667,0.237666667,0.192666667,0.284333333,0.292333333,0.254333333,0.293,0.315666667,0.218666667,0.163666667,0.162333333,0.221666667,0.239333333,0.202666667,0.228666667,0.260666667,0.160666667,0.115666667,0.089333333,0.138666667,0.147333333,0.113666667,0.137333333,0.165333333,0.118666667,0.094,0.071666667,0.122666667,0.145666667,0.129333333,0.141,0.13,0.271,0.248333333,0.162666667,0.268666667,0.311666667,0.278666667,0.335,0.321666667,0.313666667,0.27,0.213666667,0.347,0.414666667,0.357666667,0.374,0.359666667,0.228,0.209666667,0.185333333,0.242333333,0.297666667,0.274,0.266333333,0.245333333,0.207,0.186,0.172666667,0.206,0.252666667,0.252333333,0.262,0.245333333
HL,y18,0.115666667,0.084,0.068666667,0.091333333,0.131,0.132333333,0.137333333,0.129666667,0.278666667,0.232,0.181333333,0.278666667,0.368333333,0.320333333,0.337,0.33,0.357,0.334333333,0.306,0.421666667,0.455666667,0.377333333,0.338,0.36,0.386,0.339,0.348333333,0.492,0.535,0.474333333,0.418666667,0.422333333,0.274666667,0.231333333,0.226666667,0.311666667,0.327333333,0.304333333,0.311666667,0.314,0.152666667,0.101666667,0.078666667,0.119666667,0.124333333,0.096666667,0.145333333,0.17,0.178333333,0.138,0.133333333,0.188333333,0.187666667,0.150333333,0.173666667,0.204333333,0.205,0.166333333,0.130666667,0.215666667,0.256666667,0.218333333,0.217666667,0.219333333,0.199333333,0.183,0.136,0.191666667,0.208666667,0.181333333,0.228666667,0.228,0.264666667,0.236333333,0.215333333,0.315333333,0.355666667,0.321333333,0.328666667,0.312333333,0.168333333,0.148666667,0.133666667,0.145333333,0.176,0.194666667,0.196333333,0.169666667,0.222666667,0.211,0.212666667,0.178,0.197666667,0.258666667,0.286666667,0.257
HL,y19,0.194666667,0.172666667,0.176,0.12,0.135666667,0.202333333,0.256333333,0.227333333,0.306333333,0.253333333,0.220666667,0.205,0.301666667,0.324,0.412333333,0.391,0.392666667,0.357,0.286,0.385666667,0.503666667,0.424333333,0.414333333,0.407333333,0.357333333,0.321,0.329666667,0.452333333,0.476333333,0.423666667,0.403666667,0.390333333,0.361666667,0.300666667,0.296666667,0.413666667,0.427,0.376666667,0.382,0.403333333,0.238,0.179,0.170333333,0.236,0.253,0.204,0.229333333,0.259333333,0.245333333,0.192666667,0.164333333,0.220333333,0.231333333,0.211,0.243666667,0.271666667,0.185,0.165333333,0.118333333,0.187666667,0.211333333,0.153,0.191666667,0.195333333,0.285666667,0.266666667,0.219666667,0.326666667,0.353333333,0.316,0.326,0.311666667,0.282333333,0.252,0.201333333,0.291333333,0.324333333,0.305666667,0.330333333,0.312666667,0.293,0.271666667,0.257,0.289,0.331,0.358,0.372666667,0.339333333,0.216,0.197,0.189666667,0.147666667,0.169,0.235666667,0.266666667,0.240333333
HL,y20,0.262666667,0.249666667,0.237333333,0.186,0.222,0.231,0.270333333,0.272333333,0.209333333,0.181333333,0.158,0.133666667,0.19,0.183666667,0.233666667,0.228333333,0.232666667,0.201666667,0.13,0.218333333,0.304333333,0.243333333,0.238333333,0.238666667,0.347333333,0.314333333,0.248333333,0.38,0.408333333,0.361,0.342333333,0.352666667,0.294333333,0.259333333,0.259333333,0.32,0.323666667,0.283333333,0.280333333,0.308,0.198666667,0.137666667,0.105333333,0.142666667,0.157666667,0.134333333,0.171333333,0.211333333,0.230666667,0.191333333,0.176,0.238666667,0.254,0.203666667,0.216,0.240666667,0.125333333,0.096333333,0.059666667,0.088666667,0.101,0.071333333,0.109333333,0.138666667,0.165333333,0.146333333,0.106333333,0.165333333,0.186,0.158666667,0.186,0.192333333,0.305,0.293,0.252,0.343,0.386666667,0.341666667,0.340333333,0.312333333,0.271,0.252333333,0.228,0.274333333,0.352666667,0.355,0.373666667,0.336333333,0.258,0.246666667,0.236666667,0.240666667,0.268333333,0.282666667,0.284,0.267333333
HL,y21,0.255666667,0.226333333,0.206666667,0.182666667,0.225,0.262666667,0.300666667,0.278666667,0.269,0.246666667,0.212666667,0.217,0.268666667,0.263333333,0.302666667,0.283,0.379666667,0.346,0.27,0.335333333,0.414333333,0.382333333,0.414,0.410666667,0.415333333,0.375666667,0.330666667,0.465333333,0.508,0.466,0.425666667,0.429,0.331,0.284,0.303,0.389333333,0.403,0.354333333,0.313666667,0.344333333,0.237666667,0.173333333,0.151666667,0.225,0.227333333,0.181333333,0.202,0.258666667,0.153666667,0.110666667,0.102666667,0.147333333,0.148666667,0.128333333,0.142,0.158,0.154666667,0.127666667,0.1,0.168,0.188,0.157,0.177,0.182333333,0.171,0.149666667,0.086,0.158666667,0.181666667,0.146333333,0.179333333,0.183333333,0.361666667,0.326333333,0.270666667,0.404666667,0.460666667,0.397333333,0.413666667,0.396666667,0.199666667,0.187666667,0.180666667,0.236333333,0.270666667,0.266,0.257666667,0.225333333,0.201,0.182,0.184,0.189333333,0.211,0.242333333,0.261,0.234
HL,y22,0.269666667,0.235333333,0.226,0.219333333,0.289,0.308666667,0.336333333,0.312666667,0.210333333,0.173,0.149666667,0.191333333,0.272,0.252,0.252333333,0.245666667,0.351333333,0.32,0.264,0.377666667,0.444666667,0.403333333,0.425666667,0.401,0.416,0.384,0.376333333,0.473666667,0.48,0.434,0.401666667,0.413666667,0.435666667,0.365,0.374,0.499666667,0.51,0.438,0.442333333,0.471666667,0.193333333,0.144333333,0.119,0.166,0.176,0.143333333,0.160333333,0.203333333,0.202,0.149666667,0.128666667,0.181666667,0.195333333,0.169666667,0.224,0.239333333,0.150666667,0.119666667,0.106333333,0.161333333,0.173,0.144666667,0.165333333,0.174,0.247666667,0.231333333,0.194666667,0.256,0.255,0.224666667,0.283333333,0.280666667,0.304333333,0.273333333,0.219666667,0.342333333,0.406,0.317,0.293333333,0.304,0.193666667,0.173333333,0.156,0.232666667,0.3,0.248666667,0.215666667,0.203,0.263666667,0.238,0.225,0.183333333,0.193666667,0.252666667,0.296333333,0.284666667
HL,y23,0.273666667,0.269,0.249,0.182,0.214333333,0.260333333,0.32,0.312333333,0.344,0.313,0.269333333,0.247333333,0.337333333,0.325333333,0.390333333,0.381666667,0.194666667,0.171333333,0.125666667,0.182666667,0.252,0.219333333,0.233,0.217666667,0.395333333,0.380666667,0.352333333,0.484666667,0.521333333,0.468666667,0.417333333,0.388,0.443333333,0.381666667,0.367333333,0.453333333,0.482333333,0.462666667,0.477,0.482333333,0.231666667,0.160333333,0.141666667,0.188,0.206,0.195333333,0.235666667,0.27,0.191333333,0.147,0.146666667,0.219666667,0.244666667,0.205666667,0.2,0.208,0.178333333,0.154,0.131333333,0.206,0.229666667,0.189666667,0.208333333,0.216333333,0.246666667,0.221,0.177666667,0.270333333,0.290666667,0.238666667,0.244333333,0.247,0.291666667,0.258,0.201666667,0.311,0.351,0.302,0.319666667,0.322333333,0.251666667,0.214,0.182666667,0.269,0.334333333,0.312,0.298666667,0.279,0.250666667,0.225333333,0.203,0.223333333,0.256666667,0.262,0.268333333,0.248666667
HL,y24,0.248,0.221666667,0.206333333,0.227,0.266333333,0.267666667,0.296666667,0.291666667,0.203666667,0.179333333,0.139333333,0.197333333,0.297333333,0.258,0.261666667,0.242333333,0.399666667,0.349333333,0.271333333,0.382333333,0.431,0.348333333,0.370666667,0.398666667,0.359666667,0.320333333,0.302,0.412,0.429666667,0.379333333,0.387666667,0.395666667,0.315,0.255,0.206333333,0.285333333,0.297333333,0.27,0.292666667,0.339333333,0.257666667,0.201333333,0.188333333,0.238,0.238,0.202,0.232666667,0.268333333,0.219,0.181,0.174333333,0.218,0.239666667,0.194666667,0.214666667,0.236,0.141666667,0.122,0.09,0.130666667,0.130333333,0.107,0.137333333,0.148,0.263333333,0.230666667,0.168666667,0.269666667,0.301333333,0.247,0.286666667,0.284,0.264,0.234333333,0.168,0.259,0.319666667,0.293,0.334333333,0.305,0.227666667,0.200333333,0.180333333,0.212333333,0.256333333,0.257666667,0.282,0.269666667,0.326666667,0.295,0.278333333,0.342,0.399333333,0.376,0.383333333,0.362
HL,y25,0.308,0.284333333,0.262666667,0.279,0.326,0.335,0.376,0.355666667,0.328333333,0.278,0.209666667,0.308,0.424,0.360666667,0.376666667,0.363333333,0.31,0.297,0.278,0.346666667,0.382333333,0.335333333,0.329666667,0.326,0.414,0.353,0.297,0.424666667,0.440333333,0.389666667,0.410666667,0.446,0.441333333,0.388666667,0.387,0.485666667,0.509666667,0.462333333,0.457,0.456,0.239,0.189333333,0.179666667,0.222666667,0.212333333,0.183333333,0.219333333,0.25,0.139333333,0.112666667,0.082666667,0.114,0.119666667,0.081,0.111666667,0.144333333,0.163333333,0.159,0.134666667,0.168333333,0.163,0.123333333,0.160666667,0.169666667,0.257666667,0.228666667,0.163333333,0.259333333,0.292666667,0.239666667,0.291666667,0.296,0.310666667,0.276333333,0.217333333,0.314,0.355666667,0.337666667,0.365333333,0.339666667,0.304666667,0.309,0.323666667,0.432666667,0.472666667,0.422,0.397,0.353,0.212,0.205333333,0.198333333,0.197333333,0.215,0.226666667,0.229666667,0.213333333
HL,y26,0.189,0.169333333,0.157333333,0.105666667,0.128,0.201333333,0.238,0.210333333,0.273,0.245333333,0.216333333,0.187,0.246333333,0.255333333,0.312333333,0.299,0.307666667,0.278666667,0.255,0.353,0.384,0.328,0.350333333,0.348,0.377333333,0.347666667,0.311333333,0.417666667,0.426666667,0.373333333,0.375666667,0.384666667,0.291,0.241,0.211666667,0.298666667,0.301666667,0.261666667,0.302666667,0.344666667,0.248666667,0.208,0.216,0.279666667,0.293333333,0.253,0.269,0.263,0.151666667,0.105666667,0.062,0.102333333,0.107333333,0.086666667,0.137,0.178666667,0.188,0.166666667,0.133666667,0.200666667,0.217,0.173333333,0.222333333,0.234,0.265666667,0.260666667,0.235333333,0.28,0.286666667,0.259333333,0.294666667,0.279333333,0.296666667,0.239333333,0.204,0.297666667,0.354666667,0.32,0.370666667,0.364666667,0.326333333,0.305,0.289666667,0.348666667,0.391666667,0.379666667,0.38,0.353,0.238666667,0.199,0.183666667,0.172666667,0.239,0.301666667,0.329333333,0.291
HN,y1,0.16,0.153666667,0.143,0.146333333,0.140666667,0.127666667,0.157,0.163,0.145666667,0.121,0.092333333,0.083,0.075666667,0.074666667,0.146333333,0.161666667,0.189333333,0.174,0.132666667,0.163666667,0.178333333,0.199333333,0.210666667,0.214666667,0.161333333,0.15,0.141333333,0.165333333,0.173333333,0.162333333,0.170333333,0.182333333,0.294333333,0.278333333,0.232333333,0.249333333,0.233,0.207333333,0.221,0.305333333,0.204,0.199666667,0.161666667,0.213666667,0.195333333,0.158333333,0.159,0.193666667,0.292666667,0.248666667,0.181,0.290333333,0.273,0.235,0.228333333,0.281333333,0.154666667,0.141,0.114,0.155666667,0.156333333,0.154666667,0.149666667,0.168333333,0.171666667,0.159333333,0.139,0.158333333,0.156666667,0.182,0.232666667,0.220333333,0.164666667,0.167666667,0.154333333,0.170333333,0.165666667,0.185666667,0.209666667,0.185,0.103666667,0.117333333,0.131333333,0.140666667,0.152,0.163333333,0.181,0.142,0.161,0.151666667,0.130666667,0.101333333,0.085,0.104666667,0.183,0.178666667
HN,y2,0.177333333,0.153333333,0.132333333,0.141666667,0.144,0.155,0.174666667,0.197333333,0.251333333,0.222333333,0.202333333,0.199,0.200666667,0.236,0.292666667,0.284666667,0.226333333,0.212333333,0.190666667,0.193,0.174666667,0.188,0.218333333,0.245333333,0.26,0.224333333,0.201333333,0.271,0.257666667,0.232,0.247666667,0.285,0.125333333,0.112333333,0.111,0.133666667,0.113666667,0.119333333,0.149333333,0.152333333,0.239333333,0.202333333,0.195,0.284,0.275,0.226666667,0.231333333,0.283,0.230333333,0.247333333,0.22,0.313333333,0.317,0.251333333,0.201,0.218,0.134666667,0.127,0.102,0.130333333,0.141333333,0.136,0.135333333,0.138,0.108666667,0.099,0.085,0.073666667,0.068666667,0.108,0.182666667,0.166,0.169666667,0.168,0.144333333,0.139666667,0.132,0.166666667,0.244666667,0.215666667,0.189666667,0.191333333,0.194333333,0.193666667,0.168,0.168,0.239,0.229,0.128,0.110666667,0.094333333,0.086333333,0.095,0.102,0.169666667,0.150666667
HN,y3,0.223666667,0.206666667,0.177,0.165,0.160666667,0.160666667,0.219666667,0.245,0.141,0.139333333,0.129,0.118666667,0.125333333,0.139,0.153,0.163666667,0.149,0.167,0.144666667,0.158,0.167333333,0.141,0.143,0.158,0.244666667,0.251333333,0.207333333,0.196666667,0.185,0.181333333,0.191666667,0.221,0.265666667,0.245666667,0.187333333,0.222666667,0.193,0.170333333,0.166,0.245666667,0.113,0.112333333,0.078333333,0.105333333,0.128666667,0.113333333,0.107666667,0.120666667,0.148666667,0.156333333,0.104666667,0.13,0.132333333,0.124333333,0.124666667,0.138666667,0.155,0.138333333,0.102,0.144666667,0.171333333,0.188666667,0.203666667,0.196666667,0.136,0.140333333,0.136333333,0.126666667,0.118333333,0.148333333,0.187666667,0.182,0.124333333,0.114666667,0.103333333,0.094,0.094666667,0.094333333,0.098666667,0.115333333,0.146,0.144333333,0.124666667,0.133,0.165,0.155,0.18,0.157333333,0.177333333,0.182333333,0.161666667,0.169,0.180666667,0.176333333,0.168666667,0.161
HN,y4,0.195,0.181666667,0.144,0.181666667,0.220666667,0.220333333,0.201333333,0.196,0.224666667,0.229,0.194,0.202333333,0.234333333,0.237,0.23,0.237,0.222333333,0.198333333,0.191,0.229666667,0.226,0.209,0.228,0.264,0.290666667,0.284,0.238,0.265666667,0.250333333,0.220333333,0.248333333,0.280666667,0.184666667,0.178666667,0.144333333,0.174,0.203666667,0.216333333,0.216333333,0.203333333,0.149666667,0.151,0.131666667,0.196,0.2,0.176666667,0.164666667,0.166666667,0.290333333,0.276,0.255,0.378,0.343666667,0.271666667,0.222666667,0.269666667,0.215333333,0.186666667,0.154333333,0.243333333,0.207333333,0.154333333,0.157333333,0.223333333,0.122666667,0.122666667,0.101666667,0.105666667,0.12,0.151,0.167333333,0.142333333,0.19,0.23,0.188666667,0.176666667,0.193333333,0.239,0.277666667,0.218666667,0.128666667,0.130333333,0.119666667,0.099666667,0.128,0.143333333,0.187333333,0.156666667,0.195,0.206333333,0.172666667,0.143333333,0.168,0.189666667,0.232,0.202
HN,y5,0.183666667,0.193333333,0.148,0.139666667,0.146666667,0.140666667,0.178666667,0.171666667,0.211,0.206666667,0.167333333,0.19,0.204,0.177,0.207666667,0.213333333,0.286666667,0.273666667,0.219666667,0.245666667,0.264333333,0.28,0.296333333,0.307333333,0.261666667,0.263333333,0.225666667,0.250666667,0.250666667,0.25,0.269666667,0.271666667,0.206333333,0.165666667,0.124666667,0.161333333,0.171333333,0.162333333,0.175333333,0.214666667,0.165666667,0.172333333,0.165333333,0.207666667,0.204,0.19,0.175666667,0.189666667,0.092333333,0.104666667,0.068,0.068333333,0.082666667,0.095333333,0.091,0.087666667,0.110666667,0.129,0.111,0.133,0.136,0.119333333,0.095,0.104333333,0.209333333,0.208666667,0.181,0.233333333,0.264,0.256,0.239666667,0.223666667,0.146,0.156666667,0.149333333,0.147333333,0.149333333,0.168333333,0.194,0.164666667,0.156666667,0.163333333,0.152333333,0.139333333,0.144333333,0.146666667,0.177666667,0.171666667,0.22,0.198666667,0.155,0.141333333,0.175,0.202666667,0.26,0.222333333
HN,y6,0.232666667,0.237666667,0.208666667,0.216,0.236,0.251,0.253333333,0.232666667,0.122,0.122666667,0.112666667,0.144333333,0.150333333,0.142,0.142,0.128333333,0.151666667,0.160333333,0.126,0.124,0.129333333,0.129666667,0.163666667,0.174666667,0.203,0.215666667,0.198666667,0.213,0.22,0.203,0.194333333,0.193,0.210666667,0.209333333,0.155333333,0.166333333,0.170666667,0.157333333,0.171333333,0.206666667,0.194333333,0.186666667,0.191,0.311333333,0.322666667,0.275,0.233333333,0.232333333,0.205,0.172666667,0.142666667,0.217666667,0.195333333,0.167666667,0.170666667,0.220333333,0.148333333,0.130333333,0.091666667,0.112666667,0.132333333,0.141666667,0.136333333,0.152333333,0.263,0.247333333,0.210333333,0.253333333,0.273666667,0.275666667,0.310333333,0.309666667,0.209333333,0.212666667,0.195333333,0.166,0.163333333,0.198666667,0.213333333,0.219333333,0.236,0.232333333,0.199,0.252666667,0.284,0.271,0.249666667,0.234666667,0.201333333,0.195666667,0.145333333,0.138,0.153,0.159,0.169333333,0.177666667
HN,y7,0.179333333,0.170333333,0.143333333,0.173,0.193666667,0.207666667,0.220666667,0.201333333,0.210666667,0.197333333,0.166333333,0.155666667,0.190666667,0.200666667,0.211666667,0.216,0.221333333,0.231666667,0.202333333,0.237,0.244333333,0.243,0.247333333,0.261666667,0.220333333,0.235,0.194,0.178,0.171333333,0.161333333,0.186666667,0.207666667,0.136333333,0.12,0.101666667,0.111666667,0.127,0.122,0.107333333,0.139,0.157,0.152333333,0.113666667,0.157666667,0.154666667,0.141333333,0.135,0.167,0.171666667,0.156333333,0.121,0.189666667,0.189,0.170666667,0.162666667,0.174666667,0.083666667,0.089333333,0.072,0.095666667,0.108666667,0.112,0.093,0.092,0.208333333,0.237,0.201666667,0.229,0.263,0.271,0.244,0.238666667,0.177333333,0.186666667,0.166333333,0.177333333,0.165,0.167,0.208666667,0.189,0.156,0.149666667,0.118333333,0.117333333,0.163333333,0.172666667,0.2,0.176,0.289,0.292666667,0.243333333,0.236666667,0.241333333,0.234666667,0.233333333,0.258666667
HN,y8,0.166666667,0.183333333,0.139,0.110666667,0.146333333,0.158333333,0.157333333,0.155,0.126,0.137,0.126,0.111666667,0.1,0.098666667,0.137,0.131666667,0.198666667,0.180666667,0.141666667,0.169333333,0.199333333,0.177333333,0.205666667,0.236666667,0.296,0.281,0.263,0.304,0.309666667,0.324333333,0.328333333,0.320666667,0.133333333,0.148333333,0.138666667,0.155666667,0.157333333,0.151666667,0.142666667,0.144,0.126333333,0.132333333,0.108666667,0.152,0.142333333,0.113333333,0.119333333,0.145,0.131333333,0.121,0.085666667,0.125333333,0.131333333,0.120666667,0.105666667,0.131333333,0.154666667,0.161666667,0.124666667,0.172666667,0.191666667,0.180333333,0.165333333,0.161,0.216666667,0.219333333,0.195,0.222333333,0.237666667,0.239333333,0.251333333,0.248666667,0.160333333,0.138333333,0.115666667,0.117666667,0.136666667,0.128333333,0.153333333,0.166,0.200333333,0.210666667,0.175,0.169333333,0.179666667,0.176,0.221,0.217666667,0.231333333,0.233,0.211666667,0.211666667,0.215666667,0.208,0.223666667,0.225333333
HN,y9,0.127333333,0.116666667,0.106,0.116666667,0.145666667,0.144333333,0.176,0.162,0.252666667,0.258,0.238,0.252333333,0.229666667,0.214,0.227333333,0.242666667,0.298333333,0.272,0.242666667,0.269,0.282666667,0.287,0.309333333,0.327333333,0.265666667,0.282666667,0.237333333,0.289333333,0.304333333,0.315666667,0.293333333,0.281666667,0.195,0.186666667,0.152333333,0.179666667,0.178,0.161333333,0.154666667,0.178333333,0.159,0.139,0.114333333,0.178666667,0.195666667,0.164333333,0.151,0.174666667,0.297,0.255666667,0.234333333,0.408666667,0.376,0.275,0.225,0.277333333,0.202,0.184333333,0.156333333,0.170666667,0.162,0.191333333,0.192,0.200333333,0.170666667,0.164,0.148333333,0.132333333,0.130666667,0.163666667,0.211666667,0.194,0.238,0.219,0.188,0.19,0.22,0.272666667,0.311,0.274,0.251333333,0.239666667,0.204,0.227,0.234,0.259,0.309,0.277666667,0.2,0.180333333,0.136,0.131,0.145,0.171,0.214333333,0.200333333
HN,y10,0.133666667,0.126666667,0.099,0.142666667,0.158666667,0.164666667,0.168,0.148333333,0.244666667,0.205666667,0.154666667,0.158666667,0.210666667,0.214666667,0.287666667,0.289666667,0.243666667,0.233,0.206333333,0.241333333,0.228666667,0.228666667,0.245333333,0.261333333,0.294333333,0.295,0.208,0.243,0.243333333,0.227333333,0.290666667,0.326666667,0.257,0.229333333,0.163,0.195666667,0.189333333,0.138333333,0.166333333,0.251,0.131,0.134,0.114666667,0.143,0.139,0.122,0.135666667,0.148333333,0.216,0.202,0.159333333,0.242666667,0.257,0.212666667,0.185,0.213666667,0.199,0.191,0.161,0.183333333,0.181,0.187666667,0.194666667,0.211666667,0.18,0.182,0.150666667,0.166333333,0.202,0.241,0.245333333,0.204333333,0.205666667,0.202666667,0.155,0.156,0.170666667,0.202,0.267666667,0.236,0.177,0.186666667,0.148,0.144666667,0.149,0.148,0.202666667,0.206,0.229,0.217666667,0.177,0.169,0.186333333,0.203666667,0.235,0.223
HN,y11,0.163666667,0.140333333,0.117333333,0.113666667,0.113666667,0.126666667,0.175,0.183666667,0.249333333,0.231,0.212333333,0.236333333,0.217,0.195,0.183,0.216666667,0.212666667,0.215333333,0.200666667,0.223666667,0.237333333,0.222,0.232,0.238333333,0.233,0.222333333,0.194333333,0.263,0.255,0.207,0.230666667,0.256333333,0.176,0.156666667,0.117,0.146333333,0.169333333,0.18,0.163,0.172,0.106,0.116,0.081,0.085666667,0.095,0.097333333,0.096666667,0.116333333,0.269666667,0.252,0.232,0.339666667,0.343666667,0.310333333,0.258,0.280666667,0.201333333,0.173,0.177,0.230333333,0.21,0.205666667,0.224666667,0.231666667,0.230333333,0.234666667,0.215333333,0.220333333,0.215666667,0.243,0.264333333,0.255666667,0.230666667,0.207333333,0.174,0.207333333,0.223333333,0.240333333,0.275666667,0.278333333,0.207,0.193666667,0.154,0.140333333,0.144,0.148666667,0.178333333,0.189666667,0.214,0.210666667,0.169333333,0.174333333,0.234333333,0.252,0.263666667,0.229666667
HN,y12,0.254333333,0.248,0.201666667,0.218333333,0.219,0.222666667,0.251333333,0.262,0.260666667,0.268,0.240333333,0.25,0.262,0.264666667,0.251333333,0.256,0.164666667,0.170333333,0.149,0.149666667,0.158666667,0.152,0.211333333,0.206333333,0.302333333,0.263333333,0.206333333,0.26,0.287,0.271666667,0.307,0.33,0.239333333,0.216333333,0.174333333,0.221333333,0.200333333,0.188,0.193,0.237666667,0.156,0.133333333,0.077333333,0.102666667,0.101333333,0.096666667,0.122,0.167333333,0.313333333,0.287666667,0.272666667,0.387,0.386666667,0.337,0.282333333,0.314,0.112,0.114666667,0.069,0.076,0.094,0.106666667,0.114666667,0.126333333,0.156333333,0.158,0.140666667,0.185,0.196,0.181,0.176,0.186333333,0.118333333,0.13,0.111,0.091333333,0.094666667,0.108,0.130666667,0.113,0.172333333,0.179,0.147666667,0.128333333,0.144666667,0.145666667,0.188666667,0.185,0.165666667,0.160666667,0.141666667,0.142,0.161666667,0.158,0.184,0.161
HN,y13,0.177,0.184333333,0.161,0.173333333,0.181666667,0.166333333,0.173333333,0.163333333,0.179333333,0.163,0.145,0.130666667,0.151666667,0.155333333,0.204,0.205,0.271333333,0.246,0.207,0.238666667,0.237666667,0.238,0.284666667,0.295333333,0.230666667,0.229333333,0.197666667,0.228333333,0.234333333,0.221333333,0.236333333,0.262333333,0.293666667,0.264333333,0.158333333,0.155333333,0.171333333,0.171333333,0.227,0.293666667,0.143666667,0.143333333,0.087,0.108333333,0.109,0.098333333,0.099666667,0.120666667,0.273333333,0.236666667,0.24,0.405,0.381333333,0.303,0.253666667,0.297,0.168,0.170333333,0.174333333,0.239,0.263666667,0.260666667,0.238666667,0.199666667,0.212333333,0.209333333,0.162666667,0.197333333,0.203333333,0.216666667,0.232666667,0.224333333,0.214333333,0.214666667,0.202333333,0.189666667,0.165,0.185666667,0.247666667,0.247666667,0.208,0.249333333,0.223333333,0.182333333,0.19,0.203333333,0.257333333,0.222333333,0.207,0.197,0.155666667,0.158,0.16,0.154333333,0.191666667,0.188666667
HN,y14,0.294666667,0.295666667,0.28,0.284333333,0.278666667,0.284,0.250333333,0.263333333,0.235,0.220666667,0.153666667,0.168,0.182666667,0.194,0.202666667,0.229333333,0.175333333,0.18,0.168333333,0.181666667,0.166,0.148333333,0.190666667,0.199666667,0.233,0.208333333,0.157,0.182,0.183666667,0.17,0.199,0.265,0.213,0.202333333,0.173333333,0.225333333,0.226333333,0.191666667,0.174,0.219666667,0.158666667,0.168666667,0.136333333,0.170333333,0.176333333,0.154,0.14,0.151,0.168666667,0.158,0.152333333,0.231,0.21,0.171666667,0.169333333,0.194,0.140666667,0.133666667,0.107333333,0.145666667,0.124333333,0.105,0.124666667,0.14,0.158666667,0.158333333,0.132,0.136,0.133333333,0.150333333,0.189,0.184,0.201666667,0.187333333,0.14,0.126,0.110333333,0.133333333,0.195333333,0.19,0.151333333,0.148,0.120666667,0.107666667,0.119333333,0.121666667,0.164666667,0.168666667,0.230666667,0.233333333,0.203666667,0.182666667,0.175333333,0.148,0.206333333,0.224333333
HN,y15,0.234,0.201333333,0.141,0.108333333,0.117,0.136666667,0.191333333,0.215666667,0.248,0.228333333,0.222,0.228333333,0.21,0.211,0.278666667,0.288,0.217,0.239333333,0.203666667,0.222,0.214,0.190333333,0.194333333,0.214333333,0.193333333,0.172333333,0.133666667,0.173666667,0.17,0.139333333,0.147,0.181,0.185,0.171666667,0.144333333,0.173,0.157666667,0.153666667,0.147,0.187,0.157,0.137666667,0.092333333,0.104,0.089666667,0.08,0.113333333,0.158666667,0.196,0.171666667,0.167,0.283333333,0.240333333,0.177666667,0.146,0.180666667,0.193666667,0.172,0.155,0.184666667,0.181,0.181,0.198,0.222,0.176,0.155333333,0.14,0.124666667,0.105666667,0.140333333,0.190666667,0.208,0.132666667,0.147666667,0.124666667,0.096333333,0.099,0.119333333,0.176666667,0.153666667,0.284666667,0.279,0.241333333,0.236,0.244666667,0.252666667,0.277333333,0.287333333,0.204666667,0.212,0.177,0.167,0.148,0.142,0.183333333,0.192333333
HN,y16,0.195,0.204,0.188333333,0.195666667,0.222666667,0.207666667,0.216333333,0.211666667,0.271,0.255666667,0.227666667,0.237666667,0.237666667,0.238333333,0.251333333,0.275666667,0.366,0.311,0.261666667,0.318,0.343666667,0.314333333,0.361666667,0.419666667,0.258666667,0.222666667,0.225333333,0.248,0.253333333,0.252666667,0.267666667,0.287333333,0.209,0.201333333,0.163,0.187666667,0.178666667,0.177666667,0.182,0.216,0.147333333,0.131333333,0.094,0.123666667,0.143666667,0.136333333,0.169666667,0.176333333,0.208,0.193333333,0.148333333,0.246333333,0.206,0.149,0.169,0.217,0.219333333,0.188333333,0.136,0.197,0.183,0.153333333,0.184666667,0.223333333,0.204333333,0.208333333,0.183333333,0.183333333,0.19,0.203,0.201666667,0.213333333,0.227333333,0.249666667,0.218,0.219,0.268666667,0.271666667,0.236666667,0.216,0.199,0.184,0.142333333,0.117333333,0.143,0.153666667,0.199666667,0.189,0.271666667,0.26,0.213,0.157333333,0.167666667,0.175666667,0.225,0.258666667
HN,y17,0.226333333,0.213333333,0.177,0.198,0.211,0.215666667,0.224666667,0.228666667,0.196333333,0.187333333,0.154,0.137,0.130666667,0.144666667,0.172,0.190666667,0.217,0.216666667,0.167666667,0.192666667,0.205666667,0.185666667,0.182333333,0.203666667,0.275,0.263333333,0.204333333,0.239333333,0.212,0.185,0.208666667,0.275666667,0.313,0.286666667,0.219666667,0.260666667,0.254333333,0.253333333,0.282666667,0.313666667,0.142333333,0.152333333,0.129,0.160333333,0.133,0.117,0.111666667,0.125666667,0.214,0.209333333,0.18,0.271,0.236666667,0.207666667,0.198666667,0.224666667,0.185,0.156,0.136333333,0.209,0.198666667,0.187333333,0.205666667,0.205666667,0.159333333,0.163,0.148,0.142333333,0.138,0.172,0.205333333,0.191,0.229333333,0.216666667,0.200333333,0.216666667,0.212666667,0.209666667,0.243333333,0.240666667,0.196333333,0.191666667,0.148,0.110666667,0.101666667,0.121333333,0.187,0.200666667,0.280666667,0.264333333,0.218,0.191,0.199,0.212333333,0.274666667,0.288333333
HN,y18,0.202,0.185666667,0.17,0.173333333,0.152666667,0.156,0.196666667,0.209666667,0.227666667,0.202333333,0.172333333,0.192666667,0.188333333,0.195333333,0.208666667,0.228333333,0.154,0.159,0.136,0.147,0.161666667,0.166333333,0.166333333,0.166,0.220666667,0.174333333,0.142333333,0.191333333,0.197,0.176666667,0.208333333,0.24,0.147,0.15,0.114333333,0.135333333,0.124666667,0.155333333,0.18,0.192666667,0.119333333,0.132666667,0.084333333,0.098666667,0.100666667,0.089333333,0.084666667,0.091333333,0.224333333,0.211333333,0.177333333,0.308666667,0.285,0.211666667,0.204333333,0.232666667,0.193,0.217,0.177333333,0.194333333,0.192666667,0.189666667,0.179,0.184666667,0.112666667,0.115666667,0.094666667,0.11,0.105,0.096333333,0.119,0.13,0.148666667,0.164333333,0.123333333,0.124666667,0.123,0.12,0.147666667,0.136666667,0.166666667,0.172,0.146333333,0.156,0.167333333,0.161,0.191666667,0.179,0.216,0.221333333,0.181333333,0.201,0.201666667,0.188666667,0.208,0.207
HN,y19,0.145666667,0.152666667,0.120333333,0.120333333,0.142,0.127666667,0.155333333,0.137666667,0.198666667,0.208666667,0.202666667,0.213333333,0.204,0.182,0.191,0.205,0.252333333,0.232,0.196666667,0.205,0.21,0.178,0.204,0.233,0.258666667,0.243333333,0.201666667,0.205666667,0.180333333,0.154666667,0.201333333,0.260333333,0.213666667,0.217666667,0.172,0.161666667,0.151333333,0.140333333,0.164,0.195333333,0.147666667,0.129,0.108333333,0.160666667,0.152333333,0.153,0.155,0.171666667,0.376333333,0.332,0.328,0.471333333,0.411333333,0.345,0.373,0.409333333,0.280333333,0.234666667,0.242666667,0.343333333,0.315333333,0.285333333,0.275333333,0.294666667,0.181333333,0.188,0.178666667,0.185,0.179666667,0.198333333,0.245666667,0.213333333,0.199,0.179666667,0.147,0.135333333,0.162,0.19,0.259666667,0.231333333,0.201333333,0.210666667,0.186,0.159,0.135666667,0.123666667,0.174666667,0.193,0.213666667,0.211666667,0.166,0.137,0.162,0.151666667,0.193666667,0.202333333
HN,y20,0.202,0.198666667,0.155666667,0.126666667,0.152333333,0.118666667,0.192666667,0.212,0.254,0.247,0.235666667,0.264666667,0.263,0.255666667,0.226333333,0.236666667,0.195,0.183,0.162666667,0.189333333,0.201666667,0.157,0.153666667,0.203666667,0.182666667,0.176,0.152666667,0.151,0.160666667,0.147666667,0.158666667,0.189,0.193666667,0.188333333,0.136666667,0.158666667,0.165333333,0.165333333,0.182,0.209333333,0.103333333,0.120666667,0.098,0.118666667,0.108333333,0.073333333,0.073,0.097,0.068666667,0.071666667,0.069,0.077,0.07,0.053666667,0.068,0.083666667,0.098333333,0.095666667,0.093,0.099333333,0.080666667,0.089,0.089333333,0.096,0.133333333,0.121333333,0.112,0.096,0.081666667,0.106,0.146,0.172,0.179666667,0.185,0.148,0.154,0.138333333,0.133333333,0.196,0.211666667,0.183666667,0.173333333,0.146666667,0.159333333,0.161666667,0.142333333,0.173333333,0.166333333,0.207,0.206,0.174,0.190666667,0.207333333,0.201,0.245666667,0.231
HN,y21,0.197,0.205333333,0.179666667,0.162333333,0.163,0.135,0.168666667,0.181333333,0.184666667,0.173333333,0.145333333,0.134666667,0.145333333,0.158666667,0.182666667,0.18,0.141333333,0.149333333,0.138,0.158333333,0.168,0.163333333,0.180333333,0.185666667,0.232333333,0.208,0.186,0.229333333,0.258666667,0.230333333,0.243,0.244,0.158,0.202333333,0.177666667,0.220666667,0.222666667,0.174,0.139,0.150333333,0.203,0.186666667,0.162666667,0.248,0.250666667,0.217333333,0.190333333,0.208333333,0.148666667,0.150333333,0.14,0.212333333,0.212666667,0.185,0.148666667,0.154,0.186666667,0.18,0.155333333,0.221333333,0.227666667,0.199666667,0.173333333,0.182,0.108,0.096666667,0.078,0.09,0.083,0.085666667,0.101666667,0.112333333,0.139,0.147,0.133333333,0.137666667,0.137666667,0.139,0.159333333,0.154666667,0.201666667,0.209333333,0.180333333,0.151333333,0.148666667,0.147,0.173666667,0.199333333,0.134,0.129,0.101333333,0.104333333,0.116,0.096333333,0.129,0.125
HN,y22,0.183666667,0.172,0.158333333,0.182666667,0.183,0.182333333,0.215666667,0.205333333,0.285333333,0.266333333,0.207,0.241666667,0.282,0.252,0.284333333,0.288666667,0.209,0.196333333,0.181666667,0.213,0.206666667,0.191666667,0.213666667,0.246,0.161,0.169333333,0.159,0.175,0.172333333,0.154,0.179333333,0.188333333,0.243,0.238,0.213,0.217,0.217,0.211666667,0.221666667,0.247333333,0.230666667,0.212,0.184666667,0.257,0.249666667,0.222333333,0.236333333,0.265333333,0.253666667,0.236,0.188,0.280666667,0.267666667,0.226666667,0.225666667,0.265,0.124333333,0.128,0.101666667,0.101,0.113,0.128,0.146,0.144666667,0.108,0.108333333,0.08,0.094666667,0.108666667,0.125,0.150666667,0.130666667,0.269333333,0.271,0.261666667,0.251,0.215,0.222333333,0.267666667,0.288,0.247666667,0.254333333,0.235,0.225333333,0.229,0.223666667,0.242333333,0.242,0.198666667,0.171333333,0.125,0.119666667,0.155,0.172,0.217,0.221333333
HN,y23,0.191333333,0.200666667,0.171666667,0.148,0.146,0.135,0.179,0.197333333,0.200666667,0.182666667,0.156,0.181333333,0.212666667,0.216333333,0.230666667,0.226,0.164333333,0.164,0.148,0.146,0.143333333,0.126666667,0.131333333,0.156,0.277666667,0.247666667,0.212666667,0.261,0.257,0.236333333,0.266666667,0.307333333,0.2,0.179333333,0.129,0.156,0.148,0.156333333,0.165666667,0.203333333,0.132666667,0.118,0.089,0.119666667,0.123,0.128333333,0.131333333,0.144666667,0.248333333,0.205,0.170333333,0.265666667,0.240666667,0.186333333,0.203666667,0.256333333,0.167666667,0.148666667,0.115666667,0.153666667,0.147333333,0.123333333,0.147333333,0.197333333,0.121666667,0.118,0.096666667,0.096333333,0.072666667,0.078666667,0.129,0.147333333,0.269333333,0.256333333,0.24,0.249,0.249,0.262,0.261333333,0.266333333,0.169333333,0.164333333,0.147666667,0.139666667,0.170666667,0.183,0.215,0.196,0.201333333,0.199666667,0.169333333,0.160666667,0.169666667,0.165,0.201666667,0.195333333
HN,y24,0.232,0.226,0.211,0.211333333,0.195666667,0.190333333,0.224666667,0.253333333,0.188333333,0.184333333,0.162333333,0.199666667,0.221,0.205333333,0.207,0.213,0.247666667,0.232,0.208,0.206333333,0.214,0.188666667,0.183333333,0.229666667,0.305666667,0.297333333,0.245333333,0.334333333,0.329,0.288,0.322666667,0.351333333,0.268333333,0.251666667,0.225666667,0.295,0.287666667,0.268666667,0.296,0.337,0.150666667,0.134333333,0.118333333,0.159,0.147333333,0.130666667,0.125333333,0.149333333,0.122666667,0.106666667,0.081,0.105,0.083666667,0.080666667,0.09,0.124666667,0.151666667,0.161666667,0.136666667,0.161,0.161,0.158333333,0.151333333,0.159333333,0.191,0.177666667,0.156333333,0.167333333,0.161333333,0.158333333,0.198666667,0.216666667,0.145,0.159,0.121333333,0.087333333,0.087,0.098333333,0.127666667,0.123,0.159666667,0.178666667,0.182,0.172333333,0.163,0.140333333,0.177,0.182,0.256333333,0.246666667,0.211666667,0.215,0.229333333,0.231666667,0.241333333,0.263666667
HN,y25,0.136666667,0.119333333,0.082666667,0.075666667,0.108666667,0.119333333,0.146,0.160666667,0.212333333,0.181666667,0.181666667,0.226666667,0.227333333,0.214666667,0.193666667,0.200666667,0.209,0.213,0.178,0.169666667,0.176,0.158,0.197333333,0.229,0.254,0.215,0.176,0.183666667,0.183666667,0.185333333,0.226666667,0.277333333,0.153333333,0.157,0.166,0.193333333,0.178,0.162333333,0.158333333,0.160333333,0.177,0.168333333,0.116333333,0.148333333,0.162,0.153,0.154666667,0.198,0.159,0.145666667,0.107,0.134,0.118666667,0.127,0.147,0.180666667,0.1,0.099,0.067333333,0.069666667,0.068,0.071,0.089,0.106333333,0.184333333,0.172666667,0.130666667,0.114333333,0.113666667,0.131666667,0.179666667,0.199333333,0.165,0.141666667,0.141333333,0.140333333,0.116666667,0.117666667,0.167,0.189666667,0.181,0.175666667,0.153666667,0.148,0.164666667,0.154333333,0.181,0.191666667,0.165333333,0.153666667,0.126,0.141,0.160333333,0.158666667,0.190333333,0.179666667
HN,y26,0.192666667,0.180666667,0.148666667,0.155666667,0.156666667,0.165333333,0.198333333,0.201666667,0.154666667,0.152666667,0.147666667,0.164333333,0.172333333,0.165,0.168,0.158333333,0.213666667,0.198,0.175666667,0.201333333,0.222666667,0.208,0.225666667,0.229,0.231666667,0.231,0.154666667,0.146,0.152,0.175666667,0.186,0.233,0.213666667,0.190666667,0.144,0.182333333,0.190666667,0.18,0.187,0.216,0.209333333,0.193666667,0.165,0.242666667,0.242666667,0.198,0.202,0.212,0.21,0.197333333,0.159666667,0.271333333,0.253,0.183,0.16,0.191666667,0.195,0.167666667,0.151666667,0.228,0.21,0.170666667,0.184666667,0.215,0.112666667,0.107,0.083666667,0.088333333,0.086,0.099666667,0.125666667,0.124666667,0.202666667,0.205333333,0.172666667,0.174666667,0.190666667,0.201,0.223666667,0.208,0.241666667,0.251,0.210333333,0.171666667,0.21,0.228666667,0.258666667,0.245666667,0.235,0.219,0.175,0.190333333,0.211666667,0.206333333,0.226666667,0.23
JL,y1,0.363333333,0.331,0.307666667,0.341,0.403333333,0.351666667,0.387,0.393333333,0.176,0.158333333,0.121666667,0.149666667,0.202666667,0.174333333,0.175333333,0.177333333,0.311,0.286333333,0.268333333,0.389,0.438333333,0.409,0.397333333,0.366,0.503333333,0.475,0.441,0.526333333,0.582,0.542666667,0.510666667,0.523,0.428666667,0.396,0.368,0.463333333,0.509333333,0.492333333,0.408,0.401,0.242333333,0.189333333,0.163666667,0.198333333,0.205333333,0.193,0.213666667,0.261333333,0.319,0.270333333,0.261,0.305333333,0.311333333,0.291666667,0.307,0.347,0.194,0.163,0.103333333,0.146333333,0.160666667,0.147,0.184666667,0.207,0.28,0.264333333,0.221,0.316333333,0.351,0.313333333,0.315,0.308666667,0.358333333,0.341333333,0.297333333,0.357,0.395666667,0.361333333,0.382,0.385333333,0.422333333,0.392,0.385333333,0.491666667,0.55,0.464333333,0.435,0.445333333,0.258333333,0.230333333,0.226333333,0.239333333,0.279666667,0.239666667,0.265666667,0.267
JL,y2,0.34,0.272333333,0.255,0.299666667,0.418666667,0.378,0.386,0.406,0.408333333,0.346666667,0.274,0.344333333,0.418,0.371666667,0.388333333,0.431333333,0.453333333,0.417333333,0.355666667,0.484333333,0.54,0.483666667,0.452,0.486666667,0.460666667,0.419,0.39,0.478666667,0.529,0.491333333,0.432666667,0.454333333,0.404666667,0.331666667,0.265666667,0.350666667,0.374333333,0.350333333,0.388333333,0.441666667,0.397,0.339,0.331,0.377333333,0.41,0.400333333,0.406,0.439666667,0.171,0.132333333,0.101333333,0.13,0.141666667,0.115,0.149666667,0.189666667,0.259,0.232,0.196666667,0.247,0.25,0.231333333,0.239,0.24,0.266666667,0.249666667,0.178,0.260666667,0.292,0.267333333,0.294666667,0.287,0.362666667,0.312333333,0.237666667,0.326,0.365,0.349666667,0.396666667,0.421333333,0.376666667,0.323,0.309333333,0.369333333,0.464333333,0.460333333,0.456,0.435666667,0.37,0.319,0.291666667,0.292666667,0.341666667,0.322,0.359666667,0.387666667
JL,y3,0.325666667,0.284666667,0.261,0.249,0.290666667,0.283333333,0.324666667,0.342666667,0.318333333,0.282666667,0.246,0.284333333,0.353666667,0.325333333,0.324,0.347666667,0.434666667,0.396333333,0.365666667,0.459666667,0.537666667,0.512,0.476666667,0.449666667,0.375333333,0.339,0.256,0.356333333,0.398,0.377666667,0.372,0.403666667,0.404333333,0.340666667,0.301666667,0.363333333,0.387333333,0.357333333,0.346666667,0.396666667,0.376333333,0.305333333,0.237,0.307666667,0.330333333,0.316333333,0.350666667,0.409666667,0.361333333,0.293333333,0.265666667,0.293333333,0.300333333,0.283666667,0.318333333,0.358333333,0.31,0.277666667,0.209333333,0.296666667,0.335666667,0.282666667,0.281666667,0.315666667,0.326666667,0.295,0.204666667,0.296333333,0.343333333,0.295,0.318333333,0.340666667,0.416666667,0.396666667,0.344666667,0.436,0.488,0.423666667,0.435666667,0.425666667,0.355666667,0.319,0.296666667,0.332333333,0.365,0.377,0.376666667,0.376333333,0.385333333,0.335666667,0.299666667,0.310333333,0.355333333,0.332,0.375666667,0.395
JL,y4,0.246333333,0.217333333,0.193666667,0.233,0.314333333,0.297666667,0.305666667,0.298666667,0.328,0.296666667,0.230333333,0.229666667,0.274666667,0.269666667,0.324,0.347666667,0.458,0.399333333,0.375,0.480666667,0.549333333,0.501333333,0.454333333,0.462666667,0.489333333,0.435,0.352,0.419333333,0.454,0.446,0.495666667,0.53,0.543333333,0.476,0.415333333,0.526666667,0.574,0.520333333,0.489333333,0.556333333,0.449666667,0.361333333,0.362666667,0.399,0.397333333,0.346,0.357333333,0.442333333,0.215333333,0.183333333,0.151333333,0.197666667,0.212666667,0.183666667,0.192333333,0.212333333,0.215666667,0.205666667,0.184666667,0.237666667,0.251,0.222666667,0.234333333,0.222666667,0.240666667,0.224666667,0.163333333,0.233666667,0.286666667,0.250666667,0.277,0.286333333,0.385,0.360666667,0.296333333,0.361,0.403333333,0.365,0.390666667,0.407666667,0.285,0.238666667,0.209333333,0.277333333,0.362333333,0.325,0.292,0.295666667,0.322333333,0.278666667,0.265,0.268333333,0.338,0.330666667,0.355,0.354
JL,y5,0.368333333,0.324,0.321,0.348333333,0.402,0.372666667,0.389666667,0.417,0.422666667,0.379666667,0.319,0.376,0.440666667,0.381333333,0.404,0.443666667,0.333,0.325333333,0.316666667,0.409666667,0.444333333,0.402,0.342333333,0.332,0.442333333,0.417333333,0.350333333,0.411,0.413666667,0.376,0.394333333,0.446,0.361,0.355666667,0.320666667,0.452,0.487333333,0.452666667,0.391666667,0.378666667,0.333,0.271666667,0.217,0.253666667,0.275666667,0.253666667,0.241666667,0.312,0.182333333,0.137333333,0.11,0.134666667,0.135,0.123666667,0.162333333,0.203333333,0.274,0.257,0.212333333,0.28,0.296333333,0.271,0.294666667,0.298666667,0.356333333,0.33,0.261333333,0.358,0.362,0.311333333,0.349333333,0.363333333,0.452666667,0.414333333,0.354333333,0.452,0.498333333,0.429,0.422333333,0.474333333,0.398333333,0.355666667,0.303666667,0.341666667,0.403333333,0.386,0.408333333,0.411,0.284333333,0.266333333,0.256333333,0.263666667,0.323666667,0.308,0.316666667,0.299
JL,y6,0.233,0.221666667,0.227,0.218,0.241,0.235,0.256,0.250333333,0.243,0.217333333,0.179666667,0.194333333,0.247333333,0.182,0.189333333,0.245666667,0.393333333,0.389333333,0.380333333,0.488333333,0.542,0.499,0.443666667,0.411666667,0.49,0.454666667,0.404666667,0.496,0.514,0.453666667,0.383666667,0.454333333,0.303666667,0.280333333,0.225,0.285,0.305666667,0.284333333,0.309,0.329666667,0.312333333,0.258666667,0.196,0.228666667,0.209,0.191666667,0.222333333,0.296666667,0.302333333,0.251,0.221666667,0.260666667,0.273666667,0.254333333,0.291333333,0.342333333,0.207333333,0.170666667,0.130666667,0.208333333,0.226333333,0.194333333,0.216,0.213,0.235333333,0.211,0.124333333,0.178333333,0.193666667,0.180333333,0.234,0.256,0.412333333,0.383666667,0.315,0.399666667,0.439666667,0.393333333,0.424,0.442666667,0.331333333,0.300333333,0.277666667,0.322333333,0.384,0.336333333,0.331,0.355666667,0.259333333,0.242666667,0.244,0.245333333,0.281666667,0.286,0.305333333,0.289333333
JL,y7,0.215,0.172333333,0.157,0.106333333,0.128333333,0.140333333,0.199,0.244666667,0.390666667,0.336666667,0.257666667,0.218,0.327666667,0.295666667,0.330333333,0.373333333,0.403666667,0.392333333,0.341,0.391333333,0.426333333,0.394333333,0.392333333,0.410666667,0.548,0.528,0.458333333,0.559333333,0.589666667,0.546333333,0.513,0.527,0.496666667,0.441666667,0.404666667,0.467,0.501666667,0.5,0.497,0.523,0.313333333,0.242,0.191666667,0.210666667,0.212333333,0.201333333,0.258333333,0.334666667,0.326,0.27,0.232333333,0.296,0.337666667,0.323666667,0.340666667,0.347666667,0.132333333,0.109,0.065,0.104,0.117,0.1,0.14,0.155333333,0.312,0.268333333,0.164333333,0.235,0.258,0.248666667,0.330333333,0.354333333,0.293333333,0.291,0.219,0.240333333,0.258333333,0.243333333,0.298,0.301,0.379666667,0.344333333,0.296,0.358333333,0.448,0.434,0.440333333,0.416333333,0.331666667,0.28,0.243333333,0.242333333,0.331333333,0.302333333,0.348333333,0.373666667
JL,y8,0.33,0.314,0.291333333,0.288,0.327,0.312333333,0.332,0.332666667,0.371,0.354666667,0.301,0.350333333,0.416333333,0.371333333,0.374,0.380333333,0.462,0.415,0.367666667,0.469,0.530333333,0.481,0.475,0.507333333,0.558666667,0.529666667,0.445666667,0.543,0.552333333,0.483333333,0.434666667,0.498666667,0.387666667,0.339666667,0.309,0.435666667,0.468333333,0.442666667,0.386333333,0.403333333,0.328,0.280666667,0.278666667,0.320666667,0.305333333,0.278666667,0.286,0.334666667,0.222333333,0.169666667,0.174333333,0.213666667,0.218,0.206666667,0.225333333,0.251666667,0.221333333,0.196,0.169333333,0.218333333,0.213333333,0.191,0.226,0.252,0.316333333,0.281333333,0.156333333,0.237333333,0.264666667,0.227,0.275,0.317,0.319333333,0.295333333,0.242333333,0.318666667,0.344666667,0.315666667,0.336,0.337666667,0.253,0.230333333,0.196,0.268333333,0.337666667,0.285333333,0.250333333,0.247666667,0.284666667,0.252,0.235333333,0.234666667,0.317666667,0.295,0.289333333,0.303
JL,y9,0.295333333,0.270666667,0.243,0.252,0.296666667,0.262333333,0.278666667,0.300666667,0.294333333,0.272666667,0.224666667,0.233666667,0.277,0.257666667,0.307,0.313666667,0.296,0.252666667,0.2,0.28,0.333,0.308666667,0.322333333,0.323,0.494666667,0.462333333,0.357,0.448,0.505333333,0.486,0.488,0.531,0.449,0.395333333,0.32,0.365666667,0.375666667,0.370333333,0.429333333,0.467333333,0.347666667,0.293,0.241,0.286333333,0.280666667,0.255,0.304,0.358,0.275666667,0.219333333,0.181,0.228,0.244,0.217333333,0.254333333,0.301666667,0.294666667,0.257333333,0.212666667,0.3,0.336,0.297333333,0.325333333,0.344333333,0.348,0.32,0.22,0.311333333,0.342333333,0.288333333,0.327333333,0.351666667,0.396333333,0.342666667,0.236333333,0.341666667,0.418,0.369333333,0.356666667,0.399333333,0.322666667,0.304333333,0.288333333,0.345333333,0.392,0.370666667,0.364,0.341333333,0.295666667,0.252,0.246,0.253666667,0.306333333,0.300333333,0.345666667,0.353666667
JL,y10,0.295,0.262333333,0.218,0.207,0.262333333,0.236666667,0.271333333,0.295666667,0.386,0.36,0.329,0.398333333,0.451666667,0.393666667,0.394666667,0.417,0.444666667,0.416,0.346666667,0.414333333,0.442666667,0.406333333,0.403333333,0.442,0.502666667,0.461,0.375,0.462666667,0.514333333,0.509333333,0.497333333,0.492333333,0.517666667,0.462333333,0.410666667,0.489333333,0.530333333,0.503333333,0.460333333,0.522,0.321666667,0.247333333,0.204666667,0.241333333,0.255333333,0.268,0.318,0.348333333,0.222333333,0.197,0.21,0.245333333,0.244,0.212,0.208,0.225666667,0.197,0.169,0.132333333,0.185,0.186666667,0.155666667,0.187666667,0.223666667,0.336,0.301333333,0.210666667,0.327666667,0.359333333,0.302333333,0.346333333,0.36,0.397333333,0.361,0.267,0.350666667,0.412666667,0.364,0.385333333,0.412333333,0.379333333,0.33,0.273,0.297,0.337666667,0.333,0.393,0.401,0.255666667,0.230666667,0.216,0.225666667,0.27,0.273,0.290333333,0.282333333
JL,y11,0.278666667,0.256,0.237666667,0.245333333,0.294666667,0.247666667,0.255333333,0.287333333,0.256666667,0.219,0.174333333,0.211333333,0.289666667,0.246666667,0.216,0.245333333,0.450666667,0.421666667,0.399333333,0.513333333,0.576,0.500666667,0.452,0.473333333,0.493,0.472666667,0.426,0.533,0.584,0.526666667,0.487666667,0.521666667,0.436666667,0.394,0.361333333,0.439333333,0.440333333,0.399666667,0.392666667,0.438666667,0.284333333,0.223,0.178,0.227333333,0.242,0.213333333,0.243,0.314,0.237,0.213333333,0.192666667,0.204333333,0.212666667,0.188,0.204333333,0.224333333,0.147,0.138,0.100333333,0.129666667,0.132666667,0.116666667,0.153333333,0.158,0.278666667,0.239333333,0.157,0.220666667,0.253666667,0.239,0.288333333,0.306666667,0.491666667,0.460666667,0.376333333,0.471,0.503333333,0.438333333,0.484666667,0.512,0.346,0.306,0.264333333,0.296333333,0.387333333,0.321333333,0.338666667,0.371,0.223,0.201666667,0.174666667,0.211333333,0.267666667,0.226333333,0.223,0.225
JL,y12,0.217,0.191,0.17,0.164666667,0.207666667,0.178,0.189333333,0.217333333,0.351333333,0.312666667,0.284666667,0.355333333,0.437666667,0.396,0.374666667,0.377666667,0.423,0.395,0.358,0.441,0.499666667,0.472,0.447666667,0.447333333,0.402666667,0.379,0.337666667,0.444,0.505333333,0.482,0.428333333,0.418666667,0.420333333,0.350333333,0.267,0.373333333,0.401,0.354,0.351333333,0.417333333,0.276,0.22,0.177333333,0.231,0.266333333,0.253666667,0.27,0.294666667,0.248333333,0.212333333,0.183333333,0.231,0.246,0.215666667,0.212333333,0.255,0.233666667,0.196666667,0.152,0.191,0.189,0.159333333,0.209,0.234,0.263333333,0.226333333,0.136,0.195333333,0.216,0.196333333,0.276333333,0.303333333,0.319333333,0.312,0.224333333,0.272333333,0.301,0.272666667,0.315666667,0.321,0.370666667,0.31,0.271333333,0.345666667,0.390666667,0.340666667,0.365,0.392,0.260666667,0.245333333,0.221333333,0.214666667,0.258333333,0.216333333,0.245666667,0.273333333
JL,y13,0.237666667,0.199,0.158,0.132333333,0.181,0.174666667,0.207333333,0.236666667,0.457666667,0.439333333,0.375,0.384,0.427666667,0.377666667,0.388333333,0.408666667,0.368666667,0.339666667,0.297333333,0.371,0.441,0.444333333,0.438,0.401333333,0.410666667,0.391333333,0.282,0.406333333,0.433,0.394,0.378,0.399,0.425666667,0.375333333,0.300333333,0.389,0.438666667,0.427,0.397333333,0.429333333,0.398333333,0.334666667,0.310333333,0.381,0.393,0.360333333,0.371333333,0.411666667,0.197,0.161333333,0.113666667,0.154,0.161,0.131,0.162666667,0.203,0.27,0.250333333,0.221666667,0.285,0.287666667,0.270666667,0.284333333,0.284,0.197333333,0.176,0.087666667,0.123,0.152,0.165,0.235333333,0.246333333,0.395,0.346333333,0.227,0.277,0.331666667,0.295333333,0.36,0.411333333,0.357333333,0.299666667,0.255333333,0.342333333,0.421,0.396,0.420666667,0.419,0.248333333,0.22,0.196333333,0.159333333,0.215333333,0.203666667,0.228,0.252333333
JL,y14,0.253,0.217,0.185666667,0.161666667,0.209666667,0.177333333,0.218666667,0.259,0.350333333,0.319,0.236666667,0.273,0.359333333,0.307333333,0.275666667,0.318333333,0.391333333,0.367666667,0.301,0.350666667,0.367333333,0.344,0.369,0.395666667,0.523333333,0.483,0.372333333,0.473333333,0.489,0.45,0.479666667,0.54,0.358,0.307,0.276,0.381,0.418666667,0.388666667,0.346666667,0.374,0.250666667,0.190333333,0.142666667,0.176333333,0.173,0.146666667,0.198,0.258,0.249333333,0.217,0.188333333,0.226,0.231,0.174666667,0.179666667,0.235333333,0.238666667,0.216,0.15,0.200666667,0.218,0.173,0.193333333,0.225666667,0.373666667,0.349,0.255666667,0.352666667,0.381,0.329666667,0.37,0.402,0.404666667,0.367666667,0.28,0.346333333,0.372,0.321,0.358333333,0.405666667,0.314666667,0.261666667,0.219666667,0.260666667,0.319666667,0.305333333,0.346333333,0.363333333,0.413666667,0.377333333,0.364666667,0.391,0.449333333,0.417666667,0.442333333,0.445
JL,y15,0.298333333,0.267333333,0.23,0.232,0.276,0.265333333,0.281333333,0.289333333,0.401666667,0.373333333,0.316,0.327,0.379,0.338666667,0.339333333,0.401333333,0.471,0.441333333,0.371,0.404666667,0.435666667,0.386333333,0.361666667,0.415333333,0.492666667,0.442,0.315333333,0.409,0.444666667,0.402,0.415666667,0.496333333,0.481666667,0.429,0.348,0.449,0.480666667,0.454,0.458333333,0.478333333,0.299,0.264,0.22,0.28,0.308,0.289666667,0.267666667,0.289,0.223666667,0.194333333,0.181666667,0.212,0.242666667,0.218666667,0.209,0.234666667,0.258666667,0.222666667,0.176333333,0.237333333,0.251,0.225,0.249666667,0.272,0.36,0.336,0.250666667,0.336333333,0.36,0.292666667,0.304666667,0.357333333,0.338,0.31,0.217666667,0.291,0.318,0.286,0.348333333,0.363333333,0.41,0.377333333,0.358333333,0.393333333,0.428333333,0.407333333,0.434666667,0.420333333,0.272333333,0.259,0.240333333,0.246333333,0.281,0.232333333,0.260333333,0.284
JL,y16,0.314666667,0.288333333,0.267666667,0.273,0.313666667,0.296333333,0.333333333,0.352666667,0.297333333,0.258,0.218666667,0.268333333,0.331333333,0.258,0.239,0.291333333,0.377666667,0.356,0.310333333,0.4,0.473666667,0.424333333,0.402,0.415666667,0.450333333,0.395666667,0.340333333,0.446666667,0.46,0.412,0.404,0.443666667,0.431666667,0.390666667,0.346666667,0.417666667,0.438666667,0.404666667,0.415,0.422666667,0.325,0.239666667,0.157333333,0.203333333,0.184333333,0.15,0.233,0.328,0.207666667,0.175666667,0.156,0.187,0.187666667,0.167333333,0.186333333,0.227,0.256,0.224666667,0.151,0.228666667,0.254333333,0.211,0.249333333,0.275,0.237,0.223333333,0.164666667,0.225333333,0.237333333,0.219333333,0.270333333,0.268666667,0.378,0.363,0.316333333,0.402333333,0.419666667,0.352666667,0.378666667,0.4,0.422666667,0.383,0.330666667,0.349333333,0.405,0.388333333,0.418,0.445,0.348666667,0.32,0.31,0.295333333,0.325333333,0.324666667,0.36,0.365
JL,y17,0.208666667,0.176666667,0.171333333,0.096333333,0.126666667,0.154,0.232,0.246666667,0.372,0.363333333,0.324333333,0.262333333,0.314666667,0.277333333,0.329,0.358,0.367666667,0.308,0.232666667,0.304333333,0.393,0.354666667,0.358,0.385333333,0.479,0.463333333,0.405333333,0.531,0.574666667,0.539666667,0.474666667,0.45,0.461333333,0.419333333,0.336,0.429666667,0.436,0.396666667,0.424,0.47,0.332,0.279666667,0.252,0.324333333,0.336666667,0.3,0.308333333,0.352,0.252333333,0.199,0.172666667,0.205,0.224666667,0.203333333,0.205333333,0.240333333,0.134666667,0.118666667,0.06,0.084,0.102333333,0.107333333,0.141,0.143666667,0.288666667,0.260333333,0.158,0.226666667,0.267666667,0.273666667,0.334333333,0.327,0.395333333,0.366666667,0.273333333,0.350333333,0.406,0.361333333,0.391,0.404666667,0.309333333,0.282,0.237,0.249666667,0.303666667,0.281666667,0.284666667,0.304333333,0.266,0.23,0.194666667,0.175666667,0.220666667,0.203666667,0.247,0.278333333
JL,y18,0.144333333,0.128333333,0.105333333,0.110333333,0.166666667,0.144666667,0.137,0.135333333,0.434,0.376,0.294333333,0.367333333,0.447666667,0.370666667,0.378333333,0.442,0.437666667,0.403333333,0.309666667,0.401,0.462666667,0.407333333,0.366333333,0.41,0.474666667,0.458666667,0.406666667,0.489666667,0.534666667,0.494666667,0.478666667,0.498666667,0.378333333,0.338333333,0.262333333,0.377333333,0.429,0.410333333,0.392333333,0.390333333,0.234333333,0.189,0.144333333,0.208,0.247,0.212666667,0.207,0.249,0.285,0.232333333,0.185666667,0.236333333,0.247666667,0.215666667,0.241,0.301,0.239333333,0.217,0.155,0.195,0.213,0.184,0.207333333,0.227,0.275,0.241,0.151666667,0.199666667,0.224333333,0.201666667,0.261333333,0.296,0.348666667,0.332,0.272,0.355333333,0.396333333,0.358333333,0.365,0.374,0.264333333,0.243666667,0.227333333,0.213666667,0.23,0.233333333,0.264333333,0.259,0.289333333,0.263,0.257333333,0.219,0.255666667,0.246,0.281,0.303
JL,y19,0.222666667,0.195,0.185666667,0.114666667,0.141666667,0.169,0.220333333,0.229666667,0.415333333,0.384333333,0.336333333,0.276333333,0.353333333,0.307666667,0.377666667,0.442,0.442,0.427666667,0.371333333,0.407666667,0.462666667,0.408,0.375333333,0.402666667,0.375666667,0.355666667,0.33,0.457,0.494333333,0.451666667,0.397333333,0.388666667,0.488,0.45,0.355333333,0.442666667,0.473666667,0.444,0.449333333,0.503,0.316,0.275333333,0.246333333,0.296666667,0.317666667,0.286333333,0.298,0.327333333,0.303,0.253666667,0.208666667,0.268666667,0.286666667,0.249,0.264,0.303,0.305333333,0.270333333,0.235,0.313666667,0.316,0.226333333,0.258666667,0.312666667,0.294,0.294,0.246333333,0.334666667,0.340666667,0.297666667,0.345,0.335666667,0.360666667,0.329666667,0.250333333,0.309,0.317333333,0.276,0.36,0.377666667,0.401333333,0.350666667,0.310333333,0.336666667,0.374,0.374333333,0.419333333,0.435333333,0.276,0.244666667,0.224333333,0.181333333,0.215333333,0.248,0.296,0.301666667
JL,y20,0.374,0.318,0.281333333,0.251666667,0.304,0.291333333,0.325666667,0.361333333,0.203333333,0.189333333,0.175,0.176,0.209,0.200333333,0.263666667,0.247,0.275333333,0.247,0.176333333,0.236,0.293333333,0.273,0.267333333,0.288666667,0.372666667,0.352333333,0.263333333,0.365666667,0.396,0.368,0.378666667,0.385333333,0.317,0.291333333,0.253,0.32,0.355333333,0.325,0.328333333,0.321666667,0.272666667,0.224333333,0.169666667,0.206333333,0.225666667,0.206666667,0.227666667,0.261,0.313,0.275333333,0.247,0.290666667,0.302333333,0.275,0.285666667,0.318333333,0.154,0.127,0.084,0.104666667,0.109,0.085666667,0.122333333,0.156333333,0.202333333,0.184333333,0.111333333,0.167,0.180333333,0.156333333,0.201666667,0.224,0.396333333,0.386333333,0.315666667,0.376666667,0.385666667,0.322333333,0.336333333,0.361333333,0.34,0.328,0.292,0.332333333,0.392666667,0.347333333,0.370333333,0.379333333,0.282666667,0.253666667,0.232333333,0.222,0.275666667,0.281666667,0.296666667,0.296666667
JL,y21,0.271333333,0.236666667,0.214,0.187333333,0.216333333,0.212,0.266,0.288333333,0.317333333,0.281666667,0.246,0.265666667,0.325,0.300333333,0.329333333,0.341333333,0.425,0.409666667,0.352666667,0.460333333,0.498333333,0.416,0.398666667,0.414666667,0.464333333,0.432,0.327,0.442333333,0.485333333,0.465333333,0.467333333,0.490666667,0.505333333,0.482333333,0.434333333,0.521333333,0.516333333,0.452666667,0.402333333,0.448333333,0.334333333,0.3,0.279,0.332666667,0.306333333,0.243,0.256333333,0.307333333,0.191,0.162,0.128333333,0.166333333,0.163,0.136,0.150333333,0.195666667,0.201333333,0.172,0.130666667,0.191666667,0.208666667,0.184666667,0.212,0.219,0.213666667,0.191,0.093,0.157666667,0.167,0.142,0.194333333,0.219,0.443333333,0.405,0.325333333,0.397666667,0.420333333,0.360333333,0.424333333,0.462666667,0.269666667,0.253333333,0.243666667,0.302666667,0.307,0.296666667,0.319333333,0.290333333,0.219,0.188666667,0.191333333,0.182,0.213666667,0.24,0.274333333,0.262666667
JL,y22,0.265,0.224,0.213333333,0.182666667,0.224333333,0.214666667,0.264,0.273333333,0.343,0.303,0.249,0.280333333,0.359666667,0.32,0.338666667,0.380333333,0.459,0.381,0.291,0.388333333,0.444,0.428666667,0.468333333,0.512333333,0.485333333,0.435,0.374333333,0.476333333,0.505,0.484,0.471333333,0.482333333,0.551,0.534,0.473666667,0.568666667,0.586,0.535,0.510666667,0.537333333,0.294666667,0.231333333,0.145666667,0.213,0.256666667,0.230333333,0.251333333,0.297,0.278666667,0.209333333,0.169,0.207333333,0.196666667,0.167666667,0.239666667,0.298333333,0.176,0.151333333,0.115666667,0.143333333,0.138,0.120666667,0.165666667,0.190333333,0.255666667,0.236,0.177,0.233666667,0.232333333,0.199,0.253,0.272,0.344,0.325333333,0.252333333,0.308333333,0.344333333,0.279666667,0.28,0.309,0.236666667,0.222,0.202666667,0.243666667,0.288666667,0.245666667,0.231,0.256,0.326666667,0.283333333,0.275,0.277,0.311333333,0.314333333,0.339,0.342333333
JL,y23,0.298666667,0.270666667,0.242333333,0.229333333,0.286,0.274666667,0.323333333,0.328666667,0.438,0.392,0.324666667,0.303,0.351,0.322333333,0.388666667,0.429333333,0.259,0.215333333,0.133333333,0.201666667,0.263666667,0.233333333,0.242333333,0.267,0.464333333,0.444333333,0.365,0.48,0.509666667,0.471,0.416,0.442333333,0.529333333,0.499666667,0.439666667,0.505666667,0.526333333,0.52,0.551,0.546666667,0.317333333,0.258333333,0.217666667,0.261,0.275,0.241,0.262666667,0.329333333,0.324333333,0.27,0.218666667,0.272,0.278666667,0.234666667,0.262,0.314333333,0.248333333,0.214,0.155666667,0.212666667,0.221,0.192,0.231333333,0.267666667,0.374,0.347333333,0.246666667,0.331,0.352333333,0.282666667,0.334333333,0.370333333,0.355666667,0.306666667,0.227,0.302666667,0.355666667,0.346666667,0.396333333,0.401333333,0.421666667,0.357666667,0.307333333,0.405333333,0.47,0.433333333,0.434666667,0.456333333,0.305,0.257666667,0.230666667,0.244333333,0.305333333,0.289333333,0.314666667,0.313666667
JL,y24,0.276,0.237333333,0.208,0.238333333,0.295333333,0.258333333,0.267,0.290666667,0.307666667,0.287666667,0.230666667,0.298666667,0.371333333,0.308333333,0.300666667,0.324333333,0.390333333,0.400666667,0.337666667,0.397666667,0.401333333,0.346666667,0.375,0.379666667,0.530666667,0.509666667,0.436333333,0.544666667,0.563666667,0.513,0.514,0.518333333,0.417666667,0.364,0.337333333,0.432,0.431666667,0.393666667,0.413666667,0.452,0.369666667,0.301,0.240666667,0.286666667,0.308666667,0.296,0.313666667,0.373,0.363666667,0.314666667,0.309,0.332,0.322,0.268,0.309666667,0.370666667,0.174,0.151333333,0.107333333,0.157666667,0.180333333,0.159333333,0.199333333,0.206333333,0.327,0.296666667,0.22,0.314,0.323,0.261,0.316666667,0.345333333,0.336,0.326666667,0.252,0.331333333,0.391333333,0.34,0.376666667,0.356333333,0.305,0.263666667,0.217333333,0.240333333,0.282333333,0.268666667,0.317666667,0.336,0.411,0.347666667,0.317666667,0.340333333,0.422666667,0.386,0.422666667,0.432
JL,y25,0.389333333,0.373,0.333,0.302,0.344666667,0.307666667,0.362,0.393333333,0.355,0.291,0.208666667,0.221,0.307333333,0.27,0.312666667,0.360666667,0.389333333,0.373666667,0.332,0.409,0.435,0.399333333,0.407666667,0.400333333,0.483333333,0.473333333,0.389333333,0.46,0.458666667,0.401333333,0.421666667,0.475,0.57,0.554666667,0.533666667,0.669666667,0.683,0.598,0.520333333,0.530333333,0.293,0.243666667,0.226,0.275,0.288333333,0.269333333,0.304666667,0.327333333,0.242,0.205,0.158,0.170666667,0.168333333,0.124,0.167333333,0.240333333,0.223666667,0.206666667,0.163333333,0.201666667,0.207,0.162666667,0.203666667,0.227333333,0.307666667,0.257666667,0.139333333,0.208333333,0.234,0.184,0.271,0.330333333,0.398,0.359333333,0.282333333,0.342,0.368,0.344666667,0.405,0.424333333,0.457333333,0.404666667,0.358,0.406666667,0.434333333,0.403333333,0.448333333,0.468333333,0.297333333,0.268333333,0.264333333,0.262333333,0.304333333,0.297,0.315,0.313
JL,y26,0.195,0.183,0.179333333,0.115333333,0.119666667,0.146333333,0.189666667,0.194666667,0.359333333,0.322666667,0.283666667,0.295333333,0.345,0.311333333,0.330333333,0.357,0.434333333,0.382666667,0.328333333,0.474333333,0.556,0.487333333,0.483333333,0.486,0.453,0.429,0.339,0.449333333,0.461666667,0.419,0.426333333,0.433666667,0.395333333,0.344,0.289333333,0.372333333,0.400666667,0.392666667,0.404666667,0.424333333,0.370333333,0.312666667,0.291666667,0.38,0.415,0.375666667,0.376333333,0.384666667,0.227333333,0.166333333,0.119,0.150333333,0.147666667,0.126333333,0.193666667,0.242,0.256,0.231333333,0.199666667,0.280333333,0.314666667,0.260333333,0.264,0.276,0.33,0.311666667,0.278333333,0.328666667,0.335333333,0.283666667,0.326333333,0.339,0.409333333,0.362333333,0.274,0.361666667,0.414,0.339333333,0.404333333,0.457666667,0.466666667,0.415666667,0.380666667,0.418,0.46,0.458,0.521,0.525666667,0.379666667,0.311333333,0.274333333,0.199666667,0.236333333,0.329333333,0.444,0.450666667
JS,y1,0.248666667,0.225666667,0.159,0.151,0.222,0.246666667,0.267666667,0.249,0.213666667,0.185333333,0.147333333,0.188666667,0.213666667,0.241,0.309,0.265666667,0.336666667,0.312,0.240666667,0.305,0.346333333,0.357333333,0.374,0.352333333,0.283333333,0.263,0.222333333,0.293333333,0.313,0.318666667,0.340666667,0.314666667,0.398666667,0.352333333,0.292,0.363,0.386333333,0.391333333,0.437,0.44,0.181,0.154666667,0.144666667,0.208333333,0.257333333,0.277666667,0.33,0.282,0.229333333,0.188,0.159,0.180333333,0.204333333,0.213333333,0.258333333,0.277333333,0.225333333,0.189333333,0.169666667,0.186666667,0.223,0.244333333,0.266666667,0.256333333,0.145,0.143666667,0.132,0.149,0.16,0.198,0.252333333,0.195333333,0.163666667,0.147333333,0.132666667,0.165333333,0.173666667,0.197666667,0.276666667,0.212333333,0.289,0.256333333,0.196666667,0.220333333,0.281333333,0.275,0.299666667,0.313333333,0.19,0.181333333,0.144666667,0.132,0.163,0.21,0.251333333,0.207333333
JS,y2,0.229333333,0.219333333,0.199,0.196333333,0.200666667,0.23,0.28,0.256666667,0.314333333,0.270333333,0.221666667,0.259333333,0.316666667,0.336666667,0.364333333,0.363333333,0.297,0.268666667,0.259,0.273,0.288666667,0.330666667,0.347666667,0.312333333,0.322666667,0.274333333,0.223666667,0.319666667,0.348333333,0.348666667,0.405333333,0.396,0.239333333,0.217666667,0.17,0.247666667,0.271,0.277666667,0.328,0.294333333,0.239,0.212,0.188666667,0.231333333,0.275333333,0.295,0.320666667,0.307333333,0.281,0.259333333,0.221,0.269,0.288,0.26,0.280333333,0.310666667,0.244666667,0.224666667,0.198666667,0.202666667,0.216666667,0.239,0.305666667,0.282333333,0.145,0.122666667,0.112333333,0.133666667,0.134,0.156333333,0.243333333,0.206333333,0.214,0.235666667,0.215666667,0.228,0.221666667,0.251666667,0.300666667,0.241,0.295666667,0.302666667,0.270333333,0.276333333,0.304,0.323333333,0.352,0.316,0.296,0.251666667,0.2,0.211333333,0.272,0.268666667,0.293666667,0.312666667
JS,y3,0.275,0.250666667,0.215333333,0.212333333,0.232666667,0.259,0.288333333,0.272333333,0.221333333,0.205666667,0.167666667,0.188666667,0.217,0.247,0.293666667,0.253333333,0.228,0.226666667,0.217666667,0.268666667,0.267,0.272666667,0.335,0.294666667,0.26,0.232333333,0.179666667,0.228,0.237666667,0.248,0.310666667,0.298666667,0.341333333,0.288333333,0.199333333,0.251,0.263333333,0.276,0.327333333,0.372333333,0.226666667,0.192,0.133666667,0.166333333,0.187,0.227,0.331666667,0.308666667,0.168,0.151333333,0.115666667,0.140333333,0.176666667,0.194666667,0.214333333,0.201333333,0.209666667,0.193,0.181666667,0.205333333,0.244666667,0.279666667,0.309333333,0.263666667,0.227,0.213333333,0.204333333,0.239666667,0.271333333,0.32,0.367,0.291666667,0.258333333,0.228,0.157333333,0.147666667,0.163,0.181666667,0.282,0.283,0.213,0.203333333,0.181666667,0.195,0.220666667,0.231,0.275666667,0.254333333,0.283,0.269666667,0.247333333,0.269333333,0.294,0.284666667,0.301666667,0.295333333
JS,y4,0.328666667,0.315333333,0.287,0.305,0.315,0.305,0.33,0.332,0.328,0.308666667,0.255,0.288,0.337333333,0.358666667,0.397,0.363333333,0.283666667,0.274333333,0.256,0.301,0.322,0.335333333,0.367,0.335666667,0.324666667,0.306,0.209,0.253333333,0.302333333,0.302333333,0.347666667,0.342333333,0.277666667,0.260333333,0.213,0.248666667,0.26,0.286333333,0.344,0.329,0.262666667,0.233333333,0.167333333,0.192333333,0.212666667,0.219666667,0.325,0.325333333,0.234,0.191333333,0.130666667,0.178666667,0.203,0.200333333,0.22,0.260333333,0.201333333,0.193,0.149333333,0.175,0.177,0.164,0.188666667,0.196333333,0.186666667,0.174,0.137333333,0.165666667,0.186333333,0.199666667,0.223333333,0.213,0.209333333,0.216,0.196333333,0.238666667,0.234666667,0.224333333,0.276,0.232333333,0.305333333,0.264333333,0.202666667,0.198,0.219666667,0.224333333,0.309333333,0.325333333,0.243333333,0.243666667,0.206,0.184333333,0.204,0.218666667,0.253,0.236333333
JS,y5,0.238666667,0.207333333,0.166,0.177,0.202,0.209333333,0.245666667,0.254333333,0.3,0.250666667,0.190333333,0.247,0.272333333,0.259666667,0.324,0.343,0.282666667,0.269333333,0.278,0.341,0.351,0.356,0.404333333,0.347666667,0.337333333,0.300666667,0.249666667,0.347666667,0.375,0.378333333,0.437333333,0.396,0.31,0.262333333,0.196333333,0.256333333,0.267666667,0.305,0.383666667,0.361666667,0.213333333,0.189333333,0.188666667,0.254,0.306,0.348666667,0.347,0.274333333,0.170333333,0.150333333,0.137666667,0.175666667,0.195666667,0.212666667,0.234333333,0.214666667,0.128333333,0.133666667,0.133666667,0.162666667,0.187,0.198333333,0.191333333,0.154,0.288,0.281,0.25,0.321666667,0.345666667,0.350333333,0.350666667,0.317333333,0.174,0.164,0.150333333,0.176,0.165333333,0.187,0.236,0.206,0.319,0.280333333,0.226,0.219333333,0.233666667,0.263333333,0.331,0.326,0.255333333,0.223,0.177,0.166666667,0.216333333,0.234666667,0.296666667,0.295666667
JS,y6,0.312,0.318,0.315333333,0.345333333,0.343333333,0.350333333,0.339333333,0.313333333,0.195333333,0.186666667,0.173666667,0.221333333,0.249333333,0.256333333,0.277333333,0.233,0.306666667,0.266666667,0.204666667,0.262666667,0.291666667,0.307,0.368,0.361666667,0.409333333,0.385666667,0.277666667,0.321333333,0.352333333,0.335333333,0.388,0.411,0.367,0.313333333,0.220333333,0.270666667,0.321,0.353333333,0.442,0.428,0.202,0.164666667,0.111333333,0.171666667,0.218666667,0.22,0.273,0.270666667,0.270333333,0.235333333,0.183666667,0.231,0.236333333,0.232,0.281333333,0.301,0.220666667,0.202666667,0.174666667,0.201333333,0.233666667,0.260666667,0.305666667,0.276333333,0.330333333,0.333333333,0.293333333,0.341,0.358,0.353,0.367,0.343333333,0.231666667,0.227666667,0.210333333,0.234333333,0.224333333,0.236666667,0.295,0.257333333,0.282666667,0.272666667,0.248666667,0.264,0.243666667,0.261333333,0.313333333,0.297666667,0.275,0.259,0.221,0.225666667,0.237,0.253,0.322333333,0.309
JS,y7,0.304333333,0.317333333,0.308333333,0.332,0.332666667,0.344666667,0.371,0.331666667,0.282666667,0.255,0.230666667,0.276,0.302333333,0.296,0.337,0.304666667,0.362333333,0.333666667,0.26,0.338666667,0.396,0.385333333,0.409333333,0.409,0.352,0.318666667,0.231,0.284,0.303666667,0.315,0.398,0.397,0.234333333,0.191333333,0.118,0.154333333,0.176,0.205333333,0.314333333,0.308666667,0.208,0.171333333,0.146666667,0.201333333,0.236,0.25,0.285333333,0.279333333,0.221333333,0.180666667,0.118666667,0.158666667,0.185,0.195666667,0.257,0.285,0.171333333,0.167333333,0.132666667,0.16,0.173333333,0.177333333,0.204,0.190333333,0.194333333,0.217333333,0.218,0.251,0.278333333,0.33,0.339333333,0.254666667,0.227,0.225,0.2,0.234333333,0.241666667,0.268333333,0.309666667,0.249,0.205,0.205666667,0.178333333,0.176,0.197,0.212666667,0.246666667,0.230666667,0.312666667,0.31,0.276666667,0.287,0.308,0.326333333,0.344666667,0.334333333
JS,y8,0.270333333,0.243,0.187333333,0.187333333,0.249333333,0.236,0.254,0.256,0.216,0.201333333,0.144666667,0.129333333,0.160333333,0.205333333,0.276333333,0.256666667,0.266333333,0.216,0.181333333,0.261666667,0.311333333,0.280333333,0.341666667,0.351,0.318666667,0.312666667,0.286333333,0.331,0.349,0.349333333,0.351333333,0.316333333,0.241666667,0.234333333,0.204,0.222,0.238,0.237666667,0.256333333,0.257333333,0.307666667,0.248666667,0.163333333,0.205333333,0.248333333,0.290333333,0.386,0.385666667,0.183333333,0.149333333,0.101,0.124333333,0.136666667,0.161,0.229,0.233666667,0.178,0.17,0.162333333,0.191333333,0.212333333,0.214333333,0.227666667,0.208333333,0.218,0.233333333,0.220666667,0.255,0.273666667,0.310333333,0.313333333,0.249666667,0.322,0.286333333,0.221666667,0.242,0.273666667,0.298,0.380333333,0.368666667,0.332,0.305666667,0.257333333,0.265,0.313333333,0.337,0.380333333,0.359,0.296333333,0.307333333,0.285,0.290666667,0.314666667,0.322,0.338333333,0.311666667
JS,y9,0.241666667,0.224333333,0.207666667,0.236333333,0.284333333,0.291,0.323666667,0.293333333,0.232,0.231333333,0.221,0.257,0.273666667,0.269,0.277666667,0.258666667,0.297333333,0.279,0.249,0.318666667,0.345333333,0.342,0.353666667,0.336666667,0.299,0.294333333,0.228,0.277666667,0.313,0.290666667,0.32,0.327,0.240333333,0.214,0.175333333,0.257,0.298666667,0.306333333,0.310333333,0.271666667,0.225333333,0.186,0.132666667,0.179333333,0.234666667,0.261333333,0.319333333,0.302666667,0.213,0.195333333,0.157333333,0.194,0.214333333,0.170333333,0.179333333,0.219,0.229666667,0.210333333,0.172666667,0.230333333,0.242333333,0.218,0.236333333,0.262,0.22,0.208333333,0.169666667,0.186,0.206333333,0.228,0.270333333,0.248333333,0.273666667,0.281,0.229666667,0.235333333,0.264333333,0.276666667,0.318666667,0.294666667,0.339,0.309666667,0.263666667,0.273333333,0.274666667,0.294,0.369,0.368333333,0.218,0.235666667,0.195,0.196666667,0.226,0.224666667,0.220333333,0.195
JS,y10,0.193666667,0.177666667,0.156333333,0.182666667,0.232333333,0.241333333,0.251333333,0.227333333,0.346666667,0.276666667,0.217666667,0.282,0.356,0.360666667,0.425666667,0.401333333,0.297333333,0.293333333,0.268,0.351333333,0.352,0.331666667,0.348666667,0.337666667,0.401,0.354666667,0.268666667,0.348,0.397,0.383333333,0.416333333,0.43,0.326333333,0.294,0.194333333,0.251666667,0.287333333,0.296666667,0.349,0.358333333,0.214333333,0.171333333,0.117,0.157333333,0.17,0.183333333,0.238666667,0.254666667,0.232333333,0.204,0.142666667,0.188,0.208666667,0.191333333,0.206,0.244,0.219666667,0.202666667,0.177333333,0.187,0.216,0.265666667,0.299,0.26,0.210666667,0.204666667,0.192666667,0.252333333,0.261,0.276333333,0.311,0.244666667,0.195666667,0.203666667,0.187666667,0.187,0.174666667,0.209333333,0.288,0.238333333,0.268,0.240666667,0.191666667,0.168333333,0.164666667,0.209,0.322333333,0.319,0.301,0.294333333,0.269,0.251333333,0.260333333,0.274,0.324,0.318666667
JS,y11,0.177333333,0.189333333,0.152666667,0.136333333,0.142333333,0.168666667,0.2,0.167333333,0.280333333,0.284,0.286,0.313666667,0.282666667,0.303666667,0.348,0.303333333,0.318333333,0.281333333,0.21,0.259333333,0.292333333,0.288333333,0.333333333,0.355666667,0.378666667,0.319666667,0.209666667,0.265666667,0.282333333,0.302666667,0.419666667,0.432,0.352,0.339666667,0.299666667,0.382333333,0.427,0.429666667,0.439,0.409666667,0.251,0.177666667,0.123,0.159333333,0.174666667,0.217666667,0.339666667,0.335666667,0.304,0.266666667,0.230333333,0.269666667,0.277,0.251333333,0.269333333,0.308666667,0.263333333,0.259666667,0.229666667,0.262666667,0.262,0.246666667,0.273666667,0.286333333,0.280333333,0.285,0.254,0.283666667,0.276666667,0.278,0.324,0.301,0.223333333,0.232333333,0.198,0.188333333,0.162333333,0.176333333,0.255,0.239333333,0.203,0.205333333,0.177666667,0.154666667,0.164,0.157,0.2,0.211333333,0.312666667,0.267,0.24,0.270666667,0.309,0.302666667,0.385,0.379
JS,y12,0.245666667,0.224,0.216,0.243666667,0.240666667,0.257333333,0.318333333,0.293666667,0.318666667,0.298666667,0.264666667,0.304666667,0.326333333,0.298666667,0.338,0.332666667,0.345333333,0.318666667,0.242333333,0.290333333,0.306,0.271666667,0.344333333,0.373333333,0.386333333,0.358666667,0.279,0.348666667,0.367,0.348,0.397333333,0.423,0.376333333,0.348333333,0.262666667,0.318666667,0.338,0.345666667,0.376,0.391,0.230666667,0.167666667,0.106,0.161333333,0.218,0.260333333,0.321333333,0.311333333,0.278333333,0.265,0.231666667,0.282333333,0.3,0.273666667,0.277666667,0.289666667,0.196666667,0.174666667,0.114333333,0.125,0.144333333,0.169,0.222666667,0.226666667,0.163,0.17,0.136,0.155333333,0.170333333,0.192,0.219333333,0.185666667,0.147333333,0.134666667,0.116333333,0.120666667,0.129333333,0.165333333,0.24,0.202,0.333666667,0.321666667,0.273,0.267666667,0.296666667,0.281666667,0.337666667,0.344,0.195,0.186333333,0.158333333,0.156666667,0.193,0.201333333,0.219333333,0.194
JS,y13,0.223333333,0.232333333,0.183,0.180333333,0.191333333,0.208666667,0.231666667,0.226666667,0.291666667,0.251666667,0.226333333,0.256,0.251,0.259666667,0.347,0.338333333,0.351,0.331,0.3,0.351666667,0.362666667,0.359,0.402,0.399333333,0.308,0.297333333,0.222333333,0.269,0.287666667,0.292333333,0.343333333,0.338333333,0.351,0.301,0.193333333,0.272333333,0.309666667,0.328666667,0.396666667,0.401666667,0.203333333,0.172,0.155,0.186333333,0.228333333,0.270333333,0.319666667,0.274,0.159,0.147666667,0.119,0.168333333,0.2,0.191666667,0.184333333,0.192666667,0.259666667,0.232333333,0.184333333,0.204666667,0.229666667,0.248666667,0.298666667,0.3,0.161666667,0.180666667,0.162333333,0.188666667,0.206333333,0.221666667,0.238,0.183333333,0.209333333,0.216666667,0.185333333,0.171333333,0.176666667,0.215666667,0.292,0.247333333,0.215,0.208666667,0.178666667,0.183666667,0.191666667,0.196,0.255,0.241333333,0.243333333,0.233333333,0.198333333,0.170333333,0.204666667,0.225666667,0.271333333,0.260666667
JS,y14,0.293333333,0.305666667,0.276,0.288,0.276,0.281666667,0.298333333,0.274,0.238333333,0.212333333,0.168666667,0.185666667,0.213333333,0.221333333,0.257333333,0.249,0.335333333,0.283333333,0.216,0.270333333,0.295666667,0.31,0.395666667,0.382333333,0.296333333,0.286,0.234666667,0.29,0.309333333,0.301666667,0.344333333,0.345666667,0.324333333,0.283666667,0.188,0.257333333,0.286666667,0.288,0.343,0.361666667,0.264333333,0.261333333,0.236666667,0.257,0.249,0.250333333,0.286666667,0.292333333,0.241666667,0.214666667,0.162,0.189333333,0.194666667,0.182666667,0.245333333,0.281333333,0.243333333,0.229,0.191666667,0.198,0.186333333,0.176666667,0.240666667,0.259333333,0.186333333,0.193,0.179333333,0.207333333,0.216666667,0.235666667,0.279666667,0.231,0.193333333,0.200666667,0.182333333,0.176333333,0.161,0.176333333,0.241666667,0.212666667,0.18,0.164,0.133666667,0.13,0.139333333,0.141,0.192333333,0.188666667,0.397333333,0.370333333,0.290333333,0.268333333,0.289,0.256333333,0.346,0.399333333
JS,y15,0.246,0.229666667,0.197,0.202,0.230666667,0.222666667,0.264666667,0.260333333,0.230666667,0.225333333,0.229666667,0.268666667,0.269666667,0.283666667,0.318666667,0.284,0.340666667,0.318333333,0.25,0.269,0.274,0.274333333,0.359666667,0.355333333,0.318666667,0.288666667,0.200666667,0.258666667,0.287666667,0.287666667,0.389666667,0.385666667,0.256666667,0.226666667,0.149333333,0.216666667,0.227,0.212,0.269,0.286,0.244333333,0.197,0.118666667,0.129,0.154333333,0.190333333,0.301333333,0.312,0.240666667,0.222333333,0.187666667,0.218333333,0.187,0.154,0.219333333,0.252666667,0.248333333,0.236,0.201333333,0.226,0.245666667,0.269,0.299333333,0.285,0.191,0.192,0.155,0.152,0.144666667,0.18,0.254333333,0.205666667,0.188333333,0.163333333,0.122666667,0.119333333,0.126,0.141333333,0.239666667,0.241666667,0.374666667,0.357666667,0.297333333,0.291333333,0.273,0.267,0.326,0.354333333,0.266333333,0.263,0.228,0.216666667,0.232,0.222,0.264,0.268333333
JS,y16,0.297,0.275,0.229333333,0.219333333,0.241,0.255,0.331,0.316666667,0.319,0.301333333,0.269666667,0.283666667,0.301333333,0.316,0.374333333,0.354666667,0.411,0.389333333,0.357333333,0.409666667,0.406333333,0.408666667,0.463666667,0.455666667,0.303,0.299,0.275,0.328333333,0.354,0.339,0.372666667,0.366,0.335666667,0.304,0.221,0.261666667,0.259333333,0.264666667,0.368,0.381,0.175,0.136666667,0.094333333,0.125,0.148333333,0.176666667,0.26,0.244,0.201333333,0.173,0.129666667,0.161,0.163666667,0.154666667,0.208,0.228333333,0.190666667,0.150333333,0.111,0.135,0.161,0.177,0.22,0.231,0.181333333,0.177333333,0.145,0.153,0.160333333,0.171666667,0.223666667,0.205666667,0.256,0.243,0.210666667,0.235,0.249666667,0.261,0.300333333,0.287,0.265,0.242333333,0.179,0.159333333,0.184666667,0.201,0.279333333,0.297333333,0.449,0.395333333,0.322333333,0.345333333,0.417,0.390666667,0.446666667,0.465666667
JS,y17,0.192,0.208666667,0.188333333,0.191333333,0.224,0.228666667,0.221,0.182333333,0.231,0.197333333,0.180333333,0.191333333,0.19,0.201,0.276,0.267,0.272666667,0.253,0.187,0.239,0.264333333,0.246333333,0.308666667,0.315,0.361,0.307,0.225333333,0.285666667,0.303666667,0.322666667,0.389666667,0.395,0.297666667,0.267666667,0.225666667,0.257666667,0.27,0.311,0.361666667,0.331333333,0.233333333,0.213333333,0.17,0.206,0.208333333,0.217333333,0.294,0.291666667,0.215333333,0.196,0.145666667,0.172666667,0.153,0.137333333,0.202666667,0.239666667,0.177666667,0.178333333,0.14,0.144,0.141,0.154,0.199,0.204,0.216666667,0.229666667,0.186333333,0.194333333,0.182,0.195,0.254666667,0.239333333,0.225333333,0.248,0.209333333,0.205333333,0.182,0.182333333,0.258333333,0.230333333,0.247666667,0.245333333,0.213666667,0.208666667,0.188333333,0.216,0.302333333,0.281666667,0.260666667,0.272333333,0.235666667,0.214666667,0.203,0.226,0.272333333,0.249
JS,y18,0.197666667,0.209,0.188333333,0.186,0.171,0.195666667,0.240333333,0.201,0.213,0.209666667,0.199,0.243666667,0.252666667,0.240666667,0.262666667,0.238,0.254,0.218333333,0.191666667,0.252,0.273,0.301,0.359333333,0.310333333,0.363,0.349,0.249666667,0.296333333,0.318,0.302333333,0.400666667,0.406666667,0.213,0.195333333,0.151,0.213333333,0.219,0.210666667,0.278666667,0.267,0.211,0.174666667,0.167333333,0.190333333,0.216,0.258333333,0.36,0.302333333,0.259333333,0.215666667,0.157666667,0.191,0.188666667,0.193333333,0.271666667,0.308333333,0.314,0.308666667,0.290333333,0.314333333,0.334666667,0.372,0.376666667,0.339666667,0.230666667,0.221333333,0.176333333,0.197,0.187666667,0.201,0.272,0.249333333,0.184333333,0.194666667,0.163,0.182333333,0.172333333,0.167666667,0.237333333,0.220333333,0.299666667,0.318666667,0.277666667,0.289666667,0.286,0.302,0.344333333,0.316,0.284333333,0.287333333,0.274333333,0.325,0.347666667,0.340666667,0.366666667,0.314333333
JS,y19,0.184,0.155,0.13,0.131666667,0.156,0.165666667,0.216666667,0.205333333,0.245,0.246333333,0.254333333,0.276,0.258666667,0.238333333,0.293333333,0.270333333,0.382333333,0.350666667,0.293666667,0.307,0.319333333,0.313666667,0.406666667,0.418666667,0.408,0.35,0.265333333,0.354666667,0.375666667,0.360666667,0.439333333,0.454333333,0.37,0.327666667,0.251333333,0.285,0.286666667,0.325333333,0.418666667,0.423,0.222333333,0.191,0.156,0.187333333,0.210333333,0.236,0.308,0.295333333,0.328333333,0.294333333,0.251,0.323333333,0.287666667,0.243,0.272,0.331,0.258,0.22,0.182666667,0.227666667,0.226666667,0.241666667,0.314333333,0.322333333,0.196333333,0.179666667,0.151333333,0.169,0.179666667,0.219333333,0.277333333,0.232,0.259,0.266,0.229,0.237,0.228,0.245666667,0.332666667,0.299333333,0.250333333,0.236,0.187,0.178666667,0.211666667,0.211333333,0.289,0.282,0.255666667,0.269333333,0.231666667,0.205666667,0.242666667,0.205,0.235666667,0.249333333
JS,y20,0.261,0.242333333,0.199666667,0.199333333,0.222666667,0.222333333,0.316666667,0.304333333,0.288,0.294666667,0.287333333,0.319333333,0.304333333,0.309,0.352333333,0.299333333,0.318666667,0.27,0.199666667,0.268333333,0.275333333,0.257333333,0.357333333,0.361333333,0.228666667,0.225,0.202333333,0.263666667,0.269666667,0.271333333,0.309666667,0.283,0.359333333,0.305666667,0.229,0.329333333,0.352,0.348666667,0.411333333,0.417666667,0.186,0.174333333,0.155,0.160666667,0.162,0.175666667,0.240333333,0.224333333,0.171666667,0.150666667,0.116,0.127,0.138,0.162333333,0.231666667,0.230666667,0.147666667,0.153,0.129,0.143333333,0.141,0.153333333,0.170333333,0.162666667,0.197666667,0.215333333,0.187666667,0.207,0.185333333,0.193,0.263333333,0.232333333,0.286666667,0.277666667,0.229,0.237333333,0.231333333,0.238333333,0.342333333,0.327,0.213,0.213,0.169333333,0.145,0.142,0.151,0.232666667,0.241,0.304666667,0.283333333,0.238,0.242,0.295666667,0.285333333,0.331,0.319333333
JS,y21,0.271666667,0.239666667,0.19,0.190333333,0.201333333,0.223,0.293,0.285666667,0.243666667,0.227,0.198,0.186333333,0.172333333,0.176333333,0.253333333,0.261333333,0.255,0.218666667,0.168666667,0.189333333,0.182333333,0.208,0.305,0.302333333,0.309333333,0.280666667,0.241333333,0.304,0.286333333,0.280333333,0.339666667,0.346666667,0.275333333,0.253,0.192,0.259666667,0.244,0.259,0.344,0.32,0.232333333,0.209,0.162,0.206,0.227,0.24,0.294333333,0.286333333,0.210333333,0.195333333,0.153333333,0.184666667,0.188666667,0.186666667,0.212,0.24,0.226666667,0.206333333,0.154333333,0.199666667,0.214666667,0.205333333,0.229333333,0.241333333,0.103666667,0.102333333,0.073666667,0.071666667,0.075,0.093,0.161666667,0.143,0.23,0.223333333,0.187,0.190666667,0.194,0.207333333,0.287666667,0.259333333,0.264333333,0.281,0.262,0.247666667,0.213,0.212666667,0.274333333,0.265666667,0.178,0.174666667,0.15,0.154333333,0.186333333,0.181333333,0.209,0.193
JS,y22,0.259,0.261333333,0.243333333,0.243666667,0.250666667,0.242,0.275,0.262,0.275333333,0.249333333,0.204333333,0.245,0.296,0.272333333,0.305,0.297,0.295333333,0.258666667,0.204666667,0.243333333,0.227666667,0.237333333,0.344,0.331,0.281666667,0.269,0.196,0.246666667,0.251,0.25,0.319666667,0.338666667,0.334,0.316333333,0.256333333,0.305666667,0.278,0.275333333,0.335333333,0.336333333,0.205,0.177666667,0.127666667,0.142333333,0.148666667,0.161666667,0.241,0.263,0.239,0.217,0.153666667,0.203,0.220333333,0.220333333,0.254333333,0.280333333,0.187333333,0.15,0.097333333,0.091,0.100666667,0.147666667,0.264333333,0.26,0.231,0.212666667,0.156,0.197,0.210333333,0.210333333,0.281666667,0.265333333,0.263666667,0.292,0.265666667,0.305333333,0.293,0.275666667,0.304333333,0.270666667,0.304,0.292,0.258666667,0.260333333,0.254333333,0.255666667,0.305,0.294666667,0.267666667,0.237666667,0.195333333,0.203666667,0.230333333,0.229666667,0.294333333,0.284
JS,y23,0.254666667,0.255666667,0.226666667,0.22,0.204666667,0.214333333,0.289666667,0.272333333,0.261333333,0.25,0.234333333,0.286666667,0.298666667,0.266,0.291,0.293,0.223333333,0.187333333,0.149666667,0.191666667,0.227333333,0.221333333,0.284,0.255,0.343333333,0.322333333,0.216,0.284,0.287,0.273,0.368,0.387,0.340333333,0.298,0.207,0.272,0.298333333,0.307666667,0.375,0.389666667,0.202666667,0.151,0.114666667,0.145,0.171333333,0.200666667,0.277666667,0.280666667,0.211,0.168333333,0.096666667,0.141333333,0.153333333,0.149333333,0.213,0.248333333,0.2,0.178666667,0.148333333,0.17,0.183333333,0.198,0.227,0.232333333,0.193333333,0.205,0.196,0.227333333,0.215,0.195,0.234666667,0.212666667,0.289,0.304,0.262,0.306,0.279666667,0.259,0.305333333,0.294,0.263333333,0.256333333,0.214,0.202,0.222,0.232,0.313333333,0.299333333,0.27,0.256,0.217333333,0.196333333,0.200333333,0.198666667,0.275,0.283
JS,y24,0.255666667,0.251333333,0.235333333,0.251666667,0.280666667,0.295333333,0.316666667,0.275333333,0.249333333,0.225,0.200333333,0.254666667,0.292333333,0.291333333,0.346,0.318333333,0.363333333,0.307,0.246666667,0.262333333,0.274333333,0.275333333,0.374,0.404666667,0.39,0.375333333,0.286666667,0.341,0.359666667,0.351666667,0.402666667,0.411666667,0.254,0.257,0.208666667,0.288,0.305333333,0.287,0.312666667,0.285333333,0.201666667,0.153666667,0.105666667,0.138,0.151,0.172666667,0.289666667,0.289333333,0.328,0.290333333,0.267333333,0.261,0.257666667,0.301333333,0.370333333,0.375,0.306,0.294666667,0.273,0.309333333,0.316333333,0.332,0.374666667,0.356333333,0.176,0.174,0.135666667,0.143666667,0.144333333,0.175,0.233666667,0.2,0.204333333,0.211333333,0.170333333,0.177333333,0.166333333,0.175333333,0.247,0.232,0.215333333,0.212333333,0.192666667,0.192,0.201,0.215666667,0.3,0.264,0.296,0.295666667,0.261666667,0.247,0.229,0.24,0.284333333,0.286
JS,y25,0.156,0.145666667,0.124666667,0.117333333,0.127333333,0.143,0.187,0.182666667,0.209,0.226666667,0.209666667,0.225666667,0.191,0.183333333,0.217333333,0.2,0.287,0.287666667,0.232,0.291666667,0.306333333,0.274666667,0.326,0.316666667,0.278333333,0.252666667,0.194,0.231666667,0.227666667,0.248333333,0.334333333,0.322,0.278666667,0.251333333,0.181333333,0.235333333,0.238333333,0.248,0.307,0.311,0.215666667,0.166666667,0.12,0.153,0.170666667,0.207333333,0.335666667,0.312333333,0.168666667,0.139666667,0.099666667,0.105,0.116333333,0.151,0.221666667,0.225333333,0.235333333,0.223,0.195,0.209,0.217666667,0.243333333,0.304,0.278,0.17,0.184666667,0.158,0.175,0.174666667,0.202,0.248666667,0.199333333,0.162666667,0.155333333,0.136666667,0.127666667,0.125333333,0.159666667,0.241666667,0.201,0.264666667,0.235666667,0.190666667,0.192333333,0.203,0.228666667,0.341333333,0.323,0.276,0.267333333,0.227666667,0.195,0.201666667,0.218333333,0.272666667,0.280666667
JS,y26,0.221666667,0.234,0.192,0.203666667,0.228,0.223333333,0.246333333,0.22,0.289333333,0.260333333,0.214,0.253333333,0.255333333,0.250666667,0.321333333,0.308333333,0.361333333,0.332666667,0.259666667,0.296,0.301666667,0.279,0.355333333,0.373333333,0.300333333,0.258,0.176,0.221333333,0.245666667,0.252666667,0.335,0.360666667,0.340666667,0.308666667,0.236666667,0.270666667,0.283666667,0.314333333,0.379,0.371666667,0.222666667,0.195,0.177,0.214333333,0.223666667,0.22,0.271,0.285666667,0.231333333,0.199333333,0.155333333,0.186333333,0.194333333,0.189333333,0.222333333,0.243333333,0.274666667,0.239,0.154,0.186,0.198666667,0.178666667,0.234333333,0.295333333,0.129333333,0.112666667,0.061333333,0.072333333,0.097,0.107333333,0.135,0.155,0.178333333,0.191666667,0.146,0.132666667,0.127,0.148,0.214333333,0.187333333,0.269333333,0.243,0.183666667,0.165666667,0.156666667,0.195333333,0.303666667,0.294333333,0.233,0.230666667,0.19,0.165666667,0.174333333,0.195,0.235666667,0.228666667
JX,y1,0.167,0.135666667,0.124333333,0.133666667,0.106,0.125333333,0.181333333,0.172333333,0.185666667,0.159666667,0.124333333,0.101666667,0.1,0.125,0.197333333,0.218333333,0.179333333,0.145333333,0.088333333,0.103333333,0.127,0.110333333,0.169,0.196333333,0.182,0.196666667,0.194666667,0.208333333,0.213333333,0.206,0.201666667,0.213,0.245,0.260666667,0.221666667,0.246666667,0.235,0.180333333,0.155333333,0.195333333,0.199666667,0.260666667,0.229333333,0.264666667,0.273333333,0.211,0.198,0.212,0.205333333,0.200666667,0.156333333,0.200333333,0.158333333,0.097666667,0.086,0.157666667,0.191666667,0.161333333,0.125666667,0.136333333,0.111666667,0.101333333,0.130333333,0.180333333,0.154666667,0.138666667,0.102666667,0.110333333,0.097,0.142333333,0.227666667,0.201666667,0.194,0.171666667,0.139333333,0.122666667,0.093,0.172333333,0.350666667,0.264666667,0.122333333,0.113333333,0.085666667,0.105666667,0.136,0.194333333,0.258333333,0.161666667,0.179666667,0.160333333,0.116,0.093666667,0.110333333,0.203666667,0.364,0.266666667
JX,y2,0.154666667,0.152666667,0.122666667,0.117,0.100333333,0.141666667,0.222333333,0.199,0.315,0.287666667,0.222333333,0.225666667,0.220333333,0.26,0.323,0.311,0.201,0.201333333,0.176333333,0.186666667,0.179,0.186,0.220333333,0.242,0.263666667,0.272666667,0.22,0.264333333,0.237,0.223,0.231666667,0.256666667,0.158666667,0.155666667,0.114,0.121666667,0.114333333,0.108333333,0.143,0.183666667,0.204333333,0.222333333,0.201666667,0.302333333,0.279333333,0.177333333,0.136666667,0.203333333,0.246,0.292,0.273,0.369333333,0.345666667,0.209333333,0.167666667,0.195666667,0.162333333,0.158666667,0.131666667,0.121333333,0.106666667,0.111666667,0.128,0.152,0.122666667,0.105333333,0.064333333,0.041666667,0.038,0.107,0.239,0.209333333,0.220333333,0.187333333,0.126666667,0.177666667,0.205,0.313666667,0.421666667,0.278666667,0.215666667,0.194,0.172,0.161666667,0.138333333,0.241,0.358333333,0.252333333,0.128666667,0.108333333,0.073666667,0.07,0.094666667,0.157,0.195666667,0.148
JX,y3,0.190666667,0.183666667,0.181333333,0.161,0.147,0.214,0.255,0.195333333,0.212333333,0.197333333,0.139,0.113333333,0.106333333,0.168666667,0.298666667,0.255666667,0.167666667,0.198,0.177,0.171666667,0.159,0.165666667,0.180333333,0.164333333,0.199333333,0.210333333,0.181666667,0.169,0.138333333,0.133666667,0.188,0.183666667,0.238333333,0.272,0.215666667,0.290666667,0.256333333,0.147666667,0.115666667,0.192333333,0.095,0.103333333,0.063,0.087333333,0.090666667,0.086,0.060666667,0.077666667,0.156666667,0.212,0.148,0.154,0.133666667,0.090666667,0.067,0.106666667,0.156333333,0.144333333,0.126333333,0.143666667,0.160333333,0.143333333,0.149,0.162666667,0.18,0.156666667,0.106333333,0.08,0.086,0.146666667,0.224333333,0.218,0.077666667,0.067666667,0.058,0.049,0.053,0.086,0.128333333,0.106333333,0.184666667,0.159333333,0.088666667,0.084,0.111333333,0.152,0.204666667,0.189333333,0.156,0.122,0.107333333,0.110666667,0.129,0.170333333,0.195333333,0.163666667
JX,y4,0.192,0.168333333,0.136333333,0.127,0.150666667,0.197666667,0.248333333,0.228666667,0.205,0.220333333,0.163,0.156333333,0.168333333,0.176333333,0.233333333,0.205,0.190333333,0.171,0.177,0.174666667,0.182666667,0.178,0.203,0.188333333,0.228333333,0.213,0.199333333,0.218666667,0.223333333,0.177666667,0.169666667,0.175333333,0.181333333,0.166666667,0.101666667,0.101666667,0.096666667,0.099333333,0.129666667,0.177,0.151333333,0.164333333,0.148,0.205666667,0.232333333,0.200333333,0.168,0.164666667,0.261666667,0.326,0.280666667,0.332,0.277,0.144,0.103666667,0.179666667,0.165333333,0.197666667,0.169,0.224666667,0.188,0.113666667,0.090666667,0.116666667,0.142,0.142333333,0.102,0.108,0.130333333,0.184666667,0.205666667,0.169333333,0.295666667,0.262666667,0.184333333,0.227,0.244333333,0.292666667,0.384333333,0.334,0.145333333,0.130333333,0.091666667,0.072666667,0.101333333,0.147666667,0.207,0.172,0.231,0.185,0.124333333,0.108333333,0.123666667,0.205666667,0.292666667,0.259
JX,y5,0.188333333,0.175666667,0.113666667,0.112,0.131333333,0.182666667,0.218,0.191,0.204666667,0.190666667,0.135,0.142666667,0.200333333,0.197333333,0.207,0.195333333,0.293666667,0.293,0.242666667,0.212333333,0.235666667,0.209,0.228666667,0.272666667,0.286666667,0.276333333,0.206,0.189666667,0.196333333,0.174666667,0.206333333,0.271,0.147666667,0.153,0.121333333,0.162333333,0.187333333,0.151,0.095333333,0.114666667,0.186,0.206,0.180333333,0.234,0.214333333,0.167333333,0.171333333,0.188,0.077666667,0.089333333,0.049666667,0.074666667,0.078,0.072,0.067666667,0.067333333,0.107333333,0.109,0.072,0.090333333,0.114333333,0.090333333,0.102,0.121666667,0.193333333,0.160333333,0.117,0.139,0.164333333,0.205333333,0.252666667,0.232666667,0.184,0.185666667,0.128,0.132666667,0.153333333,0.198666667,0.257666667,0.207666667,0.191333333,0.159333333,0.116666667,0.112,0.13,0.177,0.235666667,0.213,0.215666667,0.176666667,0.124666667,0.132333333,0.174666667,0.232666667,0.313,0.246333333
JX,y6,0.216333333,0.211666667,0.164666667,0.179666667,0.202333333,0.265,0.325,0.242333333,0.193666667,0.181,0.143,0.139,0.173666667,0.193,0.214,0.202666667,0.203666667,0.191333333,0.149666667,0.130333333,0.147333333,0.165,0.194333333,0.205333333,0.175333333,0.172,0.126,0.162666667,0.18,0.194,0.180666667,0.174666667,0.153666667,0.152,0.098,0.100333333,0.118333333,0.104666667,0.105333333,0.132666667,0.216333333,0.217333333,0.183,0.274,0.310333333,0.207,0.138333333,0.207,0.223,0.192666667,0.112,0.136333333,0.128,0.115666667,0.125,0.199333333,0.155,0.119,0.069666667,0.084333333,0.085333333,0.093,0.123,0.169333333,0.210666667,0.173666667,0.133666667,0.168666667,0.191666667,0.201333333,0.234666667,0.232333333,0.164,0.165666667,0.140333333,0.132666667,0.134,0.163666667,0.208,0.185666667,0.257666667,0.238333333,0.185,0.197666667,0.222,0.243,0.302333333,0.276666667,0.144,0.151,0.143,0.120666667,0.123333333,0.144333333,0.189,0.165666667
JX,y7,0.198333333,0.183,0.148,0.117666667,0.146333333,0.173333333,0.225,0.214333333,0.209333333,0.183666667,0.163,0.173333333,0.177333333,0.199,0.232333333,0.229666667,0.159666667,0.153666667,0.131,0.147,0.198,0.183666667,0.149333333,0.164,0.211333333,0.236333333,0.184666667,0.150666667,0.162333333,0.188,0.187,0.205,0.12,0.112666667,0.077666667,0.069666667,0.080666667,0.096666667,0.114333333,0.119666667,0.151666667,0.163,0.134,0.160666667,0.131666667,0.092333333,0.080333333,0.14,0.128,0.140333333,0.092,0.118,0.088,0.066,0.066333333,0.083333333,0.100333333,0.096333333,0.056333333,0.055666667,0.081,0.097666667,0.128333333,0.134666667,0.294333333,0.245333333,0.180333333,0.231,0.275,0.347333333,0.396,0.367333333,0.222666667,0.2,0.137666667,0.129333333,0.160666667,0.219666667,0.32,0.275666667,0.16,0.134,0.082,0.075333333,0.098,0.131333333,0.19,0.18,0.218333333,0.191,0.141,0.130333333,0.158333333,0.21,0.228333333,0.215666667
JX,y8,0.144333333,0.149666667,0.112666667,0.077,0.099666667,0.111333333,0.179333333,0.146666667,0.137333333,0.13,0.126333333,0.099,0.091333333,0.097,0.153666667,0.157333333,0.173333333,0.193333333,0.134333333,0.115,0.135666667,0.130333333,0.162,0.185333333,0.302666667,0.310333333,0.275,0.307,0.272333333,0.243,0.301333333,0.324,0.162666667,0.167,0.106,0.099,0.100666667,0.101666667,0.124666667,0.156666667,0.203333333,0.244333333,0.183666667,0.202,0.157666667,0.116666667,0.102,0.124333333,0.087666667,0.107666667,0.068,0.099333333,0.113666667,0.095666667,0.068333333,0.083666667,0.167,0.152,0.101666667,0.098,0.106666667,0.134666667,0.171333333,0.178,0.208333333,0.175333333,0.130666667,0.144666667,0.174666667,0.193666667,0.251,0.250666667,0.169333333,0.162333333,0.11,0.088,0.104333333,0.131666667,0.191333333,0.189333333,0.188666667,0.185666667,0.141,0.139,0.176333333,0.207,0.232,0.192666667,0.170666667,0.171333333,0.15,0.118333333,0.140666667,0.183666667,0.209333333,0.181333333
JX,y9,0.163333333,0.12,0.079333333,0.064333333,0.089,0.137666667,0.221666667,0.190333333,0.247666667,0.234666667,0.151,0.128,0.181666667,0.203333333,0.233666667,0.245,0.278333333,0.273666667,0.231,0.207333333,0.253333333,0.273,0.317666667,0.302666667,0.231333333,0.243666667,0.176333333,0.176333333,0.194666667,0.200666667,0.217666667,0.212666667,0.234,0.212,0.136,0.148333333,0.147333333,0.157333333,0.203,0.231666667,0.205,0.213333333,0.151333333,0.173333333,0.169,0.136,0.165,0.198666667,0.287333333,0.337666667,0.274333333,0.392666667,0.343666667,0.192,0.123,0.178333333,0.127666667,0.137666667,0.085333333,0.095,0.079666667,0.079666667,0.124666667,0.133,0.138333333,0.111666667,0.099,0.107666667,0.113,0.156,0.263333333,0.223333333,0.18,0.140333333,0.115333333,0.096666667,0.133333333,0.245333333,0.334666667,0.235333333,0.255,0.221333333,0.189333333,0.145666667,0.144333333,0.230666667,0.361666667,0.307333333,0.197,0.162333333,0.106,0.107,0.147,0.239666667,0.302,0.217666667
JX,y10,0.151,0.100333333,0.061333333,0.062333333,0.097333333,0.143666667,0.202333333,0.171333333,0.222,0.201,0.141333333,0.142333333,0.171333333,0.208333333,0.217333333,0.229,0.244333333,0.218,0.159,0.193,0.213666667,0.222333333,0.241333333,0.234333333,0.228666667,0.248666667,0.221,0.225666667,0.268666667,0.243333333,0.217333333,0.231666667,0.226,0.228666667,0.150333333,0.155333333,0.158666667,0.124666667,0.122666667,0.171333333,0.161666667,0.180666667,0.124333333,0.126,0.126333333,0.105333333,0.109,0.135666667,0.172666667,0.197666667,0.168333333,0.209333333,0.187333333,0.130666667,0.091666667,0.139666667,0.182666667,0.177,0.134,0.134666667,0.141666667,0.16,0.212666667,0.203666667,0.153666667,0.157666667,0.102666667,0.133333333,0.148333333,0.181666667,0.222,0.181333333,0.187666667,0.179,0.125666667,0.152666667,0.169333333,0.254,0.360333333,0.249666667,0.173666667,0.163333333,0.107333333,0.064666667,0.1,0.168666667,0.214333333,0.207333333,0.208666667,0.202666667,0.138,0.102333333,0.111666667,0.178333333,0.241333333,0.211
JX,y11,0.139666667,0.131,0.095666667,0.081333333,0.062666667,0.113,0.187,0.139666667,0.212,0.181666667,0.153666667,0.154,0.155333333,0.179,0.202,0.176,0.192,0.194,0.178,0.193666667,0.255333333,0.239333333,0.202,0.183,0.236,0.242666667,0.186333333,0.204333333,0.213333333,0.166333333,0.171666667,0.217,0.271333333,0.276,0.199333333,0.221,0.205333333,0.164,0.186666667,0.235666667,0.251,0.223666667,0.148333333,0.16,0.132,0.105333333,0.128333333,0.208666667,0.294666667,0.306666667,0.296333333,0.397333333,0.371666667,0.266,0.185333333,0.219333333,0.207333333,0.206333333,0.165,0.186666667,0.181333333,0.184666667,0.204333333,0.204333333,0.197666667,0.183666667,0.144333333,0.126,0.123,0.173,0.272,0.244333333,0.227666667,0.204333333,0.155333333,0.152,0.155,0.211333333,0.326,0.273,0.177,0.184666667,0.137333333,0.117,0.111,0.16,0.216,0.172,0.205666667,0.162333333,0.103,0.097666667,0.157666667,0.229,0.280666667,0.226666667
JX,y12,0.182666667,0.155666667,0.103333333,0.087333333,0.100666667,0.173333333,0.228666667,0.202666667,0.276333333,0.286333333,0.256,0.26,0.273333333,0.273666667,0.277333333,0.255,0.166666667,0.161333333,0.133666667,0.114666667,0.136666667,0.136666667,0.173666667,0.193333333,0.362333333,0.330333333,0.232,0.288,0.316333333,0.255,0.343,0.382,0.252,0.245666667,0.173666667,0.199333333,0.217666667,0.173666667,0.167666667,0.232333333,0.108333333,0.106666667,0.061666667,0.079,0.101333333,0.081333333,0.075333333,0.102,0.296,0.291333333,0.267666667,0.341,0.293333333,0.241,0.226333333,0.277333333,0.137333333,0.134666667,0.084,0.071,0.054333333,0.081666667,0.138666667,0.173666667,0.173,0.163,0.111333333,0.120333333,0.145666667,0.156666667,0.204,0.211333333,0.137333333,0.116666667,0.073666667,0.047333333,0.05,0.109666667,0.182666667,0.151333333,0.144,0.132,0.08,0.065,0.085333333,0.132,0.189333333,0.151666667,0.209333333,0.166333333,0.1,0.072666667,0.099666667,0.19,0.314333333,0.242666667
JX,y13,0.146333333,0.120333333,0.079333333,0.082333333,0.112,0.185333333,0.245,0.178333333,0.235,0.231333333,0.151666667,0.093,0.107666667,0.102333333,0.163666667,0.208,0.258,0.293333333,0.239666667,0.245666667,0.219666667,0.199,0.223666667,0.268,0.226,0.221333333,0.195333333,0.223,0.222,0.226666667,0.244,0.231,0.206,0.232,0.152333333,0.132,0.127333333,0.082333333,0.07,0.120666667,0.126666667,0.144333333,0.102333333,0.113,0.108666667,0.092333333,0.099,0.121666667,0.231333333,0.253333333,0.222333333,0.330333333,0.288,0.161333333,0.132333333,0.193,0.194666667,0.172333333,0.143333333,0.167666667,0.161,0.146333333,0.192666667,0.214666667,0.184333333,0.161666667,0.117333333,0.138333333,0.171333333,0.214666667,0.246666667,0.221333333,0.273666667,0.217666667,0.153,0.144,0.163,0.247,0.394,0.338666667,0.274,0.231666667,0.148,0.166666667,0.195,0.298333333,0.415666667,0.331666667,0.190333333,0.155,0.106666667,0.091333333,0.115666667,0.147666667,0.209333333,0.180666667
JX,y14,0.191666667,0.181,0.158666667,0.147333333,0.144333333,0.185666667,0.218666667,0.199,0.211,0.156666667,0.100666667,0.102,0.109,0.157333333,0.252,0.228333333,0.240666667,0.222,0.154,0.116666667,0.110333333,0.127,0.169666667,0.217666667,0.224666667,0.203,0.158666667,0.144333333,0.142,0.160333333,0.188333333,0.208666667,0.225333333,0.233666667,0.133333333,0.152333333,0.142,0.126666667,0.138333333,0.179333333,0.201,0.182333333,0.138333333,0.181666667,0.178666667,0.180333333,0.149,0.178,0.189666667,0.212333333,0.157666667,0.246666667,0.233333333,0.140333333,0.111,0.170333333,0.161666667,0.161333333,0.140666667,0.16,0.143,0.106666667,0.139333333,0.157,0.119666667,0.118666667,0.076,0.078666667,0.097,0.099333333,0.147666667,0.152,0.179333333,0.184666667,0.135,0.109333333,0.092666667,0.123,0.184,0.163333333,0.150333333,0.130333333,0.091333333,0.077,0.103333333,0.141666667,0.209,0.177666667,0.18,0.175333333,0.127666667,0.124,0.137,0.17,0.194666667,0.152666667
JX,y15,0.193666667,0.148666667,0.09,0.07,0.090333333,0.127333333,0.195666667,0.159333333,0.240666667,0.224666667,0.163666667,0.160333333,0.169666667,0.161666667,0.229,0.245333333,0.195,0.245666667,0.225333333,0.212666667,0.19,0.176666667,0.160666667,0.170333333,0.330666667,0.3,0.176666667,0.169666667,0.158,0.147333333,0.199333333,0.283333333,0.217,0.228333333,0.115666667,0.116,0.116666667,0.117666667,0.143333333,0.190666667,0.128,0.152,0.080333333,0.104333333,0.106666667,0.066666667,0.073,0.123,0.181666667,0.204333333,0.151,0.202,0.163666667,0.100666667,0.106333333,0.137,0.160666667,0.152,0.134333333,0.147,0.151666667,0.156666667,0.176,0.175333333,0.158333333,0.151,0.094333333,0.062666667,0.063333333,0.107666667,0.212,0.209666667,0.228666667,0.191333333,0.117666667,0.15,0.162,0.232,0.363666667,0.282333333,0.222666667,0.219,0.196,0.181,0.191,0.221666667,0.236333333,0.229,0.177666667,0.172,0.119666667,0.097666667,0.092333333,0.137333333,0.222666667,0.172666667
JX,y16,0.184333333,0.197,0.152333333,0.12,0.132666667,0.139,0.188666667,0.171666667,0.287666667,0.267333333,0.215333333,0.172666667,0.171333333,0.153666667,0.212666667,0.248,0.340666667,0.320666667,0.220333333,0.219,0.24,0.229333333,0.252666667,0.292,0.275666667,0.301,0.202,0.205333333,0.209,0.193333333,0.209666667,0.241333333,0.184666667,0.233666667,0.163333333,0.149,0.136333333,0.118,0.110333333,0.143666667,0.139666667,0.16,0.101666667,0.111333333,0.116,0.091333333,0.109333333,0.131666667,0.196,0.208333333,0.151,0.214666667,0.195333333,0.110666667,0.150666667,0.218333333,0.12,0.132333333,0.095333333,0.108666667,0.105,0.069333333,0.066,0.107666667,0.124333333,0.110333333,0.081,0.066333333,0.060666667,0.112,0.193666667,0.175,0.212666667,0.193333333,0.155,0.204666667,0.251333333,0.286,0.296,0.243,0.223666667,0.203333333,0.118666667,0.081333333,0.092333333,0.142,0.240333333,0.200333333,0.202,0.212666667,0.185666667,0.16,0.157666667,0.146,0.169333333,0.194333333
JX,y17,0.229666667,0.186333333,0.126333333,0.135,0.149666667,0.215333333,0.319333333,0.252,0.185333333,0.168,0.133,0.120333333,0.111333333,0.128333333,0.195666667,0.19,0.225333333,0.199333333,0.129,0.133666667,0.137,0.132666667,0.186333333,0.206666667,0.244,0.271,0.228333333,0.255333333,0.253333333,0.209,0.216333333,0.222333333,0.242666667,0.269333333,0.188666667,0.185333333,0.148333333,0.135333333,0.180333333,0.225333333,0.127333333,0.169666667,0.125666667,0.173666667,0.153666667,0.12,0.120333333,0.122333333,0.174666667,0.181,0.127333333,0.160333333,0.129666667,0.093666667,0.095666667,0.139,0.155,0.173,0.132,0.153,0.125,0.093333333,0.124333333,0.155,0.204333333,0.197333333,0.148,0.141,0.128,0.162333333,0.252,0.251333333,0.239,0.225333333,0.183333333,0.192333333,0.197333333,0.201333333,0.264,0.269333333,0.262666667,0.228333333,0.144666667,0.096666667,0.095,0.149333333,0.286,0.275333333,0.247,0.223333333,0.167,0.163666667,0.178333333,0.242333333,0.343,0.274666667
JX,y18,0.171666667,0.156,0.109,0.103,0.099666667,0.137666667,0.215666667,0.188666667,0.218666667,0.21,0.197666667,0.161666667,0.161,0.199333333,0.241,0.211,0.233333333,0.204333333,0.135666667,0.118333333,0.112,0.151333333,0.173,0.214,0.226666667,0.238666667,0.167333333,0.169333333,0.183,0.140333333,0.153,0.196666667,0.219333333,0.238,0.154,0.133,0.123333333,0.103,0.144666667,0.201666667,0.139666667,0.148666667,0.090333333,0.111,0.123666667,0.115333333,0.131333333,0.152666667,0.238666667,0.246333333,0.191666667,0.285,0.233333333,0.123,0.088,0.165,0.286,0.27,0.241666667,0.263333333,0.273333333,0.279,0.305666667,0.309,0.164333333,0.171333333,0.115,0.111,0.095666667,0.093666667,0.128,0.151,0.213,0.194,0.118,0.111666667,0.106666667,0.154,0.255333333,0.233,0.149666667,0.152666667,0.111,0.093666667,0.117333333,0.121,0.185,0.164666667,0.27,0.231,0.168333333,0.165666667,0.162,0.181,0.262333333,0.232
JX,y19,0.167666667,0.146333333,0.112333333,0.073,0.092666667,0.125,0.200333333,0.2,0.218333333,0.215666667,0.184333333,0.154,0.157,0.153666667,0.197666667,0.209,0.204,0.236333333,0.220333333,0.182,0.197,0.192333333,0.229333333,0.217333333,0.203,0.237,0.183333333,0.157,0.165333333,0.128333333,0.144333333,0.19,0.160333333,0.129666667,0.112666667,0.134,0.128333333,0.098,0.110333333,0.134333333,0.149333333,0.168333333,0.143333333,0.194666667,0.199666667,0.145,0.112333333,0.128666667,0.320666667,0.335666667,0.310333333,0.443333333,0.372666667,0.237333333,0.203333333,0.261333333,0.210333333,0.213,0.169,0.218,0.166333333,0.128333333,0.13,0.172666667,0.21,0.177333333,0.152666667,0.172333333,0.159,0.215333333,0.301666667,0.267666667,0.257666667,0.219,0.159333333,0.187666667,0.232666667,0.32,0.406,0.314333333,0.148,0.16,0.133666667,0.123,0.125,0.144666667,0.207666667,0.157666667,0.173,0.153666667,0.101666667,0.090666667,0.133666667,0.164333333,0.227333333,0.190666667
JX,y20,0.227666667,0.196333333,0.123333333,0.089333333,0.115666667,0.139666667,0.242666667,0.259,0.225333333,0.214666667,0.182333333,0.142666667,0.166333333,0.227,0.298666667,0.273333333,0.209666667,0.246,0.231,0.220666667,0.185333333,0.150333333,0.145333333,0.169,0.171333333,0.202,0.179666667,0.133,0.127333333,0.118333333,0.132333333,0.166333333,0.202666667,0.194333333,0.161333333,0.172333333,0.144,0.122666667,0.173,0.221,0.122,0.12,0.094,0.120333333,0.134666667,0.115,0.124333333,0.140666667,0.109333333,0.131333333,0.106,0.112333333,0.105,0.101,0.127333333,0.145333333,0.068333333,0.072333333,0.043666667,0.031333333,0.041333333,0.066666667,0.099,0.101333333,0.100333333,0.089,0.075666667,0.081666667,0.08,0.081,0.108333333,0.121333333,0.240333333,0.215333333,0.125,0.121666667,0.147333333,0.167,0.265,0.28,0.191666667,0.163,0.108,0.098666667,0.101666667,0.129,0.206666667,0.214,0.198666667,0.173666667,0.120666667,0.131,0.167666667,0.204333333,0.263,0.229333333
JX,y21,0.215666667,0.181333333,0.131,0.102333333,0.129666667,0.143666667,0.205666667,0.2,0.188333333,0.196666667,0.163666667,0.132666667,0.129333333,0.129,0.200333333,0.185,0.185666667,0.191333333,0.158666667,0.16,0.142666667,0.153,0.214666667,0.227666667,0.206666667,0.238666667,0.191,0.184333333,0.210333333,0.2,0.223333333,0.215,0.198666667,0.222,0.161,0.200666667,0.194,0.133333333,0.163,0.157,0.226666667,0.242333333,0.204333333,0.273666667,0.254,0.141666667,0.133333333,0.179666667,0.220666667,0.246333333,0.205333333,0.272,0.250333333,0.208,0.198,0.178333333,0.163,0.171,0.142333333,0.156333333,0.151,0.152666667,0.153666667,0.155333333,0.120666667,0.111333333,0.065666667,0.076333333,0.076666667,0.074,0.115,0.139666667,0.248,0.219333333,0.15,0.108333333,0.120333333,0.134333333,0.207666667,0.251,0.178333333,0.166333333,0.139333333,0.097,0.090333333,0.12,0.189666667,0.173666667,0.159666667,0.130666667,0.080333333,0.064666667,0.090333333,0.121,0.181666667,0.173
JX,y22,0.162666667,0.147333333,0.130333333,0.106,0.113,0.152,0.212333333,0.179666667,0.259666667,0.220666667,0.176666667,0.149333333,0.196,0.185666667,0.228333333,0.248666667,0.225666667,0.230333333,0.158333333,0.177333333,0.162,0.181,0.211,0.203,0.234,0.209,0.144,0.164,0.2,0.236666667,0.243,0.237,0.157,0.181666667,0.127666667,0.150333333,0.148333333,0.129333333,0.173333333,0.159666667,0.164666667,0.188666667,0.134666667,0.18,0.155666667,0.134333333,0.122666667,0.134333333,0.238333333,0.239333333,0.208333333,0.286,0.234333333,0.153666667,0.164,0.219666667,0.149,0.107666667,0.057,0.045333333,0.059333333,0.098333333,0.156333333,0.187333333,0.181333333,0.156333333,0.108333333,0.125333333,0.139666667,0.165666667,0.213666667,0.21,0.267666667,0.247666667,0.211,0.217666667,0.203666667,0.248,0.341333333,0.297,0.192,0.197333333,0.186,0.183,0.166333333,0.166333333,0.201,0.194333333,0.225333333,0.195,0.127,0.11,0.116666667,0.144,0.247333333,0.244
JX,y23,0.192,0.163,0.127333333,0.106666667,0.106666667,0.168666667,0.287,0.243333333,0.243,0.228666667,0.178333333,0.155,0.163666667,0.194666667,0.258,0.251666667,0.169,0.165333333,0.134333333,0.109666667,0.106666667,0.121333333,0.138333333,0.14,0.22,0.245,0.162333333,0.162666667,0.164666667,0.134333333,0.161333333,0.184333333,0.144333333,0.162333333,0.101333333,0.127,0.125,0.100333333,0.113333333,0.131666667,0.147,0.139333333,0.113666667,0.155,0.180333333,0.154333333,0.132333333,0.146666667,0.171666667,0.192,0.164333333,0.213,0.165,0.097333333,0.096666667,0.138666667,0.167333333,0.156666667,0.137,0.177,0.142666667,0.093333333,0.112333333,0.166666667,0.127666667,0.113,0.071666667,0.076,0.071666667,0.072666667,0.140333333,0.157666667,0.276333333,0.265333333,0.202666667,0.214333333,0.213666667,0.243666667,0.355,0.314666667,0.221333333,0.193666667,0.128,0.121,0.131333333,0.177333333,0.265666667,0.245666667,0.184666667,0.169333333,0.120333333,0.112333333,0.133333333,0.179666667,0.257333333,0.204333333
JX,y24,0.184333333,0.170666667,0.157666667,0.121333333,0.117,0.186,0.259666667,0.217333333,0.177,0.165666667,0.119666667,0.096,0.12,0.146,0.201,0.185,0.173,0.199,0.174333333,0.185333333,0.154666667,0.149,0.167666667,0.166333333,0.230333333,0.251666667,0.169,0.193,0.217,0.146,0.159,0.213666667,0.226333333,0.241333333,0.193,0.259,0.276666667,0.225,0.190666667,0.225666667,0.121,0.130333333,0.099666667,0.139,0.134666667,0.114,0.101666667,0.123,0.162,0.169333333,0.136666667,0.144666667,0.112,0.081666667,0.069,0.114666667,0.122666667,0.114666667,0.076666667,0.097666667,0.118333333,0.141,0.173,0.164,0.191,0.182,0.130666667,0.160666667,0.133333333,0.150333333,0.206333333,0.185666667,0.191333333,0.179333333,0.1,0.115666667,0.116666667,0.147333333,0.220666667,0.191666667,0.143333333,0.137,0.118,0.113666667,0.109333333,0.136,0.172333333,0.149666667,0.208,0.212,0.193,0.184666667,0.170666667,0.198333333,0.228,0.202
JX,y25,0.134333333,0.114333333,0.084333333,0.060333333,0.059,0.124,0.21,0.161666667,0.163333333,0.171333333,0.141666667,0.162333333,0.182333333,0.181,0.189333333,0.165,0.191666667,0.187666667,0.177666667,0.161666667,0.162666667,0.149,0.176,0.186,0.167666667,0.171333333,0.136,0.138,0.126,0.134333333,0.133,0.153666667,0.158333333,0.156666667,0.124333333,0.136333333,0.158333333,0.147666667,0.157333333,0.166666667,0.152,0.196,0.146333333,0.164666667,0.170666667,0.116333333,0.116,0.137333333,0.126666667,0.125666667,0.094666667,0.141333333,0.130666667,0.094666667,0.075333333,0.101,0.142333333,0.139,0.096333333,0.095333333,0.100666667,0.116666667,0.136,0.154,0.177333333,0.155,0.098666667,0.129,0.176333333,0.231666667,0.272333333,0.228,0.188333333,0.156333333,0.1,0.069666667,0.095,0.192,0.313333333,0.238333333,0.253666667,0.207333333,0.146333333,0.144666667,0.124,0.179,0.301666667,0.284,0.188,0.176,0.132,0.109,0.109,0.164333333,0.257666667,0.208
JX,y26,0.165,0.156333333,0.126333333,0.102,0.114333333,0.124333333,0.173,0.172666667,0.181666667,0.177666667,0.128,0.108333333,0.132333333,0.122666667,0.159333333,0.161666667,0.238,0.261666667,0.198333333,0.174,0.147333333,0.162333333,0.209666667,0.231666667,0.186333333,0.184666667,0.127666667,0.123666667,0.113333333,0.111666667,0.150666667,0.173333333,0.223,0.238333333,0.185333333,0.188666667,0.181333333,0.144666667,0.140666667,0.178666667,0.228333333,0.269333333,0.208333333,0.324333333,0.323666667,0.188,0.176,0.206333333,0.207666667,0.242333333,0.221,0.318333333,0.311333333,0.204,0.136333333,0.163,0.174333333,0.198,0.126333333,0.129666667,0.105333333,0.060666667,0.058,0.118666667,0.081,0.086,0.050666667,0.04,0.046666667,0.070333333,0.094666667,0.089666667,0.216333333,0.192,0.125666667,0.132666667,0.128,0.159666667,0.241,0.228,0.303666667,0.263666667,0.166666667,0.143333333,0.154666667,0.219666667,0.356,0.328333333,0.240666667,0.196333333,0.134,0.126666667,0.162333333,0.249666667,0.336333333,0.270666667
LN,y1,0.374333333,0.343,0.292333333,0.312666667,0.401,0.345666667,0.345,0.372333333,0.287,0.286666667,0.247333333,0.271666667,0.310333333,0.292,0.282333333,0.269666667,0.375666667,0.328333333,0.320333333,0.405333333,0.442666667,0.443,0.469,0.435666667,0.446666667,0.405,0.374666667,0.515333333,0.582333333,0.564666667,0.537,0.514,0.408,0.391,0.363333333,0.471666667,0.535,0.525,0.425333333,0.405,0.208,0.177333333,0.159666667,0.211333333,0.258666667,0.274,0.258333333,0.235,0.273333333,0.257,0.260333333,0.313,0.326333333,0.306666667,0.297333333,0.281,0.154,0.143,0.1,0.136333333,0.148,0.127,0.145333333,0.161333333,0.268666667,0.252333333,0.184333333,0.265333333,0.297666667,0.252,0.273,0.278666667,0.328666667,0.329,0.284333333,0.345333333,0.395,0.371333333,0.382333333,0.355,0.464333333,0.421666667,0.374333333,0.452333333,0.52,0.444666667,0.422,0.463333333,0.299,0.285333333,0.272333333,0.293666667,0.349666667,0.311666667,0.309666667,0.316666667
LN,y2,0.376,0.366333333,0.319666667,0.317,0.386666667,0.346666667,0.333,0.363,0.435666667,0.402666667,0.341,0.39,0.465333333,0.460666667,0.434,0.454,0.404,0.365333333,0.386333333,0.508,0.555,0.496,0.443333333,0.434666667,0.501,0.453,0.406333333,0.535666667,0.578666667,0.562,0.499,0.51,0.316,0.282,0.217333333,0.311666667,0.382,0.390333333,0.369666667,0.348333333,0.306,0.258666667,0.246,0.315666667,0.364666667,0.368666667,0.332,0.321666667,0.163,0.145666667,0.126333333,0.173,0.185666667,0.154,0.158333333,0.18,0.239,0.243,0.198,0.222666667,0.218,0.200333333,0.212,0.209666667,0.219333333,0.222666667,0.172,0.223,0.242,0.224666667,0.259666667,0.234666667,0.352,0.334666667,0.276666667,0.35,0.378,0.354333333,0.372333333,0.381,0.385666667,0.370666667,0.361333333,0.419,0.48,0.446,0.413666667,0.394333333,0.399333333,0.355666667,0.327666667,0.327333333,0.411333333,0.387,0.386666667,0.414
LN,y3,0.362333333,0.324333333,0.284333333,0.298666667,0.352333333,0.339666667,0.349666667,0.369333333,0.345666667,0.336,0.307,0.350666667,0.413666667,0.390666667,0.369666667,0.352666667,0.374666667,0.331333333,0.289,0.378666667,0.456333333,0.449333333,0.443333333,0.408,0.406333333,0.379333333,0.286666667,0.381,0.431,0.436666667,0.433666667,0.439,0.416,0.392,0.361666667,0.459666667,0.482333333,0.463,0.391,0.389,0.311,0.259333333,0.181333333,0.277333333,0.334,0.338,0.336333333,0.340666667,0.269,0.232,0.199333333,0.24,0.273333333,0.280333333,0.284,0.273,0.264,0.232333333,0.177333333,0.232666667,0.283333333,0.277666667,0.292,0.280666667,0.335666667,0.331666667,0.253666667,0.313666667,0.351333333,0.332666667,0.355333333,0.345,0.444333333,0.430666667,0.366,0.445,0.504666667,0.481666667,0.453666667,0.449666667,0.363333333,0.345333333,0.326,0.358666667,0.408666667,0.408,0.412333333,0.393666667,0.420333333,0.392333333,0.353,0.347333333,0.400333333,0.387333333,0.426,0.435
LN,y4,0.351666667,0.353666667,0.313666667,0.36,0.480333333,0.446333333,0.401666667,0.385666667,0.354333333,0.352666667,0.297666667,0.300333333,0.326,0.314666667,0.34,0.346333333,0.454333333,0.436,0.383,0.454666667,0.501,0.49,0.450666667,0.450666667,0.399,0.363666667,0.332333333,0.425333333,0.485,0.513666667,0.510666667,0.465333333,0.401,0.346666667,0.28,0.389666667,0.423333333,0.403333333,0.393666667,0.433666667,0.33,0.266,0.265,0.328,0.380666667,0.393666667,0.39,0.357,0.213666667,0.196333333,0.173666667,0.204666667,0.212,0.205666667,0.217666667,0.223666667,0.229,0.23,0.179666667,0.227666667,0.253333333,0.218666667,0.219,0.232,0.225,0.229333333,0.169333333,0.220333333,0.250666667,0.250333333,0.298,0.264,0.344666667,0.342666667,0.282666667,0.339666667,0.350333333,0.334,0.362666667,0.350333333,0.396333333,0.372333333,0.308,0.342666667,0.424333333,0.420666667,0.404666667,0.392666667,0.365333333,0.350333333,0.324333333,0.321333333,0.418666667,0.379666667,0.385333333,0.385333333
LN,y5,0.417333333,0.426333333,0.388333333,0.409,0.463666667,0.391666667,0.374,0.403666667,0.428,0.408333333,0.365,0.426666667,0.490666667,0.436333333,0.379,0.406,0.350333333,0.345,0.361666667,0.471666667,0.502333333,0.473333333,0.452,0.395666667,0.428666667,0.433333333,0.388333333,0.450666667,0.463666667,0.446,0.430666667,0.421333333,0.403,0.366333333,0.317333333,0.403666667,0.428,0.419333333,0.410333333,0.431666667,0.318333333,0.276,0.219333333,0.282666667,0.322,0.315333333,0.298666667,0.302,0.138666667,0.135333333,0.112666667,0.128666667,0.136,0.136666667,0.149333333,0.140666667,0.195,0.195666667,0.178666667,0.238666667,0.239333333,0.217666667,0.226333333,0.219,0.306333333,0.301,0.247333333,0.301666667,0.280333333,0.269333333,0.330333333,0.314,0.392,0.388,0.345,0.444333333,0.468,0.413666667,0.425333333,0.427333333,0.406666667,0.393333333,0.349,0.369333333,0.428333333,0.427,0.421333333,0.4,0.346,0.340666667,0.314,0.316666667,0.391,0.362333333,0.355666667,0.354666667
LN,y6,0.349333333,0.357,0.324666667,0.317666667,0.345333333,0.315666667,0.301,0.331666667,0.336333333,0.329666667,0.273666667,0.302333333,0.346333333,0.287666667,0.241,0.293333333,0.423666667,0.397333333,0.353,0.479666667,0.543,0.490333333,0.440666667,0.433333333,0.474333333,0.452,0.404333333,0.502666667,0.527666667,0.504666667,0.453,0.475333333,0.371666667,0.359333333,0.294333333,0.355,0.366333333,0.357333333,0.354,0.358666667,0.248666667,0.210666667,0.153666667,0.182333333,0.204666667,0.248,0.287333333,0.261,0.286333333,0.265333333,0.282333333,0.331666667,0.360333333,0.360666667,0.346666667,0.317,0.197,0.189,0.153,0.193,0.198666667,0.192666667,0.231666667,0.213333333,0.223,0.222666667,0.157333333,0.189666667,0.197333333,0.2,0.261,0.244,0.361333333,0.338,0.301666667,0.341666667,0.338,0.315,0.351333333,0.373333333,0.316666667,0.307333333,0.280333333,0.301666667,0.361666667,0.36,0.356333333,0.338666667,0.352666667,0.336333333,0.278,0.27,0.321333333,0.331,0.343,0.347333333
LN,y7,0.247666667,0.264,0.244,0.220333333,0.240333333,0.231666667,0.241666667,0.247333333,0.372333333,0.365,0.309,0.330666667,0.401666667,0.390333333,0.377333333,0.356,0.424,0.395333333,0.372,0.442666667,0.478666667,0.461666667,0.444,0.459333333,0.452666667,0.433666667,0.370333333,0.469666667,0.52,0.509666667,0.468,0.446333333,0.398666667,0.376666667,0.309666667,0.391333333,0.458,0.489333333,0.453666667,0.409666667,0.241,0.216666667,0.190333333,0.225666667,0.226,0.234666667,0.254333333,0.252666667,0.245666667,0.225666667,0.177333333,0.224666667,0.281666667,0.304666667,0.305666667,0.268666667,0.150666667,0.164666667,0.123333333,0.163333333,0.165666667,0.138,0.152333333,0.143,0.226,0.227,0.161,0.221666667,0.238333333,0.232333333,0.275333333,0.246333333,0.300333333,0.295333333,0.253,0.290666667,0.310666667,0.303666667,0.361,0.337333333,0.377,0.357333333,0.307333333,0.321,0.370666667,0.357666667,0.392333333,0.390333333,0.325333333,0.305666667,0.267333333,0.283333333,0.339333333,0.309666667,0.333333333,0.341333333
LN,y8,0.419,0.401666667,0.368333333,0.367,0.410666667,0.370333333,0.384666667,0.404,0.359,0.341333333,0.292,0.327333333,0.403333333,0.394,0.383333333,0.377333333,0.478,0.449,0.365666667,0.435,0.487333333,0.466333333,0.468,0.490666667,0.524333333,0.5,0.421,0.519333333,0.574,0.563666667,0.505333333,0.502666667,0.347333333,0.305333333,0.240666667,0.349333333,0.378,0.367,0.352,0.366,0.254333333,0.238666667,0.256666667,0.303,0.324666667,0.326,0.28,0.252,0.211333333,0.199666667,0.199,0.225666667,0.237666667,0.242666667,0.239,0.22,0.218333333,0.216333333,0.208,0.235666667,0.234666667,0.232666667,0.246333333,0.232333333,0.253333333,0.262,0.181666667,0.219333333,0.223333333,0.207666667,0.231666667,0.229666667,0.381,0.362333333,0.308,0.365,0.387333333,0.405333333,0.435,0.411333333,0.324,0.310333333,0.293,0.358,0.370333333,0.345333333,0.308,0.300333333,0.367,0.358666667,0.325666667,0.327333333,0.403,0.391666667,0.381,0.374
LN,y9,0.339,0.353,0.340666667,0.351,0.375333333,0.312333333,0.291666667,0.306,0.336666667,0.350666667,0.306,0.298,0.311,0.286333333,0.314666667,0.316,0.264,0.256666667,0.227666667,0.307,0.338333333,0.324333333,0.309666667,0.283666667,0.473333333,0.449333333,0.362,0.439666667,0.490333333,0.518,0.524,0.512666667,0.376333333,0.357666667,0.285666667,0.327666667,0.355333333,0.378,0.395666667,0.378333333,0.267666667,0.251,0.203,0.261666667,0.293666667,0.288333333,0.292,0.290333333,0.217,0.191,0.171333333,0.233333333,0.252333333,0.235666667,0.250333333,0.243333333,0.229,0.218666667,0.176,0.242,0.269,0.250666667,0.253333333,0.248,0.308666667,0.291666667,0.222333333,0.287666667,0.299,0.292,0.331333333,0.321,0.457,0.429,0.345333333,0.412333333,0.453333333,0.425,0.449666667,0.476666667,0.404,0.398333333,0.383,0.440333333,0.460333333,0.425666667,0.425,0.399,0.376333333,0.353,0.318333333,0.317,0.356333333,0.323666667,0.366666667,0.4
LN,y10,0.358,0.361666667,0.329666667,0.311,0.342333333,0.305666667,0.314333333,0.332333333,0.437666667,0.422333333,0.405666667,0.506,0.546666667,0.498666667,0.483333333,0.481333333,0.427333333,0.411,0.349666667,0.454666667,0.51,0.479,0.443666667,0.432333333,0.517666667,0.499,0.392333333,0.458333333,0.473,0.471666667,0.476,0.493666667,0.424,0.387,0.316333333,0.391666667,0.430333333,0.438333333,0.428,0.431333333,0.259666667,0.225,0.199666667,0.246666667,0.288333333,0.303333333,0.309333333,0.293333333,0.216666667,0.207,0.186666667,0.209,0.221666667,0.206,0.207,0.211333333,0.167,0.168,0.14,0.166333333,0.183333333,0.177666667,0.191333333,0.188,0.319333333,0.301333333,0.225,0.308,0.331666667,0.306333333,0.339666667,0.333333333,0.356333333,0.359666667,0.282666667,0.34,0.346666667,0.311,0.357333333,0.348666667,0.402666667,0.367666667,0.311666667,0.332,0.367666667,0.343,0.400333333,0.425333333,0.299333333,0.308,0.292666667,0.307333333,0.353333333,0.342666667,0.320333333,0.299
LN,y11,0.402666667,0.388,0.340333333,0.361,0.415,0.367,0.36,0.394333333,0.340333333,0.341,0.321333333,0.376666667,0.396333333,0.343666667,0.303333333,0.319333333,0.483666667,0.465333333,0.435333333,0.558,0.584333333,0.492333333,0.453333333,0.485666667,0.480666667,0.482333333,0.415333333,0.536666667,0.550333333,0.506,0.475333333,0.475333333,0.414666667,0.367333333,0.279333333,0.351,0.380333333,0.371666667,0.362666667,0.389666667,0.27,0.244333333,0.196333333,0.250666667,0.268,0.26,0.257,0.274333333,0.219666667,0.196,0.166333333,0.200666667,0.219,0.2,0.201666667,0.206333333,0.183666667,0.183333333,0.134666667,0.178,0.192666667,0.169,0.190666667,0.202,0.242666667,0.235666667,0.151333333,0.197333333,0.195333333,0.184666667,0.251,0.245666667,0.417,0.398333333,0.332,0.402,0.430333333,0.402333333,0.442,0.439333333,0.314333333,0.301333333,0.243,0.271666667,0.357,0.328,0.306333333,0.291666667,0.337,0.334333333,0.304333333,0.349333333,0.379666667,0.317666667,0.296666667,0.319
LN,y12,0.275333333,0.301666667,0.268333333,0.247666667,0.269,0.236,0.223666667,0.232,0.386666667,0.370666667,0.344333333,0.415,0.491666667,0.460333333,0.416666667,0.396,0.438,0.41,0.383666667,0.487,0.541,0.541,0.535,0.487,0.393333333,0.369,0.329,0.435,0.501333333,0.504666667,0.466333333,0.427,0.334333333,0.335333333,0.261333333,0.365,0.361666667,0.344,0.332666667,0.318333333,0.269333333,0.235666667,0.175,0.234333333,0.280666667,0.271333333,0.26,0.270666667,0.205,0.187333333,0.18,0.210333333,0.233666667,0.224,0.216666667,0.215666667,0.229,0.216333333,0.169333333,0.224,0.252,0.249333333,0.264666667,0.241,0.216333333,0.215333333,0.139333333,0.151333333,0.148333333,0.154666667,0.231666667,0.225,0.348666667,0.353333333,0.308666667,0.348333333,0.346333333,0.331,0.392333333,0.367,0.364666667,0.337,0.307333333,0.382666667,0.437666667,0.412,0.397333333,0.382666667,0.319333333,0.327666667,0.301,0.311,0.363666667,0.303666667,0.291,0.294666667
LN,y13,0.328333333,0.320666667,0.261666667,0.198333333,0.216333333,0.214333333,0.253333333,0.304333333,0.364333333,0.348333333,0.309666667,0.357,0.423333333,0.410333333,0.391,0.360666667,0.358,0.350666667,0.315666667,0.353666667,0.398666667,0.394,0.413,0.378,0.381,0.384666667,0.314333333,0.405,0.436333333,0.429333333,0.414,0.392333333,0.393,0.395,0.321333333,0.391666667,0.397333333,0.391666667,0.368333333,0.361,0.300333333,0.262666667,0.252666667,0.333666667,0.379333333,0.399,0.378,0.333,0.167,0.163666667,0.148333333,0.167,0.164333333,0.147,0.162333333,0.170333333,0.226666667,0.237,0.193333333,0.269,0.286,0.252,0.243666667,0.226333333,0.166,0.178666667,0.119333333,0.158666667,0.156666667,0.158666667,0.205,0.181666667,0.298,0.283,0.219666667,0.251333333,0.263,0.252333333,0.298666667,0.305666667,0.395333333,0.357333333,0.317666667,0.377666667,0.432333333,0.407,0.405,0.404333333,0.314,0.328,0.295,0.249,0.267333333,0.240333333,0.273,0.301666667
LN,y14,0.346333333,0.358,0.332,0.324333333,0.325,0.264666667,0.268333333,0.297,0.374,0.371666667,0.306,0.334666667,0.367666667,0.313,0.302333333,0.338666667,0.395666667,0.388333333,0.321666667,0.405,0.429333333,0.412333333,0.401666667,0.392333333,0.408666667,0.394,0.318,0.441333333,0.477,0.473666667,0.483333333,0.450666667,0.325,0.323666667,0.285666667,0.375333333,0.400333333,0.362666667,0.315666667,0.320333333,0.206,0.183666667,0.155,0.200666667,0.223666667,0.221333333,0.215,0.214333333,0.195333333,0.186,0.174666667,0.224666667,0.236333333,0.220333333,0.209333333,0.208,0.210333333,0.214666667,0.185,0.242,0.24,0.214333333,0.216,0.208666667,0.278666667,0.270666667,0.203,0.256333333,0.270666667,0.266666667,0.300666667,0.290333333,0.377666667,0.360666667,0.279333333,0.329,0.348666667,0.326,0.388333333,0.400666667,0.381333333,0.353333333,0.301333333,0.333333333,0.377666667,0.374333333,0.405,0.396666667,0.471,0.448666667,0.431666667,0.464333333,0.501666667,0.467,0.478,0.484333333
LN,y15,0.389333333,0.371666667,0.341666667,0.346666667,0.387666667,0.357,0.381666667,0.391333333,0.374,0.388333333,0.365666667,0.397,0.410666667,0.346,0.333333333,0.352333333,0.432,0.405,0.364666667,0.434333333,0.468333333,0.442666667,0.425666667,0.425666667,0.452,0.415666667,0.329666667,0.41,0.425,0.408333333,0.419,0.454333333,0.386333333,0.356666667,0.288,0.393,0.454,0.457666667,0.437,0.403333333,0.291,0.279,0.244333333,0.309333333,0.350333333,0.346333333,0.301333333,0.298666667,0.228666667,0.210666667,0.188333333,0.229,0.245666667,0.251333333,0.247,0.235,0.193666667,0.186,0.134333333,0.179666667,0.2,0.203,0.229666667,0.206,0.309666667,0.295,0.231,0.276333333,0.290666667,0.280333333,0.297,0.297333333,0.336333333,0.326666667,0.254666667,0.306333333,0.321,0.317,0.372333333,0.363666667,0.498333333,0.482,0.467333333,0.521333333,0.539333333,0.510666667,0.504,0.498333333,0.353,0.342,0.304666667,0.298666667,0.329666667,0.299333333,0.313666667,0.329
LN,y16,0.426333333,0.400333333,0.348666667,0.358333333,0.381666667,0.347333333,0.398333333,0.436,0.394666667,0.389,0.358333333,0.386,0.402666667,0.349666667,0.338333333,0.374333333,0.367666667,0.377666667,0.382666667,0.493,0.538333333,0.500333333,0.445333333,0.391,0.425,0.401333333,0.369333333,0.474,0.481666667,0.448666667,0.428,0.433333333,0.389333333,0.370333333,0.332666667,0.419333333,0.44,0.424666667,0.406,0.394,0.191,0.159333333,0.115666667,0.144333333,0.165,0.167,0.224,0.216666667,0.190333333,0.202666667,0.205333333,0.251333333,0.247333333,0.219333333,0.193,0.178666667,0.243666667,0.238666667,0.168,0.202,0.198,0.17,0.207,0.233,0.228666667,0.247666667,0.193333333,0.226,0.22,0.185666667,0.215,0.238,0.366333333,0.361,0.311666667,0.394666667,0.427666667,0.391333333,0.396666667,0.365,0.392666667,0.356333333,0.293,0.304333333,0.378666667,0.389666667,0.438333333,0.44,0.417666667,0.391333333,0.367,0.414333333,0.507666667,0.496666667,0.465666667,0.440666667
LN,y17,0.352666667,0.348,0.295,0.317333333,0.336666667,0.276666667,0.262,0.304666667,0.343,0.350666667,0.330333333,0.352666667,0.381,0.334,0.332333333,0.328333333,0.415333333,0.408,0.358333333,0.439,0.486,0.436333333,0.380666667,0.398333333,0.487666667,0.464,0.366666667,0.467333333,0.496,0.483,0.479666667,0.494666667,0.44,0.413333333,0.344666667,0.468,0.538,0.518666667,0.453333333,0.424666667,0.306333333,0.272666667,0.242666667,0.309333333,0.319333333,0.314,0.303333333,0.327666667,0.218666667,0.196333333,0.175333333,0.225333333,0.247333333,0.224666667,0.213333333,0.215,0.135333333,0.124333333,0.070666667,0.091,0.105,0.105333333,0.139,0.141333333,0.290333333,0.273,0.203,0.285333333,0.292666667,0.268666667,0.329,0.321333333,0.358666667,0.357333333,0.274,0.337,0.374333333,0.334333333,0.349,0.354666667,0.32,0.324,0.298333333,0.311333333,0.324666667,0.300333333,0.309,0.311333333,0.316333333,0.319666667,0.285333333,0.278666667,0.310333333,0.281,0.285666667,0.301333333
LN,y18,0.257666667,0.270333333,0.229666667,0.205333333,0.235333333,0.219,0.225333333,0.226666667,0.442,0.412333333,0.363333333,0.431666667,0.483333333,0.437666667,0.417666667,0.442333333,0.422666667,0.404,0.355,0.458666667,0.493,0.448666667,0.389,0.405666667,0.473666667,0.454333333,0.399333333,0.509666667,0.564333333,0.543,0.474666667,0.471666667,0.315,0.298666667,0.237,0.329333333,0.351,0.335666667,0.329,0.323,0.249,0.218,0.184666667,0.258666667,0.302,0.270666667,0.235,0.245666667,0.205,0.185333333,0.158333333,0.223666667,0.245333333,0.228333333,0.228333333,0.234333333,0.186333333,0.191666667,0.137,0.164,0.16,0.144,0.158333333,0.159333333,0.259333333,0.249333333,0.169666667,0.227666667,0.231666667,0.224,0.264666667,0.259,0.348333333,0.347666667,0.288666667,0.359,0.384666667,0.318333333,0.328333333,0.347333333,0.351333333,0.336666667,0.301,0.292333333,0.320333333,0.319,0.356333333,0.363333333,0.326666667,0.33,0.329666667,0.377333333,0.413333333,0.355333333,0.329666667,0.320666667
LN,y19,0.289,0.276,0.246,0.243333333,0.266666667,0.245333333,0.273,0.276333333,0.365333333,0.389,0.362666667,0.411333333,0.455,0.375,0.353,0.353333333,0.459,0.466666667,0.452333333,0.474,0.461,0.422666667,0.4,0.418666667,0.407666667,0.4,0.355666667,0.451666667,0.483333333,0.474,0.446333333,0.418666667,0.407666667,0.376,0.315,0.437333333,0.465,0.432666667,0.419,0.420333333,0.277666667,0.245666667,0.216,0.269,0.297666667,0.304,0.299,0.293,0.245666667,0.238333333,0.215333333,0.270333333,0.267,0.238333333,0.218333333,0.231,0.258,0.259,0.216333333,0.254333333,0.267666667,0.254,0.282,0.27,0.254333333,0.261333333,0.211333333,0.281666667,0.281333333,0.265666667,0.297666667,0.272666667,0.337,0.336333333,0.279666667,0.326,0.335666667,0.295333333,0.328666667,0.326666667,0.412333333,0.374333333,0.314666667,0.329,0.370333333,0.357666667,0.395333333,0.419666667,0.348333333,0.344,0.319,0.311333333,0.339333333,0.305,0.319333333,0.34
LN,y20,0.381666667,0.359333333,0.332,0.339666667,0.397666667,0.365666667,0.373333333,0.371666667,0.235333333,0.241,0.226,0.261333333,0.266333333,0.261,0.303666667,0.256333333,0.344,0.347666667,0.287333333,0.332,0.338333333,0.316,0.342,0.343666667,0.364666667,0.350666667,0.262666667,0.341,0.363,0.384,0.413333333,0.383666667,0.385333333,0.355,0.282333333,0.380333333,0.449666667,0.453666667,0.415333333,0.398333333,0.204333333,0.181333333,0.159333333,0.206666667,0.211666667,0.194333333,0.197,0.208333333,0.257333333,0.234,0.190333333,0.249666667,0.275333333,0.259333333,0.266,0.281,0.179333333,0.166,0.120666667,0.125666667,0.117666667,0.116666667,0.174666667,0.177333333,0.149,0.148666667,0.110666667,0.142,0.140333333,0.136333333,0.169666667,0.156333333,0.415333333,0.418,0.357,0.415,0.415,0.393333333,0.432,0.421666667,0.322666667,0.311333333,0.282,0.282,0.305666667,0.299666667,0.335333333,0.344,0.379666667,0.353,0.313666667,0.337666667,0.384666667,0.351333333,0.371,0.390666667
LN,y21,0.363333333,0.356333333,0.319666667,0.304666667,0.306,0.273333333,0.303333333,0.335333333,0.398,0.383666667,0.327,0.345,0.363,0.336666667,0.347333333,0.378333333,0.425333333,0.428333333,0.384666667,0.474666667,0.471666667,0.436333333,0.416666667,0.419333333,0.441,0.421333333,0.334333333,0.424,0.426,0.415,0.437,0.445,0.476666667,0.441333333,0.366,0.473,0.475666667,0.464333333,0.438333333,0.464333333,0.274666667,0.257,0.231333333,0.277666667,0.270333333,0.242,0.251666667,0.260666667,0.174333333,0.16,0.142666667,0.161666667,0.172,0.17,0.205333333,0.197666667,0.178333333,0.164666667,0.118,0.157666667,0.154666667,0.142666667,0.190666667,0.199,0.193666667,0.203,0.148666667,0.180666667,0.163333333,0.156333333,0.211666667,0.196333333,0.372666667,0.382333333,0.316666667,0.379666667,0.381333333,0.350333333,0.378333333,0.357333333,0.380666667,0.386333333,0.380333333,0.430666667,0.426333333,0.397666667,0.402,0.378666667,0.287,0.274333333,0.267333333,0.274333333,0.304666667,0.296,0.318333333,0.307333333
LN,y22,0.365666667,0.346666667,0.303666667,0.302333333,0.321333333,0.298,0.329333333,0.350333333,0.400666667,0.355,0.293,0.328,0.395666667,0.376,0.388,0.426666667,0.405666667,0.388666667,0.313333333,0.407333333,0.441,0.422,0.422,0.413666667,0.423,0.403666667,0.367333333,0.472,0.493666667,0.479,0.464,0.447666667,0.507666667,0.517333333,0.430666667,0.544333333,0.535333333,0.484333333,0.466333333,0.493666667,0.271333333,0.234,0.182333333,0.264,0.307,0.318,0.299666667,0.287333333,0.225333333,0.195333333,0.176,0.209333333,0.239333333,0.242666667,0.256666667,0.244333333,0.158666667,0.169,0.133,0.167,0.155666667,0.133,0.138,0.136666667,0.232666667,0.225333333,0.176,0.243666667,0.246666667,0.225666667,0.272666667,0.266,0.36,0.353,0.310666667,0.353333333,0.348,0.330666667,0.380333333,0.357,0.293,0.290333333,0.278666667,0.342333333,0.381,0.366333333,0.363666667,0.326666667,0.377333333,0.371666667,0.360333333,0.374333333,0.406666667,0.357666667,0.368333333,0.365333333
LN,y23,0.394333333,0.375666667,0.322666667,0.300666667,0.311666667,0.287666667,0.328333333,0.368666667,0.450333333,0.437666667,0.373666667,0.390333333,0.409333333,0.369333333,0.382333333,0.420666667,0.323,0.303,0.231666667,0.268333333,0.297,0.297666667,0.323,0.313333333,0.427333333,0.421666667,0.335,0.455666667,0.494,0.478,0.442333333,0.416666667,0.429666667,0.413333333,0.374,0.441666667,0.465333333,0.48,0.493333333,0.475666667,0.262,0.235,0.197333333,0.253666667,0.280666667,0.275666667,0.257666667,0.265666667,0.261,0.230666667,0.23,0.273666667,0.284333333,0.277,0.278333333,0.267333333,0.170666667,0.155,0.111333333,0.166333333,0.180333333,0.154666667,0.180333333,0.194333333,0.270666667,0.270666667,0.201666667,0.276333333,0.290333333,0.254333333,0.280666667,0.266,0.34,0.335666667,0.262,0.341666667,0.366666667,0.346,0.359,0.341666667,0.472333333,0.431333333,0.369666667,0.472666667,0.533,0.468333333,0.467,0.486,0.365333333,0.323666667,0.289333333,0.324333333,0.411,0.347333333,0.35,0.369
LN,y24,0.388666667,0.391666667,0.341666667,0.354666667,0.377333333,0.313333333,0.310666667,0.353666667,0.325333333,0.322333333,0.286,0.354333333,0.405666667,0.362333333,0.311666667,0.309,0.444333333,0.453666667,0.425333333,0.488333333,0.46,0.412,0.448,0.429333333,0.523,0.513666667,0.447,0.566333333,0.58,0.559333333,0.538666667,0.515333333,0.384666667,0.374666667,0.341666667,0.425,0.434,0.419666667,0.401666667,0.375,0.308,0.274333333,0.234,0.284333333,0.294,0.296333333,0.303666667,0.319333333,0.289666667,0.266666667,0.290666667,0.327666667,0.343666667,0.338333333,0.317,0.293333333,0.162333333,0.171666667,0.148666667,0.187666667,0.185,0.157333333,0.171,0.166666667,0.252333333,0.260333333,0.197,0.251666667,0.253666667,0.234333333,0.262,0.262,0.322,0.323666667,0.257333333,0.294333333,0.321,0.295333333,0.35,0.339,0.284333333,0.278,0.228333333,0.222333333,0.254333333,0.25,0.283,0.28,0.371666667,0.351,0.324,0.350666667,0.396,0.337,0.34,0.359
LN,y25,0.403,0.402666667,0.355666667,0.340333333,0.357666667,0.296333333,0.339333333,0.38,0.344333333,0.331666667,0.270666667,0.276333333,0.31,0.287666667,0.282333333,0.306666667,0.419666667,0.405333333,0.351,0.446666667,0.505666667,0.477,0.433333333,0.423666667,0.44,0.474666667,0.405,0.506333333,0.517333333,0.48,0.407333333,0.401333333,0.520666667,0.485333333,0.410333333,0.553,0.603,0.599,0.556333333,0.527666667,0.26,0.224666667,0.196,0.239,0.281333333,0.298,0.312333333,0.292666667,0.206333333,0.180333333,0.16,0.174666667,0.194333333,0.2,0.210333333,0.217,0.221333333,0.226,0.166666667,0.210666667,0.222,0.185333333,0.198666667,0.201666667,0.282666667,0.274666667,0.164666667,0.209,0.229,0.207,0.279333333,0.284666667,0.356666667,0.350333333,0.273666667,0.304333333,0.315,0.314333333,0.393,0.381666667,0.434,0.412333333,0.368333333,0.379,0.385333333,0.376666667,0.443666667,0.453,0.336333333,0.316333333,0.276333333,0.277666667,0.347666667,0.334,0.338666667,0.328
LN,y26,0.290666667,0.308666667,0.284,0.243,0.241333333,0.219,0.235,0.252333333,0.370666667,0.388,0.362,0.382666667,0.381,0.359666667,0.364,0.352666667,0.42,0.395,0.350333333,0.477333333,0.565,0.540333333,0.518333333,0.472333333,0.439333333,0.445666667,0.364666667,0.457,0.477666667,0.436666667,0.420666667,0.422666667,0.391,0.359333333,0.316333333,0.401,0.406,0.404666667,0.407666667,0.391333333,0.330333333,0.295,0.259,0.349,0.372666667,0.359333333,0.359333333,0.351666667,0.158666667,0.141,0.123,0.152,0.160666667,0.163,0.184,0.175666667,0.251333333,0.235666667,0.195333333,0.26,0.288333333,0.254666667,0.267666667,0.269333333,0.251333333,0.244333333,0.180666667,0.24,0.263666667,0.228,0.248333333,0.251333333,0.382,0.349666667,0.246666667,0.305,0.342666667,0.297333333,0.358333333,0.391,0.422333333,0.398666667,0.346333333,0.365333333,0.437666667,0.415333333,0.438333333,0.434,0.379666667,0.348,0.297666667,0.267333333,0.31,0.295333333,0.341,0.388333333
MD,y1,0.497,0.470666667,0.452666667,0.442333333,0.506666667,0.511,0.551666667,0.537,0.254666667,0.24,0.210333333,0.187666667,0.221,0.216666667,0.24,0.259,0.370333333,0.36,0.332333333,0.391333333,0.425,0.407,0.365,0.382,0.451666667,0.428,0.394,0.471,0.511666667,0.500666667,0.456666667,0.477666667,0.427666667,0.392333333,0.386,0.456,0.479666667,0.468333333,0.404333333,0.419666667,0.214666667,0.182666667,0.149,0.209666667,0.221666667,0.199,0.198,0.229333333,0.214666667,0.187666667,0.134,0.183,0.214,0.209333333,0.204333333,0.225333333,0.213666667,0.185666667,0.123,0.159333333,0.189333333,0.183333333,0.202666667,0.23,0.287,0.278,0.236333333,0.317333333,0.351,0.333666667,0.328333333,0.315,0.312,0.305666667,0.252,0.262333333,0.312666667,0.306666667,0.337333333,0.330333333,0.491666667,0.474666667,0.458666667,0.502,0.573333333,0.553333333,0.552666667,0.535,0.370333333,0.356666667,0.343333333,0.305,0.324333333,0.328666667,0.375666667,0.385
MD,y2,0.431333333,0.414333333,0.407,0.416666667,0.485666667,0.470333333,0.488,0.481333333,0.485666667,0.457,0.413,0.408,0.451666667,0.458666667,0.508666667,0.513333333,0.405333333,0.405333333,0.367333333,0.427666667,0.487,0.483333333,0.439,0.430333333,0.437333333,0.437333333,0.392333333,0.479,0.531,0.517,0.452666667,0.449666667,0.366,0.346666667,0.273,0.335333333,0.352333333,0.338,0.352333333,0.379666667,0.29,0.256666667,0.249,0.320666667,0.345666667,0.333666667,0.299,0.308,0.143,0.119333333,0.084333333,0.122666667,0.133,0.117333333,0.131,0.168666667,0.235666667,0.221666667,0.164333333,0.211,0.226,0.196,0.190333333,0.218333333,0.318333333,0.294666667,0.228,0.333333333,0.381666667,0.341666667,0.351666667,0.365333333,0.313666667,0.301333333,0.252,0.297666667,0.359,0.349,0.355333333,0.333333333,0.375,0.371333333,0.364,0.407666667,0.490666667,0.461666667,0.436,0.400666667,0.411666667,0.394666667,0.382666667,0.384333333,0.444666667,0.457333333,0.464333333,0.438
MD,y3,0.405,0.393333333,0.379666667,0.33,0.347666667,0.361666667,0.410666667,0.417333333,0.394666667,0.380333333,0.339666667,0.311666667,0.355333333,0.358333333,0.395333333,0.407,0.4,0.394,0.361,0.412,0.478666667,0.456666667,0.42,0.403333333,0.418,0.400666667,0.344666667,0.425666667,0.461,0.457333333,0.447333333,0.467,0.372333333,0.334666667,0.301666667,0.406666667,0.447,0.438666667,0.382,0.385666667,0.319333333,0.285666667,0.233333333,0.292666667,0.32,0.295,0.27,0.322333333,0.276666667,0.241,0.191666667,0.215,0.232666667,0.239666667,0.249666667,0.271666667,0.267,0.26,0.206,0.255666667,0.274666667,0.258666667,0.252333333,0.271,0.308,0.307333333,0.220666667,0.289,0.323,0.305333333,0.293,0.304666667,0.419333333,0.423333333,0.382666667,0.433666667,0.479666667,0.446666667,0.424666667,0.416333333,0.381,0.347333333,0.297,0.290666667,0.355,0.344333333,0.384,0.394,0.374333333,0.357333333,0.336333333,0.307666667,0.360333333,0.372333333,0.407,0.398
MD,y4,0.357666667,0.360666667,0.347333333,0.365666667,0.423,0.412666667,0.408666667,0.38,0.357,0.343666667,0.291,0.233,0.274,0.285333333,0.332333333,0.353333333,0.436333333,0.429,0.382,0.44,0.501333333,0.502333333,0.452666667,0.430666667,0.408666667,0.384666667,0.310666667,0.383666667,0.438,0.444333333,0.445333333,0.446666667,0.477,0.454333333,0.416666667,0.488333333,0.537666667,0.536,0.482333333,0.487666667,0.301666667,0.27,0.262666667,0.349,0.371666667,0.348333333,0.292333333,0.297333333,0.193333333,0.173333333,0.140333333,0.187,0.197,0.173666667,0.185666667,0.212333333,0.192333333,0.192666667,0.138666667,0.175,0.182666667,0.153666667,0.164333333,0.181,0.281,0.273,0.204666667,0.250666667,0.271333333,0.253333333,0.281,0.288,0.346,0.332666667,0.283,0.303666667,0.344,0.333666667,0.378333333,0.367,0.296,0.292,0.261666667,0.297333333,0.36,0.337666667,0.295666667,0.284666667,0.384666667,0.368333333,0.352333333,0.335333333,0.376,0.382,0.397,0.396666667
MD,y5,0.509666667,0.508,0.501,0.469,0.491,0.520333333,0.556333333,0.532333333,0.496666667,0.478666667,0.437666667,0.419333333,0.496666667,0.503666667,0.538333333,0.520666667,0.330666667,0.329,0.295,0.335666667,0.377,0.356,0.319666667,0.325333333,0.4,0.390666667,0.328,0.399,0.438666667,0.420333333,0.408666667,0.406333333,0.389666667,0.382,0.335666667,0.432,0.457666667,0.448666667,0.383666667,0.391666667,0.283333333,0.252666667,0.189666667,0.246666667,0.279,0.280333333,0.250333333,0.276666667,0.165,0.149,0.111333333,0.139666667,0.144666667,0.132333333,0.147333333,0.182666667,0.267333333,0.231333333,0.173333333,0.235,0.264333333,0.252666667,0.271333333,0.288,0.307666667,0.303,0.235333333,0.287,0.299,0.277333333,0.295333333,0.313333333,0.410666667,0.402,0.347,0.427666667,0.500333333,0.472666667,0.451666667,0.431,0.357,0.345,0.325666667,0.341333333,0.415333333,0.408333333,0.390333333,0.360333333,0.371666667,0.358333333,0.339333333,0.324333333,0.354666667,0.356333333,0.374333333,0.37
MD,y6,0.348,0.341,0.315666667,0.293333333,0.311666667,0.317,0.346,0.361,0.400333333,0.391333333,0.356,0.346333333,0.393,0.394,0.414666667,0.409333333,0.397666667,0.412,0.374,0.432666667,0.507,0.489,0.426333333,0.396,0.415666667,0.419333333,0.398,0.465,0.478666667,0.453666667,0.426,0.424666667,0.375,0.336,0.247333333,0.303,0.321,0.321333333,0.345333333,0.384,0.263,0.245,0.159,0.176666667,0.170666667,0.171,0.206333333,0.253333333,0.249333333,0.217,0.201666667,0.262,0.297666667,0.293666667,0.278333333,0.288666667,0.159666667,0.153,0.111666667,0.16,0.166333333,0.147333333,0.154,0.162333333,0.279,0.268,0.18,0.247333333,0.285,0.256,0.281,0.302333333,0.386,0.367,0.342,0.413,0.463333333,0.452666667,0.442333333,0.410666667,0.326666667,0.315333333,0.290333333,0.347666667,0.405333333,0.369333333,0.349666667,0.342666667,0.320666667,0.316666667,0.301,0.284333333,0.311666667,0.296666667,0.314666667,0.320333333
MD,y7,0.354333333,0.356,0.346,0.317333333,0.337666667,0.343666667,0.372,0.357,0.380666667,0.381,0.349,0.342,0.460666667,0.455,0.451,0.413333333,0.431333333,0.414333333,0.38,0.454666667,0.528333333,0.535,0.502,0.467333333,0.516,0.491,0.442333333,0.533,0.580666667,0.562333333,0.524333333,0.535,0.409333333,0.378666667,0.342333333,0.422666667,0.450333333,0.454,0.425666667,0.428666667,0.229,0.205666667,0.140333333,0.179666667,0.205,0.206333333,0.215666667,0.243666667,0.239333333,0.207,0.152333333,0.220333333,0.244333333,0.233666667,0.227,0.248666667,0.192666667,0.177666667,0.110333333,0.158333333,0.175,0.167666667,0.197666667,0.212,0.315333333,0.297,0.220333333,0.315333333,0.378333333,0.365333333,0.370666667,0.353,0.31,0.298333333,0.236666667,0.232666667,0.272,0.28,0.325666667,0.324,0.463,0.432333333,0.383666667,0.379,0.444666667,0.440333333,0.485333333,0.492,0.421,0.412666667,0.400333333,0.401,0.452333333,0.442666667,0.470666667,0.443666667
MD,y8,0.414333333,0.410666667,0.398,0.371333333,0.399333333,0.408666667,0.436333333,0.423333333,0.436333333,0.425333333,0.378666667,0.344666667,0.428666667,0.429666667,0.452,0.446,0.431,0.419,0.374333333,0.42,0.479333333,0.462,0.461666667,0.459,0.459333333,0.433666667,0.395666667,0.460333333,0.501,0.480666667,0.444666667,0.471333333,0.375,0.343,0.317333333,0.439333333,0.474666667,0.462666667,0.421666667,0.401,0.257,0.222,0.208,0.253,0.264,0.257,0.265,0.295333333,0.153,0.14,0.107,0.143666667,0.149,0.141333333,0.148333333,0.162333333,0.176333333,0.170666667,0.126,0.170333333,0.172,0.159666667,0.192,0.194333333,0.326,0.324333333,0.229666667,0.295666667,0.345666667,0.325333333,0.325333333,0.319666667,0.287333333,0.286,0.260666667,0.323333333,0.355666667,0.32,0.313,0.307,0.299,0.301666667,0.287,0.331666667,0.365666667,0.335666667,0.302,0.287333333,0.375333333,0.362,0.349666667,0.331333333,0.372,0.375333333,0.4,0.396333333
MD,y9,0.371333333,0.359,0.343666667,0.308,0.329666667,0.348,0.397,0.395666667,0.338666667,0.322666667,0.282666667,0.245333333,0.281666667,0.272666667,0.306333333,0.332,0.335333333,0.319333333,0.256,0.27,0.315333333,0.313666667,0.333666667,0.349333333,0.423,0.404666667,0.316666667,0.389666667,0.453,0.455666667,0.430333333,0.439333333,0.346666667,0.322333333,0.257666667,0.344666667,0.391,0.39,0.363666667,0.356,0.284333333,0.265333333,0.206666667,0.258,0.262666667,0.252333333,0.243666667,0.278333333,0.196666667,0.178333333,0.128666667,0.179333333,0.207333333,0.195666667,0.183,0.21,0.211,0.202,0.163666667,0.231,0.265333333,0.246,0.227666667,0.234333333,0.279333333,0.278333333,0.202,0.269333333,0.293666667,0.252666667,0.271,0.286,0.396,0.380666667,0.344666667,0.442666667,0.484666667,0.453,0.450333333,0.426666667,0.344666667,0.336666667,0.314333333,0.328666667,0.359,0.335333333,0.340666667,0.340333333,0.439,0.429,0.416666667,0.383333333,0.399666667,0.422,0.463,0.460666667
MD,y10,0.413666667,0.404,0.389,0.339,0.36,0.373333333,0.419666667,0.414666667,0.4,0.383333333,0.348666667,0.332333333,0.386666667,0.390333333,0.418333333,0.421666667,0.45,0.439,0.378666667,0.406666667,0.466,0.460666667,0.443,0.453333333,0.430666667,0.403666667,0.369333333,0.447,0.497,0.503666667,0.463666667,0.443,0.471,0.437666667,0.414,0.508333333,0.546666667,0.543,0.478666667,0.485666667,0.270666667,0.233333333,0.197,0.268,0.293,0.287333333,0.274,0.279333333,0.200666667,0.178666667,0.158,0.213333333,0.230666667,0.224,0.213,0.229666667,0.232,0.207666667,0.128333333,0.185,0.208666667,0.196,0.225,0.247333333,0.324,0.313,0.234,0.294666667,0.336333333,0.311666667,0.330666667,0.35,0.408,0.395,0.332333333,0.413,0.490333333,0.434333333,0.408666667,0.407666667,0.371666667,0.351333333,0.324333333,0.321,0.360333333,0.344333333,0.382666667,0.386666667,0.330333333,0.332666667,0.316333333,0.296666667,0.318333333,0.329666667,0.357,0.340666667
MD,y11,0.417,0.408333333,0.376666667,0.351666667,0.374333333,0.392,0.424666667,0.421333333,0.360666667,0.363333333,0.333333333,0.334666667,0.381333333,0.386333333,0.372,0.357,0.486666667,0.476,0.432666667,0.5,0.571,0.564,0.532,0.508,0.475666667,0.469666667,0.448666667,0.550666667,0.594,0.568,0.508666667,0.502333333,0.369333333,0.351666667,0.306666667,0.356666667,0.362666667,0.35,0.344333333,0.369,0.207,0.188333333,0.146666667,0.195666667,0.214333333,0.226333333,0.233,0.234333333,0.198,0.185,0.156666667,0.193666667,0.192666667,0.174333333,0.180666667,0.197,0.172,0.157,0.086333333,0.105666667,0.121666667,0.125,0.175,0.198666667,0.279333333,0.271333333,0.206333333,0.264,0.298666667,0.28,0.282666667,0.277666667,0.428333333,0.399333333,0.332,0.386666667,0.457,0.422,0.440666667,0.448333333,0.365666667,0.365333333,0.326333333,0.363333333,0.441666667,0.396333333,0.373,0.360666667,0.377333333,0.381333333,0.366333333,0.376666667,0.421666667,0.419333333,0.417333333,0.391
MD,y12,0.372666667,0.366333333,0.336,0.294333333,0.304333333,0.303666667,0.337666667,0.353,0.427666667,0.431333333,0.393333333,0.383666667,0.438666667,0.44,0.434666667,0.427666667,0.425333333,0.424,0.388666667,0.416666667,0.467,0.473666667,0.458666667,0.431666667,0.407333333,0.406333333,0.404333333,0.482,0.501666667,0.479333333,0.436666667,0.427,0.432,0.398,0.331666667,0.454,0.495666667,0.483,0.435333333,0.442666667,0.231,0.204666667,0.182333333,0.237,0.264,0.262,0.235,0.245,0.213,0.195666667,0.159666667,0.201666667,0.223333333,0.222333333,0.210666667,0.224666667,0.227333333,0.212666667,0.137,0.189666667,0.221,0.214,0.248,0.264333333,0.308333333,0.299,0.204333333,0.240666667,0.272333333,0.262333333,0.304333333,0.319666667,0.346666667,0.328,0.262333333,0.293,0.330333333,0.317,0.367333333,0.363333333,0.415,0.411666667,0.39,0.420333333,0.484333333,0.459333333,0.441333333,0.415666667,0.316666667,0.299666667,0.267,0.249666667,0.295666667,0.285,0.313666667,0.321666667
MD,y13,0.375666667,0.365333333,0.334333333,0.277,0.292333333,0.301,0.363,0.386333333,0.429666667,0.408,0.354333333,0.316,0.393333333,0.375333333,0.392333333,0.416666667,0.329,0.331333333,0.308666667,0.348333333,0.381666667,0.372666667,0.34,0.326333333,0.374333333,0.371333333,0.307,0.391,0.411333333,0.417,0.396666667,0.401333333,0.426666667,0.401,0.345333333,0.435333333,0.470666667,0.482,0.463,0.442333333,0.327333333,0.287,0.236333333,0.288666667,0.322333333,0.336,0.33,0.336666667,0.196666667,0.168666667,0.131333333,0.163666667,0.175,0.175,0.197333333,0.223,0.244666667,0.226666667,0.167,0.209333333,0.221333333,0.226666667,0.264666667,0.269333333,0.248666667,0.240333333,0.172333333,0.218,0.251666667,0.249666667,0.280333333,0.279,0.391,0.376,0.293333333,0.355,0.421333333,0.395333333,0.397333333,0.388333333,0.37,0.368333333,0.343666667,0.378333333,0.434,0.402666667,0.394666667,0.389666667,0.373,0.354,0.334,0.309666667,0.349,0.336,0.381333333,0.386
MD,y14,0.417,0.417666667,0.398666667,0.381,0.424666667,0.398666667,0.43,0.423,0.416,0.395,0.347,0.345333333,0.396333333,0.395333333,0.433333333,0.432666667,0.398666667,0.395666667,0.352,0.399666667,0.437666667,0.43,0.428,0.415666667,0.412333333,0.412666667,0.34,0.393666667,0.426666667,0.408333333,0.394333333,0.409,0.364333333,0.362333333,0.330666667,0.425666667,0.448666667,0.42,0.372666667,0.369333333,0.202333333,0.176666667,0.137,0.214666667,0.223,0.193333333,0.186333333,0.214666667,0.186333333,0.159333333,0.112,0.147333333,0.164666667,0.155333333,0.164666667,0.199,0.254666667,0.229,0.169333333,0.229333333,0.239333333,0.217,0.246,0.267333333,0.366333333,0.357,0.291666667,0.416,0.461333333,0.413,0.386666667,0.387666667,0.360333333,0.352,0.294,0.320666667,0.359,0.343,0.376666667,0.378666667,0.379666667,0.374,0.353666667,0.370333333,0.426,0.399333333,0.4,0.387666667,0.463666667,0.444,0.440666667,0.426333333,0.472,0.487333333,0.519333333,0.503
MD,y15,0.400666667,0.398666667,0.387,0.347666667,0.361333333,0.355666667,0.385666667,0.389,0.393333333,0.389,0.36,0.341,0.408333333,0.413,0.433666667,0.423666667,0.384666667,0.375333333,0.323666667,0.34,0.408666667,0.422666667,0.424,0.41,0.413,0.420333333,0.327,0.386333333,0.407,0.406333333,0.405,0.414666667,0.502666667,0.458333333,0.408,0.502666667,0.531,0.522666667,0.498333333,0.508666667,0.298666667,0.275666667,0.282,0.338666667,0.358,0.346,0.305333333,0.313,0.205,0.182333333,0.166333333,0.206666667,0.225333333,0.215666667,0.193,0.215666667,0.254333333,0.236666667,0.191666667,0.262,0.289,0.278333333,0.287333333,0.294666667,0.363666667,0.347666667,0.283666667,0.373333333,0.414,0.374666667,0.354666667,0.358666667,0.328333333,0.322333333,0.251,0.282666667,0.311,0.289333333,0.328333333,0.340666667,0.365,0.361666667,0.348666667,0.386333333,0.435333333,0.412333333,0.387,0.365333333,0.374666667,0.369666667,0.349333333,0.338333333,0.365333333,0.360333333,0.377,0.372333333
MD,y16,0.449,0.447,0.429,0.403,0.435,0.453,0.475333333,0.465,0.382,0.386,0.364,0.384,0.433666667,0.408666667,0.412,0.395666667,0.396333333,0.393666667,0.349666667,0.404666667,0.465333333,0.443333333,0.436,0.441666667,0.414333333,0.392666667,0.359333333,0.425,0.458333333,0.452333333,0.414666667,0.419666667,0.374,0.356333333,0.299,0.368666667,0.383666667,0.371666667,0.376666667,0.382333333,0.257,0.203,0.129,0.182,0.211333333,0.216,0.247333333,0.294333333,0.168333333,0.149333333,0.124333333,0.153,0.169666667,0.165666667,0.161,0.178666667,0.254333333,0.244333333,0.222666667,0.264,0.274333333,0.263333333,0.260333333,0.260333333,0.272333333,0.252666667,0.195,0.243666667,0.273,0.267333333,0.303666667,0.302666667,0.339666667,0.336,0.294666667,0.327333333,0.357333333,0.329333333,0.354666667,0.347333333,0.345666667,0.331666667,0.306666667,0.335666667,0.399666667,0.357666667,0.367,0.362666667,0.434666667,0.431333333,0.429333333,0.410666667,0.448333333,0.475333333,0.479,0.454333333
MD,y17,0.461,0.462333333,0.454333333,0.363666667,0.368,0.404333333,0.484,0.484666667,0.486333333,0.471333333,0.431333333,0.342,0.388666667,0.391,0.473,0.496,0.493666667,0.484333333,0.410333333,0.444666667,0.541666667,0.529333333,0.529,0.526,0.424333333,0.429333333,0.383333333,0.473333333,0.499666667,0.489,0.447333333,0.425,0.393,0.371,0.328333333,0.382,0.395,0.381333333,0.374333333,0.403,0.247666667,0.214333333,0.174,0.218,0.229333333,0.236,0.24,0.262,0.171,0.147,0.111,0.157333333,0.178666667,0.163666667,0.16,0.181333333,0.172,0.156,0.089666667,0.130666667,0.143333333,0.126666667,0.174666667,0.205,0.314,0.301333333,0.209666667,0.273,0.322,0.304,0.307,0.325666667,0.407333333,0.390666667,0.313666667,0.353666667,0.398666667,0.369,0.394333333,0.415666667,0.330333333,0.310333333,0.264666667,0.265333333,0.310333333,0.299,0.315333333,0.328333333,0.344,0.337,0.322666667,0.309333333,0.328,0.319666667,0.343666667,0.351333333
MD,y18,0.277333333,0.273666667,0.248666667,0.240666667,0.271666667,0.250666667,0.248333333,0.267666667,0.441,0.442666667,0.406333333,0.432666667,0.508333333,0.481666667,0.478666667,0.466,0.415333333,0.405,0.353666667,0.432333333,0.497666667,0.478333333,0.424666667,0.431,0.441,0.426666667,0.409333333,0.523333333,0.570333333,0.554333333,0.498666667,0.460333333,0.437666667,0.402333333,0.347,0.428333333,0.455333333,0.448333333,0.444333333,0.457,0.208,0.179666667,0.167666667,0.226666667,0.235333333,0.203,0.197,0.23,0.21,0.182333333,0.137666667,0.182666667,0.198,0.179666667,0.179333333,0.220666667,0.286333333,0.264666667,0.210333333,0.280333333,0.306,0.276,0.278,0.293666667,0.269,0.261666667,0.180666667,0.215666667,0.229333333,0.214,0.254333333,0.269666667,0.338666667,0.324666667,0.278333333,0.324333333,0.363666667,0.335333333,0.351666667,0.357333333,0.285333333,0.278666667,0.276333333,0.297,0.326333333,0.296,0.298,0.293333333,0.391333333,0.388333333,0.379333333,0.348,0.353333333,0.362333333,0.393666667,0.395
MD,y19,0.368333333,0.355666667,0.339,0.253666667,0.265333333,0.282666667,0.346,0.366,0.434666667,0.43,0.415,0.375,0.45,0.433333333,0.449666667,0.46,0.479666667,0.466333333,0.406,0.441333333,0.509,0.476,0.467333333,0.489333333,0.449666667,0.440333333,0.415666667,0.502666667,0.527666667,0.502333333,0.44,0.454333333,0.438,0.414333333,0.330333333,0.416333333,0.47,0.450333333,0.428666667,0.445,0.242666667,0.212,0.186666667,0.246333333,0.27,0.252666667,0.232333333,0.248,0.221333333,0.208,0.174666667,0.249333333,0.267666667,0.223333333,0.198666667,0.227666667,0.235333333,0.222,0.163333333,0.229666667,0.265,0.234666667,0.225,0.250333333,0.351666667,0.351666667,0.295333333,0.391,0.417,0.367666667,0.353333333,0.351,0.336666667,0.319333333,0.270333333,0.328,0.368333333,0.343333333,0.367,0.359666667,0.364,0.353,0.332666667,0.348333333,0.404666667,0.374,0.399,0.396666667,0.400333333,0.385333333,0.377666667,0.342,0.373,0.383666667,0.422666667,0.419
MD,y20,0.395333333,0.373333333,0.346333333,0.326666667,0.381,0.370333333,0.387,0.389666667,0.269,0.254666667,0.223,0.198,0.256666667,0.235333333,0.244,0.259666667,0.318666667,0.324666667,0.249,0.299333333,0.365333333,0.338,0.307666667,0.318666667,0.382,0.375,0.289,0.334666667,0.359666667,0.359,0.379,0.400333333,0.3,0.298666667,0.282333333,0.357333333,0.379666667,0.358333333,0.302666667,0.308333333,0.220666667,0.208666667,0.152333333,0.196666667,0.210333333,0.184,0.171666667,0.208666667,0.234666667,0.211333333,0.182333333,0.250666667,0.274333333,0.242333333,0.226333333,0.239,0.173666667,0.162333333,0.114666667,0.156333333,0.165666667,0.154333333,0.168,0.186333333,0.267,0.264333333,0.197666667,0.232,0.249666667,0.226333333,0.263666667,0.279333333,0.341666667,0.323666667,0.266,0.281,0.329333333,0.304333333,0.339,0.350333333,0.395333333,0.389666667,0.357333333,0.337333333,0.401,0.363333333,0.398666667,0.416,0.401,0.389666667,0.379333333,0.377666667,0.414333333,0.399,0.411,0.407
MD,y21,0.364,0.354,0.342,0.299333333,0.31,0.326333333,0.380333333,0.378333333,0.401333333,0.386333333,0.350666667,0.310333333,0.357333333,0.358666667,0.404,0.408333333,0.443,0.430333333,0.366,0.448666667,0.516333333,0.494666667,0.485333333,0.475,0.469,0.459666667,0.410333333,0.517,0.558,0.543,0.486666667,0.474,0.411333333,0.411,0.368,0.423666667,0.437,0.426,0.386,0.405333333,0.289666667,0.263333333,0.204,0.251666667,0.271666667,0.256333333,0.229666667,0.268333333,0.189333333,0.156,0.103,0.137666667,0.143,0.132333333,0.160333333,0.206,0.175333333,0.170666667,0.127,0.176666667,0.191,0.175,0.170333333,0.177333333,0.224666667,0.225333333,0.159333333,0.211,0.234,0.214,0.249333333,0.251,0.438666667,0.426,0.373333333,0.412333333,0.478,0.454666667,0.484333333,0.469333333,0.279666667,0.265,0.250666667,0.262,0.29,0.288666667,0.301,0.288,0.308,0.301,0.294333333,0.269,0.278,0.277666667,0.314,0.321666667
MD,y22,0.411666667,0.401666667,0.386333333,0.366666667,0.389666667,0.398666667,0.433666667,0.427666667,0.387333333,0.382,0.365333333,0.377333333,0.434333333,0.422333333,0.434666667,0.42,0.456,0.448333333,0.400666667,0.479666667,0.548,0.515,0.488,0.476333333,0.431,0.413333333,0.385,0.464333333,0.476666667,0.459666667,0.433666667,0.434666667,0.471333333,0.434666667,0.385666667,0.453666667,0.482333333,0.468333333,0.455333333,0.491,0.239666667,0.212333333,0.169,0.221333333,0.237333333,0.220333333,0.205,0.243333333,0.257,0.207666667,0.157,0.208,0.236666667,0.218333333,0.247333333,0.288666667,0.222333333,0.208666667,0.155666667,0.202333333,0.219333333,0.216,0.236,0.246666667,0.218666667,0.205666667,0.149666667,0.185666667,0.185666667,0.174333333,0.230666667,0.242333333,0.331,0.303333333,0.235,0.280333333,0.335,0.306333333,0.328333333,0.337666667,0.259666667,0.255666667,0.239,0.276,0.346666667,0.324,0.294666667,0.276333333,0.388333333,0.373,0.363666667,0.313,0.329666667,0.356,0.399,0.403
MD,y23,0.387333333,0.383,0.368666667,0.316333333,0.341333333,0.359666667,0.415,0.415333333,0.473666667,0.459333333,0.419333333,0.396,0.472333333,0.464,0.488,0.481666667,0.327666667,0.332,0.260666667,0.274,0.332333333,0.332333333,0.316333333,0.318333333,0.498333333,0.493333333,0.451666667,0.553333333,0.582333333,0.569666667,0.516666667,0.512,0.464,0.45,0.405666667,0.476333333,0.507,0.517333333,0.501,0.477,0.236333333,0.218666667,0.187,0.237666667,0.247333333,0.255,0.243,0.245666667,0.241333333,0.207333333,0.192,0.272666667,0.298333333,0.284333333,0.263,0.274333333,0.224,0.204333333,0.171,0.219,0.236,0.226666667,0.259666667,0.269666667,0.353333333,0.339666667,0.267666667,0.340333333,0.39,0.370666667,0.381333333,0.366333333,0.306,0.295,0.256333333,0.314,0.375,0.353333333,0.357666667,0.336,0.391,0.378333333,0.349333333,0.395333333,0.449,0.416666667,0.421666667,0.413666667,0.388333333,0.372333333,0.360666667,0.348666667,0.395333333,0.393333333,0.402,0.393666667
MD,y24,0.423666667,0.424333333,0.42,0.433666667,0.478666667,0.476666667,0.486666667,0.446666667,0.360333333,0.347666667,0.31,0.317333333,0.397333333,0.375,0.360333333,0.361333333,0.384333333,0.367,0.291666667,0.34,0.406,0.385666667,0.399333333,0.406,0.470666667,0.459,0.408666667,0.467333333,0.482333333,0.467333333,0.46,0.468666667,0.355666667,0.346,0.289,0.355,0.368333333,0.373666667,0.381666667,0.384666667,0.289666667,0.260333333,0.199,0.246,0.270333333,0.255333333,0.236333333,0.274,0.229333333,0.2,0.171333333,0.243666667,0.267666667,0.24,0.24,0.261333333,0.165,0.152666667,0.109666667,0.143,0.145666667,0.136666667,0.174,0.193,0.356,0.344,0.287666667,0.384333333,0.418666667,0.380333333,0.389666667,0.390333333,0.39,0.365333333,0.295,0.315333333,0.361,0.330666667,0.395,0.420666667,0.355,0.329333333,0.293,0.284333333,0.347,0.339333333,0.371333333,0.379333333,0.481333333,0.465,0.454666667,0.460333333,0.512333333,0.496666667,0.518,0.499666667
MD,y25,0.485,0.459666667,0.439666667,0.417333333,0.456,0.455333333,0.512333333,0.513666667,0.451,0.423,0.366,0.363666667,0.441333333,0.431666667,0.476333333,0.485666667,0.402333333,0.393,0.353666667,0.421,0.457666667,0.438,0.429333333,0.427666667,0.419666667,0.410666667,0.367666667,0.421333333,0.443666667,0.447333333,0.441,0.453,0.503,0.487,0.441333333,0.542333333,0.578,0.563666667,0.499666667,0.490333333,0.271666667,0.235333333,0.201333333,0.247333333,0.262666667,0.253,0.259666667,0.288333333,0.188,0.168666667,0.111666667,0.15,0.169666667,0.150666667,0.152666667,0.187666667,0.212666667,0.197,0.162,0.201,0.211,0.198333333,0.221,0.230666667,0.311666667,0.313,0.225666667,0.286,0.333,0.310333333,0.333333333,0.327666667,0.368,0.355666667,0.299333333,0.336,0.378333333,0.353333333,0.390333333,0.384333333,0.399666667,0.377666667,0.359,0.389333333,0.454666667,0.447333333,0.468333333,0.443,0.348666667,0.329666667,0.317,0.311666667,0.351666667,0.358333333,0.380666667,0.364333333
MD,y26,0.344,0.337666667,0.320666667,0.244,0.232,0.235333333,0.297333333,0.326,0.365666667,0.351333333,0.313333333,0.286,0.344,0.349666667,0.385,0.381,0.437666667,0.418333333,0.369333333,0.441333333,0.507333333,0.464666667,0.457666667,0.479666667,0.485333333,0.476333333,0.422333333,0.479666667,0.481333333,0.459333333,0.461666667,0.495,0.38,0.364,0.318333333,0.390333333,0.409333333,0.397,0.381,0.395333333,0.289666667,0.261666667,0.221333333,0.26,0.278333333,0.285333333,0.266666667,0.288666667,0.217,0.169333333,0.12,0.192333333,0.218333333,0.203333333,0.224666667,0.262666667,0.192,0.175333333,0.119666667,0.167333333,0.195,0.176333333,0.195666667,0.212,0.301333333,0.299333333,0.272,0.344,0.347,0.3,0.322333333,0.319666667,0.375,0.349666667,0.306666667,0.379,0.446333333,0.398,0.426,0.420666667,0.452666667,0.438333333,0.423,0.422333333,0.466,0.444333333,0.481333333,0.469,0.437666667,0.422,0.42,0.407333333,0.438333333,0.444,0.495333333,0.487
MX,y1,0.378333333,0.351,0.330333333,0.296,0.411,0.404,0.384333333,0.39,0.250666667,0.234,0.211,0.184,0.242,0.264,0.273,0.269333333,0.443,0.418666667,0.388666667,0.430333333,0.532666667,0.546333333,0.505666667,0.469,0.462333333,0.441666667,0.395,0.492333333,0.592666667,0.617333333,0.545333333,0.492333333,0.438333333,0.416333333,0.349666667,0.418666667,0.49,0.520333333,0.475333333,0.454,0.367333333,0.347666667,0.259666667,0.292666667,0.308666667,0.318666667,0.318666667,0.365666667,0.328333333,0.285666667,0.204666667,0.211333333,0.214,0.217666667,0.227666667,0.309666667,0.313666667,0.273333333,0.202333333,0.214666667,0.223333333,0.234666667,0.257666667,0.330666667,0.328333333,0.301,0.247,0.247666667,0.264333333,0.270666667,0.292,0.333666667,0.378666667,0.348,0.291666667,0.246333333,0.327333333,0.332666667,0.331333333,0.367,0.436,0.401666667,0.388666667,0.38,0.491,0.484,0.469,0.466,0.313,0.280666667,0.259,0.208333333,0.265333333,0.272666667,0.304,0.338333333
MX,y2,0.352666667,0.324333333,0.305333333,0.281333333,0.371333333,0.360333333,0.346,0.353333333,0.361333333,0.341333333,0.311,0.283666667,0.351333333,0.370333333,0.382,0.382,0.439,0.426333333,0.39,0.414333333,0.468,0.485666667,0.465,0.454666667,0.443,0.405,0.337,0.382,0.430333333,0.442666667,0.439333333,0.461,0.460666667,0.433,0.329333333,0.372333333,0.413333333,0.424666667,0.420333333,0.468,0.424,0.389333333,0.316666667,0.37,0.397666667,0.397666667,0.373,0.412333333,0.276333333,0.245,0.189666667,0.216666667,0.221333333,0.226333333,0.234,0.288333333,0.290666667,0.267,0.223,0.24,0.232666667,0.229333333,0.242666667,0.294666667,0.354333333,0.323666667,0.238666667,0.218,0.282,0.290333333,0.296,0.359666667,0.325666667,0.311,0.271,0.252666667,0.310333333,0.307666667,0.308333333,0.319666667,0.429666667,0.406666667,0.389333333,0.384,0.494666667,0.478666667,0.436333333,0.436,0.507333333,0.475,0.465,0.431666667,0.525666667,0.499,0.48,0.518333333
MX,y3,0.337333333,0.311666667,0.288,0.231333333,0.299,0.290333333,0.297,0.33,0.316,0.293,0.260666667,0.242,0.331666667,0.334,0.327333333,0.329666667,0.384666667,0.356666667,0.305666667,0.304666667,0.347666667,0.343333333,0.375666667,0.390333333,0.406666667,0.387333333,0.315,0.322333333,0.337,0.351666667,0.383666667,0.415666667,0.478333333,0.442333333,0.354666667,0.392666667,0.428333333,0.456,0.448,0.49,0.451,0.420666667,0.320666667,0.327666667,0.323,0.328,0.334333333,0.433,0.396666667,0.349666667,0.253333333,0.264333333,0.283333333,0.296666667,0.310666667,0.386666667,0.406333333,0.388,0.296,0.315666667,0.337,0.331333333,0.325333333,0.399,0.382666667,0.377,0.309666667,0.303333333,0.315666667,0.321333333,0.327333333,0.372,0.404,0.406333333,0.354333333,0.333,0.421333333,0.423666667,0.4,0.386333333,0.344,0.331,0.302666667,0.255333333,0.321333333,0.309666667,0.319666667,0.343333333,0.37,0.346333333,0.323333333,0.276333333,0.352666667,0.335666667,0.335666667,0.368333333
MX,y4,0.364666667,0.343,0.307,0.281,0.367666667,0.362333333,0.334333333,0.349,0.352333333,0.329,0.290333333,0.261,0.312333333,0.304666667,0.332333333,0.348666667,0.374666667,0.355,0.311333333,0.347,0.401,0.413,0.414333333,0.399666667,0.472,0.475,0.398,0.408333333,0.438,0.430333333,0.398,0.434666667,0.49,0.467333333,0.381333333,0.420333333,0.445666667,0.452,0.41,0.460666667,0.423333333,0.395,0.29,0.320333333,0.362333333,0.38,0.349666667,0.397666667,0.290666667,0.251,0.178333333,0.199333333,0.209666667,0.207666667,0.202666667,0.291,0.218666667,0.191333333,0.130666667,0.156333333,0.182666667,0.185333333,0.175333333,0.222666667,0.371333333,0.351666667,0.271333333,0.250666667,0.285666667,0.281666667,0.280333333,0.353,0.408333333,0.389666667,0.327333333,0.296,0.361333333,0.349333333,0.337666667,0.378333333,0.451333333,0.449,0.418333333,0.372,0.490666667,0.467,0.403333333,0.418,0.427333333,0.402,0.366,0.313,0.408,0.373666667,0.353333333,0.408
MX,y5,0.405333333,0.379,0.357333333,0.330333333,0.444,0.426333333,0.38,0.391666667,0.388333333,0.378,0.342,0.328333333,0.422,0.435,0.400666667,0.395,0.370666667,0.352333333,0.313666667,0.375,0.493333333,0.496666667,0.407,0.374,0.471666667,0.459333333,0.368666667,0.400666667,0.468333333,0.477333333,0.434666667,0.453,0.382333333,0.361333333,0.295333333,0.341666667,0.362,0.375666667,0.370666667,0.398,0.363,0.325,0.222,0.224,0.240666667,0.252333333,0.259666667,0.354333333,0.281333333,0.231666667,0.158666667,0.170333333,0.180666667,0.184333333,0.21,0.292333333,0.394,0.335,0.253,0.247,0.258333333,0.271666667,0.311,0.41,0.373666667,0.329666667,0.245,0.235666667,0.258666667,0.265,0.319666667,0.401,0.387,0.379,0.328333333,0.307666667,0.384333333,0.376666667,0.351333333,0.363666667,0.356,0.332,0.303,0.273333333,0.350666667,0.343,0.331333333,0.343333333,0.427,0.391666667,0.361,0.332,0.446666667,0.426333333,0.385333333,0.416333333
MX,y6,0.275333333,0.271333333,0.250666667,0.241,0.315333333,0.294666667,0.253,0.252333333,0.276,0.272,0.242333333,0.224333333,0.299666667,0.297666667,0.267666667,0.264333333,0.389666667,0.386,0.342666667,0.376666667,0.441666667,0.442,0.403,0.398666667,0.518333333,0.525,0.456333333,0.480666667,0.521666667,0.541333333,0.516666667,0.516333333,0.463666667,0.449333333,0.341666667,0.368,0.397,0.414,0.409666667,0.463,0.352333333,0.308333333,0.200333333,0.211,0.228333333,0.237666667,0.259,0.345,0.442333333,0.369,0.263333333,0.268333333,0.275333333,0.284333333,0.325,0.458,0.301333333,0.269,0.195333333,0.229333333,0.257666667,0.249333333,0.235,0.287,0.352666667,0.314666667,0.222666667,0.207666667,0.221333333,0.207666667,0.246333333,0.343,0.346666667,0.316333333,0.277333333,0.278333333,0.328,0.325666667,0.314333333,0.344333333,0.391333333,0.373666667,0.352666667,0.363666667,0.456,0.428333333,0.372333333,0.389333333,0.438,0.409333333,0.379666667,0.336,0.472,0.421333333,0.370666667,0.416
MX,y7,0.368666667,0.350666667,0.329666667,0.307666667,0.419,0.396,0.345333333,0.358666667,0.380333333,0.374666667,0.347,0.322333333,0.453666667,0.440666667,0.386,0.381666667,0.482666667,0.492333333,0.454,0.505666667,0.599,0.610333333,0.509,0.46,0.538,0.499666667,0.425,0.473333333,0.519,0.549333333,0.532333333,0.550333333,0.468,0.467333333,0.374666667,0.415333333,0.449666667,0.459666667,0.423666667,0.434,0.315,0.289333333,0.190666667,0.201,0.227333333,0.242666667,0.247,0.318,0.39,0.342666667,0.240333333,0.260666667,0.278333333,0.283333333,0.290333333,0.386,0.362666667,0.301666667,0.192666667,0.184,0.196666667,0.205666667,0.263,0.384666667,0.352333333,0.312333333,0.24,0.26,0.280333333,0.271333333,0.295666667,0.36,0.328666667,0.291,0.240333333,0.199,0.241666667,0.241666667,0.269,0.316666667,0.322,0.305666667,0.276,0.234,0.311,0.306,0.319,0.325333333,0.369,0.344,0.305333333,0.270666667,0.348666667,0.325666667,0.324333333,0.351333333
MX,y8,0.369666667,0.349333333,0.325333333,0.277666667,0.352666667,0.330666667,0.335666667,0.367333333,0.360333333,0.352666667,0.319666667,0.280333333,0.371,0.357333333,0.347,0.356333333,0.452333333,0.450666667,0.413,0.450333333,0.518,0.515333333,0.461333333,0.434,0.492,0.493333333,0.439,0.479333333,0.544666667,0.557333333,0.517,0.505333333,0.36,0.322,0.251,0.300666667,0.325666667,0.333333333,0.312,0.356333333,0.402333333,0.37,0.277333333,0.284666667,0.305666667,0.319666667,0.315666667,0.387666667,0.304333333,0.244666667,0.166666667,0.199333333,0.214666667,0.236,0.265666667,0.337,0.318333333,0.267,0.18,0.195666667,0.212666667,0.213,0.252666667,0.335333333,0.304666667,0.303666667,0.246666667,0.241,0.262666667,0.263333333,0.258333333,0.290666667,0.384333333,0.374333333,0.342333333,0.349666667,0.415,0.417333333,0.387,0.385333333,0.327,0.320666667,0.311,0.329666667,0.448666667,0.418333333,0.345,0.333333333,0.292333333,0.269666667,0.244,0.207,0.271333333,0.260666667,0.258333333,0.277
MX,y9,0.334,0.315666667,0.291666667,0.258333333,0.320666667,0.308,0.299,0.320666667,0.315666667,0.305333333,0.282,0.255666667,0.338333333,0.335,0.302333333,0.308666667,0.325666667,0.299,0.253,0.269,0.301666667,0.311666667,0.327333333,0.341,0.477666667,0.463,0.387,0.435,0.482333333,0.503,0.469666667,0.485333333,0.431,0.410666667,0.32,0.340666667,0.364333333,0.378333333,0.373333333,0.413,0.331333333,0.306333333,0.234333333,0.264,0.281333333,0.300666667,0.287333333,0.331,0.317,0.277333333,0.184,0.201333333,0.223333333,0.225666667,0.223333333,0.313666667,0.337333333,0.313333333,0.238666667,0.271666667,0.296333333,0.290666667,0.262666667,0.325666667,0.318666667,0.303333333,0.229666667,0.224,0.254,0.253666667,0.255666667,0.308666667,0.365333333,0.349333333,0.310333333,0.329333333,0.408666667,0.402333333,0.375,0.369666667,0.389,0.370666667,0.35,0.321333333,0.396666667,0.365666667,0.366666667,0.394333333,0.402,0.387333333,0.366666667,0.327,0.409333333,0.376666667,0.370666667,0.398333333
MX,y10,0.337333333,0.315333333,0.284333333,0.239666667,0.300666667,0.286666667,0.293,0.318,0.459666667,0.445333333,0.424,0.434666667,0.552,0.542666667,0.482333333,0.472,0.44,0.43,0.397333333,0.461,0.559,0.560333333,0.478666667,0.444666667,0.524,0.498333333,0.416,0.449333333,0.512,0.52,0.507,0.527,0.513333333,0.506,0.426,0.479666667,0.522666667,0.546333333,0.506666667,0.506,0.353666667,0.319,0.234333333,0.271,0.303666667,0.322666667,0.310333333,0.352,0.302666667,0.265,0.213333333,0.250666667,0.287333333,0.300666667,0.287333333,0.326,0.320333333,0.278333333,0.201333333,0.211,0.216666667,0.220333333,0.248,0.332666667,0.328666667,0.298333333,0.221333333,0.230333333,0.278,0.284333333,0.279666667,0.335666667,0.355,0.330333333,0.281666667,0.277,0.356,0.340666667,0.327333333,0.357333333,0.351333333,0.335333333,0.307,0.268333333,0.359333333,0.327,0.299,0.326,0.371333333,0.352333333,0.340333333,0.301666667,0.367666667,0.337,0.343333333,0.368333333
MX,y11,0.271666667,0.249666667,0.232333333,0.215333333,0.277333333,0.257,0.246666667,0.267,0.257,0.252,0.233333333,0.239333333,0.3,0.304333333,0.272333333,0.255666667,0.407,0.399666667,0.362,0.377,0.437,0.450666667,0.429666667,0.423666667,0.505666667,0.497,0.424666667,0.477,0.57,0.592333333,0.524,0.504,0.438,0.424666667,0.344,0.356,0.381666667,0.411,0.393333333,0.436666667,0.322333333,0.309666667,0.235333333,0.302333333,0.357,0.376,0.326333333,0.331,0.341,0.295666667,0.221333333,0.220333333,0.223666667,0.232666667,0.251666667,0.342333333,0.292,0.246,0.163666667,0.159,0.163333333,0.174666667,0.221,0.302,0.346,0.321333333,0.239666667,0.225666667,0.217,0.211333333,0.254666667,0.34,0.408333333,0.387666667,0.325333333,0.294333333,0.361666667,0.349,0.342333333,0.389666667,0.358333333,0.342666667,0.318333333,0.305333333,0.417333333,0.386333333,0.358666667,0.367333333,0.350666667,0.338333333,0.327333333,0.327333333,0.423333333,0.403333333,0.357333333,0.353666667
MX,y12,0.298333333,0.278666667,0.261,0.221,0.28,0.262,0.256,0.282333333,0.371666667,0.378,0.358,0.368333333,0.465333333,0.461666667,0.372333333,0.363,0.428333333,0.443333333,0.410666667,0.444666667,0.537666667,0.539333333,0.479,0.427,0.505,0.505333333,0.462,0.536333333,0.616,0.622666667,0.551,0.518666667,0.487,0.47,0.377333333,0.416,0.428666667,0.434666667,0.406666667,0.456,0.360666667,0.347333333,0.265666667,0.287,0.329666667,0.346666667,0.300333333,0.334,0.309666667,0.277333333,0.218333333,0.250666667,0.271,0.293,0.288666667,0.332666667,0.359,0.299666667,0.198666667,0.179,0.170666667,0.175,0.233333333,0.363333333,0.374666667,0.332333333,0.255,0.254,0.270333333,0.263666667,0.292666667,0.373,0.379666667,0.367666667,0.316333333,0.249666667,0.310333333,0.306,0.319,0.361666667,0.355,0.351666667,0.332,0.289333333,0.378333333,0.363333333,0.344333333,0.336666667,0.327666667,0.312,0.294666667,0.272666667,0.363333333,0.329666667,0.304,0.324666667
MX,y13,0.328666667,0.313666667,0.288333333,0.237,0.298333333,0.288333333,0.296,0.327333333,0.383333333,0.369,0.342333333,0.279666667,0.346666667,0.327333333,0.345666667,0.373333333,0.362666667,0.357333333,0.315,0.328666667,0.404333333,0.418333333,0.380333333,0.372,0.415666667,0.404,0.343,0.390333333,0.425333333,0.442666667,0.406333333,0.415,0.530666667,0.513666667,0.437666667,0.502666667,0.539,0.557,0.534333333,0.544333333,0.428,0.389666667,0.279666667,0.290333333,0.294666667,0.296666667,0.315333333,0.409,0.262,0.215,0.141666667,0.161,0.180333333,0.191333333,0.21,0.271333333,0.316,0.283666667,0.215333333,0.237,0.248666667,0.25,0.272,0.339333333,0.311,0.277333333,0.204333333,0.197666667,0.215666667,0.215333333,0.246333333,0.310333333,0.283666667,0.274,0.232,0.222,0.275333333,0.271,0.244333333,0.261,0.38,0.356,0.334666667,0.306,0.391,0.373,0.369,0.394,0.303,0.286666667,0.268,0.219666667,0.282666667,0.269333333,0.272333333,0.292
MX,y14,0.250666667,0.228,0.191,0.16,0.222,0.219666667,0.225666667,0.239666667,0.329333333,0.325333333,0.288666667,0.263333333,0.351333333,0.345333333,0.308,0.324,0.407333333,0.408333333,0.372666667,0.392,0.459,0.461666667,0.428,0.408666667,0.455666667,0.452333333,0.374666667,0.38,0.421,0.427666667,0.401,0.435,0.465,0.435333333,0.357,0.401333333,0.441333333,0.471333333,0.455333333,0.474666667,0.358333333,0.330333333,0.245,0.26,0.286666667,0.307,0.302666667,0.350333333,0.335333333,0.289,0.204666667,0.195666667,0.203333333,0.215333333,0.239666667,0.341666667,0.353,0.314,0.230666667,0.268333333,0.297333333,0.297,0.297,0.358,0.403333333,0.39,0.310666667,0.334666667,0.378333333,0.359666667,0.332333333,0.377666667,0.419,0.392,0.326666667,0.290333333,0.348666667,0.331,0.335333333,0.397333333,0.366,0.350666667,0.336666667,0.324333333,0.446333333,0.409,0.359333333,0.371333333,0.521333333,0.497,0.467,0.426,0.52,0.493333333,0.479,0.509333333
MX,y15,0.406333333,0.379,0.349,0.303666667,0.386333333,0.371,0.375333333,0.404333333,0.344666667,0.34,0.318,0.296333333,0.375666667,0.366,0.344333333,0.345,0.432,0.419,0.382666667,0.394666667,0.456,0.457,0.427,0.429,0.468,0.442,0.355,0.346666667,0.370333333,0.388666667,0.414,0.475333333,0.534,0.507666667,0.396666667,0.409666667,0.433666667,0.449333333,0.43,0.485,0.404,0.381,0.303,0.363333333,0.411333333,0.435,0.398666667,0.419,0.346666667,0.31,0.232666667,0.245666667,0.255,0.263,0.264,0.347666667,0.328,0.281,0.190333333,0.193,0.204333333,0.205333333,0.226,0.319333333,0.369666667,0.362666667,0.294666667,0.299,0.322666667,0.316666667,0.307333333,0.352666667,0.377333333,0.383666667,0.338666667,0.31,0.394,0.384,0.360666667,0.372333333,0.423,0.411333333,0.382333333,0.363666667,0.444333333,0.429,0.391333333,0.397333333,0.390333333,0.378666667,0.358666667,0.315333333,0.374666667,0.342666667,0.333333333,0.379333333
MX,y16,0.388666667,0.371666667,0.357666667,0.328666667,0.397333333,0.392333333,0.378333333,0.386666667,0.352333333,0.340333333,0.312,0.306,0.402,0.398666667,0.361666667,0.356333333,0.442666667,0.433,0.393666667,0.442666667,0.525,0.539333333,0.466333333,0.438,0.414666667,0.41,0.372,0.441,0.515333333,0.543333333,0.464,0.426,0.512666667,0.493666667,0.415,0.454666667,0.486666667,0.499666667,0.475333333,0.501333333,0.413,0.354333333,0.244,0.250666667,0.282333333,0.304666667,0.316,0.414333333,0.363,0.309333333,0.226333333,0.226,0.241666667,0.255333333,0.277333333,0.370333333,0.373333333,0.345333333,0.268666667,0.275666667,0.298,0.310333333,0.322666667,0.378333333,0.289666667,0.272666667,0.217666667,0.210333333,0.229,0.243333333,0.263666667,0.300666667,0.358333333,0.336666667,0.286666667,0.256333333,0.302333333,0.293666667,0.294,0.334,0.435333333,0.420666667,0.389,0.348666667,0.444666667,0.416333333,0.395666667,0.429666667,0.555333333,0.534333333,0.514,0.479,0.589,0.557333333,0.536333333,0.555666667
MX,y17,0.263,0.254,0.239333333,0.228666667,0.313333333,0.306666667,0.289666667,0.278333333,0.343,0.33,0.297666667,0.245333333,0.319666667,0.333666667,0.334333333,0.341666667,0.385,0.385,0.353,0.401,0.491666667,0.502333333,0.427333333,0.401333333,0.482333333,0.454666667,0.384,0.437666667,0.489333333,0.502333333,0.484333333,0.496666667,0.468,0.468333333,0.394666667,0.455,0.495,0.51,0.464666667,0.464666667,0.391333333,0.353333333,0.258333333,0.269666667,0.265666667,0.274,0.294333333,0.382,0.302,0.261333333,0.180666667,0.204666667,0.232,0.243666667,0.245,0.306666667,0.318,0.277333333,0.180666667,0.171,0.169666667,0.169666667,0.233666667,0.343,0.324333333,0.282333333,0.208,0.194,0.2,0.198333333,0.242,0.322,0.348,0.334333333,0.280333333,0.252,0.294333333,0.279666667,0.283666667,0.322666667,0.321333333,0.288333333,0.261,0.232333333,0.292666667,0.265666667,0.290666667,0.318333333,0.243666667,0.231666667,0.222,0.191,0.248333333,0.239333333,0.234666667,0.242333333
MX,y18,0.257333333,0.253,0.236666667,0.202333333,0.282,0.253666667,0.216333333,0.241666667,0.315666667,0.309333333,0.283666667,0.285333333,0.364333333,0.350666667,0.310333333,0.309,0.373666667,0.360333333,0.325333333,0.352333333,0.425,0.436333333,0.405666667,0.390333333,0.486333333,0.485,0.418666667,0.468666667,0.537666667,0.555333333,0.486,0.470333333,0.442333333,0.418666667,0.319,0.357333333,0.392333333,0.409333333,0.405333333,0.440333333,0.372,0.352333333,0.281,0.304666667,0.308666667,0.315333333,0.312333333,0.362333333,0.285666667,0.255,0.175,0.189,0.203666667,0.208666667,0.205666667,0.286,0.385333333,0.339333333,0.248,0.251,0.245,0.235,0.262,0.373666667,0.325666667,0.29,0.207666667,0.195333333,0.216333333,0.219,0.252333333,0.330333333,0.382,0.361666667,0.317333333,0.292666667,0.370333333,0.351,0.345333333,0.378,0.395,0.385,0.381,0.375666667,0.452333333,0.415666667,0.373333333,0.392333333,0.396,0.379666667,0.369666667,0.360666667,0.432666667,0.412,0.387,0.398666667
MX,y19,0.369,0.34,0.314666667,0.240333333,0.301,0.277666667,0.304333333,0.362333333,0.374333333,0.360333333,0.333,0.319,0.421666667,0.399,0.353666667,0.359333333,0.452333333,0.432666667,0.396666667,0.401333333,0.49,0.498,0.486,0.480666667,0.441666667,0.435666667,0.398333333,0.450333333,0.513,0.535333333,0.483666667,0.454666667,0.501,0.479,0.378666667,0.413333333,0.442666667,0.459666667,0.448,0.502333333,0.38,0.363,0.303333333,0.346333333,0.360666667,0.354666667,0.326666667,0.365333333,0.303666667,0.267666667,0.199,0.213666667,0.233333333,0.236666667,0.224333333,0.301,0.353333333,0.332666667,0.262666667,0.337333333,0.374,0.358666667,0.318333333,0.354,0.386666667,0.361333333,0.291666667,0.309333333,0.342,0.329666667,0.338333333,0.390333333,0.395333333,0.374666667,0.328,0.287666667,0.348,0.335333333,0.357333333,0.386,0.343333333,0.327333333,0.317333333,0.326,0.414333333,0.379666667,0.349666667,0.356666667,0.349,0.336666667,0.318333333,0.270333333,0.345,0.328,0.333666667,0.349333333
MX,y20,0.407,0.392333333,0.378333333,0.299666667,0.371666667,0.334666667,0.343666667,0.381333333,0.276666667,0.254333333,0.223,0.203666667,0.254666667,0.245333333,0.238666667,0.262666667,0.311,0.314333333,0.276333333,0.268666667,0.322333333,0.318,0.307666667,0.306333333,0.412,0.387,0.295666667,0.279,0.302,0.317666667,0.348,0.412666667,0.486333333,0.498,0.429,0.477,0.502333333,0.508,0.448,0.444666667,0.307333333,0.267,0.193666667,0.216666667,0.236666667,0.249666667,0.254,0.310333333,0.339333333,0.300333333,0.217666667,0.224666667,0.229,0.225666667,0.237666667,0.338333333,0.291333333,0.260666667,0.180666667,0.179,0.177666667,0.183666667,0.213666667,0.292,0.297,0.265666667,0.198666667,0.182,0.183666667,0.179,0.218,0.298333333,0.407666667,0.388666667,0.343333333,0.29,0.358333333,0.339333333,0.350666667,0.392666667,0.367333333,0.339666667,0.311333333,0.286333333,0.361,0.324333333,0.329666667,0.356666667,0.457666667,0.428,0.409333333,0.375333333,0.474666667,0.446333333,0.440333333,0.468333333
MX,y21,0.38,0.356666667,0.332333333,0.260666667,0.304,0.289333333,0.308,0.356333333,0.364666667,0.364666667,0.35,0.315666667,0.387,0.373,0.366,0.368,0.413,0.401666667,0.353,0.386,0.462333333,0.456666667,0.430666667,0.429,0.429666667,0.419,0.353333333,0.389333333,0.420333333,0.434,0.414,0.425666667,0.474333333,0.473,0.369333333,0.395666667,0.425333333,0.450666667,0.425,0.45,0.375333333,0.349666667,0.299,0.343333333,0.355,0.357666667,0.337,0.371,0.284,0.254333333,0.179333333,0.194333333,0.205,0.216333333,0.227333333,0.297333333,0.299666667,0.256333333,0.192,0.234,0.247666667,0.264333333,0.287,0.329,0.337,0.308333333,0.247333333,0.283333333,0.301333333,0.306666667,0.323,0.357333333,0.412,0.398,0.353,0.322,0.378666667,0.370333333,0.381666667,0.407,0.285,0.261,0.241,0.224666667,0.248666667,0.238666667,0.277666667,0.297,0.362333333,0.339,0.319333333,0.275666667,0.328333333,0.302333333,0.311,0.357666667
MX,y22,0.324,0.303333333,0.277333333,0.254333333,0.328,0.329666667,0.306666667,0.310333333,0.399666667,0.406,0.37,0.353333333,0.475666667,0.472666667,0.393333333,0.376333333,0.402,0.400666667,0.361666667,0.377666667,0.443333333,0.445666667,0.422333333,0.419,0.446666667,0.435666667,0.360333333,0.391333333,0.443333333,0.454666667,0.422,0.425666667,0.501333333,0.481,0.398,0.445666667,0.494,0.505333333,0.477333333,0.499333333,0.344666667,0.325,0.245,0.308666667,0.343666667,0.344,0.306666667,0.336666667,0.335,0.291666667,0.2,0.210333333,0.237,0.246,0.253333333,0.339333333,0.359666667,0.307333333,0.232,0.251,0.257666667,0.274333333,0.320666667,0.388666667,0.247666667,0.227666667,0.163333333,0.167,0.193666667,0.199333333,0.223333333,0.268666667,0.353,0.325,0.277,0.261,0.319,0.302333333,0.308333333,0.340666667,0.407333333,0.391666667,0.357,0.336666667,0.430666667,0.403666667,0.361,0.401,0.361,0.333666667,0.315,0.256666667,0.308,0.288666667,0.307666667,0.346
MX,y23,0.351666667,0.332333333,0.306,0.260666667,0.33,0.318333333,0.312333333,0.338,0.346666667,0.337666667,0.308666667,0.284666667,0.358333333,0.349333333,0.326666667,0.345333333,0.303666667,0.285,0.243333333,0.26,0.297,0.304,0.311,0.312,0.439666667,0.414333333,0.327666667,0.359333333,0.414333333,0.436333333,0.410333333,0.434666667,0.474,0.464666667,0.366333333,0.382666667,0.409666667,0.425333333,0.408,0.446333333,0.325,0.296333333,0.205666667,0.217666667,0.237666667,0.262,0.282333333,0.337,0.333333333,0.287,0.201333333,0.215,0.235,0.253666667,0.27,0.341,0.291,0.261333333,0.192666667,0.235333333,0.265,0.267,0.264,0.307666667,0.367333333,0.341666667,0.257,0.250666667,0.297666667,0.300666667,0.304333333,0.364333333,0.34,0.318333333,0.270333333,0.238,0.276666667,0.262333333,0.288,0.339,0.420666667,0.412,0.396333333,0.391666667,0.485666667,0.456,0.414,0.416666667,0.419333333,0.389333333,0.352333333,0.301333333,0.394,0.372333333,0.353666667,0.382666667
MX,y24,0.391666667,0.377,0.359,0.358666667,0.457666667,0.442666667,0.400666667,0.407333333,0.387,0.384666667,0.348333333,0.323666667,0.449,0.443333333,0.373666667,0.373333333,0.450666667,0.440666667,0.369,0.333333333,0.397,0.411333333,0.421333333,0.435,0.505,0.493,0.426666667,0.432333333,0.456333333,0.464,0.463,0.495666667,0.479,0.442,0.342,0.368,0.375,0.378,0.391333333,0.472,0.388,0.353666667,0.265333333,0.28,0.28,0.288333333,0.292,0.375666667,0.381666667,0.329333333,0.241333333,0.247333333,0.261333333,0.256666667,0.263333333,0.374666667,0.267666667,0.230666667,0.175,0.180666667,0.175333333,0.182,0.220666667,0.289,0.371333333,0.344666667,0.284666667,0.328,0.364666667,0.360333333,0.348666667,0.384333333,0.368,0.360333333,0.313666667,0.300666667,0.353333333,0.342666667,0.358333333,0.370333333,0.380333333,0.358666667,0.328333333,0.288,0.372666667,0.338666667,0.316333333,0.359666667,0.383333333,0.361,0.335666667,0.314666667,0.396,0.362666667,0.342,0.371
MX,y25,0.372333333,0.341666667,0.296,0.227333333,0.280666667,0.281,0.324666667,0.368,0.29,0.293333333,0.265,0.235333333,0.297,0.288333333,0.276,0.278666667,0.365666667,0.360333333,0.312333333,0.336333333,0.423333333,0.439666667,0.412666667,0.384666667,0.430333333,0.428333333,0.353,0.346,0.371,0.377,0.390333333,0.438,0.502666667,0.487333333,0.388,0.425,0.458666667,0.471666667,0.438333333,0.473,0.374333333,0.343333333,0.258333333,0.306,0.352666667,0.365666667,0.338333333,0.379333333,0.326666667,0.296666667,0.205,0.230333333,0.249,0.247666667,0.233666667,0.314,0.309,0.269666667,0.2,0.226,0.245333333,0.262,0.270666667,0.329,0.360333333,0.320333333,0.232666667,0.231333333,0.248,0.241333333,0.270666667,0.357666667,0.409666667,0.383333333,0.323,0.29,0.329333333,0.316333333,0.342,0.4,0.431666667,0.409333333,0.377666667,0.346333333,0.427666667,0.400333333,0.39,0.408666667,0.409333333,0.382666667,0.354666667,0.310666667,0.395,0.363,0.350666667,0.391333333
MX,y26,0.254333333,0.236666667,0.212333333,0.157,0.185333333,0.182,0.206666667,0.239,0.378,0.363333333,0.328,0.275666667,0.351333333,0.348666667,0.339333333,0.358666667,0.448666667,0.427333333,0.377666667,0.398666667,0.467,0.465333333,0.44,0.46,0.397,0.376,0.316333333,0.339666667,0.349666667,0.373666667,0.389666667,0.410333333,0.439333333,0.444333333,0.373,0.410666667,0.432666667,0.445666667,0.403333333,0.416333333,0.384,0.36,0.287333333,0.323666667,0.337,0.333666667,0.311666667,0.369333333,0.299333333,0.258666667,0.177666667,0.193333333,0.216333333,0.222,0.223666667,0.307,0.351,0.316,0.237666667,0.262,0.283666667,0.284666667,0.276,0.345,0.321666667,0.292333333,0.233666667,0.250333333,0.28,0.281666667,0.297333333,0.350666667,0.371333333,0.352666667,0.314,0.314333333,0.395333333,0.383,0.36,0.362666667,0.367,0.350666667,0.331,0.301333333,0.357,0.341666667,0.345333333,0.357666667,0.335666667,0.314666667,0.294333333,0.276,0.353333333,0.329,0.302666667,0.335666667
NX,y1,0.218333333,0.235333333,0.228333333,0.192333333,0.287333333,0.266,0.202,0.178333333,0.193333333,0.195666667,0.170666667,0.195,0.272,0.296333333,0.269333333,0.217333333,0.369333333,0.37,0.329,0.389,0.468666667,0.441666667,0.395666667,0.35,0.325333333,0.364,0.309666667,0.359666667,0.464,0.497666667,0.435333333,0.338666667,0.355,0.371333333,0.306,0.339666667,0.392333333,0.420666667,0.363333333,0.331,0.318,0.322333333,0.261666667,0.279,0.289666667,0.309,0.299,0.332,0.289666667,0.273333333,0.215666667,0.220333333,0.211333333,0.202333333,0.226333333,0.280666667,0.292,0.262333333,0.191,0.197666667,0.208666667,0.212,0.249666667,0.292,0.273333333,0.257,0.196666667,0.187,0.198,0.201666667,0.221,0.269333333,0.295333333,0.324,0.280666667,0.239,0.264333333,0.255333333,0.276666667,0.296333333,0.327666667,0.354,0.332333333,0.309,0.397333333,0.373333333,0.283,0.274333333,0.232666667,0.242333333,0.216,0.166,0.2,0.192333333,0.177,0.174666667
NX,y2,0.235666667,0.271666667,0.257666667,0.237666667,0.304666667,0.271333333,0.234333333,0.196666667,0.219333333,0.224666667,0.21,0.177,0.220333333,0.235333333,0.267333333,0.217333333,0.322666667,0.323666667,0.302,0.334666667,0.393666667,0.396,0.405333333,0.347666667,0.310666667,0.301333333,0.252333333,0.312333333,0.355,0.351,0.336,0.315,0.380333333,0.372,0.295,0.336333333,0.381333333,0.408666667,0.404666667,0.406666667,0.333,0.334,0.263333333,0.282333333,0.313,0.336333333,0.297666667,0.301,0.292,0.274666667,0.186666667,0.164333333,0.172,0.188,0.203,0.251666667,0.209,0.203666667,0.171666667,0.183333333,0.172666667,0.178,0.210333333,0.218666667,0.274666667,0.303,0.234333333,0.211666667,0.211333333,0.186,0.211,0.26,0.329666667,0.310666667,0.243333333,0.215666667,0.249,0.221333333,0.225666667,0.258333333,0.319666667,0.354333333,0.332,0.291333333,0.355333333,0.316,0.272666667,0.264,0.384,0.428,0.395,0.348,0.445666667,0.392666667,0.292333333,0.305333333
NX,y3,0.26,0.310666667,0.279666667,0.201333333,0.288,0.261,0.195,0.193,0.194333333,0.192666667,0.172666667,0.175333333,0.221666667,0.202,0.232333333,0.207,0.356,0.354666667,0.311666667,0.312666667,0.303666667,0.284,0.353333333,0.372,0.288,0.283666667,0.242333333,0.238666667,0.262333333,0.283666667,0.295,0.291666667,0.365,0.341,0.257333333,0.250333333,0.264,0.312333333,0.336333333,0.365666667,0.465,0.400666667,0.281666667,0.280666667,0.297333333,0.324666667,0.338,0.453,0.341333333,0.285,0.225,0.233,0.245333333,0.265666667,0.29,0.334666667,0.394666667,0.369333333,0.295,0.347,0.362666667,0.381333333,0.383666667,0.415333333,0.277333333,0.276,0.209666667,0.185666667,0.184666667,0.194666667,0.218,0.248666667,0.203666667,0.205333333,0.158666667,0.094,0.156666667,0.173666667,0.174666667,0.168333333,0.288333333,0.296,0.254666667,0.180666667,0.219,0.208333333,0.214666667,0.239666667,0.243333333,0.227,0.194,0.156333333,0.201,0.196,0.188,0.208666667
NX,y4,0.231333333,0.227,0.192333333,0.152333333,0.223,0.246666667,0.197333333,0.172,0.348,0.302333333,0.252333333,0.251333333,0.319666667,0.314666667,0.329666667,0.363333333,0.326666667,0.307,0.236666667,0.231333333,0.262,0.248,0.296,0.321,0.384,0.405,0.329666667,0.33,0.343333333,0.335666667,0.301,0.344,0.400333333,0.37,0.294,0.335333333,0.37,0.365333333,0.334333333,0.394666667,0.372333333,0.343666667,0.218333333,0.195666667,0.217333333,0.233,0.226333333,0.31,0.247333333,0.206333333,0.145,0.143333333,0.137666667,0.15,0.172666667,0.251666667,0.184,0.148333333,0.08,0.061,0.066333333,0.084,0.106333333,0.175,0.340666667,0.310666667,0.213,0.161,0.168,0.193666667,0.218,0.303,0.355666667,0.327333333,0.255666667,0.229666667,0.284333333,0.281333333,0.275333333,0.322666667,0.317666667,0.371666667,0.338333333,0.247,0.362666667,0.347,0.267,0.239333333,0.277333333,0.273,0.236,0.201333333,0.264,0.231333333,0.224333333,0.235666667
NX,y5,0.220666667,0.245,0.232666667,0.191,0.251,0.236666667,0.193,0.158666667,0.242666667,0.257333333,0.234333333,0.254,0.280666667,0.263333333,0.25,0.226,0.358,0.325333333,0.262,0.316333333,0.363,0.365,0.353,0.382666667,0.365666667,0.35,0.268333333,0.275,0.312,0.337333333,0.341666667,0.353,0.339333333,0.307666667,0.225,0.251333333,0.263,0.272333333,0.289333333,0.337333333,0.328333333,0.271333333,0.176333333,0.132333333,0.140333333,0.149666667,0.204,0.337,0.226666667,0.184,0.138,0.148333333,0.166666667,0.184333333,0.194333333,0.242,0.369333333,0.298333333,0.222333333,0.197,0.198333333,0.245,0.291,0.365,0.369,0.310666667,0.228333333,0.224333333,0.205,0.198,0.288666667,0.391333333,0.226666667,0.211333333,0.158333333,0.151333333,0.193666667,0.202666667,0.228666667,0.237666667,0.262333333,0.223333333,0.195,0.184666667,0.246666667,0.249666667,0.300666667,0.259,0.322,0.329666667,0.282333333,0.231333333,0.356333333,0.331666667,0.240333333,0.253
NX,y6,0.161,0.181,0.168333333,0.139666667,0.2,0.189,0.17,0.141666667,0.194333333,0.2,0.182333333,0.193,0.258333333,0.245666667,0.235333333,0.221,0.238,0.255,0.224666667,0.241333333,0.283,0.292666667,0.279333333,0.247,0.349666667,0.424,0.383333333,0.396,0.410333333,0.402333333,0.385333333,0.374,0.384666667,0.385333333,0.314666667,0.306,0.323,0.347333333,0.360333333,0.404333333,0.261666667,0.206666667,0.134333333,0.156666667,0.185333333,0.2,0.206333333,0.258,0.351,0.296333333,0.206333333,0.167666667,0.159666667,0.191,0.273333333,0.382666667,0.235,0.193666667,0.132666667,0.137333333,0.146666667,0.163666667,0.197333333,0.238333333,0.269,0.224666667,0.170333333,0.172333333,0.156,0.161333333,0.228333333,0.293,0.269333333,0.229,0.176,0.146,0.164,0.192,0.249,0.268333333,0.335333333,0.312666667,0.286666667,0.276,0.338333333,0.319,0.294666667,0.319333333,0.34,0.337666667,0.296,0.249333333,0.334,0.277666667,0.221333333,0.268333333
NX,y7,0.284333333,0.289333333,0.249,0.222,0.327666667,0.295666667,0.227,0.239,0.242,0.243666667,0.224333333,0.245,0.37,0.365333333,0.261,0.209333333,0.318,0.378,0.338,0.384,0.536666667,0.547,0.389666667,0.281666667,0.465666667,0.439333333,0.367,0.372,0.401,0.390666667,0.353333333,0.408333333,0.333333333,0.346,0.243,0.216666667,0.202,0.201666667,0.213,0.287,0.288333333,0.241,0.130333333,0.110666667,0.136666667,0.143666667,0.177666667,0.302666667,0.397666667,0.335666667,0.264333333,0.245,0.231333333,0.234333333,0.286333333,0.391,0.302333333,0.257,0.179,0.149666667,0.132333333,0.143,0.211333333,0.301,0.334,0.32,0.278,0.320666667,0.299,0.274666667,0.276,0.320333333,0.296666667,0.255333333,0.195,0.193333333,0.195666667,0.178,0.198666667,0.269666667,0.221,0.214666667,0.169333333,0.131333333,0.224666667,0.219333333,0.223333333,0.217,0.253,0.245,0.215666667,0.212666667,0.306,0.281333333,0.235,0.224
NX,y8,0.245,0.263,0.242333333,0.178,0.240666667,0.211333333,0.160666667,0.177,0.265666667,0.260333333,0.224,0.233333333,0.304666667,0.311,0.312,0.267666667,0.358,0.348,0.276666667,0.31,0.381,0.379,0.355666667,0.349333333,0.421666667,0.392,0.339666667,0.366333333,0.453666667,0.469666667,0.455333333,0.449333333,0.249333333,0.236333333,0.156333333,0.147,0.141,0.152333333,0.150333333,0.203666667,0.312333333,0.316333333,0.222666667,0.213666667,0.238333333,0.238333333,0.221,0.275333333,0.255,0.215333333,0.130333333,0.102,0.133333333,0.188333333,0.233333333,0.271666667,0.238666667,0.217333333,0.135666667,0.115666667,0.129333333,0.151333333,0.175,0.224,0.222666667,0.232666667,0.202333333,0.158333333,0.152,0.159333333,0.184333333,0.206666667,0.335333333,0.366,0.294,0.237666667,0.322333333,0.308666667,0.285333333,0.301666667,0.223333333,0.247,0.226666667,0.206,0.336,0.31,0.226666667,0.199333333,0.199333333,0.186333333,0.151,0.100333333,0.142666667,0.151333333,0.164,0.165333333
NX,y9,0.230333333,0.249333333,0.214,0.154333333,0.206666667,0.2,0.166333333,0.172666667,0.239333333,0.227,0.199,0.185333333,0.208,0.230666667,0.259666667,0.233333333,0.356333333,0.308,0.239333333,0.244666667,0.282333333,0.306,0.359333333,0.377333333,0.420333333,0.429333333,0.363333333,0.381,0.412333333,0.430333333,0.4,0.405,0.391,0.383,0.297333333,0.318666667,0.330666667,0.342,0.347333333,0.376666667,0.261666667,0.239333333,0.149,0.17,0.210333333,0.252,0.255333333,0.262666667,0.268666667,0.243666667,0.168666667,0.156666667,0.153,0.164333333,0.211333333,0.285666667,0.280333333,0.215666667,0.18,0.186,0.183333333,0.225333333,0.269666667,0.3,0.265,0.247,0.171666667,0.138666667,0.136666667,0.141,0.162333333,0.226666667,0.256333333,0.268666667,0.228333333,0.183,0.214666667,0.234666667,0.232666667,0.230333333,0.297,0.269666667,0.242666667,0.225333333,0.286666667,0.285333333,0.309666667,0.311,0.230333333,0.222,0.191666667,0.167666667,0.224666667,0.214333333,0.194333333,0.207666667
NX,y10,0.201666667,0.201333333,0.178333333,0.152333333,0.181666667,0.168666667,0.159,0.159666667,0.319,0.306666667,0.269666667,0.265,0.373666667,0.407666667,0.382333333,0.328333333,0.310333333,0.31,0.280333333,0.331,0.408333333,0.423666667,0.363,0.307333333,0.486666667,0.463333333,0.336666667,0.342333333,0.403333333,0.427,0.424666667,0.437666667,0.418333333,0.418,0.316666667,0.340666667,0.370666667,0.403666667,0.389,0.396,0.271,0.254333333,0.219,0.283666667,0.317666667,0.344666667,0.325333333,0.286666667,0.218666667,0.212333333,0.175,0.194666667,0.225333333,0.265666667,0.256,0.242666667,0.237,0.190666667,0.146,0.115333333,0.113333333,0.151,0.231333333,0.279666667,0.221666667,0.185333333,0.119333333,0.109,0.114333333,0.119666667,0.178666667,0.238666667,0.267333333,0.252333333,0.21,0.177666667,0.198,0.217666667,0.272666667,0.291,0.262,0.261333333,0.216,0.186666667,0.243333333,0.215,0.175333333,0.165333333,0.319333333,0.294666667,0.268666667,0.258333333,0.316333333,0.273,0.262,0.286
NX,y11,0.182333333,0.172666667,0.143666667,0.106333333,0.149666667,0.138333333,0.137666667,0.139,0.199,0.197,0.170666667,0.179333333,0.242,0.233,0.228666667,0.186,0.298666667,0.285666667,0.265666667,0.312666667,0.335333333,0.317666667,0.306,0.307666667,0.357333333,0.353,0.263,0.262666667,0.335,0.386333333,0.346,0.341333333,0.380666667,0.351333333,0.261,0.243,0.254333333,0.276,0.296333333,0.357333333,0.257333333,0.244,0.155333333,0.179666667,0.206666667,0.236,0.248,0.276333333,0.290333333,0.222333333,0.17,0.173666667,0.181333333,0.209333333,0.242666667,0.308333333,0.295666667,0.244333333,0.189333333,0.215666667,0.234333333,0.261666667,0.284666667,0.311,0.254,0.234333333,0.190333333,0.181666667,0.144,0.157,0.252,0.295333333,0.226666667,0.215333333,0.171,0.134,0.158666667,0.177666667,0.199666667,0.214,0.185,0.21,0.181,0.121333333,0.150666667,0.155666667,0.169,0.163666667,0.253666667,0.23,0.207666667,0.202666667,0.293666667,0.311,0.237,0.216
NX,y12,0.259333333,0.243333333,0.212666667,0.206666667,0.231,0.207666667,0.192666667,0.223666667,0.241,0.254666667,0.242666667,0.238,0.271,0.287666667,0.266,0.225666667,0.269333333,0.308333333,0.277666667,0.262,0.331666667,0.37,0.362666667,0.309666667,0.407666667,0.436333333,0.370666667,0.394333333,0.454,0.485333333,0.447666667,0.397,0.438,0.451666667,0.373666667,0.363,0.329333333,0.314666667,0.299666667,0.375,0.317,0.316,0.193333333,0.165,0.169666667,0.182,0.207333333,0.291666667,0.278,0.257,0.183333333,0.190666667,0.209333333,0.250666667,0.261666667,0.277,0.335666667,0.248666667,0.166333333,0.146666667,0.141,0.169666667,0.263,0.356,0.295,0.240333333,0.17,0.180666667,0.213666667,0.253,0.283666667,0.323333333,0.353,0.312666667,0.231666667,0.173333333,0.182,0.168333333,0.253333333,0.327666667,0.272666667,0.285333333,0.237333333,0.171333333,0.252666667,0.256666667,0.234,0.216666667,0.259666667,0.254333333,0.223333333,0.165333333,0.227333333,0.226,0.206,0.220666667
NX,y13,0.234,0.272666667,0.261,0.208333333,0.259666667,0.245,0.182666667,0.186,0.302333333,0.281,0.227,0.183666667,0.211666667,0.2,0.248333333,0.267666667,0.261333333,0.244,0.225666667,0.269333333,0.314,0.318666667,0.322333333,0.311333333,0.303333333,0.327,0.277666667,0.299,0.321,0.334,0.294666667,0.254666667,0.377666667,0.368333333,0.293,0.340333333,0.4,0.431,0.43,0.417333333,0.350333333,0.321666667,0.236333333,0.246,0.257666667,0.269,0.280333333,0.334,0.201333333,0.158666667,0.103666667,0.097,0.111,0.128333333,0.184,0.247333333,0.280666667,0.244666667,0.188666667,0.188,0.195666667,0.234333333,0.263333333,0.308666667,0.285666667,0.267333333,0.220333333,0.237333333,0.238,0.254,0.256666667,0.298,0.184,0.184666667,0.145666667,0.127333333,0.148333333,0.158666667,0.144333333,0.166,0.299666667,0.283333333,0.230333333,0.180666667,0.231,0.214333333,0.203666667,0.245333333,0.177333333,0.175,0.161333333,0.136333333,0.183,0.168333333,0.156333333,0.148333333
NX,y14,0.098333333,0.099666667,0.079,0.056,0.069666667,0.099,0.100333333,0.085666667,0.173333333,0.181,0.164,0.176,0.218666667,0.226333333,0.180666667,0.165333333,0.352666667,0.357666667,0.309666667,0.310666667,0.355666667,0.343666667,0.302666667,0.321666667,0.407,0.392666667,0.305666667,0.291333333,0.314666667,0.311,0.322666667,0.37,0.433333333,0.365666667,0.238333333,0.237,0.285666667,0.310666667,0.32,0.389666667,0.370666667,0.357666667,0.231666667,0.170333333,0.219333333,0.272666667,0.288333333,0.345,0.385666667,0.313333333,0.227666667,0.201666667,0.204333333,0.235666667,0.312666667,0.395666667,0.262666667,0.237333333,0.180333333,0.185,0.196,0.208333333,0.225,0.270666667,0.311666667,0.301666667,0.250333333,0.281333333,0.316666667,0.300666667,0.277,0.297333333,0.269666667,0.249666667,0.199,0.149,0.189,0.206333333,0.238,0.266,0.196333333,0.218333333,0.212,0.203333333,0.290666667,0.256666667,0.210666667,0.189333333,0.364333333,0.401333333,0.382333333,0.325666667,0.388666667,0.335,0.247333333,0.263333333
NX,y15,0.293,0.292333333,0.264,0.193,0.246666667,0.241333333,0.219333333,0.240333333,0.180333333,0.180333333,0.175,0.206,0.259,0.255333333,0.277333333,0.212,0.341,0.331,0.277333333,0.284666667,0.358333333,0.359,0.327333333,0.322,0.443666667,0.386,0.316,0.333333333,0.349,0.355666667,0.411333333,0.460666667,0.400666667,0.394,0.326333333,0.315,0.304666667,0.300666667,0.271333333,0.327333333,0.336333333,0.313,0.206666667,0.193333333,0.203,0.222,0.217666667,0.289666667,0.289,0.252333333,0.179666667,0.188333333,0.209666667,0.243666667,0.252,0.293,0.240333333,0.196666667,0.127,0.123333333,0.132,0.155333333,0.198333333,0.239,0.281666667,0.255,0.202333333,0.172,0.146333333,0.147,0.205,0.27,0.241666667,0.261333333,0.232666667,0.187,0.219,0.225333333,0.203,0.195666667,0.291,0.280666667,0.225333333,0.163666667,0.239666667,0.248666667,0.242333333,0.235,0.276666667,0.287666667,0.272,0.242,0.277666667,0.241333333,0.214333333,0.241666667
NX,y16,0.299666667,0.283,0.258333333,0.21,0.317333333,0.324,0.288,0.280666667,0.295,0.305333333,0.261333333,0.198666667,0.227666667,0.227666667,0.211,0.246666667,0.444333333,0.452333333,0.393333333,0.43,0.480333333,0.504,0.457666667,0.408333333,0.329666667,0.349666667,0.308,0.342,0.392666667,0.462,0.419,0.329333333,0.39,0.345333333,0.274,0.333666667,0.389,0.394666667,0.350333333,0.378333333,0.411,0.344,0.252666667,0.260666667,0.292666667,0.313,0.322333333,0.399,0.344,0.284666667,0.229333333,0.247666667,0.265666667,0.302666667,0.346,0.380666667,0.259666667,0.212333333,0.170333333,0.142666667,0.148666667,0.186,0.247,0.287333333,0.237333333,0.208333333,0.174333333,0.183333333,0.166333333,0.181333333,0.246666667,0.263,0.272333333,0.268333333,0.218333333,0.178333333,0.190333333,0.172,0.165333333,0.212666667,0.298333333,0.312666667,0.285333333,0.224666667,0.304,0.291666667,0.254,0.252,0.472,0.473333333,0.445666667,0.379333333,0.487333333,0.445666667,0.393,0.431666667
NX,y17,0.164333333,0.148666667,0.126,0.139,0.213,0.232,0.206333333,0.169,0.324333333,0.301,0.256666667,0.231,0.276666667,0.306,0.346333333,0.320333333,0.281333333,0.249666667,0.210666667,0.248333333,0.302333333,0.335333333,0.327333333,0.294,0.437333333,0.390333333,0.331666667,0.408,0.443666667,0.462,0.456,0.446666667,0.345333333,0.337333333,0.288,0.299,0.277,0.253666667,0.243333333,0.317,0.393,0.329333333,0.26,0.255666667,0.224333333,0.235,0.31,0.411333333,0.251333333,0.205666667,0.120666667,0.103666667,0.122333333,0.168333333,0.214333333,0.283333333,0.314,0.242,0.153,0.140333333,0.155333333,0.201666667,0.289333333,0.381,0.213666667,0.171333333,0.133666667,0.132666667,0.121666667,0.129666667,0.186333333,0.233,0.28,0.263666667,0.198333333,0.175666667,0.189666667,0.175333333,0.223666667,0.260333333,0.266,0.237666667,0.197,0.175,0.192333333,0.165333333,0.227666667,0.262333333,0.138,0.15,0.144,0.129,0.156666667,0.140333333,0.127,0.104666667
NX,y18,0.107666667,0.102,0.1,0.078,0.103666667,0.091666667,0.090333333,0.1,0.222666667,0.192666667,0.141666667,0.112666667,0.131333333,0.146666667,0.181333333,0.196333333,0.313,0.284,0.235333333,0.273666667,0.34,0.383666667,0.404,0.367333333,0.378666667,0.377333333,0.309,0.287,0.306,0.295666667,0.274666667,0.347666667,0.341333333,0.300666667,0.199666667,0.263666667,0.308,0.349666667,0.342666667,0.336666667,0.386333333,0.327,0.229666667,0.207333333,0.18,0.197666667,0.277666667,0.388333333,0.229,0.194666667,0.148666667,0.122,0.099,0.109333333,0.139666667,0.217666667,0.302,0.253,0.218,0.219333333,0.200333333,0.201333333,0.248666667,0.329333333,0.322666667,0.291,0.207666667,0.213666667,0.201,0.202666667,0.249333333,0.304666667,0.292333333,0.256666667,0.198666667,0.185333333,0.221333333,0.202,0.221666667,0.265666667,0.310666667,0.328333333,0.293,0.297333333,0.355666667,0.33,0.286333333,0.282333333,0.329666667,0.328333333,0.338333333,0.344333333,0.42,0.385333333,0.342666667,0.339
NX,y19,0.279,0.284333333,0.24,0.141,0.183,0.164333333,0.196666667,0.239666667,0.229333333,0.227,0.197,0.175,0.219666667,0.207,0.225666667,0.211,0.428333333,0.433,0.376666667,0.359333333,0.418666667,0.404,0.411333333,0.448,0.328666667,0.332,0.28,0.326,0.383,0.408333333,0.398333333,0.356666667,0.404333333,0.406333333,0.292666667,0.288,0.301,0.329,0.320666667,0.342666667,0.376333333,0.363333333,0.337,0.313666667,0.280666667,0.302333333,0.342333333,0.397666667,0.214,0.194333333,0.168333333,0.173333333,0.172333333,0.182666667,0.197666667,0.247333333,0.324,0.279666667,0.206666667,0.209666667,0.229,0.249,0.297333333,0.348,0.25,0.219333333,0.151333333,0.139,0.160666667,0.192333333,0.244333333,0.275333333,0.277,0.264666667,0.189,0.148333333,0.184333333,0.190666667,0.251666667,0.264333333,0.228666667,0.206333333,0.175666667,0.172,0.257666667,0.256333333,0.255,0.225333333,0.209666667,0.220333333,0.198666667,0.149666667,0.209,0.204,0.193666667,0.195
NX,y20,0.3,0.287,0.284,0.212333333,0.274,0.234333333,0.260666667,0.293333333,0.246666667,0.201,0.182,0.160333333,0.137333333,0.113333333,0.161666667,0.213333333,0.341,0.292333333,0.209333333,0.212666667,0.247666667,0.244666667,0.336,0.366333333,0.294,0.272666667,0.205666667,0.175,0.167666667,0.177333333,0.247333333,0.305666667,0.414666667,0.438666667,0.348333333,0.397333333,0.419,0.399,0.358333333,0.363,0.272,0.213333333,0.126,0.111,0.107666667,0.113,0.162333333,0.267,0.365333333,0.324333333,0.235666667,0.193666667,0.203,0.233,0.280666667,0.359666667,0.237,0.205666667,0.137666667,0.124,0.127333333,0.166333333,0.219,0.267,0.233666667,0.199666667,0.132,0.128666667,0.143333333,0.148333333,0.165333333,0.214,0.296666667,0.292333333,0.239,0.195666667,0.200666667,0.197666667,0.235,0.274,0.224,0.208333333,0.16,0.137,0.157666667,0.149333333,0.181,0.190333333,0.327333333,0.329666667,0.292666667,0.278333333,0.373333333,0.350666667,0.293,0.29
NX,y21,0.283,0.285333333,0.260666667,0.202666667,0.226666667,0.202333333,0.208,0.228666667,0.276,0.262,0.242666667,0.291,0.362666667,0.331333333,0.299666667,0.266666667,0.265333333,0.223666667,0.172333333,0.17,0.196666667,0.221666667,0.307,0.320333333,0.352666667,0.301333333,0.220333333,0.22,0.263666667,0.296666667,0.342333333,0.356666667,0.344666667,0.368666667,0.271666667,0.248666667,0.25,0.269,0.301333333,0.321,0.288,0.288,0.25,0.267666667,0.281,0.292,0.268666667,0.3,0.258333333,0.255,0.163,0.151333333,0.145333333,0.160333333,0.199666667,0.258333333,0.24,0.208333333,0.134333333,0.109333333,0.124333333,0.151333333,0.190333333,0.241,0.300666667,0.252,0.191666667,0.207333333,0.207333333,0.229333333,0.275333333,0.326333333,0.305666667,0.282,0.216,0.170333333,0.216666667,0.241666667,0.270666667,0.283,0.235333333,0.217333333,0.177333333,0.159333333,0.158333333,0.123666667,0.162666667,0.212,0.312333333,0.303333333,0.269666667,0.243333333,0.280333333,0.23,0.201666667,0.247333333
NX,y22,0.166,0.156333333,0.136333333,0.131333333,0.194,0.221,0.192666667,0.152333333,0.254333333,0.258,0.242333333,0.268666667,0.397666667,0.402,0.311333333,0.258666667,0.316333333,0.31,0.258666667,0.254666667,0.287333333,0.273666667,0.276666667,0.298333333,0.328333333,0.339333333,0.244333333,0.223666667,0.248,0.253666667,0.281333333,0.303333333,0.433,0.377333333,0.281666667,0.261666667,0.247333333,0.265666667,0.334333333,0.439333333,0.268,0.285333333,0.207666667,0.231666667,0.247,0.253333333,0.248666667,0.267,0.298,0.276,0.228,0.215666667,0.227666667,0.264666667,0.273333333,0.317666667,0.334,0.262666667,0.233,0.242333333,0.232,0.279333333,0.377,0.397,0.234666667,0.196,0.132,0.119,0.107666667,0.111333333,0.181333333,0.263666667,0.323666667,0.291333333,0.214,0.179333333,0.161,0.137,0.243,0.306333333,0.318666667,0.300666667,0.267,0.223333333,0.276666667,0.230333333,0.225666667,0.289666667,0.309666667,0.293333333,0.277,0.224333333,0.259333333,0.202,0.244666667,0.276
NX,y23,0.265666667,0.254333333,0.222333333,0.180333333,0.199333333,0.17,0.204333333,0.231,0.250333333,0.236333333,0.232333333,0.241666667,0.262333333,0.234333333,0.236,0.24,0.235333333,0.214666667,0.184333333,0.207333333,0.247,0.271666667,0.283,0.245,0.340666667,0.329666667,0.266,0.268666667,0.273,0.274333333,0.278333333,0.312666667,0.393666667,0.383666667,0.256,0.224333333,0.231666667,0.266666667,0.282333333,0.338,0.298333333,0.237,0.135666667,0.150666667,0.169,0.203666667,0.231,0.305333333,0.328,0.277666667,0.182,0.157,0.167333333,0.197,0.254333333,0.329,0.208333333,0.183666667,0.138,0.166333333,0.182333333,0.177333333,0.171666667,0.219666667,0.309,0.239666667,0.152,0.100333333,0.114666667,0.14,0.206333333,0.324,0.293,0.269666667,0.222333333,0.209,0.195,0.183,0.246666667,0.298333333,0.257666667,0.245,0.240333333,0.231,0.308,0.264666667,0.273666667,0.282666667,0.297,0.27,0.215,0.145,0.225,0.227,0.211666667,0.232333333
NX,y24,0.246666667,0.229666667,0.223333333,0.229333333,0.343,0.353333333,0.311666667,0.273,0.258666667,0.254,0.230666667,0.203333333,0.283666667,0.299,0.251,0.240333333,0.386,0.428666667,0.342666667,0.273333333,0.27,0.267,0.303333333,0.33,0.424333333,0.433333333,0.338,0.292666667,0.280333333,0.295333333,0.328333333,0.369666667,0.464666667,0.412,0.294666667,0.306666667,0.285,0.298333333,0.362333333,0.449333333,0.341333333,0.307666667,0.186333333,0.158666667,0.141333333,0.153333333,0.202666667,0.307666667,0.320333333,0.266,0.228333333,0.265666667,0.272,0.294,0.319,0.358666667,0.212,0.172666667,0.137,0.138333333,0.143666667,0.176666667,0.204333333,0.228333333,0.263666667,0.229666667,0.175333333,0.182333333,0.172,0.181,0.234,0.285,0.230666667,0.206666667,0.179,0.175666667,0.207333333,0.202666667,0.236333333,0.246666667,0.309666667,0.313,0.264666667,0.206666667,0.240666667,0.203333333,0.213,0.253,0.201333333,0.203666667,0.2,0.191,0.23,0.196333333,0.195666667,0.194333333
NX,y25,0.191,0.216,0.204333333,0.129666667,0.122,0.104666667,0.127666667,0.145666667,0.225,0.210666667,0.199,0.208666667,0.237,0.209,0.216,0.214666667,0.242333333,0.235666667,0.184333333,0.215333333,0.255333333,0.278666667,0.265666667,0.252,0.373666667,0.345,0.266333333,0.261333333,0.282333333,0.303666667,0.344666667,0.377666667,0.385666667,0.376333333,0.321,0.344,0.312,0.309666667,0.311,0.352,0.296,0.269666667,0.182,0.2,0.213666667,0.225,0.229666667,0.284333333,0.304333333,0.263666667,0.157666667,0.160666667,0.152,0.151333333,0.18,0.305,0.239666667,0.21,0.153,0.148666667,0.137,0.15,0.188333333,0.252,0.285,0.228666667,0.184333333,0.217666667,0.224333333,0.233333333,0.298666667,0.340333333,0.279333333,0.243333333,0.186666667,0.193333333,0.224333333,0.223,0.269666667,0.301,0.297666667,0.303666667,0.279333333,0.245666667,0.307666667,0.286666667,0.241666667,0.238,0.335666667,0.324666667,0.297333333,0.245666667,0.305666667,0.264,0.246333333,0.290666667
NX,y26,0.141,0.151333333,0.134333333,0.116666667,0.132666667,0.111666667,0.132666667,0.119333333,0.284,0.299666667,0.271666667,0.225333333,0.257666667,0.232,0.201333333,0.218333333,0.303666667,0.296,0.246,0.259333333,0.307666667,0.314333333,0.291666667,0.284333333,0.237333333,0.238,0.160666667,0.137333333,0.172333333,0.218333333,0.223666667,0.24,0.395666667,0.399666667,0.264666667,0.225333333,0.254666667,0.273333333,0.288333333,0.364666667,0.308,0.285666667,0.201333333,0.180666667,0.185333333,0.215,0.229,0.290333333,0.253,0.220333333,0.134666667,0.131333333,0.162333333,0.209666667,0.213666667,0.262333333,0.256666667,0.239,0.174,0.175,0.193,0.210666667,0.202333333,0.226666667,0.218,0.180666667,0.109666667,0.095,0.116666667,0.143333333,0.173333333,0.23,0.237333333,0.235666667,0.175,0.126,0.160666667,0.190333333,0.233666667,0.227333333,0.286,0.245666667,0.19,0.177666667,0.213,0.221666667,0.278333333,0.297666667,0.15,0.149,0.115666667,0.098333333,0.132,0.135333333,0.109333333,0.115333333
QH,y1,0.117666667,0.131333333,0.128666667,0.108,0.122,0.143,0.12,0.107,0.118333333,0.137666667,0.16,0.162,0.186666667,0.194,0.174333333,0.149333333,0.165333333,0.160333333,0.148,0.161333333,0.229333333,0.281666667,0.273666667,0.2,0.221,0.201666667,0.192666667,0.220333333,0.265,0.323,0.374666667,0.348,0.313,0.299,0.25,0.208666667,0.231333333,0.312666667,0.384666667,0.398666667,0.295,0.265,0.216333333,0.172333333,0.181666667,0.24,0.334666667,0.383666667,0.242333333,0.224666667,0.184333333,0.133,0.095333333,0.118333333,0.217,0.295666667,0.19,0.167666667,0.145,0.097333333,0.104,0.136666667,0.207,0.252666667,0.182,0.161333333,0.150333333,0.093666667,0.069666667,0.100666667,0.194,0.247333333,0.189666667,0.187666667,0.174,0.119,0.116,0.163666667,0.226333333,0.238,0.111,0.123333333,0.121666667,0.108,0.12,0.119,0.132333333,0.120666667,0.138,0.144,0.148333333,0.118,0.106,0.105333333,0.117,0.131666667
QH,y2,0.157666667,0.178333333,0.183,0.151666667,0.188,0.206,0.147666667,0.135333333,0.138333333,0.148666667,0.159666667,0.134666667,0.184333333,0.233666667,0.193666667,0.145333333,0.251666667,0.25,0.242666667,0.238,0.297666667,0.352333333,0.356,0.296333333,0.259,0.246666667,0.203666667,0.225666667,0.272666667,0.37,0.431666667,0.356666667,0.288666667,0.244666667,0.206333333,0.156,0.140666667,0.190333333,0.269333333,0.358,0.287666667,0.284666667,0.263,0.231,0.209,0.240333333,0.302333333,0.336,0.349666667,0.303,0.245,0.165333333,0.135,0.194666667,0.317,0.410666667,0.223666667,0.206333333,0.159666667,0.074,0.061666667,0.106333333,0.209333333,0.290333333,0.166,0.177,0.142,0.08,0.076666667,0.104666667,0.177333333,0.206,0.197333333,0.189333333,0.182666667,0.128666667,0.143,0.192666667,0.234666667,0.225333333,0.131333333,0.142,0.138666667,0.122333333,0.206666667,0.244333333,0.187,0.134,0.107666667,0.126,0.149333333,0.135333333,0.144,0.141333333,0.108333333,0.117666667
QH,y3,0.143333333,0.14,0.158666667,0.149,0.158,0.175333333,0.162333333,0.154,0.102,0.118,0.118333333,0.090666667,0.133333333,0.183666667,0.161333333,0.114333333,0.183,0.188333333,0.174666667,0.165,0.201666667,0.232666667,0.273,0.245,0.282666667,0.279666667,0.223333333,0.192333333,0.246333333,0.332,0.399666667,0.384333333,0.338666667,0.282666667,0.235666667,0.187333333,0.164,0.205,0.299333333,0.398,0.268666667,0.227333333,0.194,0.152666667,0.154,0.211,0.287333333,0.324333333,0.279666667,0.230666667,0.183666667,0.122333333,0.120333333,0.183,0.288,0.341,0.275,0.247666667,0.224333333,0.149333333,0.124666667,0.176666667,0.286333333,0.358,0.223666667,0.183333333,0.150333333,0.105666667,0.120666667,0.172,0.249666667,0.3,0.128333333,0.107333333,0.105666667,0.076666667,0.083,0.107,0.168666667,0.200333333,0.159666667,0.159666667,0.153,0.124666667,0.129666667,0.146,0.159,0.167,0.135666667,0.143,0.154666667,0.138333333,0.134666667,0.126666667,0.122,0.134333333
QH,y4,0.124333333,0.124333333,0.13,0.118,0.188333333,0.2,0.120333333,0.117666667,0.158333333,0.175333333,0.192333333,0.152,0.156666667,0.191,0.196333333,0.178,0.206,0.208666667,0.238666667,0.297666667,0.361333333,0.37,0.327333333,0.242333333,0.266333333,0.264666667,0.229666667,0.201666667,0.232,0.257333333,0.314,0.337,0.299,0.273333333,0.235666667,0.241,0.313666667,0.406666667,0.469,0.429666667,0.33,0.266666667,0.233333333,0.208333333,0.192,0.261666667,0.369666667,0.426666667,0.256666667,0.219,0.175666667,0.133,0.118333333,0.169666667,0.265,0.336,0.271333333,0.221666667,0.189666667,0.165,0.159333333,0.229666667,0.337333333,0.385666667,0.206333333,0.183333333,0.171666667,0.136666667,0.101333333,0.119,0.209333333,0.26,0.166333333,0.158,0.167,0.135,0.152666667,0.169333333,0.221,0.206666667,0.139666667,0.145333333,0.159333333,0.123333333,0.138666667,0.135333333,0.148,0.17,0.195333333,0.191666667,0.186,0.158666667,0.168666667,0.171333333,0.150666667,0.188
QH,y5,0.155666667,0.173,0.166333333,0.133,0.157666667,0.160333333,0.134666667,0.152666667,0.163333333,0.187,0.200333333,0.178333333,0.222333333,0.270333333,0.244666667,0.192,0.155666667,0.159666667,0.165333333,0.222333333,0.323666667,0.365,0.367333333,0.264333333,0.277333333,0.238,0.213333333,0.181333333,0.228,0.329333333,0.423,0.409666667,0.299666667,0.263666667,0.244,0.255666667,0.277666667,0.346333333,0.411666667,0.419,0.325,0.279666667,0.254666667,0.216333333,0.174666667,0.232333333,0.333333333,0.412666667,0.318,0.282333333,0.239666667,0.194,0.184666667,0.250666667,0.341,0.394666667,0.325666667,0.280666667,0.254,0.222333333,0.210666667,0.27,0.364666667,0.411666667,0.201666667,0.177,0.184,0.167666667,0.202666667,0.253333333,0.312,0.312,0.157333333,0.153,0.155666667,0.110333333,0.108666667,0.140666667,0.216333333,0.235333333,0.141333333,0.152666667,0.180666667,0.157,0.179,0.191,0.194333333,0.162333333,0.127333333,0.132333333,0.139666667,0.125,0.170666667,0.201333333,0.147,0.141333333
QH,y6,0.147333333,0.170666667,0.185666667,0.17,0.233333333,0.27,0.170666667,0.143333333,0.123666667,0.138333333,0.137333333,0.121666667,0.152,0.187666667,0.165666667,0.133,0.157666667,0.155666667,0.158333333,0.159,0.212666667,0.289333333,0.318333333,0.252333333,0.251,0.234,0.208666667,0.266333333,0.387666667,0.473,0.482333333,0.390333333,0.270333333,0.226,0.204,0.208666667,0.278666667,0.346333333,0.404,0.386666667,0.345666667,0.285666667,0.256666667,0.265666667,0.274666667,0.363666667,0.466,0.472666667,0.374333333,0.339666667,0.278333333,0.185,0.150666667,0.221666667,0.329333333,0.437,0.276,0.228,0.200333333,0.170666667,0.181666667,0.256333333,0.354,0.402666667,0.193333333,0.177,0.161,0.119333333,0.116,0.172666667,0.262666667,0.304333333,0.213,0.213666667,0.215,0.178,0.198,0.232,0.297333333,0.269,0.187333333,0.192,0.197666667,0.207333333,0.288,0.310666667,0.250333333,0.197333333,0.139333333,0.136333333,0.158666667,0.143333333,0.157333333,0.162333333,0.147,0.151333333
QH,y7,0.141333333,0.153,0.172333333,0.163333333,0.211,0.230333333,0.176333333,0.161666667,0.176666667,0.185666667,0.193333333,0.172,0.236,0.288333333,0.270333333,0.208333333,0.218333333,0.193666667,0.184,0.200666667,0.263333333,0.313666667,0.352333333,0.305,0.309666667,0.297,0.277333333,0.303666667,0.348,0.383,0.399666667,0.355,0.271666667,0.233666667,0.208,0.224333333,0.283,0.36,0.408333333,0.391666667,0.332333333,0.269666667,0.242333333,0.216333333,0.2,0.271333333,0.369333333,0.425,0.291,0.239666667,0.230333333,0.194333333,0.198666667,0.279666667,0.369,0.417333333,0.266,0.219,0.212333333,0.163333333,0.133,0.182666667,0.289,0.357666667,0.283666667,0.268666667,0.237,0.175666667,0.133,0.173666667,0.288333333,0.345,0.212666667,0.216,0.215333333,0.169,0.162,0.18,0.258666667,0.26,0.142666667,0.136333333,0.13,0.102666667,0.129333333,0.152333333,0.161333333,0.155,0.118333333,0.141,0.163333333,0.147333333,0.193666667,0.218666667,0.166333333,0.136333333
QH,y8,0.132333333,0.138333333,0.155666667,0.122,0.106,0.105333333,0.123666667,0.134,0.182666667,0.186666667,0.185,0.165,0.227666667,0.245333333,0.222,0.185666667,0.213666667,0.231333333,0.24,0.275,0.352,0.393333333,0.386333333,0.277,0.292333333,0.282333333,0.236333333,0.267666667,0.363,0.416,0.428333333,0.357,0.276,0.263333333,0.227666667,0.245,0.298,0.358,0.392,0.375666667,0.328666667,0.293666667,0.262,0.257333333,0.266333333,0.335,0.395333333,0.406,0.385333333,0.350666667,0.325666667,0.254333333,0.195666667,0.255333333,0.383333333,0.466666667,0.338666667,0.308666667,0.274666667,0.221333333,0.182666667,0.244,0.351,0.417,0.217666667,0.187333333,0.164,0.115666667,0.094666667,0.159333333,0.284333333,0.325666667,0.165333333,0.156,0.148,0.112333333,0.152333333,0.211,0.25,0.224,0.094333333,0.108333333,0.118,0.107333333,0.169666667,0.214666667,0.165,0.115666667,0.142,0.15,0.166333333,0.150333333,0.157,0.155,0.124666667,0.122333333
QH,y9,0.125333333,0.131,0.137333333,0.125666667,0.155666667,0.177333333,0.151,0.140666667,0.143666667,0.156666667,0.178,0.174666667,0.236666667,0.278,0.240666667,0.162333333,0.238666667,0.243,0.235666667,0.267,0.341333333,0.372,0.360333333,0.275333333,0.278333333,0.266666667,0.250666667,0.260333333,0.358333333,0.459666667,0.496666667,0.375,0.312333333,0.263666667,0.260666667,0.242,0.239666667,0.315,0.408333333,0.423333333,0.31,0.259333333,0.228,0.213,0.214,0.273,0.345666667,0.383666667,0.216,0.183666667,0.165,0.159333333,0.198333333,0.284333333,0.347,0.329,0.295,0.243,0.234,0.214333333,0.189,0.221,0.313333333,0.384,0.213,0.187,0.193333333,0.149666667,0.147,0.186666667,0.278666667,0.321666667,0.176666667,0.161,0.154666667,0.119,0.143666667,0.214,0.302,0.265666667,0.177666667,0.181333333,0.175,0.147,0.195333333,0.244,0.219333333,0.177,0.123666667,0.135666667,0.145,0.119333333,0.15,0.178666667,0.149,0.130333333
QH,y10,0.122,0.110666667,0.124333333,0.119,0.177,0.212333333,0.155,0.138,0.179333333,0.17,0.165666667,0.165,0.273,0.353333333,0.326,0.229333333,0.213333333,0.192666667,0.183666667,0.251666667,0.426666667,0.503333333,0.454333333,0.303333333,0.297,0.295333333,0.286666667,0.268666667,0.294,0.32,0.375666667,0.379,0.314333333,0.282666667,0.267666667,0.266,0.280666667,0.339666667,0.415666667,0.409333333,0.362666667,0.301666667,0.262333333,0.231333333,0.24,0.311333333,0.392666667,0.447333333,0.362666667,0.31,0.274333333,0.223666667,0.211666667,0.273333333,0.365666667,0.44,0.285666667,0.249666667,0.235666667,0.197666667,0.174333333,0.205,0.288333333,0.362333333,0.245666667,0.235333333,0.200333333,0.153,0.15,0.199,0.314,0.358333333,0.182333333,0.174333333,0.166,0.136,0.134333333,0.171333333,0.248666667,0.235666667,0.103,0.103,0.103666667,0.111,0.186666667,0.206666667,0.153666667,0.110666667,0.157,0.175,0.185666667,0.158333333,0.174,0.185,0.156666667,0.142
QH,y11,0.118666667,0.137,0.156666667,0.141333333,0.166666667,0.165666667,0.131333333,0.115333333,0.156666667,0.184333333,0.187,0.162,0.230333333,0.267,0.219,0.161333333,0.183666667,0.174,0.17,0.19,0.304333333,0.388333333,0.4,0.285666667,0.270666667,0.263333333,0.233333333,0.242333333,0.316333333,0.392333333,0.446666667,0.378,0.311666667,0.259333333,0.233,0.205333333,0.206333333,0.254333333,0.341333333,0.396,0.308333333,0.275,0.251333333,0.246,0.239666667,0.291,0.362666667,0.396666667,0.324,0.293333333,0.276666667,0.223,0.182333333,0.231,0.334,0.384333333,0.286666667,0.256333333,0.246333333,0.211333333,0.187333333,0.237333333,0.320333333,0.368333333,0.210333333,0.180333333,0.164333333,0.114666667,0.114666667,0.156,0.232333333,0.285666667,0.152333333,0.150333333,0.142333333,0.122666667,0.16,0.207,0.246,0.213,0.101,0.098333333,0.107,0.099333333,0.160666667,0.192666667,0.173333333,0.135333333,0.121666667,0.112333333,0.109666667,0.092,0.147333333,0.188333333,0.151,0.131
QH,y12,0.181,0.205333333,0.221,0.184,0.213,0.204333333,0.169,0.175333333,0.163,0.164333333,0.163,0.167333333,0.290666667,0.359,0.294666667,0.205333333,0.179333333,0.182,0.174333333,0.211666667,0.352666667,0.437333333,0.409333333,0.270666667,0.269333333,0.246333333,0.216333333,0.244666667,0.335333333,0.397,0.449666667,0.377666667,0.263,0.246666667,0.223,0.242,0.323,0.424,0.476333333,0.389666667,0.313666667,0.257333333,0.204333333,0.168666667,0.160666667,0.231666667,0.361333333,0.405333333,0.351333333,0.293333333,0.259,0.207666667,0.212666667,0.265,0.353333333,0.432,0.317,0.266,0.232,0.155333333,0.156333333,0.232666667,0.345666667,0.421,0.264666667,0.245666667,0.229333333,0.174333333,0.174,0.226333333,0.331,0.368666667,0.146666667,0.14,0.152666667,0.124333333,0.118333333,0.141666667,0.203666667,0.212,0.111333333,0.119,0.135666667,0.105,0.143,0.184333333,0.168333333,0.127666667,0.155333333,0.169333333,0.176333333,0.151666667,0.164333333,0.169333333,0.162,0.161666667
QH,y13,0.140333333,0.139333333,0.152666667,0.121333333,0.148333333,0.168,0.135666667,0.139333333,0.179666667,0.204666667,0.217666667,0.161333333,0.135333333,0.162,0.215,0.209666667,0.23,0.208666667,0.217,0.242,0.387333333,0.447,0.425333333,0.319,0.294,0.288333333,0.238666667,0.299333333,0.45,0.563333333,0.578,0.423333333,0.355333333,0.305666667,0.270666667,0.234,0.254333333,0.311333333,0.421666667,0.47,0.290333333,0.274666667,0.238666667,0.186333333,0.184666667,0.267333333,0.362333333,0.361,0.284,0.251,0.238666667,0.223666667,0.23,0.286,0.365333333,0.407,0.317333333,0.262,0.236333333,0.179666667,0.176,0.251666667,0.363333333,0.440666667,0.259,0.226666667,0.209333333,0.170666667,0.155,0.195333333,0.283,0.335333333,0.19,0.172,0.142,0.103333333,0.11,0.175666667,0.285333333,0.262666667,0.117,0.099666667,0.109333333,0.105333333,0.145666667,0.180333333,0.173666667,0.143666667,0.118666667,0.122,0.147333333,0.128333333,0.125,0.144333333,0.136333333,0.126666667
QH,y14,0.108,0.135333333,0.153,0.117,0.117333333,0.128333333,0.114,0.099,0.177333333,0.180666667,0.179666667,0.156,0.188,0.226333333,0.217333333,0.204333333,0.147333333,0.147,0.148333333,0.154,0.243666667,0.329,0.336,0.242333333,0.254666667,0.229333333,0.213,0.201666667,0.246,0.334,0.408,0.366,0.326666667,0.287,0.256333333,0.225,0.260333333,0.349,0.427,0.415,0.281333333,0.226666667,0.196333333,0.191666667,0.225,0.280333333,0.344666667,0.365333333,0.337666667,0.272666667,0.239333333,0.192,0.2,0.265,0.332,0.402666667,0.264666667,0.227666667,0.216,0.215333333,0.222333333,0.249333333,0.297666667,0.349333333,0.220333333,0.214333333,0.191666667,0.162666667,0.163666667,0.219,0.304333333,0.313333333,0.141,0.136666667,0.139,0.115333333,0.138,0.172666667,0.227333333,0.207666667,0.102,0.108666667,0.13,0.130666667,0.166666667,0.195666667,0.193666667,0.135666667,0.134666667,0.135333333,0.143,0.126,0.172666667,0.220666667,0.181666667,0.148666667
QH,y15,0.102,0.125333333,0.144,0.130333333,0.167666667,0.192666667,0.140666667,0.118,0.181666667,0.187,0.211,0.194666667,0.281666667,0.327666667,0.291333333,0.215333333,0.225,0.237666667,0.245,0.250333333,0.301333333,0.335,0.366666667,0.300333333,0.328333333,0.309666667,0.260333333,0.194,0.214333333,0.310666667,0.430333333,0.446666667,0.295333333,0.277,0.269,0.268,0.293333333,0.35,0.399333333,0.399333333,0.369,0.283,0.236666667,0.211666667,0.207,0.266333333,0.37,0.470666667,0.339333333,0.277,0.240666667,0.182,0.171333333,0.228,0.322,0.414666667,0.281333333,0.226333333,0.205333333,0.142333333,0.154666667,0.227333333,0.320333333,0.382,0.212666667,0.194666667,0.193333333,0.159,0.147333333,0.178333333,0.243,0.292,0.142,0.131,0.147666667,0.120333333,0.137,0.171,0.231666667,0.231333333,0.138333333,0.159666667,0.175666667,0.150666667,0.174333333,0.206666667,0.185,0.156,0.15,0.171666667,0.189333333,0.160666667,0.179666667,0.193666667,0.145,0.140666667
QH,y16,0.146333333,0.171333333,0.186666667,0.167666667,0.201333333,0.223333333,0.162333333,0.15,0.166333333,0.182,0.196666667,0.181333333,0.265333333,0.316666667,0.246666667,0.192333333,0.214666667,0.238666667,0.279333333,0.364,0.462666667,0.485666667,0.387333333,0.251333333,0.236333333,0.215,0.216666667,0.315,0.460333333,0.522,0.523,0.384,0.292333333,0.266666667,0.249333333,0.246,0.270666667,0.373,0.465666667,0.435666667,0.281666667,0.229,0.194,0.163666667,0.152,0.198333333,0.258666667,0.316666667,0.323666667,0.277,0.234,0.158,0.123333333,0.187666667,0.299333333,0.390333333,0.32,0.282333333,0.228333333,0.174,0.183666667,0.267666667,0.367,0.409333333,0.248333333,0.204,0.176,0.161333333,0.186333333,0.241,0.315666667,0.353,0.144,0.15,0.154,0.119,0.143,0.183333333,0.219,0.195333333,0.121,0.116,0.132666667,0.111,0.159,0.187666667,0.175,0.145,0.151333333,0.155333333,0.169333333,0.158,0.193333333,0.208,0.156,0.150666667
QH,y17,0.095,0.096666667,0.096666667,0.096,0.167666667,0.216666667,0.164333333,0.108333333,0.206,0.234333333,0.249333333,0.216,0.250333333,0.250666667,0.249,0.226666667,0.225,0.219666667,0.221,0.236666667,0.337666667,0.410333333,0.4,0.322,0.283666667,0.252,0.245666667,0.226,0.235666667,0.290666667,0.358666667,0.363333333,0.313666667,0.290333333,0.256333333,0.271666667,0.339666667,0.426666667,0.480333333,0.435666667,0.319,0.259666667,0.22,0.205,0.217,0.276333333,0.332,0.376333333,0.369666667,0.311,0.274666667,0.239,0.224666667,0.271666667,0.358333333,0.45,0.276333333,0.226333333,0.206666667,0.154333333,0.150666667,0.201,0.276666667,0.338,0.253,0.226,0.193333333,0.134666667,0.127,0.194333333,0.317666667,0.360333333,0.144666667,0.123666667,0.130666667,0.097,0.117333333,0.162333333,0.222333333,0.214,0.148666667,0.169333333,0.185333333,0.154333333,0.171333333,0.178333333,0.178666667,0.158,0.116666667,0.113,0.12,0.100333333,0.091,0.100333333,0.12,0.130333333
QH,y18,0.062333333,0.074333333,0.086,0.061333333,0.094666667,0.135666667,0.113666667,0.086666667,0.162,0.174333333,0.192333333,0.165666667,0.199,0.239333333,0.216333333,0.177333333,0.18,0.181666667,0.216666667,0.241333333,0.311333333,0.364,0.343,0.254666667,0.265,0.252333333,0.221,0.237,0.323,0.421333333,0.453333333,0.393333333,0.318,0.273333333,0.252333333,0.233666667,0.226666667,0.294,0.361666667,0.385666667,0.33,0.282,0.244333333,0.209666667,0.197666667,0.262333333,0.340333333,0.406,0.321333333,0.283,0.251333333,0.201666667,0.199333333,0.282666667,0.361,0.392666667,0.296666667,0.262,0.236333333,0.186,0.175333333,0.235333333,0.325333333,0.381333333,0.199333333,0.176333333,0.159,0.123333333,0.148666667,0.216333333,0.273333333,0.286666667,0.162666667,0.149666667,0.140333333,0.117333333,0.159,0.202666667,0.264333333,0.241333333,0.188333333,0.200666667,0.199666667,0.188,0.248333333,0.294666667,0.263,0.215666667,0.194333333,0.206666667,0.227,0.213,0.242666667,0.267666667,0.190666667,0.180666667
QH,y19,0.147333333,0.160666667,0.172,0.141666667,0.137666667,0.150666667,0.138333333,0.149666667,0.173666667,0.185,0.222,0.204666667,0.282,0.342666667,0.257666667,0.179,0.203333333,0.188,0.188333333,0.160666667,0.222666667,0.312,0.349666667,0.301666667,0.258333333,0.219,0.172666667,0.167333333,0.244333333,0.348666667,0.411666667,0.393666667,0.372,0.335,0.295333333,0.248333333,0.246,0.328666667,0.414666667,0.450333333,0.317,0.235666667,0.217333333,0.181333333,0.228,0.316,0.391333333,0.423666667,0.377333333,0.307666667,0.263666667,0.203333333,0.198,0.289,0.405666667,0.466333333,0.346333333,0.297,0.247333333,0.186,0.198,0.292666667,0.399,0.47,0.224333333,0.192,0.175666667,0.144333333,0.167,0.235,0.306666667,0.313333333,0.173,0.176,0.184,0.130333333,0.143666667,0.180333333,0.235,0.231,0.122666667,0.114666667,0.121333333,0.108666667,0.132333333,0.173,0.182333333,0.163,0.111666667,0.135,0.161333333,0.135,0.124,0.131666667,0.114666667,0.117333333
QH,y20,0.170333333,0.194,0.216666667,0.171666667,0.182333333,0.19,0.144666667,0.158,0.171,0.19,0.197333333,0.174666667,0.204,0.252333333,0.249,0.178666667,0.206333333,0.189,0.189,0.163333333,0.193,0.266333333,0.338333333,0.295666667,0.243666667,0.213666667,0.192333333,0.165,0.219333333,0.318333333,0.390666667,0.356,0.301666667,0.245,0.219666667,0.213333333,0.272,0.350333333,0.380666667,0.386333333,0.340333333,0.305333333,0.283333333,0.255333333,0.244333333,0.317,0.418,0.437666667,0.325333333,0.274,0.246666667,0.193,0.189333333,0.258333333,0.345,0.428333333,0.326666667,0.271333333,0.238666667,0.183333333,0.177333333,0.245,0.341,0.418333333,0.209666667,0.180666667,0.157,0.105,0.103333333,0.155,0.236333333,0.287,0.162333333,0.158666667,0.168333333,0.131333333,0.137,0.159,0.196333333,0.187333333,0.145333333,0.161333333,0.164666667,0.146333333,0.175,0.186666667,0.186333333,0.165333333,0.145,0.142333333,0.156666667,0.145,0.193333333,0.224666667,0.172333333,0.143333333
QH,y21,0.199,0.207,0.223333333,0.198333333,0.180666667,0.18,0.178,0.197333333,0.157666667,0.158333333,0.157666667,0.155,0.267666667,0.346,0.26,0.177666667,0.196666667,0.226,0.231333333,0.231333333,0.308666667,0.354666667,0.331333333,0.250333333,0.274666667,0.262666667,0.236666667,0.215666667,0.258666667,0.334666667,0.391,0.352666667,0.326666667,0.275333333,0.264,0.293,0.313333333,0.396666667,0.466333333,0.458666667,0.296666667,0.242,0.22,0.227333333,0.244333333,0.290333333,0.36,0.393666667,0.294333333,0.250333333,0.213,0.202333333,0.226,0.273666667,0.329333333,0.373666667,0.322333333,0.272333333,0.233,0.192,0.199333333,0.257666667,0.327,0.41,0.206333333,0.186666667,0.177333333,0.136,0.128666667,0.176333333,0.242333333,0.275333333,0.205666667,0.196333333,0.191666667,0.152333333,0.167333333,0.226,0.292666667,0.263666667,0.161666667,0.147666667,0.139,0.135333333,0.193,0.202333333,0.222666667,0.182,0.126,0.124333333,0.130333333,0.112333333,0.099666667,0.111666667,0.12,0.131333333
QH,y22,0.128333333,0.142333333,0.148333333,0.141333333,0.220333333,0.256,0.165333333,0.131,0.163333333,0.179666667,0.172666667,0.155333333,0.246333333,0.296666667,0.241666667,0.186666667,0.219,0.21,0.198666667,0.221,0.371,0.471333333,0.425333333,0.302666667,0.226,0.216,0.202666667,0.183,0.242,0.368333333,0.418333333,0.347666667,0.281,0.255666667,0.223333333,0.229666667,0.307,0.399666667,0.432666667,0.382,0.313333333,0.234,0.202,0.194666667,0.237333333,0.331,0.413,0.430666667,0.317333333,0.261,0.251,0.225333333,0.232,0.284,0.350666667,0.409666667,0.378333333,0.335333333,0.258,0.155,0.144666667,0.221333333,0.350333333,0.453666667,0.249666667,0.219,0.198,0.148666667,0.142333333,0.211333333,0.284666667,0.325,0.206,0.205,0.199666667,0.138666667,0.148333333,0.184333333,0.268666667,0.270333333,0.135333333,0.156,0.175666667,0.162,0.249333333,0.282666667,0.195,0.143,0.162666667,0.177333333,0.184333333,0.153333333,0.157,0.160666667,0.145666667,0.153666667
QH,y23,0.129333333,0.154,0.184,0.151666667,0.152333333,0.145333333,0.133333333,0.132,0.196666667,0.218,0.230333333,0.195666667,0.241666667,0.265333333,0.237666667,0.205333333,0.183,0.182666667,0.177,0.173666667,0.240333333,0.301333333,0.312,0.258333333,0.296333333,0.265666667,0.240666667,0.245,0.323666667,0.420333333,0.451333333,0.402666667,0.292,0.249333333,0.212,0.211333333,0.279333333,0.391333333,0.442333333,0.402333333,0.325666667,0.266333333,0.220333333,0.203333333,0.207,0.282,0.35,0.389333333,0.416333333,0.36,0.275666667,0.182,0.151666667,0.219,0.336333333,0.457,0.336666667,0.286,0.247333333,0.208,0.195,0.268333333,0.354333333,0.408666667,0.225,0.197,0.168666667,0.114333333,0.126666667,0.175666667,0.238333333,0.284,0.195333333,0.196333333,0.182,0.149666667,0.167,0.210666667,0.283333333,0.260666667,0.096,0.091666667,0.095,0.079,0.131,0.18,0.16,0.106666667,0.122333333,0.141333333,0.158666667,0.135333333,0.147333333,0.164333333,0.118666667,0.122666667
QH,y24,0.141,0.142666667,0.151,0.136333333,0.195333333,0.259,0.199,0.164333333,0.157666667,0.169666667,0.180666667,0.181666667,0.289,0.344,0.273666667,0.194666667,0.216,0.206,0.203,0.183333333,0.239666667,0.276666667,0.323333333,0.301333333,0.324,0.304666667,0.266666667,0.230666667,0.244,0.291666667,0.376333333,0.401333333,0.326333333,0.312,0.273666667,0.241666667,0.252333333,0.307,0.371,0.405,0.343,0.302333333,0.261666667,0.186,0.159666667,0.230333333,0.322333333,0.398,0.312333333,0.249666667,0.208,0.159,0.172,0.241333333,0.329666667,0.409333333,0.337,0.289333333,0.241,0.16,0.127333333,0.192666667,0.312333333,0.41,0.232666667,0.224,0.183666667,0.125,0.128333333,0.192333333,0.273666667,0.312666667,0.153,0.143666667,0.145333333,0.112,0.128,0.167666667,0.228,0.220666667,0.209666667,0.205666667,0.205,0.171,0.191666667,0.228333333,0.231333333,0.237,0.152333333,0.15,0.142333333,0.123666667,0.173666667,0.188,0.141333333,0.147666667
QH,y25,0.180333333,0.18,0.185,0.157666667,0.167,0.181,0.174333333,0.170333333,0.176,0.185333333,0.187666667,0.153666667,0.228,0.284333333,0.227666667,0.176,0.155666667,0.145666667,0.132333333,0.136666667,0.243333333,0.37,0.389666667,0.279333333,0.285666667,0.287333333,0.253666667,0.22,0.242333333,0.311333333,0.373666667,0.335333333,0.292,0.253666667,0.237666667,0.234333333,0.259666667,0.325,0.374333333,0.384333333,0.33,0.264,0.215,0.183666667,0.182,0.254,0.354,0.406333333,0.269666667,0.234666667,0.212,0.19,0.205,0.243666667,0.279333333,0.323333333,0.332666667,0.304666667,0.265333333,0.179666667,0.144333333,0.188,0.283,0.393,0.241,0.213666667,0.188666667,0.125,0.103,0.158666667,0.253666667,0.311333333,0.166,0.165333333,0.148,0.111666667,0.138666667,0.195333333,0.235,0.231,0.177666667,0.180333333,0.169333333,0.133666667,0.136666667,0.142,0.152,0.158666667,0.152,0.157,0.169,0.148666667,0.142666667,0.143333333,0.125,0.148
QH,y26,0.147333333,0.16,0.160666667,0.115,0.100333333,0.108333333,0.112333333,0.13,0.210666667,0.210333333,0.187666667,0.129,0.157,0.209666667,0.220666667,0.227333333,0.18,0.162,0.144,0.142,0.202333333,0.289333333,0.325,0.258,0.237666667,0.227,0.201666667,0.173333333,0.197666667,0.272666667,0.327333333,0.323,0.302,0.269333333,0.253333333,0.251,0.292,0.370333333,0.415666667,0.405666667,0.288666667,0.244333333,0.200333333,0.149666667,0.159666667,0.235,0.312333333,0.357333333,0.351,0.262333333,0.215333333,0.165666667,0.169,0.240333333,0.334333333,0.435333333,0.244333333,0.194666667,0.162,0.119,0.136333333,0.212333333,0.278666667,0.322333333,0.229666667,0.216,0.199666667,0.159,0.170666667,0.235666667,0.330333333,0.362333333,0.216,0.209333333,0.202,0.139333333,0.148333333,0.212,0.306,0.304333333,0.172666667,0.186333333,0.209666667,0.185666667,0.178666667,0.181333333,0.197333333,0.182666667,0.080666667,0.094666667,0.102666667,0.095,0.140666667,0.184333333,0.122333333,0.096666667
SC,y1,0.047666667,0.032,0.024,0.072,0.260666667,0.320666667,0.204666667,0.113666667,0.101333333,0.049,0.037,0.117,0.289666667,0.408666667,0.337666667,0.238666667,0.141,0.076,0.053666667,0.196666667,0.404,0.564,0.490333333,0.312333333,0.144333333,0.053666667,0.058,0.294,0.468666667,0.627666667,0.531,0.334333333,0.132333333,0.065,0.062333333,0.131333333,0.167,0.264666667,0.312666667,0.258666667,0.094333333,0.044666667,0.032666667,0.070666667,0.091333333,0.134,0.139666667,0.124666667,0.044666667,0.021666667,0.016333333,0.030333333,0.05,0.084333333,0.076,0.074333333,0.025666667,0.016333333,0.009333333,0.017666667,0.020333333,0.035333333,0.035,0.033,0.026,0.013333333,0.007333333,0.026,0.035,0.042333333,0.027,0.031,0.026333333,0.019333333,0.011666667,0.036666667,0.048333333,0.054333333,0.029,0.031666667,0.022,0.015666667,0.015666667,0.049333333,0.088666667,0.076,0.046666667,0.039333333,0.038333333,0.027,0.019,0.05,0.139666667,0.160333333,0.111333333,0.076333333
SC,y2,0.080666667,0.051333333,0.039333333,0.092666667,0.292,0.343333333,0.262,0.183,0.117333333,0.059,0.043333333,0.107,0.259,0.355,0.319666667,0.257,0.178666667,0.117,0.095333333,0.279666667,0.489333333,0.578,0.48,0.339666667,0.117666667,0.055666667,0.044666667,0.172333333,0.309,0.444,0.401666667,0.275333333,0.1,0.048,0.032666667,0.076666667,0.105,0.182666667,0.201666667,0.179,0.096333333,0.043333333,0.037,0.058,0.101,0.202333333,0.237333333,0.199,0.066333333,0.035333333,0.033666667,0.075666667,0.096666667,0.122,0.105,0.094666667,0.017,0.008333333,0.005333333,0.01,0.017333333,0.030666667,0.031,0.037,0.023,0.016,0.014,0.028333333,0.027333333,0.034333333,0.026666667,0.025666667,0.048,0.027,0.017333333,0.042666667,0.051,0.067333333,0.067666667,0.074666667,0.041,0.024,0.015333333,0.049666667,0.114666667,0.136,0.089333333,0.075333333,0.042333333,0.022333333,0.012666667,0.029666667,0.093666667,0.116666667,0.107666667,0.087
SC,y3,0.056333333,0.023666667,0.016666667,0.049,0.161333333,0.217666667,0.170666667,0.147333333,0.066666667,0.030666667,0.016666667,0.082666667,0.302,0.467333333,0.286,0.153,0.138666667,0.059666667,0.039,0.177666667,0.406,0.566,0.463333333,0.300333333,0.11,0.041,0.03,0.106666667,0.182333333,0.304333333,0.303666667,0.215,0.133333333,0.07,0.053,0.113666667,0.149666667,0.233333333,0.289333333,0.259333333,0.102333333,0.041333333,0.034666667,0.053,0.065666667,0.114333333,0.163333333,0.181666667,0.044666667,0.021333333,0.012666667,0.016333333,0.014666667,0.027,0.031666667,0.041666667,0.021666667,0.008666667,0.005333333,0.023666667,0.026333333,0.027333333,0.028,0.034333333,0.035333333,0.026333333,0.012,0.023666667,0.027,0.041,0.033666667,0.041,0.020666667,0.009333333,0.006,0.017666667,0.034666667,0.046666667,0.025333333,0.034666667,0.053666667,0.029,0.019666667,0.047333333,0.114333333,0.138666667,0.131,0.103666667,0.056333333,0.032333333,0.026666667,0.058333333,0.169333333,0.181666667,0.155,0.120666667
SC,y4,0.096333333,0.047333333,0.034,0.084333333,0.310333333,0.411,0.338333333,0.229,0.119333333,0.049333333,0.031333333,0.103333333,0.288333333,0.411333333,0.339333333,0.279,0.137333333,0.083666667,0.067333333,0.231,0.476666667,0.598333333,0.453666667,0.272666667,0.097,0.056666667,0.031666667,0.127,0.215,0.311333333,0.284333333,0.199333333,0.116666667,0.054,0.043,0.094,0.142666667,0.247333333,0.254666667,0.187,0.082,0.041333333,0.038333333,0.058333333,0.074333333,0.115,0.140333333,0.139333333,0.061333333,0.034666667,0.025333333,0.055,0.076666667,0.114,0.094,0.092,0.04,0.028,0.021333333,0.043666667,0.049,0.069333333,0.040333333,0.045333333,0.027333333,0.022666667,0.012666667,0.026333333,0.025,0.021,0.019,0.030666667,0.026333333,0.019333333,0.014333333,0.027,0.027,0.028666667,0.019333333,0.032,0.023666667,0.015333333,0.009666667,0.014,0.038666667,0.045333333,0.033,0.040666667,0.034,0.016,0.010666667,0.023,0.064,0.057,0.040333333,0.06
SC,y5,0.066,0.038333333,0.026333333,0.050333333,0.136333333,0.158333333,0.143666667,0.145666667,0.140333333,0.075666667,0.051666667,0.099,0.229333333,0.269,0.258333333,0.256666667,0.157666667,0.07,0.055333333,0.211333333,0.414333333,0.525333333,0.415,0.305,0.16,0.078333333,0.048,0.119666667,0.156,0.266333333,0.275666667,0.240666667,0.079,0.047666667,0.046666667,0.090666667,0.107333333,0.224333333,0.250333333,0.171,0.113,0.051,0.042,0.060666667,0.074666667,0.137,0.184333333,0.207333333,0.047333333,0.021333333,0.014,0.016333333,0.026,0.053333333,0.046666667,0.059,0.016,0.007333333,0.003666667,0.007666667,0.006666667,0.006,0.009666667,0.021,0.029,0.014,0.007333333,0.012333333,0.011666667,0.012333333,0.009666667,0.023666667,0.043333333,0.028666667,0.015,0.043333333,0.057,0.070666667,0.040666667,0.054,0.022,0.012333333,0.007333333,0.022,0.060666667,0.069333333,0.040333333,0.044666667,0.032666667,0.022,0.016,0.019333333,0.047,0.054,0.044333333,0.053666667
SC,y6,0.083,0.040666667,0.029,0.074333333,0.24,0.259,0.215,0.175333333,0.077,0.043666667,0.030333333,0.087333333,0.291,0.439333333,0.335666667,0.198,0.081,0.042333333,0.025333333,0.102333333,0.288666667,0.432,0.295,0.179333333,0.107666667,0.057333333,0.038333333,0.121666667,0.222,0.352666667,0.300666667,0.200666667,0.059333333,0.031,0.026666667,0.041666667,0.043666667,0.094666667,0.118666667,0.105,0.103666667,0.048666667,0.038666667,0.062333333,0.086666667,0.161,0.166333333,0.157666667,0.025333333,0.013666667,0.013333333,0.021666667,0.024666667,0.039,0.034,0.035666667,0.019,0.007,0.007,0.01,0.009,0.011666667,0.016,0.021666667,0.036666667,0.023666667,0.012333333,0.028,0.028,0.042666667,0.030333333,0.035333333,0.045666667,0.026,0.015,0.032,0.037,0.040666667,0.028666667,0.042666667,0.048666667,0.033333333,0.012333333,0.033666667,0.069,0.073333333,0.045666667,0.053666667,0.035333333,0.023666667,0.018666667,0.031333333,0.085666667,0.094333333,0.072666667,0.069666667
SC,y7,0.075666667,0.044666667,0.034,0.07,0.212,0.253666667,0.220666667,0.167666667,0.079333333,0.048,0.034,0.107666667,0.288,0.382,0.296333333,0.185666667,0.13,0.050666667,0.032333333,0.127666667,0.276,0.405333333,0.318,0.234666667,0.152,0.08,0.054666667,0.207666667,0.344666667,0.502333333,0.415,0.267333333,0.054666667,0.026,0.027,0.039333333,0.058666667,0.092333333,0.087,0.077,0.049,0.026333333,0.02,0.038,0.048,0.073,0.073,0.075666667,0.024333333,0.008,0.008,0.012666667,0.014333333,0.020666667,0.023,0.037333333,0.020333333,0.011333333,0.009333333,0.021,0.016666667,0.019666667,0.018666667,0.029666667,0.033666667,0.023333333,0.018,0.031,0.023,0.027666667,0.027,0.037,0.040333333,0.036,0.019666667,0.047333333,0.060666667,0.065,0.042666667,0.049,0.025,0.017333333,0.017,0.031,0.050333333,0.06,0.042,0.039333333,0.053333333,0.031333333,0.019666667,0.041666667,0.128,0.141666667,0.111333333,0.099333333
SC,y8,0.050333333,0.032,0.029,0.067,0.230333333,0.272,0.183,0.110333333,0.074666667,0.039666667,0.030666667,0.092666667,0.237666667,0.290333333,0.288666667,0.215,0.102,0.047333333,0.029666667,0.116,0.247333333,0.352666667,0.297666667,0.219333333,0.163333333,0.093666667,0.062,0.233666667,0.350333333,0.493,0.439,0.288,0.054,0.020666667,0.021,0.064666667,0.115666667,0.173,0.156,0.116333333,0.091666667,0.045,0.028666667,0.029,0.038333333,0.105,0.151333333,0.147333333,0.019666667,0.009333333,0.005666667,0.009666667,0.008,0.008333333,0.014333333,0.023333333,0.011,0.004333333,0.003333333,0.016,0.016333333,0.019333333,0.012666667,0.016333333,0.022,0.012666667,0.007333333,0.013333333,0.011333333,0.009333333,0.006,0.013333333,0.019666667,0.009666667,0.009333333,0.023666667,0.045,0.051,0.037,0.042666667,0.032333333,0.019333333,0.009666667,0.033,0.077333333,0.079,0.046,0.055666667,0.052333333,0.03,0.021333333,0.039,0.110333333,0.127,0.124333333,0.111333333
SC,y9,0.066,0.042666667,0.040666667,0.075333333,0.182333333,0.212666667,0.193333333,0.135,0.089666667,0.039666667,0.026333333,0.126666667,0.331,0.392333333,0.275,0.194,0.136333333,0.070333333,0.048,0.170333333,0.338333333,0.478,0.393,0.274333333,0.186333333,0.09,0.068666667,0.219333333,0.327333333,0.454666667,0.42,0.296,0.132,0.062666667,0.041666667,0.088333333,0.169666667,0.302333333,0.339333333,0.253,0.080333333,0.051333333,0.037666667,0.056666667,0.057666667,0.081,0.095666667,0.116,0.114,0.061333333,0.058333333,0.093333333,0.116666667,0.201333333,0.207333333,0.162666667,0.036333333,0.019,0.010333333,0.011,0.009333333,0.014,0.025333333,0.053,0.036,0.025333333,0.02,0.025666667,0.017,0.030666667,0.041666667,0.050666667,0.068,0.041666667,0.023333333,0.047,0.065,0.079666667,0.075333333,0.097333333,0.045,0.029333333,0.023333333,0.048,0.105333333,0.123,0.117,0.099,0.059333333,0.037,0.031,0.052666667,0.128666667,0.153,0.141,0.117
SC,y10,0.104333333,0.064333333,0.048333333,0.112666667,0.285333333,0.328666667,0.238,0.195333333,0.112333333,0.045666667,0.024666667,0.086333333,0.230333333,0.366,0.303,0.23,0.149,0.071333333,0.050333333,0.195,0.373666667,0.528666667,0.45,0.283,0.099666667,0.053,0.041333333,0.102,0.146333333,0.229666667,0.229333333,0.201666667,0.133333333,0.06,0.056,0.117333333,0.147333333,0.250333333,0.302333333,0.244,0.051,0.031,0.028333333,0.062666667,0.069333333,0.094666667,0.089,0.086,0.037333333,0.021,0.012666667,0.031333333,0.033333333,0.036666667,0.028,0.039333333,0.024666667,0.014,0.012,0.021,0.021666667,0.032333333,0.032666667,0.035333333,0.023,0.019,0.014666667,0.035666667,0.038333333,0.042333333,0.030333333,0.035666667,0.049333333,0.037,0.028333333,0.049333333,0.062666667,0.07,0.052333333,0.068333333,0.032666667,0.019333333,0.011,0.030333333,0.070333333,0.076,0.063333333,0.062,0.047,0.03,0.021666667,0.035333333,0.105666667,0.130333333,0.125333333,0.101333333
SC,y11,0.072,0.044666667,0.034666667,0.079333333,0.277,0.355333333,0.279,0.173,0.161666667,0.098333333,0.087,0.265,0.533,0.644,0.486,0.306,0.114,0.053333333,0.043,0.187333333,0.307,0.420666667,0.329333333,0.210666667,0.148,0.078,0.058,0.179666667,0.267,0.379333333,0.366333333,0.264666667,0.171333333,0.079,0.053666667,0.122,0.187333333,0.313666667,0.371333333,0.303666667,0.118,0.042333333,0.025,0.014666667,0.02,0.076333333,0.174,0.2,0.102,0.060333333,0.045333333,0.048,0.056666667,0.114666667,0.131333333,0.142333333,0.036,0.016666667,0.014,0.028333333,0.026333333,0.031666667,0.030333333,0.050666667,0.027666667,0.018,0.010333333,0.023666667,0.024333333,0.022,0.015666667,0.023666667,0.044333333,0.029333333,0.021666667,0.050666667,0.061666667,0.068333333,0.044333333,0.062333333,0.042666667,0.027333333,0.015333333,0.038666667,0.086,0.104,0.096333333,0.084,0.061333333,0.035666667,0.023,0.037,0.106666667,0.130333333,0.158333333,0.119333333
SC,y12,0.092666667,0.058333333,0.042333333,0.051333333,0.150666667,0.225333333,0.308333333,0.202333333,0.107666667,0.061333333,0.053666667,0.148,0.288333333,0.347,0.289666667,0.237333333,0.135333333,0.055,0.029666667,0.133333333,0.327333333,0.514,0.424333333,0.276666667,0.143,0.066,0.051666667,0.216333333,0.333,0.464666667,0.416,0.276333333,0.107333333,0.074666667,0.044,0.066666667,0.100666667,0.168666667,0.2,0.172666667,0.107,0.056333333,0.038666667,0.051,0.048666667,0.082666667,0.119,0.160666667,0.037666667,0.015333333,0.012,0.015333333,0.027333333,0.049,0.051333333,0.054333333,0.020333333,0.005333333,0.002666667,0.014666667,0.014,0.012333333,0.013333333,0.029333333,0.053,0.034333333,0.022666667,0.025,0.025666667,0.031333333,0.045333333,0.072666667,0.024666667,0.016,0.008333333,0.024,0.032,0.033666667,0.020666667,0.031333333,0.041666667,0.018333333,0.010333333,0.028666667,0.076666667,0.107333333,0.110333333,0.116,0.061,0.036,0.024333333,0.052666667,0.147666667,0.177333333,0.177666667,0.138666667
SC,y13,0.075333333,0.042333333,0.030333333,0.062333333,0.197333333,0.267666667,0.231,0.160666667,0.091666667,0.041333333,0.021333333,0.071666667,0.197666667,0.304333333,0.283666667,0.223666667,0.178333333,0.075,0.039333333,0.168333333,0.362666667,0.546333333,0.515666667,0.383,0.091,0.055666667,0.045,0.130666667,0.171,0.253,0.258333333,0.187333333,0.127,0.065666667,0.052333333,0.076666667,0.079666667,0.128,0.195,0.202666667,0.113333333,0.053333333,0.036666667,0.049,0.056333333,0.122333333,0.154,0.171666667,0.109666667,0.057,0.048333333,0.076333333,0.107,0.147333333,0.161333333,0.185,0.014666667,0.005,0.003666667,0.009333333,0.009,0.010666667,0.019666667,0.021333333,0.024666667,0.015333333,0.016333333,0.041333333,0.043333333,0.038333333,0.028666667,0.032333333,0.028666667,0.020333333,0.013,0.038,0.046333333,0.055,0.030333333,0.035,0.023,0.015,0.008333333,0.022,0.046333333,0.047666667,0.028666667,0.035666667,0.052333333,0.036333333,0.026666667,0.057,0.156333333,0.181333333,0.164,0.124333333
SC,y14,0.088,0.073666667,0.07,0.133,0.333333333,0.406333333,0.315,0.184,0.069,0.047,0.037333333,0.101333333,0.257333333,0.359,0.283,0.161666667,0.076,0.035,0.022,0.103,0.215,0.304333333,0.242,0.169,0.161333333,0.078666667,0.037666667,0.152,0.239333333,0.343333333,0.352333333,0.252666667,0.084666667,0.04,0.023666667,0.046333333,0.051,0.086333333,0.115333333,0.130333333,0.067,0.042,0.039666667,0.04,0.030666667,0.044333333,0.058333333,0.082666667,0.058666667,0.031333333,0.020666667,0.035333333,0.046666667,0.064,0.069333333,0.077,0.035333333,0.017,0.012,0.024,0.030666667,0.045333333,0.04,0.050666667,0.034,0.022666667,0.015666667,0.034333333,0.041333333,0.046666667,0.038333333,0.046333333,0.028333333,0.015333333,0.008,0.027333333,0.046333333,0.047,0.029666667,0.038,0.035,0.023666667,0.015,0.050333333,0.107,0.105666667,0.071666667,0.060333333,0.040333333,0.021666667,0.012333333,0.027333333,0.077,0.080666667,0.069666667,0.066333333
SC,y15,0.068666667,0.04,0.027,0.059333333,0.120333333,0.125666667,0.150333333,0.146666667,0.101666667,0.056666667,0.039,0.142333333,0.348666667,0.424,0.356333333,0.230333333,0.124666667,0.057333333,0.034666667,0.166666667,0.348666667,0.460666667,0.364333333,0.248333333,0.119666667,0.062,0.041,0.127333333,0.159333333,0.240666667,0.254666667,0.221,0.162333333,0.077666667,0.056,0.087333333,0.106,0.206666667,0.275666667,0.248666667,0.067666667,0.032,0.022,0.036666667,0.044666667,0.09,0.114,0.116333333,0.053666667,0.025,0.021666667,0.028,0.029666667,0.045,0.057666667,0.077333333,0.035666667,0.020333333,0.016333333,0.039,0.046666667,0.054666667,0.051666667,0.057,0.037666667,0.024666667,0.016333333,0.020666667,0.021666667,0.029333333,0.029,0.048333333,0.043333333,0.023,0.019666667,0.041666667,0.056666667,0.077666667,0.055333333,0.067,0.046333333,0.042666667,0.036,0.063,0.094666667,0.098666667,0.097333333,0.076333333,0.073666667,0.040666667,0.03,0.043666667,0.115666667,0.159333333,0.182333333,0.157666667
SC,y16,0.054666667,0.031,0.022666667,0.053666667,0.155333333,0.193,0.149,0.116666667,0.161666667,0.075,0.052666667,0.187666667,0.381,0.518333333,0.454333333,0.325,0.151666667,0.088666667,0.063333333,0.223,0.413,0.522333333,0.415,0.265,0.153666667,0.067333333,0.052,0.192,0.279333333,0.407,0.416666667,0.309666667,0.157666667,0.068333333,0.062666667,0.181,0.27,0.397333333,0.442333333,0.317666667,0.121333333,0.056666667,0.043,0.080666667,0.102333333,0.146666667,0.159333333,0.186666667,0.084666667,0.049333333,0.041,0.052,0.054,0.09,0.133,0.128333333,0.032,0.015,0.011333333,0.019666667,0.016,0.019666667,0.019666667,0.039333333,0.032,0.016333333,0.008333333,0.02,0.026,0.03,0.020333333,0.034,0.037666667,0.021666667,0.012666667,0.032333333,0.039333333,0.038666667,0.033666667,0.044666667,0.022333333,0.011,0.008,0.024,0.061,0.059,0.027,0.032666667,0.045666667,0.024666667,0.014333333,0.034333333,0.110333333,0.118333333,0.098666667,0.079
SC,y17,0.086,0.053,0.044,0.098,0.252,0.282666667,0.240666667,0.184666667,0.095333333,0.051666667,0.034333333,0.124,0.288666667,0.379666667,0.317666667,0.221,0.122666667,0.080666667,0.073,0.205333333,0.333333333,0.406333333,0.336333333,0.239,0.092,0.032666667,0.020666667,0.083333333,0.148666667,0.284333333,0.295333333,0.225333333,0.125333333,0.063333333,0.04,0.061333333,0.072,0.125333333,0.213333333,0.224,0.076666667,0.036,0.027333333,0.056333333,0.069333333,0.109,0.133666667,0.145,0.059333333,0.035,0.026333333,0.039333333,0.042333333,0.060333333,0.087666667,0.101,0.030333333,0.013333333,0.013333333,0.027333333,0.038,0.065333333,0.058666667,0.045666667,0.039,0.023333333,0.019,0.033666667,0.029333333,0.033666667,0.048333333,0.07,0.033666667,0.017333333,0.012666667,0.034,0.039666667,0.042,0.032333333,0.043666667,0.024,0.015,0.009,0.025,0.036666667,0.041,0.034666667,0.043,0.064666667,0.036333333,0.022666667,0.046333333,0.107333333,0.131,0.163,0.140666667
SC,y18,0.083,0.052333333,0.041333333,0.093666667,0.314666667,0.435,0.305333333,0.188666667,0.127666667,0.058666667,0.045333333,0.175666667,0.457333333,0.599333333,0.453666667,0.311333333,0.133,0.061,0.048333333,0.193333333,0.388333333,0.538666667,0.448333333,0.293333333,0.167333333,0.067,0.054666667,0.199666667,0.301333333,0.464666667,0.461333333,0.305666667,0.148,0.043333333,0.026666667,0.05,0.085,0.187666667,0.317666667,0.307333333,0.083666667,0.038666667,0.026666667,0.054333333,0.068333333,0.119666667,0.162333333,0.168,0.074333333,0.039333333,0.031,0.045,0.044,0.054333333,0.072,0.095333333,0.011666667,0.003333333,0.002333333,0.013333333,0.017333333,0.016666667,0.011,0.016666667,0.043,0.024,0.021,0.043666667,0.042333333,0.051666667,0.050666667,0.062333333,0.053333333,0.031333333,0.02,0.051666667,0.078666667,0.099333333,0.070666667,0.079,0.067,0.032,0.02,0.063,0.142333333,0.169333333,0.151,0.131,0.075666667,0.050666667,0.041,0.087333333,0.197,0.21,0.191666667,0.155
SC,y19,0.061333333,0.034,0.031,0.076,0.212666667,0.263,0.197,0.137333333,0.092666667,0.047666667,0.039,0.149333333,0.378333333,0.492333333,0.351,0.211333333,0.099333333,0.039666667,0.022666667,0.116,0.214,0.336,0.320666667,0.216,0.105333333,0.041333333,0.034,0.160666667,0.252666667,0.379666667,0.333333333,0.188,0.078666667,0.032333333,0.029666667,0.067666667,0.097333333,0.177333333,0.228333333,0.182666667,0.092333333,0.053666667,0.041,0.045,0.044666667,0.094,0.148,0.162666667,0.091333333,0.056333333,0.044666667,0.058,0.066,0.115333333,0.137333333,0.128333333,0.021333333,0.012333333,0.011333333,0.031,0.042,0.049,0.032333333,0.035333333,0.019666667,0.012,0.008333333,0.022666667,0.021666667,0.017333333,0.011,0.020666667,0.027,0.017,0.010666667,0.028666667,0.029666667,0.030666667,0.028,0.039,0.036333333,0.018333333,0.013666667,0.036,0.083333333,0.095666667,0.078333333,0.085333333,0.043,0.025666667,0.019,0.030333333,0.064666667,0.075333333,0.096666667,0.089666667
SC,y20,0.054666667,0.037,0.029333333,0.056666667,0.168333333,0.214666667,0.206,0.151333333,0.122666667,0.067333333,0.056,0.181,0.386333333,0.514666667,0.441333333,0.281666667,0.130333333,0.057333333,0.035333333,0.163,0.324,0.458666667,0.407666667,0.285,0.136666667,0.054,0.026333333,0.106333333,0.205666667,0.378666667,0.35,0.243333333,0.163,0.064666667,0.057,0.154333333,0.191666667,0.315,0.414666667,0.345666667,0.098666667,0.044,0.027666667,0.036333333,0.039666667,0.081,0.167333333,0.160666667,0.024666667,0.007666667,0.007,0.017,0.016,0.018333333,0.015,0.028333333,0.032,0.014666667,0.007666667,0.014666667,0.014,0.015,0.018333333,0.034,0.032333333,0.022333333,0.016333333,0.031,0.052,0.070333333,0.05,0.042,0.027666667,0.013,0.006333333,0.016333333,0.019333333,0.022333333,0.020333333,0.037666667,0.035,0.015,0.013333333,0.037,0.082,0.092666667,0.088333333,0.096333333,0.060666667,0.039,0.028,0.048333333,0.112,0.133,0.144666667,0.12
SC,y21,0.057333333,0.033666667,0.031333333,0.053666667,0.125,0.156333333,0.185,0.125,0.092333333,0.039666667,0.031666667,0.111666667,0.231,0.316666667,0.311,0.224,0.155,0.073666667,0.049,0.161,0.330666667,0.48,0.431666667,0.318333333,0.125333333,0.054333333,0.036666667,0.146,0.27,0.396333333,0.357,0.237,0.123333333,0.059333333,0.042,0.089,0.111,0.193,0.266,0.247,0.145666667,0.061333333,0.049,0.077666667,0.108,0.209333333,0.282666667,0.265333333,0.037,0.021333333,0.017333333,0.022,0.017666667,0.027333333,0.038,0.033,0.018,0.007,0.004666667,0.015666667,0.015,0.015666667,0.019333333,0.031666667,0.029333333,0.018,0.011333333,0.026333333,0.025333333,0.032666667,0.025333333,0.035333333,0.014666667,0.009,0.005333333,0.017,0.022333333,0.022333333,0.010333333,0.018333333,0.048,0.023666667,0.014666667,0.041666667,0.090666667,0.107,0.074333333,0.084,0.052,0.028666667,0.016666667,0.04,0.125333333,0.149333333,0.118333333,0.104666667
SC,y22,0.079,0.045,0.037333333,0.068666667,0.163666667,0.206666667,0.171,0.160333333,0.110333333,0.071333333,0.062,0.122333333,0.213,0.265666667,0.260666667,0.195333333,0.114666667,0.048666667,0.034333333,0.152666667,0.284,0.376666667,0.372,0.296,0.123,0.062,0.043666667,0.182666667,0.323666667,0.465333333,0.406,0.244333333,0.081,0.035666667,0.035333333,0.102333333,0.134666667,0.228,0.261666667,0.208666667,0.088,0.043666667,0.034,0.063666667,0.083666667,0.144333333,0.183333333,0.168333333,0.044333333,0.023333333,0.024333333,0.053666667,0.084666667,0.1,0.079,0.074666667,0.006333333,0.004,0.003333333,0.015,0.024333333,0.019666667,0.013333333,0.010666667,0.024666667,0.017666667,0.013666667,0.029,0.027333333,0.030666667,0.022666667,0.028333333,0.023666667,0.014666667,0.012666667,0.031333333,0.046,0.055666667,0.033,0.040666667,0.043,0.026666667,0.019333333,0.049666667,0.112,0.125,0.086666667,0.076,0.043,0.032,0.023666667,0.039,0.090666667,0.093666667,0.094333333,0.089
SC,y23,0.061,0.032,0.021666667,0.046666667,0.137666667,0.195666667,0.184333333,0.158,0.107333333,0.069666667,0.036,0.099,0.221333333,0.281,0.267666667,0.205666667,0.147666667,0.089,0.045666667,0.179,0.377,0.476,0.357,0.24,0.102333333,0.045,0.040333333,0.151666667,0.208,0.278666667,0.291,0.234666667,0.078333333,0.033666667,0.025333333,0.069333333,0.072333333,0.110333333,0.138333333,0.144333333,0.089333333,0.048,0.039333333,0.058,0.079666667,0.139,0.173333333,0.153333333,0.016,0.009,0.003666667,0.014,0.021666667,0.030333333,0.023333333,0.024,0.027,0.014333333,0.013,0.024,0.022,0.024666667,0.028,0.047333333,0.046,0.025666667,0.015666667,0.042333333,0.052,0.055,0.051,0.066333333,0.049,0.027333333,0.020333333,0.046,0.051,0.056,0.05,0.065666667,0.042333333,0.020333333,0.012333333,0.027333333,0.065,0.070333333,0.076,0.09,0.045333333,0.023666667,0.016666667,0.025666667,0.066,0.080333333,0.126333333,0.107666667
SC,y24,0.100333333,0.059333333,0.039,0.078,0.193,0.25,0.262666667,0.192666667,0.104,0.065333333,0.051333333,0.136666667,0.292333333,0.381,0.388333333,0.248,0.129333333,0.061333333,0.033,0.116,0.188333333,0.265,0.255,0.208,0.108,0.048666667,0.039666667,0.118,0.166666667,0.280666667,0.312333333,0.245,0.135666667,0.056666667,0.054,0.117333333,0.169666667,0.308333333,0.345,0.269333333,0.06,0.030666667,0.019,0.028,0.032333333,0.047666667,0.060333333,0.078333333,0.046333333,0.019666667,0.018666667,0.034666667,0.032333333,0.035666667,0.042,0.064,0.012333333,0.004666667,0.002666667,0.012666667,0.013,0.011666667,0.011666667,0.016,0.030333333,0.015333333,0.01,0.024666667,0.024,0.027666667,0.029666667,0.046666667,0.046333333,0.019333333,0.012666667,0.041,0.068,0.080333333,0.074333333,0.091333333,0.040666667,0.02,0.015333333,0.051666667,0.120666667,0.148666667,0.112333333,0.092,0.073666667,0.056333333,0.049666667,0.072,0.162,0.189666667,0.197333333,0.148666667
SC,y25,0.086,0.061333333,0.049333333,0.081,0.181666667,0.246666667,0.223,0.178333333,0.166666667,0.083,0.068666667,0.207,0.433333333,0.539666667,0.442666667,0.326,0.129666667,0.051333333,0.032333333,0.154,0.299,0.446333333,0.433,0.298666667,0.144,0.062,0.049,0.198,0.294666667,0.387,0.391,0.287666667,0.191,0.080666667,0.055,0.104333333,0.159,0.330333333,0.440333333,0.366666667,0.162,0.078333333,0.061333333,0.069666667,0.096,0.221333333,0.314333333,0.263666667,0.058333333,0.028,0.019333333,0.038333333,0.049,0.053666667,0.068333333,0.098,0.033666667,0.012,0.005666667,0.007333333,0.004333333,0.007666667,0.007666667,0.032,0.030333333,0.016666667,0.009,0.026333333,0.035333333,0.034333333,0.022666667,0.033333333,0.044,0.025333333,0.019,0.055666667,0.079666667,0.096333333,0.064,0.068333333,0.044,0.031333333,0.018,0.047666667,0.077666667,0.073333333,0.064,0.067333333,0.049,0.031666667,0.026333333,0.053333333,0.161333333,0.194,0.145,0.100666667
SC,y26,0.074666667,0.043,0.038333333,0.103333333,0.326,0.394333333,0.255666667,0.152666667,0.071333333,0.046,0.025333333,0.085,0.211333333,0.268333333,0.162333333,0.124666667,0.152666667,0.073666667,0.045666667,0.184,0.376333333,0.487333333,0.385666667,0.266666667,0.091,0.041666667,0.04,0.134,0.242666667,0.346666667,0.280333333,0.165,0.110666667,0.048666667,0.033333333,0.117666667,0.196333333,0.280333333,0.272333333,0.194666667,0.157,0.082,0.062333333,0.087333333,0.121,0.236,0.295,0.273333333,0.140666667,0.084666667,0.061,0.106,0.138666667,0.217,0.205,0.200666667,0.047333333,0.03,0.024333333,0.036666667,0.037333333,0.045333333,0.052333333,0.073,0.041333333,0.023666667,0.011666667,0.029333333,0.034,0.047,0.045666667,0.066666667,0.082666667,0.051666667,0.030666667,0.047,0.053,0.068333333,0.062333333,0.091,0.047333333,0.028,0.018,0.051,0.120333333,0.153,0.099666667,0.079333333,0.059666667,0.035,0.024666667,0.054,0.156333333,0.191,0.178666667,0.138666667
SD,y1,0.242,0.216666667,0.179666667,0.184333333,0.262,0.241333333,0.240666667,0.241666667,0.270666667,0.247,0.203333333,0.223,0.238666667,0.238333333,0.287666667,0.293666667,0.410666667,0.366333333,0.294333333,0.354333333,0.397666667,0.384666667,0.355333333,0.406333333,0.433666667,0.393,0.311666667,0.382,0.400666667,0.392333333,0.431,0.477666667,0.484,0.422,0.343,0.434666667,0.447,0.463,0.464666667,0.500333333,0.25,0.206666667,0.152333333,0.176,0.203,0.213,0.276666667,0.284333333,0.237666667,0.204333333,0.173666667,0.208,0.235666667,0.242666667,0.258333333,0.283,0.153,0.139,0.113,0.144666667,0.15,0.137,0.146,0.154,0.211,0.19,0.141,0.17,0.172,0.159,0.196333333,0.223333333,0.261333333,0.232333333,0.165666667,0.187,0.189666667,0.181,0.245,0.268333333,0.432666667,0.398666667,0.331666667,0.328333333,0.431,0.385,0.390666667,0.428333333,0.2,0.187666667,0.162,0.156333333,0.209333333,0.225333333,0.245333333,0.213
SD,y2,0.228666667,0.218333333,0.193,0.177,0.203666667,0.214666667,0.233666667,0.227333333,0.309333333,0.290666667,0.268,0.321666667,0.382333333,0.373,0.35,0.339666667,0.380333333,0.340333333,0.281666667,0.305666667,0.308666667,0.305333333,0.313666667,0.342333333,0.344,0.320333333,0.253666667,0.345666667,0.394,0.402333333,0.368666667,0.357,0.27,0.242,0.161666667,0.242333333,0.279666667,0.287666667,0.287,0.281333333,0.226333333,0.200666667,0.163333333,0.220333333,0.242,0.247666667,0.265333333,0.256,0.218666667,0.201666667,0.164666667,0.196666667,0.21,0.203333333,0.231666667,0.261333333,0.203666667,0.190666667,0.16,0.167666667,0.169666667,0.175666667,0.220666667,0.220333333,0.179666667,0.152666667,0.1,0.112666667,0.118,0.125666667,0.196666667,0.217,0.232333333,0.206666667,0.160666667,0.166,0.176666667,0.179,0.249,0.266,0.349666667,0.338,0.309,0.329666667,0.352333333,0.318666667,0.323,0.326,0.336,0.288,0.236666667,0.250333333,0.323333333,0.311666667,0.333,0.349666667
SD,y3,0.264333333,0.243333333,0.218333333,0.213666667,0.256666667,0.246333333,0.259666667,0.263333333,0.266,0.237333333,0.207,0.264333333,0.277,0.261333333,0.28,0.270333333,0.322333333,0.304666667,0.245333333,0.293,0.298333333,0.285,0.347333333,0.350666667,0.318,0.292666667,0.220333333,0.272,0.284333333,0.274,0.317333333,0.335333333,0.349333333,0.326666667,0.271,0.387666667,0.430666667,0.439666667,0.384666667,0.376333333,0.306666667,0.254333333,0.178333333,0.216666667,0.220666667,0.242666667,0.305,0.328666667,0.171,0.135,0.103666667,0.111,0.131333333,0.152666667,0.207,0.204666667,0.214666667,0.179,0.125333333,0.142333333,0.169,0.203333333,0.273333333,0.272333333,0.304,0.283333333,0.223,0.26,0.257333333,0.266333333,0.325666667,0.332,0.377333333,0.360666667,0.266666667,0.271333333,0.306666667,0.307666667,0.371666667,0.380666667,0.258666667,0.253,0.231666667,0.236,0.265,0.242666667,0.256333333,0.258,0.288666667,0.258333333,0.228333333,0.239333333,0.264333333,0.268666667,0.289666667,0.297333333
SD,y4,0.301333333,0.287333333,0.262333333,0.265,0.31,0.321,0.322,0.308666667,0.308,0.301666667,0.279333333,0.340666667,0.361333333,0.371666667,0.389333333,0.341666667,0.372333333,0.338333333,0.270666667,0.319333333,0.35,0.350333333,0.364666667,0.371666667,0.381666667,0.359666667,0.285333333,0.334333333,0.359666667,0.371666667,0.391666667,0.391666667,0.297,0.282333333,0.238666667,0.316333333,0.324,0.313333333,0.322333333,0.316666667,0.307333333,0.242666667,0.191333333,0.230333333,0.259,0.282333333,0.384,0.391,0.165333333,0.150333333,0.136333333,0.178333333,0.186666667,0.180666667,0.207333333,0.205333333,0.190333333,0.167666667,0.126,0.147666667,0.162,0.172666667,0.195333333,0.212333333,0.233,0.202333333,0.132,0.153,0.181,0.194,0.258666667,0.271333333,0.207,0.168333333,0.128,0.14,0.137666667,0.151333333,0.227333333,0.229,0.401,0.379666667,0.316333333,0.302333333,0.324,0.307,0.382666667,0.408666667,0.318333333,0.283333333,0.233666667,0.215333333,0.259666667,0.250666667,0.293,0.317
SD,y5,0.304666667,0.297666667,0.261,0.267,0.299666667,0.278666667,0.298666667,0.302666667,0.360333333,0.313,0.245333333,0.308666667,0.366,0.346,0.346333333,0.355333333,0.348333333,0.350333333,0.332666667,0.375,0.372666667,0.371666667,0.41,0.365,0.376333333,0.342333333,0.259,0.351,0.360666667,0.372333333,0.406333333,0.399,0.324,0.309,0.236,0.29,0.298,0.311,0.329666667,0.332,0.282,0.228666667,0.177333333,0.214,0.243,0.265666667,0.318666667,0.331666667,0.117666667,0.097666667,0.087,0.114333333,0.127333333,0.137666667,0.156666667,0.149333333,0.139666667,0.136,0.126666667,0.157,0.182,0.205666667,0.223666667,0.183333333,0.221333333,0.207,0.172,0.213,0.209333333,0.207333333,0.259,0.256666667,0.228333333,0.213333333,0.17,0.197333333,0.194333333,0.195666667,0.233666667,0.252,0.318,0.283333333,0.253,0.273,0.315333333,0.31,0.346,0.347666667,0.315333333,0.283666667,0.234333333,0.238666667,0.314,0.307666667,0.328666667,0.327
SD,y6,0.252666667,0.268,0.251666667,0.258666667,0.279333333,0.306666667,0.305666667,0.27,0.226333333,0.226666667,0.198333333,0.212,0.231333333,0.225333333,0.26,0.249333333,0.381666667,0.346,0.261,0.319333333,0.350666667,0.328333333,0.352333333,0.382333333,0.502333333,0.456,0.333,0.46,0.48,0.437,0.393666667,0.478,0.357333333,0.333,0.240666667,0.312,0.362333333,0.376666667,0.381333333,0.381666667,0.198333333,0.150666667,0.112333333,0.162333333,0.193333333,0.211333333,0.266,0.267333333,0.222333333,0.183333333,0.153666667,0.195666667,0.232333333,0.243666667,0.262,0.26,0.139,0.132333333,0.109333333,0.146333333,0.164,0.171,0.19,0.171333333,0.187666667,0.191666667,0.152,0.197333333,0.214333333,0.206,0.236,0.212333333,0.22,0.234,0.218,0.228333333,0.196333333,0.194333333,0.249333333,0.234333333,0.282666667,0.271,0.235,0.240666667,0.255333333,0.243,0.293666667,0.297666667,0.291,0.242666667,0.195,0.198666667,0.239666667,0.235666667,0.305,0.324666667
SD,y7,0.271333333,0.276,0.267666667,0.262333333,0.275666667,0.272,0.298333333,0.277,0.316333333,0.290666667,0.252333333,0.275666667,0.279666667,0.273333333,0.322666667,0.324666667,0.469666667,0.444,0.366666667,0.413333333,0.428333333,0.391,0.400333333,0.449,0.409333333,0.378666667,0.275666667,0.387,0.421666667,0.427333333,0.444666667,0.424333333,0.376,0.338333333,0.214,0.283,0.293,0.296666667,0.351,0.386666667,0.257333333,0.205333333,0.132,0.149333333,0.174333333,0.195333333,0.273333333,0.301666667,0.193333333,0.155,0.106,0.141,0.166666667,0.161,0.213,0.244,0.121,0.120333333,0.09,0.115333333,0.111666667,0.114,0.142666667,0.146,0.142666667,0.144666667,0.122,0.158333333,0.153666667,0.163,0.193666667,0.178,0.182666667,0.175333333,0.138,0.156333333,0.161,0.16,0.202333333,0.198333333,0.27,0.273333333,0.232,0.225,0.247666667,0.241333333,0.262333333,0.267333333,0.245333333,0.240333333,0.208666667,0.211333333,0.254,0.251,0.269,0.247333333
SD,y8,0.282666667,0.261333333,0.232333333,0.224,0.277333333,0.278666667,0.283333333,0.289,0.296,0.254,0.191333333,0.177666667,0.209666667,0.216666667,0.295333333,0.326333333,0.386666667,0.334333333,0.232333333,0.314666667,0.38,0.363333333,0.358,0.4,0.447666667,0.403333333,0.37,0.465333333,0.462333333,0.441333333,0.418666667,0.437666667,0.258333333,0.237666667,0.184666667,0.234666667,0.265333333,0.277,0.289666667,0.285,0.276,0.234,0.203666667,0.269,0.277666667,0.303333333,0.373,0.356333333,0.174666667,0.145333333,0.112333333,0.155333333,0.178333333,0.186333333,0.201666667,0.202666667,0.152,0.139,0.136,0.161333333,0.174,0.193666667,0.227666667,0.207333333,0.22,0.193666667,0.141333333,0.154,0.164333333,0.189666667,0.26,0.243666667,0.355666667,0.348333333,0.304,0.36,0.365333333,0.358,0.405,0.388333333,0.293333333,0.291666667,0.261,0.296,0.339333333,0.303333333,0.300333333,0.3,0.254333333,0.236666667,0.218666667,0.223666667,0.241,0.252333333,0.278,0.260333333
SD,y9,0.267333333,0.266333333,0.244333333,0.244666667,0.279666667,0.263,0.259666667,0.250666667,0.23,0.249333333,0.229666667,0.236333333,0.255,0.254333333,0.265,0.250666667,0.268333333,0.264,0.223666667,0.292,0.320666667,0.324,0.321666667,0.283,0.401,0.384666667,0.311666667,0.379666667,0.377666667,0.350666667,0.370333333,0.406,0.261333333,0.233,0.170333333,0.234333333,0.263333333,0.264333333,0.295,0.291666667,0.247333333,0.203333333,0.145333333,0.176666667,0.184666667,0.205,0.268,0.295333333,0.143,0.128666667,0.123,0.172,0.165,0.145666667,0.180666667,0.186666667,0.122,0.115,0.108333333,0.158,0.171,0.153666667,0.168333333,0.157666667,0.189,0.195666667,0.155666667,0.173333333,0.167666667,0.157,0.185,0.185666667,0.336,0.332666667,0.278666667,0.302333333,0.330666667,0.296,0.315666667,0.335,0.345,0.339333333,0.289666667,0.276,0.294,0.291666667,0.358333333,0.348,0.247,0.252333333,0.230333333,0.206,0.249666667,0.231666667,0.237,0.238333333
SD,y10,0.245,0.259666667,0.249333333,0.254,0.291666667,0.246666667,0.221,0.228666667,0.436,0.397666667,0.310666667,0.365,0.426666667,0.389333333,0.42,0.44,0.421666667,0.378666667,0.286,0.340333333,0.347666667,0.313333333,0.345,0.416,0.455333333,0.443333333,0.330333333,0.411,0.445,0.434666667,0.457333333,0.459,0.361333333,0.351333333,0.252666667,0.318333333,0.332666667,0.317333333,0.318,0.344666667,0.195,0.158,0.095333333,0.132666667,0.143666667,0.156,0.208666667,0.239666667,0.2,0.179333333,0.149333333,0.191,0.206666667,0.217666667,0.211333333,0.223333333,0.127333333,0.147,0.139,0.173333333,0.174333333,0.161666667,0.156666667,0.149666667,0.233,0.209,0.140666667,0.156333333,0.167,0.156333333,0.183666667,0.215666667,0.196333333,0.186666667,0.143,0.143666667,0.166,0.164333333,0.185,0.198666667,0.301,0.285333333,0.239666667,0.210333333,0.252333333,0.230666667,0.273333333,0.302666667,0.271,0.257666667,0.236,0.232666667,0.271,0.267,0.288666667,0.285
SD,y11,0.238333333,0.242333333,0.214333333,0.194333333,0.239333333,0.224,0.231666667,0.218666667,0.296,0.299333333,0.295666667,0.349,0.351333333,0.333,0.341,0.313,0.419666667,0.372,0.284333333,0.372333333,0.413,0.376333333,0.374666667,0.386666667,0.468,0.436666667,0.317,0.403,0.436666667,0.446333333,0.472,0.493,0.389,0.349333333,0.251,0.342666667,0.379,0.368,0.392666667,0.415,0.314333333,0.264333333,0.174,0.223333333,0.240333333,0.268333333,0.359333333,0.384,0.203333333,0.170666667,0.106333333,0.119,0.121333333,0.131333333,0.194333333,0.220666667,0.251333333,0.242,0.189,0.238,0.244333333,0.238333333,0.264666667,0.273,0.181,0.202333333,0.18,0.200333333,0.171333333,0.145,0.196666667,0.187333333,0.218666667,0.201666667,0.158666667,0.157,0.167333333,0.144666667,0.201333333,0.235666667,0.27,0.258666667,0.202,0.147666667,0.171333333,0.153,0.209333333,0.251,0.341666667,0.350333333,0.333333333,0.343333333,0.403,0.370333333,0.349666667,0.329
SD,y12,0.219666667,0.219333333,0.198333333,0.196333333,0.196333333,0.209,0.250666667,0.229333333,0.361,0.312,0.254666667,0.296,0.349,0.344666667,0.377666667,0.38,0.441666667,0.429333333,0.339333333,0.373666667,0.371666667,0.325666667,0.364666667,0.417666667,0.43,0.406333333,0.317666667,0.396666667,0.410333333,0.384333333,0.403,0.424,0.401,0.357333333,0.278333333,0.361333333,0.389666667,0.388,0.410333333,0.433666667,0.329,0.269333333,0.160666667,0.2,0.224333333,0.239666667,0.320333333,0.356666667,0.141333333,0.126333333,0.118,0.139333333,0.161666667,0.198666667,0.226333333,0.191,0.136333333,0.128,0.095,0.129666667,0.149666667,0.149666667,0.162,0.158666667,0.151,0.151,0.112333333,0.126333333,0.131666667,0.128333333,0.161333333,0.161666667,0.202333333,0.184,0.159666667,0.163,0.153666667,0.156333333,0.237333333,0.244,0.354666667,0.312,0.245333333,0.254666667,0.327,0.310666667,0.355,0.376666667,0.234333333,0.221,0.191666667,0.190333333,0.218,0.211666667,0.223,0.217666667
SD,y13,0.217,0.222,0.201666667,0.165666667,0.186333333,0.198333333,0.232333333,0.235,0.357333333,0.313666667,0.234333333,0.254,0.292333333,0.298,0.373333333,0.364333333,0.321333333,0.344,0.295666667,0.334,0.342,0.305666667,0.316666667,0.319,0.399333333,0.362666667,0.261,0.336,0.357333333,0.351,0.386,0.406666667,0.461666667,0.429,0.319,0.417666667,0.416333333,0.389666667,0.399,0.447333333,0.214333333,0.162333333,0.115,0.13,0.148666667,0.177333333,0.269,0.274333333,0.127333333,0.114,0.096333333,0.135666667,0.145666667,0.128,0.148,0.164,0.148666667,0.139,0.12,0.156333333,0.167666667,0.165666667,0.184666667,0.179666667,0.118333333,0.140666667,0.123333333,0.142666667,0.142666667,0.130333333,0.140666667,0.129,0.208666667,0.203666667,0.155666667,0.161,0.181666667,0.168333333,0.212,0.220666667,0.295,0.272333333,0.231666667,0.238333333,0.286,0.249666667,0.281,0.291333333,0.237666667,0.233,0.193666667,0.181666667,0.209666667,0.206666667,0.220666667,0.232
SD,y14,0.263333333,0.269333333,0.242666667,0.270333333,0.285,0.286,0.267666667,0.238666667,0.241,0.24,0.2,0.221,0.252333333,0.215,0.209333333,0.225,0.376333333,0.349666667,0.261666667,0.323333333,0.351666667,0.317666667,0.391666667,0.408333333,0.401,0.379333333,0.309333333,0.401333333,0.428333333,0.393666667,0.409666667,0.434333333,0.383666667,0.364666667,0.258333333,0.368,0.385666667,0.353,0.353,0.376333333,0.227333333,0.195,0.148333333,0.183666667,0.2,0.224,0.282666667,0.286,0.194333333,0.175333333,0.162,0.199,0.219666667,0.216333333,0.203666667,0.208333333,0.177333333,0.167666667,0.134666667,0.159,0.154666667,0.153666667,0.196333333,0.200333333,0.166,0.168333333,0.135,0.148666667,0.138,0.138,0.187,0.181333333,0.221,0.223666667,0.165333333,0.151666667,0.149666667,0.134333333,0.191666667,0.211333333,0.242333333,0.250666667,0.214,0.195,0.208333333,0.165666667,0.204666667,0.223666667,0.454333333,0.413,0.340333333,0.307333333,0.354666667,0.341333333,0.426333333,0.461333333
SD,y15,0.317333333,0.315666667,0.283,0.275333333,0.334666667,0.292666667,0.285333333,0.291,0.25,0.244,0.231333333,0.229333333,0.22,0.215,0.262666667,0.256666667,0.412666667,0.373,0.316333333,0.339666667,0.361,0.377333333,0.445,0.440666667,0.375333333,0.329666667,0.213666667,0.301333333,0.334,0.342333333,0.366,0.391333333,0.356333333,0.322333333,0.207333333,0.277,0.274333333,0.259,0.309333333,0.358666667,0.348333333,0.308333333,0.183,0.228,0.237333333,0.260333333,0.346333333,0.391333333,0.228,0.187666667,0.142333333,0.169666667,0.163,0.163,0.223,0.256333333,0.134333333,0.120666667,0.096,0.119,0.127,0.133333333,0.171666667,0.182666667,0.175,0.158,0.107333333,0.105666667,0.093333333,0.099,0.156333333,0.170666667,0.270666667,0.251333333,0.177333333,0.176666667,0.206333333,0.196333333,0.272333333,0.297333333,0.387333333,0.360333333,0.305333333,0.307666667,0.330333333,0.315666667,0.361666667,0.377333333,0.278,0.27,0.233666667,0.229666667,0.272333333,0.253333333,0.270666667,0.281333333
SD,y16,0.317333333,0.331333333,0.312666667,0.296333333,0.295333333,0.256,0.262666667,0.269,0.321333333,0.309,0.294,0.301666667,0.306,0.304666667,0.365666667,0.334666667,0.387,0.369333333,0.357,0.412666667,0.394666667,0.391333333,0.421,0.411,0.474666667,0.456666667,0.373333333,0.483333333,0.507666667,0.454666667,0.401,0.434666667,0.386333333,0.361333333,0.268333333,0.376666667,0.406,0.384666667,0.374,0.395,0.201666667,0.151666667,0.091666667,0.124333333,0.15,0.177,0.266,0.27,0.142666667,0.109,0.068333333,0.087,0.102,0.106,0.166666667,0.183666667,0.195666667,0.185666667,0.157333333,0.190666667,0.189666667,0.165,0.179,0.204,0.122333333,0.125666667,0.101,0.117666667,0.125666667,0.126666667,0.150666667,0.142,0.274666667,0.258,0.196,0.187333333,0.202333333,0.207666667,0.261,0.274666667,0.335666667,0.294,0.239333333,0.226,0.306333333,0.290333333,0.341333333,0.368666667,0.449666667,0.433333333,0.412,0.424666667,0.524,0.472333333,0.474666667,0.466333333
SD,y17,0.244333333,0.278,0.250666667,0.258333333,0.294666667,0.256666667,0.212,0.191666667,0.232,0.215666667,0.188333333,0.195666667,0.223666667,0.252,0.302,0.263,0.347,0.365666667,0.292333333,0.360666667,0.435,0.370333333,0.306333333,0.310666667,0.419,0.396666667,0.299333333,0.412333333,0.458666667,0.442333333,0.432666667,0.452,0.389,0.353666667,0.256666667,0.314333333,0.308666667,0.304,0.345,0.391,0.283,0.245,0.180333333,0.210666667,0.224,0.239333333,0.313666667,0.328666667,0.149333333,0.125,0.068333333,0.086,0.087666667,0.086333333,0.138333333,0.17,0.116333333,0.119333333,0.094666667,0.114666667,0.101333333,0.092666667,0.109666667,0.124333333,0.168333333,0.169666667,0.14,0.165,0.152333333,0.136666667,0.173,0.177,0.228666667,0.207,0.152333333,0.143666667,0.143,0.126333333,0.185,0.224333333,0.213666667,0.218333333,0.196333333,0.192666667,0.198333333,0.179,0.223333333,0.224666667,0.238,0.249,0.217333333,0.207333333,0.239666667,0.233,0.228666667,0.222
SD,y18,0.189666667,0.195,0.173333333,0.162333333,0.184666667,0.176333333,0.180333333,0.179,0.269,0.257,0.222333333,0.253,0.257333333,0.231666667,0.267,0.266333333,0.267,0.273333333,0.237333333,0.279666667,0.284333333,0.278,0.312333333,0.289666667,0.429333333,0.418333333,0.316333333,0.376,0.388,0.359,0.401,0.435333333,0.255,0.247333333,0.133,0.179333333,0.182,0.176,0.235,0.255666667,0.284666667,0.228666667,0.152333333,0.154333333,0.173666667,0.204666667,0.294666667,0.330333333,0.185,0.183,0.147333333,0.155666667,0.156,0.155333333,0.195,0.216666667,0.143,0.139666667,0.130666667,0.149,0.139666667,0.140333333,0.161,0.154333333,0.161,0.147,0.102666667,0.119,0.118,0.104666667,0.141666667,0.163333333,0.304666667,0.284333333,0.203,0.218666667,0.228,0.201,0.269,0.302666667,0.349,0.332666667,0.266,0.250333333,0.270666667,0.259666667,0.308,0.342,0.277333333,0.301333333,0.280333333,0.305,0.323,0.279,0.255666667,0.248333333
SD,y19,0.177,0.186,0.176666667,0.166666667,0.195333333,0.171666667,0.193,0.176,0.253,0.233,0.234333333,0.262666667,0.229333333,0.209333333,0.266666667,0.261666667,0.454666667,0.402333333,0.348333333,0.383,0.377,0.358,0.446333333,0.481666667,0.424666667,0.404,0.300333333,0.392333333,0.411666667,0.390333333,0.39,0.417333333,0.344333333,0.322,0.222,0.296,0.307,0.301333333,0.359666667,0.367666667,0.273333333,0.231666667,0.160666667,0.160333333,0.182,0.225,0.308,0.32,0.212333333,0.19,0.149666667,0.178,0.176,0.153333333,0.167,0.196333333,0.213,0.174333333,0.098333333,0.132,0.144666667,0.152333333,0.208,0.245,0.197333333,0.173666667,0.117333333,0.129666667,0.135333333,0.152,0.239666667,0.235666667,0.272,0.25,0.185,0.194666667,0.190666667,0.202,0.317333333,0.309333333,0.258333333,0.257,0.211333333,0.199,0.243666667,0.229333333,0.260666667,0.258333333,0.305,0.283666667,0.239,0.228,0.271666667,0.242333333,0.262,0.287
SD,y20,0.319333333,0.286333333,0.25,0.251,0.247666667,0.233333333,0.321666667,0.335666667,0.221333333,0.214666667,0.195666667,0.206,0.184,0.192333333,0.226333333,0.212333333,0.360333333,0.332333333,0.25,0.304,0.307333333,0.296666667,0.363666667,0.377,0.252,0.243333333,0.188333333,0.244333333,0.250333333,0.242,0.275333333,0.278666667,0.487666667,0.436666667,0.328666667,0.461,0.482,0.458333333,0.457,0.492,0.167,0.139333333,0.114666667,0.147333333,0.157333333,0.163333333,0.215,0.212333333,0.173333333,0.150333333,0.092666667,0.101,0.111,0.130333333,0.195,0.206333333,0.108666667,0.103666667,0.063666667,0.067666667,0.064,0.07,0.109666667,0.114333333,0.107,0.101666667,0.069,0.067666667,0.059666667,0.066333333,0.128,0.121666667,0.333666667,0.310666667,0.248,0.271,0.284,0.264666667,0.347,0.358333333,0.226,0.229,0.195666667,0.178666667,0.185333333,0.160333333,0.201666667,0.214,0.318333333,0.304,0.268666667,0.266,0.316333333,0.286333333,0.290666667,0.309
SD,y21,0.272666667,0.245,0.214333333,0.223666667,0.233666667,0.234666667,0.277333333,0.274666667,0.234666667,0.225666667,0.187333333,0.202666667,0.223333333,0.213666667,0.259333333,0.253333333,0.358666667,0.32,0.237666667,0.274666667,0.271333333,0.276666667,0.367666667,0.384666667,0.406,0.393,0.317,0.397666667,0.364,0.334666667,0.358666667,0.379333333,0.317,0.306666667,0.237333333,0.284,0.270666667,0.250666667,0.295,0.333,0.268,0.226,0.157333333,0.200666667,0.219666667,0.237666667,0.280333333,0.297,0.122666667,0.109,0.068,0.079666667,0.096333333,0.115,0.160666667,0.159666667,0.141,0.125,0.073333333,0.082333333,0.089,0.091,0.123333333,0.136333333,0.102,0.101333333,0.068666667,0.071,0.068333333,0.074666667,0.120333333,0.121666667,0.236666667,0.235,0.197333333,0.237333333,0.260333333,0.248333333,0.271333333,0.249,0.277333333,0.274666667,0.251333333,0.249,0.240333333,0.247666667,0.291333333,0.275333333,0.201,0.184333333,0.162,0.175666667,0.209666667,0.201,0.224333333,0.217666667
SD,y22,0.243333333,0.231333333,0.215,0.226666667,0.238666667,0.245,0.266666667,0.244333333,0.287333333,0.284333333,0.239333333,0.277666667,0.317666667,0.275,0.270333333,0.280333333,0.33,0.312333333,0.230666667,0.280333333,0.281,0.258333333,0.333666667,0.358666667,0.335666667,0.310666667,0.231333333,0.298666667,0.312,0.307333333,0.346,0.37,0.344,0.319333333,0.229,0.296666667,0.282333333,0.277333333,0.302666667,0.328666667,0.250333333,0.216333333,0.157,0.169333333,0.178666667,0.193666667,0.269666667,0.299333333,0.193333333,0.173666667,0.133666667,0.160666667,0.168666667,0.161666667,0.192333333,0.206666667,0.138,0.12,0.077666667,0.089,0.102,0.120666667,0.153666667,0.162,0.184,0.169333333,0.109333333,0.127333333,0.135333333,0.140666667,0.181666667,0.187666667,0.2,0.209,0.182333333,0.204333333,0.204666667,0.188,0.215333333,0.207,0.29,0.269,0.231,0.265,0.307333333,0.276333333,0.317666667,0.317666667,0.243333333,0.221666667,0.190333333,0.195666667,0.239333333,0.222333333,0.259333333,0.255666667
SD,y23,0.234,0.242666667,0.226,0.226666667,0.216,0.201,0.224333333,0.218666667,0.311,0.316666667,0.275333333,0.299,0.306333333,0.274333333,0.304,0.301,0.236333333,0.230333333,0.169666667,0.216333333,0.249,0.219666667,0.242666667,0.235333333,0.376333333,0.363666667,0.229333333,0.312333333,0.311,0.282666667,0.305666667,0.361666667,0.403666667,0.358333333,0.249666667,0.303333333,0.299333333,0.305666667,0.373,0.410333333,0.218333333,0.181666667,0.125333333,0.133666667,0.155333333,0.179666667,0.260666667,0.269333333,0.219666667,0.185666667,0.121333333,0.144666667,0.163333333,0.18,0.226333333,0.239666667,0.132333333,0.124,0.106333333,0.143,0.157333333,0.161,0.163666667,0.161333333,0.177333333,0.154666667,0.106333333,0.107,0.086666667,0.096,0.171,0.193,0.183333333,0.189,0.160666667,0.184,0.178,0.167666667,0.197333333,0.187,0.42,0.387,0.294666667,0.282666667,0.301,0.269333333,0.371666667,0.422,0.287333333,0.268,0.221333333,0.22,0.278,0.267333333,0.319,0.303
SD,y24,0.241666667,0.239333333,0.228666667,0.260333333,0.273333333,0.249333333,0.244666667,0.229666667,0.316333333,0.301666667,0.257333333,0.315,0.363,0.330666667,0.350666667,0.338333333,0.395,0.385,0.344666667,0.386333333,0.393,0.371,0.444,0.428333333,0.491666667,0.457,0.364333333,0.44,0.435666667,0.424666667,0.467333333,0.492333333,0.306,0.285333333,0.204666667,0.292,0.296333333,0.289,0.309,0.317666667,0.290666667,0.23,0.138333333,0.133,0.14,0.160333333,0.293333333,0.354666667,0.241333333,0.208333333,0.182333333,0.190333333,0.196,0.22,0.28,0.281666667,0.211666667,0.211666667,0.187666667,0.224,0.228333333,0.231,0.249666667,0.231666667,0.152666667,0.154666667,0.098333333,0.098666667,0.107666667,0.119,0.160666667,0.164333333,0.255666667,0.225666667,0.158666667,0.184333333,0.195,0.187,0.243333333,0.270666667,0.232333333,0.218,0.168333333,0.139666667,0.156,0.148333333,0.211333333,0.221666667,0.245666667,0.246333333,0.215333333,0.217333333,0.231333333,0.215666667,0.239,0.231
SD,y25,0.175333333,0.195,0.178333333,0.151333333,0.165333333,0.156333333,0.170666667,0.171666667,0.209333333,0.21,0.179666667,0.17,0.154,0.149333333,0.188,0.175,0.407,0.409333333,0.324,0.350666667,0.347666667,0.300666667,0.323333333,0.369333333,0.327,0.320666667,0.261666667,0.297666667,0.279333333,0.291333333,0.352666667,0.350333333,0.411,0.378333333,0.247,0.311,0.309,0.312333333,0.351,0.398,0.259666667,0.217333333,0.156333333,0.165,0.179,0.204333333,0.303,0.312,0.133333333,0.111666667,0.075666667,0.094666667,0.117,0.137666667,0.182,0.176,0.176333333,0.172,0.128333333,0.141666667,0.151,0.149666667,0.167333333,0.176333333,0.152333333,0.154333333,0.12,0.141333333,0.131666667,0.127666667,0.174333333,0.168,0.213666667,0.196333333,0.152333333,0.14,0.124333333,0.141333333,0.232666667,0.248,0.314333333,0.299,0.272333333,0.260333333,0.277,0.260333333,0.301666667,0.306333333,0.297,0.262666667,0.208,0.185,0.225,0.225333333,0.286666667,0.297333333
SD,y26,0.161,0.179666667,0.150333333,0.135666667,0.131,0.137,0.167333333,0.154333333,0.363,0.323333333,0.252333333,0.258666667,0.284,0.268333333,0.33,0.361,0.445,0.390666667,0.280333333,0.354333333,0.385666667,0.371666667,0.416666667,0.446666667,0.382666667,0.38,0.291333333,0.352666667,0.325,0.295,0.326666667,0.365666667,0.424,0.363333333,0.273666667,0.346,0.34,0.325,0.385666667,0.445666667,0.243666667,0.202333333,0.156333333,0.190666667,0.181666667,0.195333333,0.251,0.269666667,0.172,0.161333333,0.129,0.153,0.159666667,0.149666667,0.183,0.194,0.203666667,0.187,0.134666667,0.166666667,0.189666667,0.197666667,0.207666667,0.210333333,0.144333333,0.138333333,0.082666667,0.093333333,0.112666667,0.108,0.148,0.154666667,0.175666667,0.188,0.144,0.127,0.122,0.116333333,0.166333333,0.173,0.251666667,0.237,0.194333333,0.175333333,0.194666667,0.197,0.266333333,0.26,0.227333333,0.232666667,0.207,0.187333333,0.201666667,0.181666667,0.193333333,0.197666667
SH,y1,0.318,0.331666667,0.285,0.264666667,0.321666667,0.382333333,0.372333333,0.305666667,0.261,0.258666667,0.220666667,0.234333333,0.262333333,0.357333333,0.409666667,0.296333333,0.394,0.337,0.276666667,0.320333333,0.35,0.387666667,0.464,0.435333333,0.264,0.249333333,0.258,0.274333333,0.308666667,0.375,0.418333333,0.347,0.440666667,0.437,0.405666667,0.423666667,0.461666667,0.491,0.545,0.509666667,0.281333333,0.266666667,0.268,0.297333333,0.317666667,0.355,0.373,0.349,0.428333333,0.375333333,0.31,0.295666667,0.294666667,0.332666667,0.428,0.465,0.443333333,0.373,0.350666667,0.322,0.348666667,0.408,0.502333333,0.491333333,0.265666667,0.254666667,0.276,0.272333333,0.276666667,0.340666667,0.442666667,0.349,0.218333333,0.228666667,0.249666667,0.267666667,0.256666667,0.300666667,0.358666667,0.264,0.286,0.282333333,0.261,0.265666667,0.283333333,0.308333333,0.326333333,0.306666667,0.246,0.276,0.269,0.239,0.282666667,0.342333333,0.356333333,0.281666667
SH,y2,0.307333333,0.327666667,0.315666667,0.295,0.274333333,0.313,0.345333333,0.296666667,0.408333333,0.398333333,0.378333333,0.359666667,0.384666667,0.412,0.459,0.442666667,0.408,0.405,0.415,0.418,0.378333333,0.44,0.462,0.426666667,0.393666667,0.402333333,0.399666667,0.432666667,0.444333333,0.496,0.536,0.435333333,0.227333333,0.210666667,0.203,0.243666667,0.273666667,0.339,0.408333333,0.309,0.287,0.257333333,0.254333333,0.264,0.287333333,0.284333333,0.367666667,0.368,0.420666667,0.375666667,0.347666667,0.396,0.367666667,0.327333333,0.376333333,0.435666667,0.326333333,0.282,0.248,0.236333333,0.272666667,0.325666667,0.393,0.370666667,0.246666667,0.209333333,0.231666667,0.256,0.256666667,0.296,0.39,0.326666667,0.358666667,0.382666667,0.414,0.410333333,0.394,0.449333333,0.494666667,0.392666667,0.311,0.318333333,0.316333333,0.304666667,0.316,0.377,0.417666667,0.363333333,0.323,0.303333333,0.268333333,0.288666667,0.312666667,0.304666667,0.297666667,0.297333333
SH,y3,0.353,0.382,0.373,0.334666667,0.329666667,0.349666667,0.369666667,0.322333333,0.307666667,0.330333333,0.299333333,0.239,0.241666667,0.354666667,0.41,0.319333333,0.294,0.300333333,0.305333333,0.344,0.350333333,0.383666667,0.410333333,0.343333333,0.28,0.247,0.23,0.279333333,0.339666667,0.382666667,0.431333333,0.326666667,0.336333333,0.311666667,0.260666667,0.282666667,0.291333333,0.309666667,0.394666667,0.359333333,0.230333333,0.179333333,0.130666667,0.159666667,0.219,0.288666667,0.365666667,0.309333333,0.325333333,0.301666667,0.259666667,0.259,0.247,0.265666667,0.338666667,0.361666667,0.334333333,0.290333333,0.278333333,0.312,0.366,0.370333333,0.395333333,0.391666667,0.358333333,0.352,0.371333333,0.370333333,0.391333333,0.451333333,0.470666667,0.404666667,0.242,0.173666667,0.141,0.137333333,0.166666667,0.236333333,0.324666667,0.301,0.297333333,0.294,0.294,0.314,0.307666667,0.306666667,0.347333333,0.312333333,0.390333333,0.403333333,0.405333333,0.385,0.395,0.404,0.397,0.38
SH,y4,0.425333333,0.431,0.426666667,0.420666667,0.422,0.442,0.449,0.406333333,0.41,0.425333333,0.368666667,0.344,0.406666667,0.408333333,0.405666667,0.403333333,0.367333333,0.388666667,0.396333333,0.39,0.367,0.369,0.403,0.401333333,0.399,0.340333333,0.319,0.356666667,0.393,0.420666667,0.496333333,0.473666667,0.301666667,0.271666667,0.272333333,0.287666667,0.282333333,0.324,0.377666667,0.356333333,0.291666667,0.303666667,0.29,0.296333333,0.303,0.301,0.358,0.359333333,0.328333333,0.281333333,0.235,0.212,0.201333333,0.239666667,0.343666667,0.363666667,0.314,0.256333333,0.190666667,0.213333333,0.237333333,0.260666667,0.340333333,0.357666667,0.244333333,0.271,0.289666667,0.323,0.327333333,0.340666667,0.338,0.282666667,0.368666667,0.414,0.410666667,0.413,0.424,0.451333333,0.432666667,0.357333333,0.259333333,0.245666667,0.235666667,0.199333333,0.195333333,0.262,0.353666667,0.307,0.264,0.287666667,0.293,0.281333333,0.301666667,0.359333333,0.359333333,0.280333333
SH,y5,0.303333333,0.320333333,0.290333333,0.277666667,0.298333333,0.352,0.367,0.301,0.333,0.306,0.293666667,0.333666667,0.346333333,0.327,0.389666667,0.378666667,0.431666667,0.444666667,0.422666667,0.451,0.491,0.549333333,0.541666667,0.470666667,0.398666667,0.381,0.374333333,0.433666667,0.467666667,0.488,0.465,0.417,0.402666667,0.329333333,0.262,0.305333333,0.322333333,0.370333333,0.428666667,0.444666667,0.301,0.313666667,0.313,0.369333333,0.401333333,0.424666667,0.401666667,0.327333333,0.277333333,0.289333333,0.275333333,0.273333333,0.296666667,0.358333333,0.352666667,0.317666667,0.248,0.208666667,0.163333333,0.155666667,0.163333333,0.197333333,0.230333333,0.253,0.426,0.403,0.38,0.397333333,0.400666667,0.414666667,0.454666667,0.440666667,0.245666667,0.236666667,0.246333333,0.25,0.246,0.290333333,0.348333333,0.285,0.351333333,0.350333333,0.338,0.326333333,0.317333333,0.360333333,0.421333333,0.378666667,0.328333333,0.343333333,0.321,0.287,0.291666667,0.328333333,0.360333333,0.323333333
SH,y6,0.472333333,0.505666667,0.493333333,0.524333333,0.526666667,0.588333333,0.563666667,0.473333333,0.271666667,0.277,0.253333333,0.267333333,0.349,0.415,0.419666667,0.310666667,0.318,0.312,0.306333333,0.351,0.332333333,0.353333333,0.413666667,0.382,0.397333333,0.398,0.379,0.391666667,0.394666667,0.421666667,0.485666667,0.428,0.351,0.293333333,0.287666667,0.349333333,0.421333333,0.494,0.553666667,0.448,0.275333333,0.266,0.184,0.238666667,0.303,0.279333333,0.280666667,0.308333333,0.386333333,0.324,0.291666667,0.312666667,0.325666667,0.339,0.424333333,0.456,0.308,0.289666667,0.317,0.342333333,0.363,0.391666667,0.416333333,0.365666667,0.434333333,0.430666667,0.425666667,0.427666667,0.429333333,0.459333333,0.492666667,0.460333333,0.318666667,0.353,0.335333333,0.317,0.295666667,0.309333333,0.343333333,0.334333333,0.425,0.416666667,0.417333333,0.420666667,0.411,0.431333333,0.472333333,0.435333333,0.304666667,0.329666667,0.331666667,0.293333333,0.292666667,0.333666667,0.377,0.340333333
SH,y7,0.39,0.420666667,0.43,0.403,0.411,0.448333333,0.453,0.371333333,0.413,0.418333333,0.411333333,0.409333333,0.430333333,0.468333333,0.482666667,0.428333333,0.452333333,0.423,0.336,0.306,0.344666667,0.373666667,0.413,0.468333333,0.362333333,0.363666667,0.324666667,0.323,0.303666667,0.352333333,0.467333333,0.419666667,0.238333333,0.215,0.187333333,0.198333333,0.229,0.292666667,0.361333333,0.307,0.257,0.244333333,0.256,0.318666667,0.357666667,0.367666667,0.350666667,0.317333333,0.433666667,0.339333333,0.24,0.233666667,0.261,0.345333333,0.502333333,0.539,0.329666667,0.344333333,0.332666667,0.358,0.368,0.374333333,0.395333333,0.365,0.378,0.444333333,0.468666667,0.460333333,0.472,0.505,0.496333333,0.411666667,0.280666667,0.315333333,0.343666667,0.359666667,0.350333333,0.360333333,0.365666667,0.298666667,0.258333333,0.254,0.265,0.263,0.272,0.299666667,0.326333333,0.286333333,0.427,0.436,0.435,0.414333333,0.435,0.449,0.455,0.443666667
SH,y8,0.338666667,0.359333333,0.331333333,0.334666667,0.379666667,0.370333333,0.347,0.312,0.215,0.217333333,0.211666667,0.176666667,0.175666667,0.261666667,0.293333333,0.245666667,0.371666667,0.308,0.301,0.356333333,0.345666667,0.308333333,0.391333333,0.408,0.387333333,0.372333333,0.349333333,0.370666667,0.338333333,0.351666667,0.429666667,0.402333333,0.286666667,0.294666667,0.300333333,0.297666667,0.301,0.324666667,0.317666667,0.293666667,0.329333333,0.256333333,0.200333333,0.25,0.341333333,0.371333333,0.440666667,0.43,0.240666667,0.207666667,0.193666667,0.175666667,0.167333333,0.197333333,0.277666667,0.314333333,0.282666667,0.278666667,0.263666667,0.279,0.288666667,0.304,0.318,0.302,0.322333333,0.314666667,0.330333333,0.341,0.347333333,0.395666667,0.413,0.369,0.357,0.341333333,0.279333333,0.277,0.283,0.316,0.377333333,0.379,0.482333333,0.463333333,0.411,0.372333333,0.395666667,0.459666667,0.544666667,0.492666667,0.434333333,0.457333333,0.434,0.421,0.422666667,0.447666667,0.474,0.444666667
SH,y9,0.383,0.362,0.303,0.282,0.331666667,0.368,0.383,0.378,0.360666667,0.351,0.34,0.374666667,0.401666667,0.446,0.409666667,0.367666667,0.374333333,0.395666667,0.406666667,0.427666667,0.456666667,0.481333333,0.480333333,0.435,0.352,0.340666667,0.305666667,0.327,0.356666667,0.411333333,0.444333333,0.364666667,0.296,0.277333333,0.258666667,0.306333333,0.348333333,0.374,0.396333333,0.353333333,0.259333333,0.237666667,0.219333333,0.273333333,0.300666667,0.306333333,0.32,0.298333333,0.355,0.311333333,0.196333333,0.212666667,0.234,0.195666667,0.185666667,0.276666667,0.356666667,0.286333333,0.249666667,0.274666667,0.316333333,0.371666667,0.449,0.418333333,0.344,0.311333333,0.274333333,0.251,0.279,0.376666667,0.463,0.395666667,0.293333333,0.313333333,0.326,0.300333333,0.298333333,0.387,0.444666667,0.357666667,0.336,0.330333333,0.336,0.338333333,0.346333333,0.394666667,0.469333333,0.397333333,0.368333333,0.405666667,0.381666667,0.342333333,0.357666667,0.399,0.406,0.333333333
SH,y10,0.282,0.313,0.292666667,0.262666667,0.287333333,0.338666667,0.337333333,0.285,0.344666667,0.303,0.235,0.295333333,0.349,0.375333333,0.428333333,0.412,0.383666667,0.374,0.390333333,0.43,0.423,0.417333333,0.424,0.375666667,0.46,0.427666667,0.406666667,0.447666667,0.463333333,0.486,0.554,0.501,0.423666667,0.358,0.275333333,0.272333333,0.264333333,0.298333333,0.432333333,0.441,0.256333333,0.233333333,0.217,0.229,0.238666667,0.249666667,0.294666667,0.297666667,0.439,0.374333333,0.310333333,0.271,0.286333333,0.401666667,0.533,0.523333333,0.441666667,0.375666667,0.310333333,0.281,0.321333333,0.431,0.506666667,0.476666667,0.370333333,0.401,0.437333333,0.427666667,0.419666667,0.474666667,0.527666667,0.446666667,0.344333333,0.353333333,0.355,0.36,0.380333333,0.449,0.488333333,0.397666667,0.265,0.242,0.22,0.227666667,0.208666667,0.246666667,0.314,0.302,0.294666667,0.332333333,0.331,0.295333333,0.302666667,0.350666667,0.366,0.309333333
SH,y11,0.286,0.290333333,0.250333333,0.184666667,0.207333333,0.277,0.308333333,0.266333333,0.381333333,0.414,0.410666667,0.370666667,0.333666667,0.377333333,0.398333333,0.363,0.420666667,0.406666667,0.343333333,0.334,0.324,0.337,0.436666667,0.410666667,0.435,0.356,0.27,0.259666667,0.255,0.304666667,0.484666667,0.479666667,0.384333333,0.4,0.37,0.437666667,0.447333333,0.462333333,0.475666667,0.430333333,0.348666667,0.263333333,0.194333333,0.200333333,0.253333333,0.327,0.429666667,0.408333333,0.418666667,0.407333333,0.407666667,0.426666667,0.409666667,0.387666667,0.415333333,0.440333333,0.391333333,0.372333333,0.345,0.356666667,0.312666667,0.289333333,0.345,0.374666667,0.411333333,0.404333333,0.380333333,0.362,0.345666667,0.391,0.501333333,0.444333333,0.290666667,0.308333333,0.325,0.295666667,0.287333333,0.343,0.42,0.342666667,0.277,0.297666667,0.288666667,0.273,0.247333333,0.282333333,0.350333333,0.315333333,0.416666667,0.414333333,0.398333333,0.385333333,0.359333333,0.333666667,0.353333333,0.390666667
SH,y12,0.344666667,0.336,0.341,0.353,0.335333333,0.369666667,0.380666667,0.357333333,0.411333333,0.472666667,0.450666667,0.441,0.420333333,0.402,0.426666667,0.397666667,0.368333333,0.369666667,0.327333333,0.343,0.324666667,0.304333333,0.404666667,0.384333333,0.474,0.447,0.392333333,0.461,0.450666667,0.439333333,0.549,0.532,0.408666667,0.410666667,0.387666667,0.409,0.399333333,0.402333333,0.454333333,0.447333333,0.284,0.227666667,0.188,0.222333333,0.266,0.339666667,0.385333333,0.344333333,0.478333333,0.453,0.445666667,0.464,0.447666667,0.436333333,0.476333333,0.501,0.338333333,0.282333333,0.252333333,0.274666667,0.318333333,0.379,0.435,0.394333333,0.309666667,0.320333333,0.327333333,0.327333333,0.361666667,0.415333333,0.424333333,0.338666667,0.192333333,0.167,0.156666667,0.156,0.188333333,0.279,0.343333333,0.264666667,0.348666667,0.347,0.311333333,0.298333333,0.313333333,0.338,0.385,0.370666667,0.298,0.313,0.282,0.236666667,0.264333333,0.317666667,0.327,0.279333333
SH,y13,0.310666667,0.333333333,0.312666667,0.297,0.319666667,0.373333333,0.357,0.307333333,0.314333333,0.291,0.271333333,0.315,0.342666667,0.368666667,0.444,0.391333333,0.451,0.423666667,0.381666667,0.400666667,0.465333333,0.511,0.519666667,0.483333333,0.304333333,0.304,0.292333333,0.315333333,0.368333333,0.372,0.410333333,0.378333333,0.463333333,0.371666667,0.292,0.303,0.317666667,0.426,0.555666667,0.535666667,0.304333333,0.295333333,0.305666667,0.294666667,0.299666667,0.356,0.390666667,0.358666667,0.313,0.226,0.168333333,0.22,0.240333333,0.195666667,0.251666667,0.340666667,0.488,0.426666667,0.388333333,0.42,0.450333333,0.506,0.544,0.532333333,0.315,0.345333333,0.34,0.353666667,0.355,0.373666667,0.402333333,0.340666667,0.342333333,0.341,0.329,0.285,0.285,0.379,0.443,0.375333333,0.267666667,0.312,0.270666667,0.228333333,0.237666667,0.315333333,0.348333333,0.290333333,0.389333333,0.401333333,0.354333333,0.294666667,0.330666667,0.399666667,0.429333333,0.378
SH,y14,0.413333333,0.462,0.425666667,0.393333333,0.381,0.391,0.403333333,0.364666667,0.348,0.361666667,0.288,0.256666667,0.265,0.284,0.318666667,0.313666667,0.403666667,0.354666667,0.285,0.283333333,0.288666667,0.332,0.497666667,0.473,0.332666667,0.317,0.292333333,0.311,0.320333333,0.346666667,0.415333333,0.383333333,0.453333333,0.378,0.298,0.318666667,0.342,0.437333333,0.549333333,0.483666667,0.326666667,0.313333333,0.314,0.322333333,0.318666667,0.337666667,0.419666667,0.384,0.413333333,0.320333333,0.240666667,0.259333333,0.279666667,0.325333333,0.432333333,0.467,0.277333333,0.265333333,0.238,0.225666667,0.238333333,0.252,0.318666667,0.301333333,0.220666667,0.214333333,0.209333333,0.203,0.217666667,0.293,0.354666667,0.305666667,0.284,0.268,0.255333333,0.237666667,0.228666667,0.282333333,0.358,0.315333333,0.294,0.310666667,0.28,0.251,0.221,0.222666667,0.283666667,0.273,0.359333333,0.391,0.345666667,0.315333333,0.291,0.276666667,0.334333333,0.349333333
SH,y15,0.329333333,0.331666667,0.32,0.304333333,0.290666667,0.291666667,0.304,0.308666667,0.361333333,0.337,0.321666667,0.342,0.346666667,0.397333333,0.409333333,0.384,0.385,0.402666667,0.375333333,0.354666667,0.356,0.345,0.369666667,0.383666667,0.395,0.348666667,0.305,0.341666667,0.352,0.372666667,0.457666667,0.455333333,0.298,0.277333333,0.241666667,0.254333333,0.243666667,0.301333333,0.398666667,0.344666667,0.363666667,0.279666667,0.23,0.22,0.214333333,0.281,0.435333333,0.429,0.400333333,0.347,0.329,0.365,0.311666667,0.308,0.402333333,0.442,0.348333333,0.321666667,0.297,0.315333333,0.312666667,0.325333333,0.387666667,0.405333333,0.218666667,0.234333333,0.232,0.193666667,0.175,0.242333333,0.332,0.259666667,0.243,0.281333333,0.283333333,0.283666667,0.258666667,0.247,0.282666667,0.251,0.451333333,0.410666667,0.354,0.368666667,0.336333333,0.341,0.414333333,0.427,0.339,0.376666667,0.335333333,0.306333333,0.315333333,0.317666667,0.309666667,0.3
SH,y16,0.39,0.351666667,0.305333333,0.265666667,0.289666667,0.343666667,0.424333333,0.421,0.433333333,0.413333333,0.416666667,0.401666667,0.373333333,0.393333333,0.453,0.444333333,0.483333333,0.5,0.505,0.546,0.497666667,0.473333333,0.553666667,0.525666667,0.370666667,0.344,0.324,0.355666667,0.355666667,0.365333333,0.442666667,0.444,0.364,0.356333333,0.310333333,0.322333333,0.301666667,0.336333333,0.395666667,0.382666667,0.203,0.188666667,0.169666667,0.184,0.184333333,0.208666667,0.287,0.273333333,0.433666667,0.381333333,0.319,0.307666667,0.283333333,0.290333333,0.388,0.440666667,0.334333333,0.259333333,0.190666667,0.175333333,0.188666667,0.227666667,0.310333333,0.371,0.326333333,0.328666667,0.337666667,0.331,0.341333333,0.354666667,0.368,0.343,0.343333333,0.335666667,0.336333333,0.345,0.371,0.43,0.466,0.417333333,0.281666667,0.277666667,0.255666667,0.26,0.261333333,0.266,0.321333333,0.301333333,0.489666667,0.473,0.424,0.402,0.419333333,0.418333333,0.462333333,0.471333333
SH,y17,0.359,0.404333333,0.377,0.341666667,0.355666667,0.400666667,0.384666667,0.321,0.296666667,0.269,0.24,0.252333333,0.267666667,0.313666667,0.39,0.334666667,0.300666667,0.285333333,0.254,0.301666667,0.321666667,0.342,0.449,0.379,0.389,0.390666667,0.340666667,0.321666667,0.314666667,0.361333333,0.465,0.410333333,0.378,0.358,0.327666667,0.303333333,0.282666667,0.383,0.517666667,0.453666667,0.336666667,0.353333333,0.327666667,0.305666667,0.307333333,0.352333333,0.422333333,0.382,0.436,0.365666667,0.304666667,0.306666667,0.265666667,0.303666667,0.407,0.450666667,0.306,0.263,0.236666667,0.245666667,0.235333333,0.259333333,0.317666667,0.331666667,0.301,0.310666667,0.303,0.262,0.264333333,0.344333333,0.444,0.368333333,0.304333333,0.343666667,0.319666667,0.306333333,0.285,0.328666667,0.343,0.288,0.325,0.349,0.346333333,0.317333333,0.302333333,0.359333333,0.404666667,0.363333333,0.367666667,0.371666667,0.352666667,0.321333333,0.300333333,0.345333333,0.402666667,0.369666667
SH,y18,0.344,0.384333333,0.348666667,0.335333333,0.327666667,0.377666667,0.380333333,0.322666667,0.329333333,0.355666667,0.322333333,0.315666667,0.345,0.377666667,0.369,0.353333333,0.36,0.342,0.265,0.285,0.288333333,0.362,0.449333333,0.395666667,0.397666667,0.352666667,0.334666667,0.361,0.365666667,0.419,0.524,0.471666667,0.259666667,0.225,0.221333333,0.257333333,0.293333333,0.32,0.324333333,0.327666667,0.252666667,0.264,0.245333333,0.246333333,0.227666667,0.232333333,0.288333333,0.274666667,0.411666667,0.336,0.285666667,0.294666667,0.267333333,0.294333333,0.389333333,0.440333333,0.514333333,0.460333333,0.441333333,0.447333333,0.458333333,0.531333333,0.611666667,0.592666667,0.328666667,0.337,0.334,0.31,0.290666667,0.332666667,0.365666667,0.328333333,0.267333333,0.268666667,0.254666667,0.275666667,0.258333333,0.295666667,0.372,0.315333333,0.391333333,0.385333333,0.331,0.336333333,0.349,0.377,0.422666667,0.396666667,0.442666667,0.464333333,0.431,0.416,0.441333333,0.491333333,0.506,0.444666667
SH,y19,0.266666667,0.271666667,0.234,0.218,0.228666667,0.278,0.316333333,0.284666667,0.339666667,0.377,0.393333333,0.395666667,0.4,0.423,0.435333333,0.358666667,0.427,0.404666667,0.367333333,0.324333333,0.331666667,0.36,0.444333333,0.413,0.460666667,0.447666667,0.356333333,0.364333333,0.339,0.374666667,0.524666667,0.514,0.439,0.387666667,0.375,0.408666667,0.376666667,0.424,0.489333333,0.477666667,0.266666667,0.229,0.223,0.243,0.248333333,0.286333333,0.319666667,0.299666667,0.500666667,0.45,0.412,0.403666667,0.354,0.36,0.508333333,0.565666667,0.425666667,0.351333333,0.294333333,0.289333333,0.295333333,0.38,0.509666667,0.499333333,0.348666667,0.348333333,0.335666667,0.330333333,0.343333333,0.392333333,0.443,0.372666667,0.399333333,0.424,0.418666667,0.401333333,0.397,0.455,0.489333333,0.420666667,0.292666667,0.280666667,0.264,0.270666667,0.274666667,0.312666667,0.367333333,0.326,0.283333333,0.317333333,0.320666667,0.299,0.306333333,0.297333333,0.32,0.297333333
SH,y20,0.311,0.295,0.267333333,0.273,0.316666667,0.336333333,0.397,0.346666667,0.425333333,0.480333333,0.488666667,0.472666667,0.462666667,0.496666667,0.532666667,0.448333333,0.415,0.41,0.377666667,0.396,0.390333333,0.416666667,0.481,0.437,0.299333333,0.264666667,0.271,0.318333333,0.344333333,0.387,0.433,0.379,0.364666667,0.322666667,0.265,0.301,0.337333333,0.365,0.469666667,0.450333333,0.243333333,0.246333333,0.245,0.244666667,0.254333333,0.31,0.365666667,0.296333333,0.274666667,0.229,0.238333333,0.236,0.220333333,0.266333333,0.370666667,0.364333333,0.232666667,0.228,0.201,0.192,0.196666667,0.249666667,0.308333333,0.257666667,0.241666667,0.274333333,0.27,0.250333333,0.227,0.265333333,0.344666667,0.313,0.379,0.375333333,0.341,0.342,0.358333333,0.426333333,0.507,0.435666667,0.269666667,0.281,0.272,0.211,0.183333333,0.233,0.317666667,0.279,0.405666667,0.415666667,0.375,0.360666667,0.376666667,0.386333333,0.416666667,0.406666667
SH,y21,0.358333333,0.351,0.315,0.298333333,0.315333333,0.352,0.401666667,0.351,0.313333333,0.313,0.295333333,0.292,0.276666667,0.297333333,0.312666667,0.298,0.271333333,0.286,0.283,0.284666667,0.252666667,0.268333333,0.362,0.322666667,0.399333333,0.369666667,0.317,0.346,0.355666667,0.392333333,0.44,0.405333333,0.283,0.265333333,0.264,0.322333333,0.357333333,0.361666667,0.432,0.348333333,0.305333333,0.274,0.213,0.224333333,0.265333333,0.299666667,0.33,0.341666667,0.312333333,0.280333333,0.258,0.274333333,0.278,0.28,0.308666667,0.347,0.373333333,0.346666667,0.295,0.272,0.276,0.320333333,0.397333333,0.416333333,0.129666667,0.139333333,0.144333333,0.134666667,0.151,0.191666667,0.253666667,0.195,0.256,0.250666667,0.253333333,0.256333333,0.242666667,0.26,0.311666667,0.256,0.355666667,0.368,0.379,0.357666667,0.320666667,0.346,0.389,0.383666667,0.228666667,0.239333333,0.232333333,0.233,0.243,0.252,0.27,0.233333333
SH,y22,0.330333333,0.326,0.345,0.343333333,0.359333333,0.374666667,0.388666667,0.338666667,0.382333333,0.362333333,0.314,0.327666667,0.378,0.407666667,0.464333333,0.43,0.374,0.337,0.312666667,0.308333333,0.289666667,0.319,0.432666667,0.417333333,0.314666667,0.349333333,0.317,0.31,0.324333333,0.332333333,0.409666667,0.401666667,0.355666667,0.395333333,0.343666667,0.325333333,0.316333333,0.348333333,0.452,0.408333333,0.260333333,0.235333333,0.177333333,0.193333333,0.238666667,0.322,0.368666667,0.310333333,0.331,0.255,0.177666667,0.162333333,0.185,0.232333333,0.356,0.405333333,0.257,0.195666667,0.173666667,0.168,0.18,0.269,0.399666667,0.366666667,0.249,0.241666667,0.261,0.282,0.302666667,0.337333333,0.382666667,0.307,0.378333333,0.441666667,0.448,0.438666667,0.402333333,0.429666667,0.467666667,0.405333333,0.344666667,0.364,0.367666667,0.355,0.309666667,0.307333333,0.333,0.323333333,0.348,0.326,0.298666667,0.302333333,0.307333333,0.335333333,0.377666667,0.358
SH,y23,0.345333333,0.347333333,0.344,0.294666667,0.272666667,0.339666667,0.386333333,0.374666667,0.313666667,0.297,0.297,0.344,0.35,0.371,0.417666667,0.374666667,0.317333333,0.292,0.281666667,0.298333333,0.292333333,0.308666667,0.383,0.340666667,0.398333333,0.412,0.298,0.313666667,0.327666667,0.374,0.461333333,0.440333333,0.365,0.357,0.334,0.365,0.360333333,0.407333333,0.454666667,0.409,0.241666667,0.252,0.230666667,0.236333333,0.209333333,0.224333333,0.275,0.267333333,0.309,0.215666667,0.154666667,0.152333333,0.115,0.114666667,0.274,0.365,0.335,0.306666667,0.261333333,0.247,0.223,0.228,0.314666667,0.355666667,0.36,0.338,0.354,0.348,0.319333333,0.363,0.425,0.399666667,0.475333333,0.500666667,0.487333333,0.469333333,0.446,0.471333333,0.522333333,0.483,0.327333333,0.325333333,0.286333333,0.234666667,0.239333333,0.288333333,0.338,0.324,0.345,0.354333333,0.335666667,0.307666667,0.291666667,0.334333333,0.386333333,0.345666667
SH,y24,0.426666667,0.425333333,0.395333333,0.372666667,0.357666667,0.398,0.456333333,0.429333333,0.353,0.321333333,0.265,0.299666667,0.325,0.38,0.414666667,0.387666667,0.480333333,0.414666667,0.340666667,0.319666667,0.296666667,0.365666667,0.532,0.527333333,0.450666667,0.412,0.357,0.384,0.385666667,0.430666667,0.552666667,0.505666667,0.405,0.360666667,0.324333333,0.329,0.272,0.317666667,0.477666667,0.453,0.232333333,0.208666667,0.172666667,0.169333333,0.170666667,0.209,0.293666667,0.309666667,0.456666667,0.410666667,0.379666667,0.374,0.411,0.493,0.558666667,0.527666667,0.412,0.403333333,0.385,0.402333333,0.438,0.496,0.532,0.479666667,0.258333333,0.258333333,0.235333333,0.214,0.202333333,0.25,0.302666667,0.269,0.313,0.363,0.349666667,0.333333333,0.289333333,0.298,0.334333333,0.300333333,0.29,0.304333333,0.296666667,0.246,0.218666667,0.276666667,0.346333333,0.324333333,0.407,0.446,0.441333333,0.412666667,0.371,0.380666667,0.411,0.394333333
SH,y25,0.225666667,0.234666667,0.213333333,0.185,0.176666667,0.229,0.259666667,0.222666667,0.324,0.346,0.370666667,0.331333333,0.306333333,0.325333333,0.334333333,0.315,0.282666667,0.269666667,0.267,0.278666667,0.314,0.347666667,0.398,0.362666667,0.331666667,0.281,0.213666667,0.236666667,0.242333333,0.305333333,0.410666667,0.405,0.29,0.266666667,0.254666667,0.264333333,0.259666667,0.311,0.397333333,0.352666667,0.251666667,0.226,0.206333333,0.219,0.244333333,0.263,0.333333333,0.3,0.300333333,0.292,0.280666667,0.255333333,0.202666667,0.245333333,0.345666667,0.364333333,0.304,0.266666667,0.245333333,0.222666667,0.232666667,0.268333333,0.341666667,0.332333333,0.285666667,0.312666667,0.307666667,0.299,0.287,0.324666667,0.381,0.328333333,0.207,0.255666667,0.232333333,0.206333333,0.218,0.249666667,0.318333333,0.235333333,0.335,0.321,0.268666667,0.247333333,0.228666667,0.265333333,0.359,0.365333333,0.376666667,0.408666667,0.377333333,0.335666667,0.309,0.331333333,0.36,0.354
SH,y26,0.387,0.393333333,0.369,0.371333333,0.378666667,0.384666667,0.389,0.378,0.343333333,0.318,0.279666667,0.298333333,0.335,0.360333333,0.414,0.349,0.420666667,0.402333333,0.364,0.346333333,0.362333333,0.408333333,0.457,0.42,0.319,0.290333333,0.233666667,0.243666667,0.291666667,0.322333333,0.397666667,0.362,0.387666667,0.326333333,0.255,0.279333333,0.271666667,0.332333333,0.432,0.460666667,0.289,0.26,0.237666667,0.277666667,0.307666667,0.297,0.308666667,0.312333333,0.294666667,0.239333333,0.184,0.254,0.242333333,0.235333333,0.318333333,0.336666667,0.501666667,0.4,0.338,0.361666667,0.35,0.357666667,0.459333333,0.546333333,0.245666667,0.273333333,0.227666667,0.220333333,0.226666667,0.261333333,0.284,0.240666667,0.276666667,0.290666667,0.264666667,0.247666667,0.242,0.314666667,0.382666667,0.308666667,0.251666667,0.260333333,0.262333333,0.257333333,0.240666667,0.311333333,0.364333333,0.295,0.315,0.337666667,0.290666667,0.233666667,0.271333333,0.352333333,0.367333333,0.304
SN,y1,0.245666667,0.263333333,0.235,0.175,0.277333333,0.261333333,0.213666667,0.207666667,0.23,0.243333333,0.202,0.215666667,0.292666667,0.286666667,0.267,0.234,0.378333333,0.373333333,0.32,0.381333333,0.47,0.456333333,0.420333333,0.380666667,0.385666667,0.390666667,0.307666667,0.366333333,0.437,0.461666667,0.397666667,0.383333333,0.395,0.398,0.306333333,0.310333333,0.391333333,0.412,0.376333333,0.390666667,0.335,0.316333333,0.260333333,0.305666667,0.313666667,0.320666667,0.307333333,0.345666667,0.310333333,0.275,0.229666667,0.278666667,0.298,0.274666667,0.263666667,0.297666667,0.263666667,0.248666667,0.18,0.187,0.201333333,0.191333333,0.211333333,0.250333333,0.300333333,0.281,0.223333333,0.252333333,0.27,0.261,0.269333333,0.316,0.315666667,0.322666667,0.262333333,0.265,0.292333333,0.268666667,0.301666667,0.315,0.341,0.355666667,0.298666667,0.252,0.37,0.369666667,0.333,0.298333333,0.234,0.246666667,0.223,0.179333333,0.244,0.216,0.206333333,0.205333333
SN,y2,0.237666667,0.264666667,0.248,0.202,0.282,0.268333333,0.251,0.211666667,0.24,0.248333333,0.225,0.188333333,0.249,0.235333333,0.255,0.237666667,0.339333333,0.325,0.322666667,0.365666667,0.421666667,0.419666667,0.39,0.368333333,0.344666667,0.317333333,0.237666667,0.284666667,0.337333333,0.328666667,0.314666667,0.344666667,0.358333333,0.360666667,0.295333333,0.334,0.379,0.384666667,0.338666667,0.352666667,0.326666667,0.312,0.241333333,0.275,0.292,0.286333333,0.257333333,0.292333333,0.289333333,0.29,0.213333333,0.217,0.204666667,0.194333333,0.193333333,0.257,0.262333333,0.228333333,0.187666667,0.202666667,0.220333333,0.229333333,0.223333333,0.261333333,0.294333333,0.284333333,0.198333333,0.212,0.235333333,0.216333333,0.243333333,0.281333333,0.371,0.379666667,0.278,0.254,0.313,0.286,0.303,0.329666667,0.304,0.319,0.279333333,0.272333333,0.375,0.324333333,0.281333333,0.271,0.383666667,0.406333333,0.380666667,0.329,0.429,0.402333333,0.327666667,0.330666667
SN,y3,0.282,0.305333333,0.263333333,0.186333333,0.257,0.248333333,0.22,0.214666667,0.239333333,0.241,0.223,0.227,0.268666667,0.233666667,0.25,0.249666667,0.327666667,0.329333333,0.288,0.323333333,0.343,0.302666667,0.315333333,0.342,0.284666667,0.259666667,0.201666667,0.207333333,0.259333333,0.296666667,0.317666667,0.311333333,0.396,0.379333333,0.282,0.284666667,0.289666667,0.318666667,0.318,0.365,0.419333333,0.362333333,0.239666667,0.257333333,0.313,0.34,0.324333333,0.424333333,0.283666667,0.231,0.157,0.167333333,0.223,0.255666667,0.254,0.287666667,0.345,0.301333333,0.238333333,0.282,0.320666667,0.353333333,0.331666667,0.369333333,0.333,0.298666667,0.242666667,0.244,0.251666667,0.254666667,0.262,0.324666667,0.241,0.264,0.215666667,0.130666667,0.164666667,0.182666667,0.184666667,0.198333333,0.311333333,0.306333333,0.255666667,0.181,0.229,0.241,0.263666667,0.286333333,0.240333333,0.237333333,0.204666667,0.169666667,0.228666667,0.229666667,0.210333333,0.207
SN,y4,0.265333333,0.282333333,0.222,0.173333333,0.267333333,0.277,0.224333333,0.210666667,0.378666667,0.342333333,0.282333333,0.294333333,0.357666667,0.334333333,0.319,0.367666667,0.320666667,0.291,0.241333333,0.279666667,0.304666667,0.283333333,0.257333333,0.310666667,0.438,0.423,0.312333333,0.345333333,0.406,0.390333333,0.355666667,0.402333333,0.377333333,0.350333333,0.278,0.312,0.308666667,0.322,0.302333333,0.363,0.323,0.310333333,0.206666667,0.230333333,0.244333333,0.232333333,0.205333333,0.289333333,0.194666667,0.173333333,0.108,0.116666667,0.146333333,0.155333333,0.161666667,0.191666667,0.175666667,0.16,0.093,0.078,0.067666667,0.070666667,0.095,0.147333333,0.303666667,0.286333333,0.206,0.163666667,0.163666667,0.163333333,0.201666667,0.266333333,0.342333333,0.324,0.244666667,0.246,0.298666667,0.285333333,0.285,0.325,0.352,0.371666667,0.338,0.231333333,0.355666667,0.342333333,0.325666667,0.336333333,0.313,0.323666667,0.27,0.185333333,0.254,0.232666667,0.252666667,0.281333333
SN,y5,0.293333333,0.300666667,0.250333333,0.195333333,0.264333333,0.264666667,0.239666667,0.241666667,0.316,0.323333333,0.286333333,0.301,0.344,0.329666667,0.32,0.299666667,0.414,0.358666667,0.264666667,0.315333333,0.382333333,0.363666667,0.350333333,0.413,0.404,0.397666667,0.303666667,0.295666667,0.325,0.336,0.321,0.362666667,0.352666667,0.340666667,0.231333333,0.277333333,0.281333333,0.272666667,0.262,0.317666667,0.285,0.234333333,0.152,0.146333333,0.189,0.205,0.219666667,0.304666667,0.178666667,0.136333333,0.095,0.109666667,0.123333333,0.116,0.133666667,0.178,0.281333333,0.232,0.161666667,0.143333333,0.158,0.170666667,0.202,0.278333333,0.320333333,0.278,0.194333333,0.210666667,0.231666667,0.223333333,0.246333333,0.321333333,0.215333333,0.204666667,0.165,0.140666667,0.202333333,0.188666667,0.215666667,0.248333333,0.333666667,0.284,0.188,0.139666667,0.208333333,0.239666667,0.289666667,0.303,0.384333333,0.392666667,0.342,0.279,0.396,0.357,0.283333333,0.308333333
SN,y6,0.171333333,0.178666667,0.169,0.181666667,0.249,0.225666667,0.183,0.16,0.232666667,0.22,0.182333333,0.17,0.235666667,0.240333333,0.226666667,0.231666667,0.309,0.298666667,0.244,0.241333333,0.287333333,0.302,0.316666667,0.308666667,0.447666667,0.446666667,0.372,0.379333333,0.410333333,0.433333333,0.413,0.436666667,0.409,0.416666667,0.313333333,0.323333333,0.315666667,0.334333333,0.354666667,0.426,0.247,0.197666667,0.127,0.112333333,0.134333333,0.156,0.177333333,0.249,0.235666667,0.177,0.117666667,0.114,0.128333333,0.142,0.221,0.295333333,0.201333333,0.165,0.107666667,0.111333333,0.124666667,0.126666667,0.153,0.201666667,0.233666667,0.208333333,0.155333333,0.158,0.159333333,0.151333333,0.21,0.256,0.251666667,0.222333333,0.178,0.175333333,0.174333333,0.156333333,0.203666667,0.244666667,0.367,0.330333333,0.256666667,0.247,0.334666667,0.341,0.325,0.331333333,0.353666667,0.376,0.300333333,0.23,0.352666667,0.305333333,0.254333333,0.284333333
SN,y7,0.297666667,0.307333333,0.270333333,0.245333333,0.341333333,0.323333333,0.249333333,0.256666667,0.283,0.292333333,0.237333333,0.254666667,0.353,0.366,0.281333333,0.245666667,0.407666667,0.457333333,0.386,0.393,0.509333333,0.536,0.467333333,0.397333333,0.405666667,0.425333333,0.353666667,0.386333333,0.422333333,0.423666667,0.361,0.364666667,0.346666667,0.355333333,0.242333333,0.232,0.235,0.227,0.222333333,0.324,0.228666667,0.187333333,0.096333333,0.114333333,0.143333333,0.150666667,0.159666667,0.255,0.351666667,0.304666667,0.216666667,0.205333333,0.217333333,0.231,0.253666667,0.333,0.239333333,0.202666667,0.139666667,0.109666667,0.108666667,0.117,0.191333333,0.256333333,0.253333333,0.242333333,0.21,0.286333333,0.292333333,0.276666667,0.255333333,0.264,0.279,0.237333333,0.190333333,0.203666667,0.217333333,0.197333333,0.22,0.26,0.279,0.286666667,0.221666667,0.151333333,0.228333333,0.231666667,0.237,0.249666667,0.290666667,0.298,0.245666667,0.228333333,0.305,0.283666667,0.226,0.241333333
SN,y8,0.274666667,0.322333333,0.289666667,0.218,0.293666667,0.254,0.2,0.205333333,0.281666667,0.282333333,0.236,0.237,0.297666667,0.282,0.297,0.291,0.388666667,0.388,0.311333333,0.365666667,0.435333333,0.417666667,0.365,0.374,0.443333333,0.408333333,0.352666667,0.419333333,0.453666667,0.467,0.438666667,0.454666667,0.238,0.231,0.153666667,0.138333333,0.134666667,0.13,0.138333333,0.199666667,0.311666667,0.298,0.212,0.217333333,0.223333333,0.211666667,0.219666667,0.297333333,0.209333333,0.198,0.108666667,0.098666667,0.123,0.135666667,0.164,0.207666667,0.208666667,0.173,0.103,0.098666667,0.112,0.109666667,0.138333333,0.196666667,0.244666667,0.213,0.156,0.14,0.147,0.157333333,0.195,0.240666667,0.351333333,0.357,0.278333333,0.252,0.353,0.328,0.291333333,0.313666667,0.314666667,0.323333333,0.263,0.213666667,0.338,0.324,0.276,0.289333333,0.246333333,0.234666667,0.192,0.160666667,0.201666667,0.183666667,0.166,0.188
SN,y9,0.299,0.320666667,0.263333333,0.191666667,0.253,0.233333333,0.204333333,0.217,0.242666667,0.251333333,0.216666667,0.203,0.222666667,0.222333333,0.233333333,0.231666667,0.362333333,0.340666667,0.272333333,0.279666667,0.312333333,0.313333333,0.32,0.344333333,0.441,0.425666667,0.353,0.374333333,0.407,0.458333333,0.405666667,0.419,0.381666667,0.34,0.253,0.279333333,0.303333333,0.321666667,0.334333333,0.396333333,0.290666667,0.297666667,0.180333333,0.168,0.180333333,0.197,0.203333333,0.246666667,0.237,0.211333333,0.147,0.164,0.179,0.190333333,0.204,0.268666667,0.242,0.208,0.174333333,0.187666667,0.188333333,0.207333333,0.228333333,0.252,0.252,0.226666667,0.143,0.129666667,0.143,0.142333333,0.181666667,0.239333333,0.315,0.304333333,0.247333333,0.192666667,0.237666667,0.242666667,0.246333333,0.285333333,0.304333333,0.28,0.233666667,0.219,0.275,0.274,0.293333333,0.298666667,0.279666667,0.303,0.257666667,0.199,0.252666667,0.233,0.209,0.222666667
SN,y10,0.256666667,0.270666667,0.23,0.191,0.239,0.222333333,0.206666667,0.204333333,0.389666667,0.387333333,0.311333333,0.301,0.402333333,0.394333333,0.366,0.379666667,0.374666667,0.347333333,0.266,0.277,0.364,0.39,0.377666667,0.383666667,0.493333333,0.488666667,0.357666667,0.343333333,0.409333333,0.410666667,0.416,0.449666667,0.469333333,0.472,0.368666667,0.391333333,0.389666667,0.392666667,0.353333333,0.383333333,0.251,0.218,0.177666667,0.253666667,0.287,0.285333333,0.262666667,0.272,0.213666667,0.198,0.149,0.177666667,0.200666667,0.207,0.19,0.219666667,0.194333333,0.156666667,0.117333333,0.104666667,0.105333333,0.112,0.159666667,0.212333333,0.233666667,0.187666667,0.121666667,0.120333333,0.133,0.129666667,0.17,0.23,0.237333333,0.230333333,0.177333333,0.180666667,0.218,0.190666667,0.211,0.228666667,0.288333333,0.288666667,0.239333333,0.216,0.297333333,0.267333333,0.247,0.240666667,0.350333333,0.342666667,0.294333333,0.256,0.304666667,0.269333333,0.263666667,0.298666667
SN,y11,0.214333333,0.225666667,0.189666667,0.143333333,0.157333333,0.15,0.155,0.174,0.250666667,0.249333333,0.193333333,0.180666667,0.247333333,0.255666667,0.235666667,0.221666667,0.345333333,0.322333333,0.273333333,0.291333333,0.353333333,0.350333333,0.328333333,0.342666667,0.361,0.386333333,0.284666667,0.277333333,0.334,0.348666667,0.32,0.363,0.403666667,0.362333333,0.253333333,0.255,0.267,0.291333333,0.332666667,0.386333333,0.287333333,0.257333333,0.140333333,0.165666667,0.194,0.193666667,0.236333333,0.324666667,0.243333333,0.196,0.139,0.181333333,0.195,0.197333333,0.208,0.267,0.244,0.202333333,0.153666667,0.181,0.176666667,0.167333333,0.193333333,0.248666667,0.257666667,0.217666667,0.159666667,0.156666667,0.151666667,0.157666667,0.249666667,0.296,0.271,0.255333333,0.201333333,0.191,0.216666667,0.187333333,0.197,0.244,0.248333333,0.269666667,0.224,0.136666667,0.178333333,0.159333333,0.157666667,0.194333333,0.350666667,0.353,0.28,0.24,0.304333333,0.299,0.266333333,0.285666667
SN,y12,0.269666667,0.260333333,0.202666667,0.187333333,0.226,0.200333333,0.168666667,0.212333333,0.267666667,0.275333333,0.267,0.294666667,0.323,0.291,0.251,0.242,0.361333333,0.391333333,0.334666667,0.329,0.365666667,0.369333333,0.340666667,0.363333333,0.462666667,0.466666667,0.377333333,0.390666667,0.434666667,0.444,0.392,0.423333333,0.431,0.448666667,0.325666667,0.332,0.344333333,0.335,0.306,0.371333333,0.343666667,0.326,0.210333333,0.198,0.194,0.209,0.233666667,0.307,0.247333333,0.212666667,0.151,0.143,0.169,0.204666667,0.229,0.261333333,0.281,0.228333333,0.162,0.144,0.150333333,0.169666667,0.226,0.298,0.263333333,0.232333333,0.176333333,0.193,0.195333333,0.190333333,0.236,0.275,0.320333333,0.297,0.206,0.154333333,0.184,0.181,0.251,0.313666667,0.300333333,0.333666667,0.296333333,0.232333333,0.316333333,0.282333333,0.235333333,0.246333333,0.274666667,0.274,0.224666667,0.17,0.245666667,0.226,0.216,0.230666667
SN,y13,0.261666667,0.291666667,0.267,0.217666667,0.274,0.266333333,0.228666667,0.230666667,0.337,0.335,0.282333333,0.221666667,0.258333333,0.235666667,0.257,0.285333333,0.34,0.297333333,0.219333333,0.228,0.31,0.324333333,0.321,0.359666667,0.388,0.383666667,0.273666667,0.292666667,0.337666667,0.348666667,0.325666667,0.347666667,0.446333333,0.436,0.316,0.337666667,0.385333333,0.414333333,0.385333333,0.436333333,0.294,0.266666667,0.167666667,0.2,0.244,0.251333333,0.228,0.288,0.193333333,0.149666667,0.093,0.077,0.090666667,0.106666667,0.146,0.211666667,0.223,0.203666667,0.144333333,0.119666667,0.134,0.166666667,0.212333333,0.235,0.238,0.217666667,0.154333333,0.183333333,0.190666667,0.205666667,0.205333333,0.232,0.163666667,0.192333333,0.181666667,0.182,0.202333333,0.184666667,0.154,0.159333333,0.338,0.336,0.263333333,0.230333333,0.282,0.235666667,0.232333333,0.262666667,0.236,0.230666667,0.195,0.161333333,0.223666667,0.207333333,0.191666667,0.202
SN,y14,0.157333333,0.168,0.136666667,0.102333333,0.084333333,0.094666667,0.097666667,0.116,0.237333333,0.261666667,0.201666667,0.189,0.227,0.217333333,0.201666667,0.216,0.368,0.367666667,0.324333333,0.315,0.389,0.399666667,0.362,0.349333333,0.398,0.379666667,0.298333333,0.318333333,0.352666667,0.356666667,0.346,0.375,0.355666667,0.36,0.288,0.306666667,0.339,0.348,0.319,0.345333333,0.341333333,0.320333333,0.224,0.196,0.198333333,0.224,0.245666667,0.312,0.274333333,0.217666667,0.163,0.152666667,0.176666667,0.193666667,0.243333333,0.304,0.263333333,0.240666667,0.167333333,0.162333333,0.161333333,0.161,0.186333333,0.254666667,0.285666667,0.259666667,0.202666667,0.245333333,0.285,0.283333333,0.267,0.283333333,0.242,0.228666667,0.179333333,0.145666667,0.166333333,0.166,0.195,0.218666667,0.226333333,0.236333333,0.209,0.174666667,0.243666667,0.224,0.212333333,0.219666667,0.379,0.425,0.404,0.343333333,0.411,0.362,0.324666667,0.306
SN,y15,0.362,0.392666667,0.323333333,0.225333333,0.292333333,0.264,0.227666667,0.277333333,0.264,0.231,0.184333333,0.193666667,0.246,0.239333333,0.286666667,0.294333333,0.375666667,0.377,0.311,0.289333333,0.345333333,0.367,0.365666667,0.363333333,0.427333333,0.379666667,0.284666667,0.323333333,0.349,0.349,0.396,0.455666667,0.35,0.348,0.275,0.308,0.312,0.305,0.273666667,0.304,0.351333333,0.367333333,0.227,0.220333333,0.222,0.205666667,0.196333333,0.275333333,0.246666667,0.217,0.147333333,0.179666667,0.183666667,0.179666667,0.191,0.250333333,0.228,0.189666667,0.132333333,0.123,0.116333333,0.118,0.153,0.211666667,0.229,0.213666667,0.165,0.155,0.163666667,0.163666667,0.208666667,0.243,0.254,0.266,0.214666667,0.191333333,0.225666667,0.224,0.228666667,0.233333333,0.331666667,0.330333333,0.241,0.174666667,0.246,0.225666667,0.220666667,0.252666667,0.280666667,0.296333333,0.264,0.235,0.281333333,0.24,0.215666667,0.245333333
SN,y16,0.364,0.351333333,0.294666667,0.210333333,0.307,0.313333333,0.314,0.323666667,0.297666667,0.311666667,0.261666667,0.215,0.279,0.253666667,0.2,0.236666667,0.439,0.428666667,0.391333333,0.461,0.522,0.486,0.445666667,0.431666667,0.372,0.382,0.311333333,0.358,0.406333333,0.421,0.393666667,0.380333333,0.377666667,0.350666667,0.257333333,0.298666667,0.320333333,0.342666667,0.329,0.350666667,0.320333333,0.268,0.173333333,0.177,0.214,0.216666667,0.238,0.317333333,0.256666667,0.224333333,0.158666667,0.193,0.227666667,0.252,0.248333333,0.267,0.213333333,0.166333333,0.124,0.133,0.153666667,0.166,0.192,0.234333333,0.211,0.19,0.151,0.171,0.181333333,0.176333333,0.194666667,0.212,0.256,0.234666667,0.170666667,0.177666667,0.235333333,0.230333333,0.220333333,0.242666667,0.305333333,0.327333333,0.282,0.205666667,0.29,0.259666667,0.240333333,0.263,0.534666667,0.522333333,0.461,0.383333333,0.482333333,0.446666667,0.424666667,0.466
SN,y17,0.208333333,0.214,0.178,0.150666667,0.199666667,0.212333333,0.189,0.185,0.333,0.325333333,0.270666667,0.236666667,0.270333333,0.271333333,0.299,0.311,0.327,0.328333333,0.249666667,0.254,0.309,0.338333333,0.322666667,0.325666667,0.422666667,0.412666667,0.330333333,0.431333333,0.462333333,0.45,0.416666667,0.419666667,0.326333333,0.343333333,0.265333333,0.292666667,0.294333333,0.292333333,0.274,0.318333333,0.344333333,0.307,0.213333333,0.234,0.226,0.231333333,0.263333333,0.352,0.226666667,0.181,0.100333333,0.089,0.082,0.093666667,0.154666667,0.242,0.219666667,0.168333333,0.100333333,0.079,0.080333333,0.113666667,0.215666667,0.283666667,0.179,0.143666667,0.103,0.106333333,0.111666667,0.115666667,0.137333333,0.181666667,0.280333333,0.267333333,0.201666667,0.187666667,0.220333333,0.214333333,0.236333333,0.277333333,0.260666667,0.220666667,0.167333333,0.177,0.228666667,0.198666667,0.236666667,0.280666667,0.170666667,0.172,0.152,0.13,0.167666667,0.151666667,0.137,0.135333333
SN,y18,0.140666667,0.149666667,0.118,0.076666667,0.118666667,0.114666667,0.106333333,0.125,0.282666667,0.252333333,0.192,0.168333333,0.201,0.215,0.21,0.251333333,0.295333333,0.286666667,0.250333333,0.270666667,0.325666667,0.332666667,0.333333333,0.335333333,0.449666667,0.439,0.313333333,0.310333333,0.336333333,0.314333333,0.3,0.393666667,0.32,0.301666667,0.203333333,0.233666667,0.253333333,0.242333333,0.241333333,0.292,0.354333333,0.311,0.218,0.231,0.240333333,0.249333333,0.257666667,0.336333333,0.243666667,0.199,0.128333333,0.131,0.135,0.144,0.167,0.235,0.246333333,0.208666667,0.170666667,0.185666667,0.177333333,0.176,0.222,0.263666667,0.257333333,0.251333333,0.191,0.221333333,0.224666667,0.203666667,0.21,0.255,0.342,0.294666667,0.207333333,0.191666667,0.228666667,0.198666667,0.249,0.314333333,0.338666667,0.350333333,0.318,0.310333333,0.390333333,0.339666667,0.285,0.305,0.385,0.339666667,0.298333333,0.318666667,0.438,0.393333333,0.368666667,0.392666667
SN,y19,0.317666667,0.312666667,0.254666667,0.121,0.166,0.143333333,0.169666667,0.244666667,0.265333333,0.248333333,0.207666667,0.163333333,0.212,0.228333333,0.244333333,0.253666667,0.47,0.47,0.389,0.363666667,0.425333333,0.394333333,0.404,0.464666667,0.453666667,0.414666667,0.331333333,0.354,0.378666667,0.378666667,0.382333333,0.440666667,0.336,0.357333333,0.291333333,0.288,0.272666667,0.266,0.273333333,0.327666667,0.379666667,0.340666667,0.272,0.294,0.286666667,0.294333333,0.331333333,0.393666667,0.201333333,0.177,0.141,0.15,0.152,0.150333333,0.176333333,0.23,0.325666667,0.274666667,0.191666667,0.186333333,0.181666667,0.196333333,0.295333333,0.358,0.245,0.227,0.171333333,0.155666667,0.162666667,0.157666667,0.209,0.247333333,0.327,0.279,0.188666667,0.135333333,0.17,0.158,0.250333333,0.324,0.252,0.262,0.215666667,0.183333333,0.257333333,0.228666667,0.235333333,0.252666667,0.265,0.278,0.257,0.183,0.23,0.203333333,0.211,0.245333333
SN,y20,0.344333333,0.334,0.306333333,0.210333333,0.276333333,0.239,0.267,0.308666667,0.246333333,0.209333333,0.17,0.172666667,0.173333333,0.143,0.154666667,0.212,0.321333333,0.294,0.212,0.212,0.243,0.234333333,0.268666667,0.321666667,0.267,0.263333333,0.182,0.154666667,0.164333333,0.16,0.21,0.270666667,0.492666667,0.479333333,0.333333333,0.402,0.425666667,0.395666667,0.377,0.457333333,0.218666667,0.191666667,0.125,0.128333333,0.112,0.094,0.115,0.205,0.306666667,0.283333333,0.179333333,0.151333333,0.166666667,0.195666667,0.245666667,0.297,0.199666667,0.192666667,0.128333333,0.105,0.103666667,0.106666667,0.156333333,0.212333333,0.191666667,0.161,0.124,0.142333333,0.142666667,0.136333333,0.161666667,0.191333333,0.293666667,0.285666667,0.243333333,0.220333333,0.238666667,0.194666667,0.215333333,0.280333333,0.224,0.211333333,0.179333333,0.160666667,0.182666667,0.162333333,0.184,0.204666667,0.393666667,0.389666667,0.340666667,0.292,0.372333333,0.354666667,0.338,0.356666667
SN,y21,0.292666667,0.309333333,0.281333333,0.213,0.239666667,0.193333333,0.209333333,0.252666667,0.336,0.323333333,0.279666667,0.284666667,0.335,0.313333333,0.3,0.323333333,0.343666667,0.292333333,0.191666667,0.159666667,0.188666667,0.200333333,0.253333333,0.332,0.342,0.322,0.218333333,0.225666667,0.254333333,0.250666667,0.283,0.349333333,0.357666667,0.349666667,0.233,0.215666667,0.217666667,0.232,0.252666667,0.338333333,0.283666667,0.278333333,0.229333333,0.276666667,0.27,0.256666667,0.245,0.287333333,0.253333333,0.225333333,0.126333333,0.128666667,0.135,0.133333333,0.175666667,0.275,0.182333333,0.149,0.085666667,0.084333333,0.084,0.088666667,0.135,0.200666667,0.260666667,0.235,0.179333333,0.216666667,0.192666667,0.178333333,0.220333333,0.276333333,0.351333333,0.329666667,0.246,0.204666667,0.239333333,0.239,0.266666667,0.324666667,0.214,0.196,0.164333333,0.162333333,0.170666667,0.140666667,0.140666667,0.196,0.305666667,0.303333333,0.268,0.232333333,0.290666667,0.234666667,0.219,0.259333333
SN,y22,0.254333333,0.256333333,0.194666667,0.144,0.198666667,0.216333333,0.198333333,0.221,0.355333333,0.364333333,0.311333333,0.307,0.427666667,0.422,0.363,0.343666667,0.319666667,0.311666667,0.247666667,0.254,0.300333333,0.301666667,0.296,0.319,0.381,0.373666667,0.256666667,0.242333333,0.27,0.265,0.273,0.356,0.403,0.372,0.279333333,0.317666667,0.337333333,0.280666667,0.252666667,0.339,0.247333333,0.247333333,0.184666667,0.207333333,0.206333333,0.203333333,0.212666667,0.248,0.277333333,0.24,0.19,0.209333333,0.228666667,0.247333333,0.251666667,0.299333333,0.265,0.220333333,0.177,0.180666667,0.182,0.215,0.258,0.280666667,0.197333333,0.175666667,0.104666667,0.091333333,0.099333333,0.095666667,0.148,0.202666667,0.276333333,0.241333333,0.185,0.212,0.227,0.185666667,0.224,0.269666667,0.357,0.352666667,0.285333333,0.235,0.282333333,0.244333333,0.243333333,0.312,0.313666667,0.306333333,0.277333333,0.233333333,0.28,0.216333333,0.233666667,0.276
SN,y23,0.300666667,0.284666667,0.242,0.196,0.238666667,0.196666667,0.2,0.253,0.311333333,0.291333333,0.243666667,0.241333333,0.294333333,0.282666667,0.269,0.278,0.251,0.239,0.196,0.24,0.267666667,0.264333333,0.255333333,0.257666667,0.336333333,0.320666667,0.249,0.267333333,0.276666667,0.252,0.232333333,0.268333333,0.385666667,0.396666667,0.260333333,0.261333333,0.281666667,0.251333333,0.229,0.305333333,0.256666667,0.214666667,0.129333333,0.136333333,0.125666667,0.119,0.149,0.248,0.276,0.219666667,0.134333333,0.109666667,0.132666667,0.155666667,0.197333333,0.299666667,0.176666667,0.166,0.101,0.110666667,0.121,0.121,0.118333333,0.175333333,0.253333333,0.218,0.139,0.104666667,0.091,0.102333333,0.176,0.245666667,0.234666667,0.219,0.173333333,0.177,0.192,0.167333333,0.177666667,0.233,0.338333333,0.302,0.245666667,0.240333333,0.332666667,0.279666667,0.282666667,0.323666667,0.382,0.369333333,0.305333333,0.2,0.259666667,0.232,0.248666667,0.31
SN,y24,0.308,0.304,0.244666667,0.214,0.283333333,0.304,0.293666667,0.299,0.352666667,0.361666667,0.294333333,0.243333333,0.315666667,0.29,0.246333333,0.285333333,0.422333333,0.434,0.342,0.272666667,0.271666667,0.235333333,0.289666667,0.363,0.409,0.440666667,0.336333333,0.326666667,0.34,0.311333333,0.310333333,0.353666667,0.420666667,0.389,0.268333333,0.269,0.259666667,0.260333333,0.303,0.390666667,0.321666667,0.289333333,0.171,0.144,0.135666667,0.125666667,0.161666667,0.292666667,0.262333333,0.210333333,0.205333333,0.264333333,0.262333333,0.247,0.254333333,0.287333333,0.156,0.117333333,0.078333333,0.095666667,0.102666667,0.125333333,0.158333333,0.182666667,0.264,0.236666667,0.176333333,0.216666667,0.226666667,0.200333333,0.211,0.262333333,0.302,0.282666667,0.215,0.230666667,0.273,0.238666667,0.257,0.293333333,0.335,0.327,0.264,0.208666667,0.273333333,0.247,0.273333333,0.318666667,0.294666667,0.275333333,0.227666667,0.175666667,0.225,0.223333333,0.233333333,0.266
SN,y25,0.216666667,0.231,0.206,0.148666667,0.169666667,0.153333333,0.161333333,0.191333333,0.224333333,0.206,0.166,0.181666667,0.244666667,0.218,0.187333333,0.193,0.276333333,0.309,0.238,0.231,0.279,0.272,0.249666667,0.245,0.405,0.355666667,0.245666667,0.224666667,0.258666667,0.278,0.335333333,0.436333333,0.34,0.337333333,0.278333333,0.308,0.315333333,0.265666667,0.257333333,0.315,0.261333333,0.228333333,0.138666667,0.177,0.202333333,0.196333333,0.181666667,0.250333333,0.285666667,0.250333333,0.151,0.149666667,0.136666667,0.124,0.154666667,0.258,0.200666667,0.189,0.140666667,0.138666667,0.133333333,0.137666667,0.148666667,0.19,0.217666667,0.185666667,0.137666667,0.176333333,0.188333333,0.178,0.207,0.238666667,0.255333333,0.228,0.161,0.161,0.199333333,0.189,0.215,0.259,0.312,0.311666667,0.271666667,0.243666667,0.327666667,0.286666667,0.259333333,0.253666667,0.35,0.357666667,0.314666667,0.252333333,0.333333333,0.284,0.269666667,0.308666667
SN,y26,0.139333333,0.152333333,0.142333333,0.101,0.114666667,0.092666667,0.099,0.106666667,0.321333333,0.323666667,0.276666667,0.245333333,0.309,0.284333333,0.273666667,0.308333333,0.385,0.39,0.309666667,0.302666667,0.366,0.349333333,0.352666667,0.368333333,0.339666667,0.328,0.215,0.205666667,0.216666667,0.238,0.255666667,0.301333333,0.398666667,0.410666667,0.277333333,0.276333333,0.286,0.284333333,0.281,0.341666667,0.297333333,0.274666667,0.195666667,0.205333333,0.207333333,0.212333333,0.213666667,0.286,0.224,0.190666667,0.106666667,0.120666667,0.151666667,0.160666667,0.173,0.229666667,0.228333333,0.196,0.129666667,0.143,0.171,0.185666667,0.202,0.245333333,0.189333333,0.176,0.113333333,0.117,0.133666667,0.135666667,0.137,0.172666667,0.237,0.219333333,0.176666667,0.163,0.182,0.166,0.203,0.229333333,0.331,0.295333333,0.225666667,0.218333333,0.262,0.219333333,0.243,0.302333333,0.209666667,0.220333333,0.167,0.126,0.183333333,0.169333333,0.121,0.145666667
SX,y1,0.259666667,0.244333333,0.206333333,0.206666667,0.356333333,0.359,0.284333333,0.275,0.171666667,0.154666667,0.125666667,0.174333333,0.259666667,0.263333333,0.203666667,0.183,0.351,0.314666667,0.266666667,0.373333333,0.502,0.536666667,0.449,0.4,0.363333333,0.327333333,0.270666667,0.386333333,0.534,0.583,0.489333333,0.438,0.299333333,0.298333333,0.280666667,0.396,0.482333333,0.514666667,0.387,0.334333333,0.205,0.17,0.15,0.232666667,0.281,0.268333333,0.229,0.234333333,0.214,0.197666667,0.156333333,0.208666667,0.246333333,0.237,0.191666667,0.2,0.123333333,0.111666667,0.083,0.127333333,0.147666667,0.122,0.112333333,0.125,0.174666667,0.169666667,0.147,0.212666667,0.258666667,0.238,0.182333333,0.180666667,0.217,0.199,0.160333333,0.222666667,0.298333333,0.263,0.224666667,0.220666667,0.377666667,0.335333333,0.294333333,0.310333333,0.469666667,0.473,0.42,0.413333333,0.19,0.183666667,0.162,0.173,0.270666667,0.268666667,0.224,0.211666667
SX,y2,0.202666667,0.193,0.168666667,0.164,0.311333333,0.317333333,0.245,0.213,0.218,0.22,0.196,0.223333333,0.342333333,0.349666667,0.277333333,0.248666667,0.268666667,0.223666667,0.221,0.329666667,0.436333333,0.455333333,0.374666667,0.325333333,0.243666667,0.217,0.186333333,0.302666667,0.354,0.355666667,0.281,0.274666667,0.239,0.243333333,0.225666667,0.330333333,0.385333333,0.391,0.319,0.288,0.232666667,0.217333333,0.167,0.231666667,0.299333333,0.304,0.254333333,0.242,0.137666667,0.123666667,0.096333333,0.156666667,0.193,0.181333333,0.142,0.152,0.173333333,0.156666667,0.143,0.207,0.226333333,0.203666667,0.162666667,0.174,0.165,0.152333333,0.101,0.109,0.145,0.140666667,0.145666667,0.168666667,0.177666667,0.173,0.151333333,0.217666667,0.312333333,0.274333333,0.192,0.183,0.287333333,0.279666667,0.237333333,0.263,0.407666667,0.367333333,0.294333333,0.281,0.396666667,0.370666667,0.34,0.331333333,0.476333333,0.461666667,0.405333333,0.401666667
SX,y3,0.22,0.209666667,0.183,0.188333333,0.273333333,0.250333333,0.198,0.195,0.216,0.203666667,0.180333333,0.255333333,0.35,0.329333333,0.249333333,0.235,0.196666667,0.176333333,0.147,0.208333333,0.272666667,0.275333333,0.235666667,0.228666667,0.19,0.174333333,0.149,0.176,0.207,0.242333333,0.215,0.218,0.304666667,0.304,0.292,0.409666667,0.437666667,0.455333333,0.387,0.332,0.232333333,0.182,0.147333333,0.193666667,0.231666667,0.270666667,0.284333333,0.288666667,0.168666667,0.118,0.072,0.096,0.139666667,0.174666667,0.199333333,0.218333333,0.187666667,0.152333333,0.114666667,0.174333333,0.220333333,0.239666667,0.234,0.229,0.236333333,0.204666667,0.182333333,0.222666667,0.240666667,0.257,0.233666667,0.244666667,0.269666667,0.273666667,0.226333333,0.296,0.395666667,0.389333333,0.297,0.273333333,0.176,0.170666667,0.149666667,0.177333333,0.237,0.221333333,0.195333333,0.181666667,0.203666667,0.195333333,0.166333333,0.186666667,0.28,0.265666667,0.226,0.218333333
SX,y4,0.282333333,0.293666667,0.263,0.291,0.360666667,0.335,0.277666667,0.274333333,0.229,0.223333333,0.217666667,0.301,0.347,0.325666667,0.260666667,0.232666667,0.234,0.231333333,0.221,0.330333333,0.376333333,0.370333333,0.285,0.251,0.321666667,0.266333333,0.226,0.309666667,0.402666667,0.446333333,0.384666667,0.374333333,0.238666667,0.224666667,0.229333333,0.333,0.356666667,0.345,0.271333333,0.259,0.184666667,0.165666667,0.142666667,0.216666667,0.244333333,0.26,0.246,0.227333333,0.123666667,0.102,0.089,0.146333333,0.169,0.165333333,0.139666667,0.144666667,0.099333333,0.089333333,0.062666667,0.091,0.104333333,0.100333333,0.090333333,0.111333333,0.163333333,0.142333333,0.101666667,0.126666667,0.162,0.166333333,0.173333333,0.192333333,0.188333333,0.164333333,0.137333333,0.212666667,0.277666667,0.266666667,0.224,0.204,0.287666667,0.270333333,0.24,0.300666667,0.460333333,0.430333333,0.353333333,0.320333333,0.255666667,0.262,0.243333333,0.269,0.384666667,0.310333333,0.232,0.230666667
SX,y5,0.281,0.261333333,0.222333333,0.262333333,0.396333333,0.365,0.294666667,0.291333333,0.300666667,0.285333333,0.249333333,0.344333333,0.446,0.441333333,0.364,0.322333333,0.271,0.223333333,0.202666667,0.303,0.421666667,0.458666667,0.348333333,0.313333333,0.292333333,0.266333333,0.238333333,0.344666667,0.429,0.478,0.412333333,0.355666667,0.234333333,0.201666667,0.169666667,0.234,0.263666667,0.288666667,0.257333333,0.257666667,0.164666667,0.131333333,0.092,0.132333333,0.171333333,0.192,0.203,0.211666667,0.084,0.058666667,0.043,0.071333333,0.097333333,0.097,0.114666667,0.126,0.127333333,0.095333333,0.069,0.080666667,0.094,0.108333333,0.158333333,0.177,0.134333333,0.104666667,0.080333333,0.118,0.162333333,0.155,0.169666667,0.170333333,0.182666667,0.168666667,0.123,0.164666667,0.242,0.232,0.201,0.214666667,0.228666667,0.212,0.170666667,0.201333333,0.276666667,0.246,0.205333333,0.214,0.295,0.299333333,0.287666667,0.351666667,0.507666667,0.449666667,0.333,0.298666667
SX,y6,0.187333333,0.179666667,0.159,0.211,0.313,0.302333333,0.215,0.190333333,0.152,0.153666667,0.137666667,0.198666667,0.257666667,0.257,0.191,0.168333333,0.275333333,0.243333333,0.230666667,0.37,0.452666667,0.447666667,0.369,0.331,0.405,0.365666667,0.341666667,0.472,0.53,0.542,0.451666667,0.428333333,0.313333333,0.295,0.262666667,0.367,0.386333333,0.387,0.330333333,0.333666667,0.130666667,0.098,0.081333333,0.117333333,0.134,0.15,0.155,0.171,0.138666667,0.106666667,0.078333333,0.136666667,0.182666667,0.187666667,0.170666667,0.182666667,0.123666667,0.109,0.073666667,0.105333333,0.123333333,0.120333333,0.121,0.136333333,0.100333333,0.088,0.073333333,0.099333333,0.104,0.102666667,0.130333333,0.135333333,0.145,0.129,0.112333333,0.159666667,0.205333333,0.199,0.162,0.155666667,0.229333333,0.229666667,0.198333333,0.269,0.348,0.298666667,0.238,0.230666667,0.268,0.255,0.224333333,0.256333333,0.428,0.349666667,0.249333333,0.256333333
SX,y7,0.209666667,0.203333333,0.189666667,0.285333333,0.425666667,0.365666667,0.248666667,0.225666667,0.243333333,0.230666667,0.2,0.29,0.401333333,0.401666667,0.299333333,0.259333333,0.421,0.401666667,0.351666667,0.517333333,0.624333333,0.617,0.506,0.446333333,0.329,0.325666667,0.301333333,0.386,0.396333333,0.413666667,0.364333333,0.341666667,0.303666667,0.271333333,0.217,0.315333333,0.361,0.392666667,0.340666667,0.33,0.134333333,0.102666667,0.068666667,0.097666667,0.136,0.162333333,0.166333333,0.192,0.189333333,0.146,0.097333333,0.102666667,0.127666667,0.167666667,0.208666667,0.221333333,0.097333333,0.077333333,0.048666667,0.061,0.085666667,0.088666667,0.113666667,0.128,0.094333333,0.080333333,0.068333333,0.117666667,0.123333333,0.117666667,0.128,0.132,0.132,0.127,0.11,0.164333333,0.200333333,0.186666667,0.154333333,0.149333333,0.214666667,0.205666667,0.178666667,0.21,0.269666667,0.244333333,0.209666667,0.206333333,0.226666667,0.241333333,0.218333333,0.241,0.308333333,0.256333333,0.211666667,0.209333333
SX,y8,0.262333333,0.254666667,0.230333333,0.251666667,0.389333333,0.352666667,0.292,0.274333333,0.202,0.181666667,0.139,0.189,0.278666667,0.253333333,0.236,0.236666667,0.327,0.324333333,0.311,0.452666667,0.519666667,0.524,0.426666667,0.354,0.351333333,0.327333333,0.326333333,0.442333333,0.492,0.501333333,0.445333333,0.399333333,0.132666667,0.129666667,0.119333333,0.178333333,0.192666667,0.185666667,0.157666667,0.148,0.226,0.192,0.174666667,0.199666667,0.217,0.219,0.241333333,0.275,0.086333333,0.070666667,0.053333333,0.085666667,0.108666667,0.119,0.117,0.120333333,0.095333333,0.079666667,0.049666667,0.059333333,0.073,0.076,0.098666667,0.119333333,0.132333333,0.118333333,0.096666667,0.127,0.131,0.141333333,0.144666667,0.151,0.245333333,0.239,0.216333333,0.345,0.427333333,0.401333333,0.289,0.253666667,0.260333333,0.247333333,0.230333333,0.333666667,0.481666667,0.421,0.307666667,0.281666667,0.167,0.165666667,0.144333333,0.152,0.207,0.175333333,0.148666667,0.155
SX,y9,0.281666667,0.268666667,0.233,0.28,0.371,0.329666667,0.275,0.277,0.157,0.165,0.162333333,0.216666667,0.264,0.247666667,0.193,0.170333333,0.202333333,0.189666667,0.185666667,0.278333333,0.307,0.295333333,0.244,0.23,0.330666667,0.319666667,0.281,0.388333333,0.404,0.417,0.345,0.343666667,0.192666667,0.158,0.134,0.198666667,0.241666667,0.258666667,0.229333333,0.225,0.178666667,0.155666667,0.135,0.191333333,0.205333333,0.198,0.173,0.196333333,0.115333333,0.09,0.064333333,0.097,0.135333333,0.146666667,0.131333333,0.149333333,0.122333333,0.099,0.073,0.098333333,0.123666667,0.131,0.129666667,0.147333333,0.133666667,0.125,0.105,0.128333333,0.145666667,0.142666667,0.136666667,0.146666667,0.273333333,0.264333333,0.224333333,0.281666667,0.355,0.325333333,0.267,0.277333333,0.209,0.197333333,0.169,0.201666667,0.260333333,0.220666667,0.194,0.207666667,0.285,0.282,0.250666667,0.256,0.365333333,0.331333333,0.287333333,0.293666667
SX,y10,0.269333333,0.266666667,0.230333333,0.27,0.344,0.286,0.234666667,0.244,0.385,0.362666667,0.327666667,0.483333333,0.587333333,0.541333333,0.444,0.419333333,0.371,0.340333333,0.28,0.378333333,0.476,0.455666667,0.374,0.374666667,0.343,0.308333333,0.237,0.297,0.352333333,0.389666667,0.361333333,0.374666667,0.313333333,0.303666667,0.277,0.377,0.42,0.442,0.365333333,0.332666667,0.114666667,0.099333333,0.085333333,0.163666667,0.213333333,0.210666667,0.175,0.158666667,0.136,0.123,0.095666667,0.147,0.169666667,0.164333333,0.119666667,0.142333333,0.082333333,0.077666667,0.078,0.111,0.109333333,0.098,0.104333333,0.113333333,0.138666667,0.124333333,0.084,0.116,0.150666667,0.141333333,0.124333333,0.141,0.162333333,0.162666667,0.133,0.177333333,0.220666667,0.209,0.173666667,0.160666667,0.209,0.194333333,0.160666667,0.202666667,0.296666667,0.274333333,0.248,0.240333333,0.249,0.247666667,0.231,0.243666667,0.316,0.255,0.239,0.252
SX,y11,0.183333333,0.179666667,0.153,0.156666667,0.216333333,0.186666667,0.154666667,0.176666667,0.196666667,0.19,0.184666667,0.265333333,0.312,0.282,0.199333333,0.187,0.275666667,0.272666667,0.263666667,0.326333333,0.359666667,0.386333333,0.365,0.324333333,0.372666667,0.365,0.331666667,0.448333333,0.511333333,0.522,0.424666667,0.401666667,0.294333333,0.279333333,0.259,0.333666667,0.36,0.384,0.336333333,0.308,0.201333333,0.18,0.124333333,0.196666667,0.244666667,0.265666667,0.221,0.238,0.126333333,0.096333333,0.057,0.090666667,0.125666667,0.139333333,0.142333333,0.146,0.089,0.067333333,0.051333333,0.076666667,0.085666667,0.083,0.11,0.127,0.136666667,0.116,0.088,0.108,0.110666667,0.105,0.149,0.164666667,0.193333333,0.178,0.145,0.191333333,0.226666667,0.202,0.178,0.196333333,0.224666667,0.220333333,0.192666667,0.237333333,0.321333333,0.269666667,0.222666667,0.23,0.370333333,0.351,0.321333333,0.367333333,0.458666667,0.420333333,0.375666667,0.375
SX,y12,0.196333333,0.185333333,0.159,0.155666667,0.222,0.188333333,0.169,0.179666667,0.245666667,0.234666667,0.231,0.39,0.499333333,0.454,0.332333333,0.279666667,0.357666667,0.335666667,0.294,0.419666667,0.520666667,0.505666667,0.428,0.402,0.403333333,0.382,0.332666667,0.505333333,0.595666667,0.594333333,0.450666667,0.422333333,0.311,0.284333333,0.216,0.300666667,0.338,0.356333333,0.319666667,0.326,0.223333333,0.187666667,0.136666667,0.213,0.272,0.298666667,0.255666667,0.249,0.138333333,0.100666667,0.091666667,0.100666667,0.118333333,0.139,0.162666667,0.184666667,0.094666667,0.067666667,0.048333333,0.064666667,0.081333333,0.088333333,0.112,0.129666667,0.119666667,0.123,0.118666667,0.170666667,0.18,0.163,0.146333333,0.139,0.193333333,0.182,0.132666667,0.144333333,0.183333333,0.176666667,0.165,0.19,0.245666667,0.246333333,0.230333333,0.291666667,0.382,0.329333333,0.265666667,0.244333333,0.208333333,0.196333333,0.177,0.210666667,0.321,0.271,0.197333333,0.204
SX,y13,0.222,0.211,0.192666667,0.198,0.281666667,0.277333333,0.247333333,0.246333333,0.239,0.237333333,0.217666667,0.286666667,0.350333333,0.303666667,0.252333333,0.239,0.276666667,0.262333333,0.224333333,0.306666667,0.371666667,0.369,0.272666667,0.269333333,0.313666667,0.321333333,0.268,0.364333333,0.408666667,0.415666667,0.330666667,0.319,0.404,0.391,0.325333333,0.445,0.475,0.483333333,0.399666667,0.376666667,0.127666667,0.101,0.074666667,0.132,0.173333333,0.169666667,0.166666667,0.168333333,0.105333333,0.088,0.055333333,0.085666667,0.095666667,0.099666667,0.107333333,0.128,0.098333333,0.091666667,0.081333333,0.127,0.141,0.128,0.126666667,0.129,0.081,0.079333333,0.069333333,0.102333333,0.11,0.103333333,0.104333333,0.102333333,0.137,0.125666667,0.100333333,0.129333333,0.180666667,0.180666667,0.170333333,0.167333333,0.255,0.248,0.231666667,0.293666667,0.369333333,0.314666667,0.244,0.238333333,0.224333333,0.216666667,0.192666667,0.210333333,0.279333333,0.253333333,0.228333333,0.233
SX,y14,0.147333333,0.148333333,0.134,0.124,0.151,0.134666667,0.126333333,0.133,0.251666667,0.255,0.207,0.244333333,0.314666667,0.303,0.25,0.271333333,0.281,0.262666667,0.238,0.370333333,0.436666667,0.422666667,0.338,0.308666667,0.287333333,0.278666667,0.249333333,0.366333333,0.41,0.409333333,0.337,0.315666667,0.274333333,0.241333333,0.221,0.344666667,0.397,0.421666667,0.34,0.321666667,0.171,0.146,0.105,0.170666667,0.195666667,0.203666667,0.175333333,0.189333333,0.106666667,0.082333333,0.059333333,0.076666667,0.083333333,0.099333333,0.137666667,0.145666667,0.103333333,0.09,0.075,0.109333333,0.127666667,0.122333333,0.127333333,0.131666667,0.141333333,0.130333333,0.111,0.178666667,0.191,0.179333333,0.162,0.157333333,0.196333333,0.186333333,0.154,0.200666667,0.247,0.233666667,0.208333333,0.21,0.220666667,0.209666667,0.178,0.256333333,0.356,0.298333333,0.226,0.225333333,0.422333333,0.403666667,0.374333333,0.424333333,0.547666667,0.470666667,0.438666667,0.438666667
SX,y15,0.321666667,0.327,0.301333333,0.326,0.436666667,0.371666667,0.314666667,0.316666667,0.215,0.194666667,0.175,0.235333333,0.286666667,0.252,0.224,0.236,0.321333333,0.297333333,0.272333333,0.375,0.451333333,0.432666667,0.360666667,0.339333333,0.265,0.226,0.193333333,0.277333333,0.317,0.32,0.306666667,0.310333333,0.268333333,0.252,0.197333333,0.272666667,0.291,0.32,0.295,0.284666667,0.276,0.249333333,0.198333333,0.272333333,0.302,0.315,0.270333333,0.299,0.121,0.110333333,0.089666667,0.120666667,0.129666667,0.128333333,0.137,0.149333333,0.088333333,0.077333333,0.061,0.095666667,0.107666667,0.097333333,0.104666667,0.112666667,0.149333333,0.132666667,0.106666667,0.149666667,0.150333333,0.144333333,0.134666667,0.156333333,0.206,0.206,0.178333333,0.239333333,0.318666667,0.294333333,0.251,0.237666667,0.266,0.264333333,0.236666667,0.242666667,0.319,0.267666667,0.24,0.256666667,0.246,0.240666667,0.232333333,0.290333333,0.364666667,0.308,0.261333333,0.257333333
SX,y16,0.295666667,0.292666667,0.266,0.293333333,0.399666667,0.348666667,0.297333333,0.29,0.227,0.205,0.181,0.233666667,0.329333333,0.313,0.254,0.245666667,0.319,0.296666667,0.280333333,0.407333333,0.505333333,0.492333333,0.382333333,0.340333333,0.332333333,0.305,0.289666667,0.438666667,0.491666667,0.488333333,0.386666667,0.361,0.316333333,0.300666667,0.269,0.363333333,0.395333333,0.384,0.346,0.335333333,0.145,0.114666667,0.077666667,0.118666667,0.143333333,0.163,0.206333333,0.203666667,0.095666667,0.073,0.052333333,0.069666667,0.080333333,0.087333333,0.125,0.142333333,0.113,0.103333333,0.093666667,0.129,0.146333333,0.141666667,0.146666667,0.138666667,0.089666667,0.086,0.073333333,0.105333333,0.134,0.14,0.121333333,0.111666667,0.164666667,0.154333333,0.133666667,0.193666667,0.244333333,0.236,0.194,0.182,0.245666667,0.260666667,0.258,0.307333333,0.391666667,0.340333333,0.276333333,0.259333333,0.506333333,0.491666667,0.457666667,0.474,0.614666667,0.530666667,0.464,0.475666667
SX,y17,0.215666667,0.206666667,0.185333333,0.241666667,0.314666667,0.295333333,0.234,0.225333333,0.201666667,0.198666667,0.172666667,0.195666667,0.239666667,0.233,0.207666667,0.21,0.308666667,0.297333333,0.258333333,0.393,0.453333333,0.444666667,0.348333333,0.327666667,0.318666667,0.315666667,0.297333333,0.437333333,0.492666667,0.51,0.402666667,0.347666667,0.311666667,0.283666667,0.235,0.328,0.375,0.403333333,0.368,0.350333333,0.176,0.156333333,0.111333333,0.156666667,0.185333333,0.205666667,0.211666667,0.211,0.118,0.1,0.085333333,0.111,0.107666667,0.097666667,0.095333333,0.128,0.056333333,0.044666667,0.037666667,0.051333333,0.053333333,0.051,0.086666667,0.095,0.081666667,0.079,0.06,0.060666667,0.063,0.060666667,0.076666667,0.085,0.171,0.155333333,0.129666667,0.192333333,0.237,0.221,0.193,0.187333333,0.152,0.134,0.112333333,0.148333333,0.203333333,0.178333333,0.17,0.171,0.174333333,0.179333333,0.166333333,0.186666667,0.252,0.222333333,0.171666667,0.17
SX,y18,0.156666667,0.162,0.150666667,0.182666667,0.270666667,0.219666667,0.149333333,0.154333333,0.223666667,0.212333333,0.184666667,0.258333333,0.340666667,0.328333333,0.248,0.232666667,0.245666667,0.208,0.183,0.282,0.348333333,0.337,0.29,0.295333333,0.374333333,0.342333333,0.266333333,0.407,0.483666667,0.492,0.406,0.386,0.231333333,0.228666667,0.184,0.239,0.260666667,0.273666667,0.256,0.242666667,0.181666667,0.160333333,0.148,0.216666667,0.247666667,0.253,0.221333333,0.216333333,0.119,0.115333333,0.085,0.131333333,0.131333333,0.119666667,0.115333333,0.134333333,0.099333333,0.083333333,0.062666667,0.083,0.085333333,0.082333333,0.095666667,0.122666667,0.133333333,0.127,0.097333333,0.137666667,0.162,0.145,0.122666667,0.142333333,0.221333333,0.229,0.186,0.253,0.323,0.275,0.217333333,0.215333333,0.262333333,0.256666667,0.251,0.363333333,0.488666667,0.437,0.343,0.305,0.305666667,0.276,0.232333333,0.302,0.386666667,0.360666667,0.313666667,0.31
SX,y19,0.224333333,0.225333333,0.198,0.193666667,0.278,0.212333333,0.172,0.2,0.234,0.22,0.184333333,0.251666667,0.348666667,0.300666667,0.217,0.229,0.310666667,0.286333333,0.238,0.342,0.47,0.468,0.382666667,0.363,0.38,0.359,0.338666667,0.492333333,0.534333333,0.525,0.437333333,0.405666667,0.265666667,0.247,0.196666667,0.288666667,0.331333333,0.337333333,0.314,0.306,0.247,0.211666667,0.161333333,0.235333333,0.259333333,0.267666667,0.264,0.286333333,0.115666667,0.103333333,0.071666667,0.095333333,0.098666667,0.113,0.095666667,0.111,0.152666667,0.140333333,0.089333333,0.113666667,0.127666667,0.124,0.137666667,0.183,0.154666667,0.148333333,0.113,0.14,0.168333333,0.168,0.152666667,0.153666667,0.184333333,0.17,0.14,0.182,0.232666667,0.202666667,0.180666667,0.190666667,0.227,0.221666667,0.193333333,0.278,0.364666667,0.326333333,0.269,0.260333333,0.335,0.321666667,0.288666667,0.286,0.371,0.335333333,0.314333333,0.327333333
SX,y20,0.265666667,0.258,0.223,0.215,0.32,0.269666667,0.237,0.245,0.124333333,0.106666667,0.091666667,0.111333333,0.160333333,0.149666667,0.124,0.132666667,0.237333333,0.225666667,0.183666667,0.270666667,0.335333333,0.311333333,0.252666667,0.246,0.164,0.148,0.117333333,0.149333333,0.162666667,0.156333333,0.153,0.169333333,0.422333333,0.400333333,0.346666667,0.488333333,0.522333333,0.524333333,0.443333333,0.435333333,0.112666667,0.101,0.076666667,0.116666667,0.127333333,0.128666667,0.130333333,0.130333333,0.126333333,0.11,0.069666667,0.085666667,0.102333333,0.113333333,0.12,0.143666667,0.074666667,0.070333333,0.045666667,0.054333333,0.049666667,0.046666667,0.073666667,0.094,0.09,0.081333333,0.065666667,0.084333333,0.099666667,0.092666667,0.096,0.101333333,0.192333333,0.194,0.156,0.186,0.249,0.215666667,0.191666667,0.197666667,0.197666667,0.181666667,0.158333333,0.209333333,0.271666667,0.218,0.185333333,0.195666667,0.414333333,0.390666667,0.349666667,0.382333333,0.471,0.426333333,0.397666667,0.417333333
SX,y21,0.238666667,0.227333333,0.208333333,0.213333333,0.303666667,0.245666667,0.222,0.229666667,0.253,0.248,0.223666667,0.307333333,0.356666667,0.315,0.264666667,0.268666667,0.272,0.259,0.201333333,0.288,0.337,0.319,0.268,0.292666667,0.313,0.294,0.243,0.301333333,0.321333333,0.337666667,0.319666667,0.314,0.315666667,0.297333333,0.232333333,0.267,0.285666667,0.326,0.327,0.324,0.224333333,0.206666667,0.188,0.262666667,0.282666667,0.29,0.252,0.227333333,0.103666667,0.081,0.053,0.063666667,0.078666667,0.100666667,0.125333333,0.134,0.081,0.069666667,0.037,0.044333333,0.053333333,0.064,0.103,0.107333333,0.11,0.094666667,0.068666667,0.099666667,0.100333333,0.092666667,0.115333333,0.132666667,0.243666667,0.238666667,0.225666667,0.292333333,0.319,0.300666667,0.267333333,0.260666667,0.112333333,0.094666667,0.096,0.144666667,0.178666667,0.15,0.135666667,0.136,0.258333333,0.247666667,0.21,0.227,0.291,0.256666667,0.226,0.247
SX,y22,0.275,0.265666667,0.228,0.214333333,0.305666667,0.284333333,0.241666667,0.252333333,0.347666667,0.329,0.288666667,0.393333333,0.500333333,0.479333333,0.371,0.352333333,0.229,0.208,0.166333333,0.214333333,0.270666667,0.274333333,0.24,0.242,0.33,0.312666667,0.230666667,0.327333333,0.364,0.364666667,0.337333333,0.345,0.294666667,0.267333333,0.222,0.303666667,0.365333333,0.378666667,0.311666667,0.301333333,0.161333333,0.135,0.107333333,0.166666667,0.186333333,0.195666667,0.173333333,0.182666667,0.130666667,0.12,0.106666667,0.149666667,0.161666667,0.151,0.137333333,0.146333333,0.095666667,0.092666667,0.081666667,0.108,0.111,0.112,0.120333333,0.121,0.109,0.108333333,0.072666667,0.1,0.118666667,0.109,0.091666667,0.113,0.183,0.160666667,0.119333333,0.171,0.225333333,0.185333333,0.183,0.191333333,0.245,0.254,0.213666667,0.252666667,0.345666667,0.26,0.201333333,0.233,0.221,0.21,0.182,0.183333333,0.241333333,0.184666667,0.162333333,0.188666667
SX,y23,0.233333333,0.219,0.184,0.185333333,0.272,0.242,0.207666667,0.216666667,0.262666667,0.256,0.216333333,0.24,0.315666667,0.31,0.248333333,0.250666667,0.164333333,0.155333333,0.152,0.235666667,0.264,0.253666667,0.205333333,0.173,0.292333333,0.274666667,0.215,0.309666667,0.338,0.343666667,0.284666667,0.293666667,0.32,0.292,0.201666667,0.251333333,0.290666667,0.318,0.284333333,0.305333333,0.134666667,0.111333333,0.075,0.097,0.107333333,0.12,0.147333333,0.170333333,0.123666667,0.102333333,0.073666667,0.092666667,0.103333333,0.122333333,0.132666667,0.155666667,0.085666667,0.09,0.067,0.104,0.105666667,0.093333333,0.084333333,0.095,0.123666667,0.106666667,0.065333333,0.093666667,0.124333333,0.114,0.116666667,0.144666667,0.083666667,0.075333333,0.063,0.091,0.129333333,0.099333333,0.074666667,0.082666667,0.292666667,0.283333333,0.236,0.294,0.404333333,0.356666667,0.308333333,0.300666667,0.325666667,0.327333333,0.294333333,0.32,0.448,0.358,0.298333333,0.300333333
SX,y24,0.273333333,0.261,0.224333333,0.25,0.356,0.321,0.259,0.277666667,0.297333333,0.292666667,0.255666667,0.357666667,0.455666667,0.416333333,0.314333333,0.293,0.259666667,0.254,0.224333333,0.282333333,0.334666667,0.314333333,0.288666667,0.279,0.352666667,0.333666667,0.288333333,0.369666667,0.397333333,0.397666667,0.358333333,0.355333333,0.247,0.236666667,0.179666667,0.22,0.265333333,0.290666667,0.261666667,0.262,0.181333333,0.172,0.115,0.136,0.152333333,0.167,0.155,0.191666667,0.125333333,0.107,0.089666667,0.129,0.147666667,0.150333333,0.142666667,0.152666667,0.077,0.059666667,0.054333333,0.082,0.083,0.087,0.114333333,0.117333333,0.177333333,0.169,0.129,0.193666667,0.223666667,0.217,0.186333333,0.192,0.219,0.214666667,0.175333333,0.261,0.311666667,0.297,0.256666667,0.231666667,0.180666667,0.175,0.145333333,0.189333333,0.260333333,0.209,0.183,0.178,0.255333333,0.243333333,0.182,0.168,0.248666667,0.221666667,0.208,0.225666667
SX,y25,0.183333333,0.189666667,0.161,0.124333333,0.150333333,0.142,0.159333333,0.173666667,0.161333333,0.143,0.114666667,0.161666667,0.244333333,0.244666667,0.208333333,0.182,0.272666667,0.252333333,0.207333333,0.351666667,0.442,0.431333333,0.351333333,0.303333333,0.238333333,0.217333333,0.189,0.254666667,0.302,0.318,0.289666667,0.289,0.305666667,0.288666667,0.234666667,0.281,0.295666667,0.297333333,0.285333333,0.319333333,0.153666667,0.125666667,0.085333333,0.132,0.155,0.165333333,0.155333333,0.174,0.127333333,0.107,0.096666667,0.130666667,0.134,0.121333333,0.131666667,0.145,0.12,0.121666667,0.103666667,0.143,0.146666667,0.15,0.136333333,0.146,0.116333333,0.112333333,0.09,0.094,0.095666667,0.104333333,0.111333333,0.121333333,0.130333333,0.126666667,0.100333333,0.106666667,0.143666667,0.136666667,0.145333333,0.156666667,0.26,0.263666667,0.232333333,0.254333333,0.317333333,0.288333333,0.238333333,0.228,0.247333333,0.240666667,0.217,0.267666667,0.390666667,0.294,0.217,0.222333333
SX,y26,0.097333333,0.102666667,0.085333333,0.075333333,0.111666667,0.101333333,0.090666667,0.094,0.234333333,0.231666667,0.205,0.255,0.345333333,0.299,0.229666667,0.235333333,0.33,0.304666667,0.254,0.369333333,0.446666667,0.421333333,0.345666667,0.339666667,0.274333333,0.263333333,0.243666667,0.319666667,0.304666667,0.312333333,0.297333333,0.295,0.304666667,0.273666667,0.240666667,0.358,0.392666667,0.399,0.338333333,0.319333333,0.185,0.149333333,0.117666667,0.193666667,0.206333333,0.194,0.208,0.228333333,0.102666667,0.082333333,0.058666667,0.077666667,0.081666667,0.076,0.099333333,0.13,0.119,0.1,0.088666667,0.126666667,0.140666667,0.130666667,0.107,0.145,0.128666667,0.118666667,0.085,0.131666667,0.159333333,0.159,0.145666667,0.149666667,0.166666667,0.150333333,0.116333333,0.159,0.206,0.183,0.171,0.177333333,0.225,0.203666667,0.161333333,0.208666667,0.272666667,0.239333333,0.216333333,0.217,0.230666667,0.233666667,0.194666667,0.203666667,0.299333333,0.251333333,0.201,0.223333333
TJ,y1,0.299,0.252666667,0.228333333,0.148333333,0.179,0.148,0.244333333,0.342,0.27,0.23,0.161666667,0.136666667,0.130333333,0.108,0.239,0.273666667,0.422666667,0.328666667,0.225,0.24,0.291666667,0.321666667,0.51,0.554333333,0.485,0.385333333,0.277,0.377666667,0.445666667,0.499,0.578,0.576,0.461666667,0.391333333,0.255,0.316666667,0.352666667,0.383,0.477666667,0.516333333,0.181333333,0.113666667,0.051333333,0.085666667,0.135666667,0.153,0.292333333,0.267666667,0.162666667,0.170666667,0.147,0.183666667,0.189,0.161333333,0.24,0.224333333,0.099333333,0.089,0.060666667,0.069666667,0.063333333,0.064333333,0.096333333,0.114666667,0.244333333,0.184333333,0.122666667,0.156,0.181666667,0.159333333,0.194,0.270333333,0.250666667,0.235,0.159333333,0.145333333,0.179,0.170333333,0.236666667,0.266333333,0.413666667,0.335,0.279,0.226,0.283333333,0.250333333,0.383,0.472666667,0.233333333,0.229666667,0.204333333,0.139666667,0.145333333,0.104333333,0.138333333,0.239
TJ,y2,0.308666667,0.265666667,0.238333333,0.136333333,0.130666667,0.125333333,0.220333333,0.327333333,0.361333333,0.291666667,0.234333333,0.181333333,0.191,0.186333333,0.312,0.394333333,0.422,0.340666667,0.260333333,0.295,0.293333333,0.320666667,0.437666667,0.497,0.353666667,0.289666667,0.216,0.312666667,0.329,0.317333333,0.447666667,0.449666667,0.269333333,0.205666667,0.165,0.262333333,0.287666667,0.319333333,0.415666667,0.401666667,0.254333333,0.175333333,0.131333333,0.166666667,0.176333333,0.185666667,0.286333333,0.312333333,0.119333333,0.108,0.081333333,0.087666667,0.091666667,0.102666667,0.185333333,0.191333333,0.151333333,0.124333333,0.092,0.117666667,0.117,0.133333333,0.157666667,0.156666667,0.181333333,0.138333333,0.101333333,0.156,0.165,0.115333333,0.171333333,0.233,0.187333333,0.173666667,0.144,0.159666667,0.168666667,0.132,0.173333333,0.215,0.298,0.24,0.194666667,0.212333333,0.242,0.185,0.240333333,0.286,0.270666667,0.229666667,0.232333333,0.216333333,0.260333333,0.237666667,0.329,0.337333333
TJ,y3,0.227,0.209333333,0.192,0.174,0.204666667,0.154,0.199,0.249,0.277,0.264,0.210666667,0.188,0.179,0.162,0.281,0.316333333,0.301666667,0.232666667,0.176333333,0.223,0.228333333,0.212666667,0.306,0.350333333,0.408666667,0.305666667,0.196,0.263666667,0.247666667,0.247333333,0.409666667,0.478,0.372666667,0.37,0.259,0.300666667,0.306666667,0.335333333,0.419666667,0.371333333,0.266,0.218,0.177333333,0.209666667,0.186,0.206,0.349666667,0.344666667,0.127333333,0.099333333,0.057333333,0.074666667,0.084666667,0.119,0.265666667,0.229666667,0.224,0.151,0.100333333,0.148333333,0.154333333,0.194666667,0.334333333,0.315,0.291333333,0.236,0.172,0.216333333,0.210666667,0.193333333,0.342333333,0.361666667,0.448,0.357666667,0.252,0.284666667,0.319333333,0.288,0.469,0.534,0.228666667,0.224333333,0.200666667,0.167666667,0.162333333,0.147333333,0.244,0.267666667,0.253333333,0.253,0.209,0.16,0.182,0.154,0.249333333,0.291333333
TJ,y4,0.324,0.314666667,0.303,0.298,0.303666667,0.256,0.317333333,0.349333333,0.311333333,0.280333333,0.226333333,0.222333333,0.228666667,0.240333333,0.374666667,0.369333333,0.349,0.333,0.269666667,0.283333333,0.282666667,0.232333333,0.370666667,0.398666667,0.297666667,0.248,0.191,0.263333333,0.307333333,0.381,0.495,0.422333333,0.351333333,0.280666667,0.202333333,0.238,0.230666667,0.208333333,0.350666667,0.437,0.219,0.125666667,0.085,0.152333333,0.231666667,0.335,0.424666667,0.321666667,0.145,0.130666667,0.093,0.107333333,0.103,0.102,0.161666667,0.164333333,0.107,0.085666667,0.051666667,0.071333333,0.08,0.090666667,0.159,0.197,0.168,0.154666667,0.109333333,0.114333333,0.094666667,0.117333333,0.286666667,0.251333333,0.187,0.179666667,0.169666667,0.209666667,0.215333333,0.191,0.300666667,0.292666667,0.342333333,0.31,0.243333333,0.227666667,0.245666667,0.202666667,0.350333333,0.37,0.229666667,0.213,0.188666667,0.175333333,0.217,0.175333333,0.236,0.25
TJ,y5,0.357,0.306,0.247333333,0.217,0.221333333,0.194666667,0.375333333,0.449,0.343333333,0.284666667,0.241666667,0.246,0.271333333,0.249,0.441,0.466333333,0.328666667,0.303333333,0.232333333,0.235333333,0.243666667,0.243666667,0.391,0.377,0.319333333,0.301666667,0.258333333,0.280333333,0.247666667,0.252666667,0.435,0.415333333,0.296,0.256333333,0.229333333,0.273,0.236,0.289666667,0.476,0.402666667,0.284,0.246666667,0.213,0.222,0.222666667,0.274,0.431,0.391333333,0.106333333,0.073,0.044666667,0.063,0.059,0.08,0.188333333,0.171,0.143,0.144666667,0.104666667,0.156,0.135333333,0.144333333,0.259333333,0.195666667,0.185666667,0.169333333,0.152666667,0.166,0.136666667,0.143666667,0.269,0.249,0.323,0.272333333,0.190333333,0.178666667,0.169333333,0.161,0.323666667,0.379666667,0.275,0.256666667,0.221,0.189,0.195,0.154333333,0.233333333,0.274,0.305666667,0.279666667,0.249666667,0.236,0.256,0.206333333,0.333333333,0.351333333
TJ,y6,0.281666667,0.274666667,0.227333333,0.212333333,0.18,0.168333333,0.250333333,0.326333333,0.314,0.280333333,0.209,0.169,0.161333333,0.127666667,0.243,0.323,0.383666667,0.295333333,0.207333333,0.270666667,0.331,0.342666667,0.478,0.474333333,0.443,0.341666667,0.271333333,0.382666667,0.414666667,0.434666667,0.610666667,0.601666667,0.317666667,0.247666667,0.178333333,0.279666667,0.290666667,0.307333333,0.445333333,0.418333333,0.221333333,0.146333333,0.062333333,0.076333333,0.100333333,0.175333333,0.324333333,0.303666667,0.207,0.144666667,0.109,0.172333333,0.18,0.190666667,0.285333333,0.281666667,0.109333333,0.084333333,0.05,0.051666667,0.061333333,0.080666667,0.157666667,0.175333333,0.171333333,0.098333333,0.045333333,0.041,0.031666667,0.047,0.183666667,0.227333333,0.255333333,0.233666667,0.205333333,0.203,0.167,0.172,0.348333333,0.344,0.278333333,0.227333333,0.182333333,0.183,0.173666667,0.131,0.241,0.314666667,0.220666667,0.166333333,0.134333333,0.149,0.206333333,0.191,0.285333333,0.299666667
TJ,y7,0.226,0.215333333,0.195666667,0.172333333,0.186666667,0.188,0.274,0.272333333,0.317333333,0.27,0.234333333,0.230333333,0.208,0.234666667,0.417666667,0.41,0.464,0.365,0.259666667,0.234666667,0.303333333,0.358666667,0.541,0.551666667,0.338,0.321333333,0.263,0.332333333,0.312666667,0.323666667,0.453333333,0.437,0.352333333,0.277333333,0.168666667,0.254,0.296,0.338,0.478,0.489666667,0.232,0.190666667,0.133666667,0.171333333,0.160666667,0.193666667,0.315,0.281333333,0.140666667,0.104666667,0.067666667,0.105666667,0.093,0.091666667,0.218333333,0.220666667,0.103666667,0.106666667,0.067666667,0.081,0.063,0.061666667,0.150333333,0.147,0.131666667,0.125666667,0.102,0.113666667,0.075,0.067,0.195333333,0.2,0.18,0.171666667,0.133333333,0.119666667,0.131666667,0.11,0.199,0.228666667,0.335333333,0.327666667,0.273333333,0.232333333,0.196333333,0.142,0.209666667,0.314,0.273666667,0.254333333,0.211333333,0.187666667,0.173,0.118,0.179333333,0.269
TJ,y8,0.332333333,0.325333333,0.270333333,0.218,0.244,0.208333333,0.297666667,0.369333333,0.258333333,0.217666667,0.146,0.124333333,0.152666667,0.128666667,0.250333333,0.316666667,0.409666667,0.3,0.215333333,0.306,0.411333333,0.494,0.649333333,0.586,0.476333333,0.394666667,0.293666667,0.380333333,0.434,0.45,0.538666667,0.538666667,0.232333333,0.168,0.132666667,0.191333333,0.187333333,0.197333333,0.321,0.339666667,0.190333333,0.177,0.157666667,0.161,0.166,0.217333333,0.345333333,0.258666667,0.096,0.116,0.078333333,0.096,0.104666667,0.106666667,0.18,0.139666667,0.125333333,0.122666667,0.079666667,0.074,0.057,0.061,0.144,0.162,0.186333333,0.152666667,0.121333333,0.126333333,0.102,0.09,0.236333333,0.261333333,0.393666667,0.322666667,0.243666667,0.263333333,0.263333333,0.251333333,0.368666667,0.439,0.329,0.293666667,0.251666667,0.247333333,0.261,0.214666667,0.335666667,0.387333333,0.218,0.207666667,0.184,0.151,0.096333333,0.075,0.148333333,0.205
TJ,y9,0.348333333,0.316666667,0.231666667,0.169333333,0.180333333,0.160666667,0.266333333,0.363,0.295,0.256666667,0.195333333,0.140666667,0.108,0.110666667,0.240666667,0.309,0.29,0.242333333,0.201,0.207333333,0.166,0.152,0.247333333,0.280333333,0.387,0.306333333,0.216,0.26,0.273333333,0.297666667,0.462666667,0.484,0.249333333,0.210666667,0.168333333,0.207,0.227333333,0.274666667,0.360333333,0.305666667,0.175333333,0.133,0.086333333,0.151333333,0.159666667,0.185333333,0.265,0.266666667,0.135666667,0.089,0.05,0.058,0.076,0.097,0.191,0.195,0.118666667,0.083333333,0.041,0.084,0.094333333,0.116,0.257666667,0.198333333,0.220333333,0.163,0.128666667,0.155,0.143666667,0.163333333,0.292333333,0.306,0.403666667,0.339666667,0.259666667,0.302333333,0.335333333,0.287,0.439,0.498333333,0.274333333,0.246,0.206666667,0.193,0.207,0.191,0.253,0.291,0.351333333,0.280666667,0.218666667,0.165,0.179666667,0.191333333,0.314333333,0.365666667
TJ,y10,0.321333333,0.286333333,0.241666667,0.230666667,0.215333333,0.187333333,0.273333333,0.311333333,0.394,0.353333333,0.317666667,0.383333333,0.463666667,0.446333333,0.502,0.460666667,0.405333333,0.330666667,0.237666667,0.291,0.313333333,0.296,0.462666667,0.501333333,0.452333333,0.384,0.273,0.288333333,0.319,0.402333333,0.498666667,0.500666667,0.358666667,0.29,0.151,0.217,0.241333333,0.284,0.447666667,0.450333333,0.180333333,0.112,0.080666667,0.132333333,0.137333333,0.168666667,0.274333333,0.244,0.125666667,0.140333333,0.122,0.144666667,0.142333333,0.151666667,0.196666667,0.175666667,0.106666667,0.114666667,0.085333333,0.09,0.079666667,0.092,0.168333333,0.149666667,0.233,0.196333333,0.133333333,0.141,0.140666667,0.13,0.304333333,0.348666667,0.317666667,0.301,0.232,0.204666667,0.213666667,0.164333333,0.303333333,0.386333333,0.279666667,0.278666667,0.216,0.168333333,0.191,0.15,0.275,0.316333333,0.254333333,0.228333333,0.207666667,0.177666667,0.169333333,0.160333333,0.235666667,0.284
TJ,y11,0.329333333,0.303,0.241666667,0.144,0.168666667,0.145666667,0.274666667,0.334666667,0.258,0.286,0.273333333,0.301333333,0.249,0.177,0.203333333,0.250333333,0.460666667,0.385666667,0.282,0.280333333,0.265333333,0.289,0.519666667,0.541333333,0.474666667,0.431333333,0.26,0.344666667,0.368333333,0.344,0.509333333,0.550333333,0.328333333,0.278666667,0.176333333,0.241666667,0.262666667,0.352333333,0.497666667,0.428666667,0.188,0.145666667,0.085333333,0.118,0.131333333,0.172666667,0.358666667,0.286333333,0.145,0.105,0.051,0.065333333,0.061666667,0.077666667,0.201333333,0.207333333,0.114333333,0.132666667,0.116,0.129666667,0.104333333,0.098,0.140666667,0.146,0.166,0.126333333,0.07,0.073,0.065333333,0.071666667,0.201666667,0.227666667,0.282333333,0.23,0.172333333,0.185333333,0.159666667,0.144333333,0.317,0.385333333,0.283,0.215,0.168,0.114,0.155,0.141666667,0.265,0.306666667,0.433,0.365,0.339,0.305666667,0.284333333,0.266,0.385666667,0.43
TJ,y12,0.210666667,0.231333333,0.238,0.190333333,0.163,0.153,0.261,0.242,0.367,0.279666667,0.205666667,0.189,0.211333333,0.218,0.418666667,0.460666667,0.430666667,0.328,0.230666667,0.243,0.255666667,0.296,0.586333333,0.565666667,0.422,0.358666667,0.260666667,0.277,0.280333333,0.291666667,0.419333333,0.473,0.304666667,0.301333333,0.215333333,0.256666667,0.251333333,0.309,0.389,0.341333333,0.205,0.161333333,0.123333333,0.2,0.243666667,0.274,0.349666667,0.299666667,0.107,0.102333333,0.068,0.084666667,0.087333333,0.109666667,0.206,0.171666667,0.093,0.087666667,0.044,0.043333333,0.053666667,0.098333333,0.152333333,0.124333333,0.132333333,0.117666667,0.113666667,0.125666667,0.119333333,0.134,0.276,0.236333333,0.258666667,0.200333333,0.163,0.179333333,0.139333333,0.158333333,0.352666667,0.301666667,0.279666667,0.257,0.232,0.209666667,0.224333333,0.210333333,0.319666667,0.347333333,0.228333333,0.208,0.185333333,0.148333333,0.144,0.126333333,0.194666667,0.227
TJ,y13,0.306333333,0.267333333,0.218,0.123,0.141666667,0.139,0.251,0.312333333,0.277666667,0.228,0.191666667,0.196666667,0.206666667,0.202666667,0.325333333,0.339333333,0.302666667,0.300666667,0.232,0.203333333,0.234333333,0.270666667,0.419,0.398333333,0.421,0.37,0.262666667,0.229666667,0.252333333,0.337,0.495,0.474333333,0.403666667,0.339666667,0.258666667,0.276333333,0.278,0.327333333,0.46,0.466333333,0.151,0.111666667,0.063666667,0.080333333,0.122,0.201333333,0.339,0.224666667,0.115666667,0.077333333,0.061333333,0.087666667,0.096666667,0.136666667,0.265333333,0.197333333,0.083666667,0.085,0.058333333,0.078,0.064666667,0.07,0.180666667,0.139,0.120666667,0.127333333,0.071666667,0.066,0.039666667,0.040666667,0.177,0.177333333,0.223333333,0.217333333,0.166666667,0.176333333,0.163666667,0.138333333,0.246666667,0.262333333,0.279333333,0.268,0.233333333,0.213333333,0.244,0.218666667,0.281666667,0.321,0.293,0.238,0.201666667,0.17,0.178,0.19,0.295666667,0.332333333
TJ,y14,0.262,0.253666667,0.245666667,0.197333333,0.128666667,0.111333333,0.208333333,0.266,0.422,0.353666667,0.282666667,0.208,0.193666667,0.178333333,0.384,0.479666667,0.409666667,0.311666667,0.196333333,0.224333333,0.221333333,0.219,0.411666667,0.473666667,0.391666667,0.297333333,0.213,0.280333333,0.313666667,0.324,0.437333333,0.489,0.309666667,0.298666667,0.236333333,0.28,0.277,0.31,0.438666667,0.383666667,0.187666667,0.154,0.097666667,0.106666667,0.126,0.167,0.287333333,0.231,0.123333333,0.090333333,0.064666667,0.077,0.067666667,0.078666667,0.167,0.180666667,0.111333333,0.091,0.067333333,0.085,0.095,0.124333333,0.189666667,0.170666667,0.187666667,0.163333333,0.093,0.102,0.087333333,0.095666667,0.189,0.228666667,0.275666667,0.224333333,0.184666667,0.202666667,0.213333333,0.166666667,0.268333333,0.311333333,0.361666667,0.286666667,0.192333333,0.153666667,0.200333333,0.165666667,0.276,0.368,0.408666667,0.335666667,0.326,0.330666667,0.386,0.330333333,0.418333333,0.471333333
TJ,y15,0.355666667,0.340666667,0.317,0.245333333,0.263333333,0.238333333,0.360333333,0.387333333,0.248,0.196333333,0.171,0.167666667,0.119666667,0.142,0.340333333,0.334666667,0.375,0.316666667,0.229333333,0.245333333,0.259666667,0.264,0.446,0.457333333,0.414666667,0.346666667,0.250666667,0.314666667,0.282333333,0.282333333,0.446,0.461333333,0.387666667,0.297333333,0.181666667,0.3,0.350333333,0.341666667,0.444333333,0.456,0.305,0.253333333,0.152333333,0.185,0.201,0.223666667,0.397,0.419666667,0.181333333,0.151666667,0.095,0.114666667,0.1,0.100333333,0.201666667,0.227333333,0.118333333,0.105333333,0.054333333,0.046,0.048333333,0.050333333,0.123333333,0.14,0.222,0.203,0.148333333,0.117333333,0.105333333,0.135333333,0.324666667,0.311333333,0.317666667,0.267666667,0.185,0.143,0.181,0.177,0.357333333,0.401,0.301333333,0.274,0.256,0.282666667,0.232333333,0.177,0.296333333,0.344333333,0.250333333,0.237666667,0.218,0.174333333,0.209333333,0.201,0.312,0.312333333
TJ,y16,0.352333333,0.266333333,0.233333333,0.252,0.282,0.244666667,0.350333333,0.401333333,0.222333333,0.231666667,0.221333333,0.207333333,0.157333333,0.134666667,0.22,0.207666667,0.31,0.309333333,0.271,0.326666667,0.302,0.253666667,0.39,0.353333333,0.405333333,0.384,0.310333333,0.416666667,0.431,0.380333333,0.464333333,0.470333333,0.359666667,0.316,0.207333333,0.255,0.271666667,0.302666667,0.436,0.387333333,0.123666667,0.080666667,0.046,0.063,0.068666667,0.146666667,0.343333333,0.227,0.124666667,0.101333333,0.067333333,0.060333333,0.053,0.097666667,0.267,0.222666667,0.114666667,0.116,0.069333333,0.084666667,0.094333333,0.136,0.23,0.174666667,0.181333333,0.141333333,0.125,0.162666667,0.158333333,0.154666667,0.252,0.257,0.293,0.253666667,0.195666667,0.197666667,0.182666667,0.174333333,0.308333333,0.342666667,0.257333333,0.226666667,0.213,0.219333333,0.253,0.207333333,0.274666667,0.333333333,0.398333333,0.367666667,0.337666667,0.364,0.415333333,0.343333333,0.424666667,0.442
TJ,y17,0.387666667,0.341333333,0.281666667,0.249333333,0.240333333,0.18,0.333666667,0.465666667,0.219,0.187333333,0.191,0.175,0.159666667,0.157333333,0.313333333,0.294666667,0.505,0.397666667,0.26,0.217,0.232333333,0.239333333,0.384333333,0.525666667,0.406666667,0.334666667,0.250666667,0.339333333,0.314666667,0.317,0.434333333,0.502,0.410666667,0.338333333,0.222,0.322,0.343,0.397666667,0.498333333,0.479666667,0.191,0.17,0.121333333,0.164,0.146333333,0.188333333,0.365,0.303666667,0.120333333,0.087,0.063666667,0.085333333,0.074333333,0.081666667,0.222333333,0.223,0.13,0.096333333,0.051666667,0.051666667,0.037,0.046,0.122333333,0.165333333,0.132,0.102,0.076666667,0.090666667,0.068333333,0.057333333,0.172,0.207333333,0.218666667,0.204333333,0.146666667,0.145333333,0.153666667,0.121333333,0.234666667,0.280666667,0.203,0.218333333,0.174333333,0.127333333,0.125,0.104666667,0.147666667,0.187,0.291,0.266,0.238333333,0.196,0.154,0.132,0.235666667,0.281666667
TJ,y18,0.266666667,0.252333333,0.2,0.134333333,0.147333333,0.125,0.207333333,0.238,0.333333333,0.262666667,0.215,0.209333333,0.197,0.174,0.353,0.425333333,0.332,0.273333333,0.234,0.275666667,0.256333333,0.246333333,0.367,0.402333333,0.437,0.417333333,0.277333333,0.310666667,0.360666667,0.373,0.584666667,0.481,0.267333333,0.190333333,0.110333333,0.199333333,0.195333333,0.232,0.396,0.365,0.203666667,0.188666667,0.106,0.127333333,0.179333333,0.218333333,0.334666667,0.290666667,0.137,0.128333333,0.096333333,0.122333333,0.128,0.107333333,0.197,0.203,0.14,0.137666667,0.099333333,0.108333333,0.090333333,0.09,0.145666667,0.163,0.138333333,0.108,0.064333333,0.055,0.052666667,0.04,0.113666667,0.190333333,0.296666667,0.24,0.182666667,0.204333333,0.235666667,0.218333333,0.331333333,0.390333333,0.361666667,0.256,0.180666667,0.155666667,0.204333333,0.210333333,0.370333333,0.437,0.289666667,0.306,0.275,0.244333333,0.209666667,0.140333333,0.203333333,0.258333333
TJ,y19,0.221,0.196,0.155333333,0.124333333,0.120333333,0.105333333,0.180333333,0.215666667,0.267333333,0.264333333,0.192666667,0.192,0.176,0.147333333,0.249,0.251,0.392666667,0.310666667,0.189666667,0.251333333,0.287,0.308,0.517,0.501,0.438,0.423333333,0.293666667,0.372666667,0.33,0.368666667,0.476333333,0.470333333,0.289666667,0.288666667,0.195666667,0.255,0.261,0.290333333,0.406,0.361666667,0.191666667,0.151,0.11,0.144666667,0.156333333,0.183666667,0.314333333,0.249666667,0.2,0.145,0.085,0.104666667,0.077333333,0.086666667,0.216,0.240666667,0.139333333,0.098,0.037,0.048666667,0.047333333,0.069333333,0.174,0.198666667,0.175666667,0.166666667,0.129333333,0.134,0.114,0.103,0.224,0.222,0.23,0.196,0.152,0.138666667,0.187,0.167333333,0.277,0.299,0.286666667,0.222,0.201333333,0.196,0.239,0.195333333,0.302666667,0.382666667,0.351333333,0.341333333,0.322333333,0.257333333,0.239666667,0.186333333,0.287666667,0.347333333
TJ,y20,0.321666667,0.271,0.194666667,0.123333333,0.105,0.144,0.302666667,0.339666667,0.177333333,0.152333333,0.140333333,0.126,0.106,0.112,0.205666667,0.211333333,0.395,0.266333333,0.176666667,0.174666667,0.144666667,0.146,0.416,0.471666667,0.285666667,0.242333333,0.166666667,0.211,0.208333333,0.23,0.404333333,0.385,0.424333333,0.385333333,0.274333333,0.362333333,0.359666667,0.399333333,0.569333333,0.529,0.144333333,0.116,0.062333333,0.071333333,0.087333333,0.108,0.208333333,0.165,0.168666667,0.108333333,0.045666667,0.071333333,0.101666667,0.13,0.253,0.253333333,0.087333333,0.064,0.036333333,0.051666667,0.039,0.061,0.174,0.156666667,0.151333333,0.127333333,0.068333333,0.051666667,0.049,0.061,0.233333333,0.235333333,0.209333333,0.186666667,0.171,0.175333333,0.151333333,0.137666667,0.253,0.282,0.279666667,0.220666667,0.183333333,0.132333333,0.152,0.138666667,0.251666667,0.330333333,0.353,0.305,0.287,0.29,0.353666667,0.324,0.397666667,0.414333333
TJ,y21,0.332333333,0.267666667,0.212333333,0.16,0.167,0.178666667,0.315666667,0.37,0.380333333,0.295333333,0.218333333,0.208,0.202333333,0.192,0.393333333,0.451666667,0.398666667,0.299666667,0.247333333,0.305333333,0.267666667,0.226,0.467333333,0.502,0.360666667,0.291333333,0.209,0.245666667,0.242333333,0.262333333,0.496333333,0.478333333,0.436666667,0.331,0.225666667,0.287,0.310333333,0.318666667,0.459666667,0.469666667,0.189,0.149333333,0.128,0.148,0.154333333,0.165333333,0.215,0.229666667,0.128,0.093333333,0.044333333,0.048666667,0.051,0.083,0.232,0.207333333,0.133666667,0.110333333,0.057333333,0.065,0.061333333,0.089333333,0.160333333,0.163666667,0.178,0.158,0.093,0.102333333,0.079,0.063333333,0.169,0.212333333,0.335,0.316666667,0.251666667,0.290333333,0.272333333,0.224333333,0.305333333,0.347,0.255333333,0.263333333,0.247333333,0.230666667,0.224333333,0.193,0.230666667,0.259666667,0.215666667,0.215333333,0.206,0.175,0.176333333,0.168333333,0.223,0.232
TJ,y22,0.337333333,0.308,0.265333333,0.23,0.201,0.192333333,0.29,0.357333333,0.355666667,0.263666667,0.235666667,0.309,0.358,0.334,0.476,0.477333333,0.404333333,0.360333333,0.225,0.188,0.18,0.161666667,0.394,0.477666667,0.420333333,0.311,0.220333333,0.285333333,0.356,0.411333333,0.524666667,0.512666667,0.359666667,0.284666667,0.220333333,0.274,0.290666667,0.347333333,0.463333333,0.415666667,0.257333333,0.211,0.121666667,0.116,0.127666667,0.176,0.353,0.314333333,0.154333333,0.114333333,0.073,0.080333333,0.093333333,0.118,0.227,0.22,0.105666667,0.124666667,0.113333333,0.136333333,0.124333333,0.085,0.119333333,0.136333333,0.164333333,0.147,0.081666667,0.071333333,0.068333333,0.062,0.184666667,0.21,0.234,0.278,0.25,0.225,0.203333333,0.166333333,0.249,0.263666667,0.261,0.232,0.191666667,0.19,0.198333333,0.194666667,0.314333333,0.326333333,0.161666667,0.168666667,0.143,0.112666667,0.138,0.120333333,0.183333333,0.188666667
TJ,y23,0.268666667,0.213333333,0.151,0.129,0.155333333,0.173,0.272,0.307,0.381,0.313,0.226,0.197,0.19,0.201,0.37,0.432666667,0.313333333,0.201333333,0.159,0.191666667,0.202666667,0.221,0.403333333,0.455,0.37,0.352,0.24,0.237,0.224333333,0.292666667,0.486333333,0.468333333,0.314,0.292666667,0.228333333,0.261333333,0.273666667,0.341,0.438,0.403,0.310333333,0.218666667,0.151666667,0.209666667,0.219666667,0.249666667,0.412333333,0.406,0.101666667,0.095333333,0.072333333,0.096333333,0.101333333,0.108,0.214,0.187333333,0.14,0.117666667,0.046666667,0.056,0.065,0.068333333,0.131333333,0.157,0.215666667,0.170666667,0.091,0.096666667,0.120666667,0.114,0.215,0.264666667,0.193,0.179666667,0.128333333,0.158666667,0.147333333,0.114,0.153333333,0.173666667,0.343,0.279,0.242333333,0.239333333,0.291333333,0.267666667,0.375,0.405666667,0.320666667,0.268666667,0.290666667,0.280666667,0.296,0.212,0.309666667,0.354
TJ,y24,0.389333333,0.356666667,0.3,0.234,0.221,0.228333333,0.336333333,0.398333333,0.346333333,0.272333333,0.247666667,0.279,0.272666667,0.200666667,0.356666667,0.427,0.353,0.327666667,0.262,0.274666667,0.231333333,0.209333333,0.348,0.368333333,0.462,0.393666667,0.277333333,0.356666667,0.410333333,0.378,0.463,0.509,0.218,0.191,0.151333333,0.23,0.252,0.251666667,0.405666667,0.346333333,0.256666667,0.196,0.116,0.133666667,0.149666667,0.177666667,0.36,0.348333333,0.181666667,0.164666667,0.091,0.097666667,0.122666667,0.165,0.257,0.206,0.152333333,0.166,0.134,0.130666667,0.097666667,0.101,0.192666667,0.194,0.213,0.185666667,0.129666667,0.155666667,0.159666667,0.149333333,0.239333333,0.292666667,0.274,0.216666667,0.177,0.200666667,0.21,0.211333333,0.297333333,0.354333333,0.226,0.195333333,0.180666667,0.134,0.154,0.128666667,0.228666667,0.257,0.279333333,0.269333333,0.269333333,0.229333333,0.197333333,0.135333333,0.203666667,0.270666667
TJ,y25,0.351333333,0.313333333,0.251666667,0.159666667,0.134333333,0.136333333,0.284666667,0.375,0.294,0.276666667,0.219666667,0.169,0.120666667,0.116,0.231333333,0.269666667,0.445333333,0.337666667,0.237333333,0.275666667,0.292,0.285333333,0.459,0.515666667,0.357666667,0.305666667,0.228666667,0.284,0.280666667,0.296666667,0.454333333,0.403666667,0.441666667,0.351666667,0.208,0.280333333,0.306666667,0.338,0.539333333,0.576666667,0.233333333,0.182,0.111333333,0.103666667,0.114666667,0.148666667,0.387666667,0.322,0.132333333,0.078333333,0.027333333,0.034666667,0.054666667,0.095666667,0.252333333,0.238666667,0.206333333,0.167,0.121,0.168666667,0.159333333,0.133333333,0.187,0.265,0.193333333,0.159666667,0.101,0.085666667,0.054666667,0.064333333,0.279333333,0.273333333,0.253333333,0.180333333,0.132666667,0.127333333,0.126,0.141333333,0.27,0.314,0.323,0.298,0.285333333,0.265666667,0.227,0.188666667,0.288,0.338666667,0.233333333,0.191333333,0.188333333,0.183333333,0.199333333,0.178,0.247,0.260666667
TJ,y26,0.207333333,0.186,0.175666667,0.078,0.053,0.058,0.155333333,0.218,0.289,0.281666667,0.23,0.225333333,0.199333333,0.18,0.319666667,0.341666667,0.370666667,0.350666667,0.277333333,0.358333333,0.369,0.354333333,0.520333333,0.483,0.447,0.38,0.275666667,0.314,0.264,0.290666667,0.495666667,0.511333333,0.328333333,0.289,0.189666667,0.216666667,0.205666667,0.234666667,0.413333333,0.424,0.238,0.181666667,0.135,0.174666667,0.187333333,0.235666667,0.373,0.305666667,0.12,0.096,0.055,0.066666667,0.067,0.08,0.16,0.175333333,0.150666667,0.123666667,0.082666667,0.108,0.125,0.124,0.166666667,0.199333333,0.204333333,0.212333333,0.133,0.137,0.142,0.126333333,0.159,0.193666667,0.287333333,0.224666667,0.158,0.144,0.152333333,0.134666667,0.257,0.365666667,0.27,0.247666667,0.198666667,0.176,0.190333333,0.161,0.268666667,0.297,0.312333333,0.284,0.222666667,0.176,0.174666667,0.123,0.193333333,0.289
XJ,y1,0.205666667,0.194,0.183,0.168,0.136,0.126333333,0.146,0.188,0.217333333,0.207666667,0.193333333,0.163,0.141,0.163666667,0.200333333,0.226,0.326666667,0.317333333,0.309666667,0.273333333,0.298666667,0.326333333,0.321666667,0.333,0.360333333,0.343666667,0.317666667,0.271666667,0.283333333,0.325666667,0.367666667,0.393666667,0.438,0.424,0.395,0.362333333,0.336,0.364,0.401,0.443666667,0.401666667,0.368,0.330666667,0.294333333,0.295,0.333,0.369,0.405,0.298,0.281333333,0.250333333,0.210333333,0.198666667,0.223333333,0.233,0.275,0.348666667,0.329666667,0.305666667,0.250333333,0.225333333,0.242,0.277666667,0.343666667,0.303333333,0.283,0.262333333,0.197,0.175,0.195666667,0.24,0.304666667,0.308666667,0.304,0.289666667,0.235666667,0.234,0.247666667,0.279666667,0.32,0.247,0.227333333,0.214,0.178666667,0.159333333,0.181,0.208333333,0.247333333,0.192333333,0.187666667,0.179666667,0.165666667,0.135333333,0.142,0.159666667,0.183666667
XJ,y2,0.183,0.183,0.172666667,0.152333333,0.135666667,0.154,0.161,0.175,0.298333333,0.294666667,0.288333333,0.257666667,0.227333333,0.221666667,0.252333333,0.284666667,0.356333333,0.338,0.323,0.284,0.292333333,0.329666667,0.355666667,0.38,0.389333333,0.371,0.361333333,0.319666667,0.324666667,0.340666667,0.361666667,0.405,0.428333333,0.412,0.380333333,0.329,0.304,0.32,0.357666667,0.427666667,0.383666667,0.367,0.322333333,0.286333333,0.262333333,0.286333333,0.31,0.351333333,0.316,0.3,0.254333333,0.214,0.194666667,0.224333333,0.249333333,0.292,0.352,0.333666667,0.303,0.244333333,0.236333333,0.262,0.291,0.345333333,0.323666667,0.310333333,0.297333333,0.226666667,0.223333333,0.252,0.286333333,0.335333333,0.273,0.272,0.259666667,0.203333333,0.188,0.201333333,0.223666667,0.268333333,0.254,0.246666667,0.236,0.213333333,0.22,0.229,0.222333333,0.246,0.219666667,0.217666667,0.212333333,0.192333333,0.159666667,0.163666667,0.182666667,0.218
XJ,y3,0.243666667,0.241,0.242333333,0.222,0.173333333,0.173333333,0.207,0.233333333,0.210333333,0.205,0.197333333,0.159666667,0.130333333,0.139333333,0.184333333,0.225,0.343666667,0.328333333,0.311333333,0.237333333,0.219666667,0.220666667,0.283666667,0.359333333,0.424333333,0.413333333,0.388333333,0.318,0.299333333,0.296666667,0.338,0.417333333,0.424,0.384666667,0.341,0.292333333,0.286,0.316666667,0.358666667,0.428333333,0.363666667,0.321666667,0.264333333,0.224333333,0.212666667,0.234333333,0.270666667,0.345666667,0.328666667,0.288666667,0.236333333,0.188,0.188333333,0.228333333,0.247,0.306,0.318666667,0.299333333,0.267666667,0.217,0.197333333,0.218,0.255333333,0.311,0.363666667,0.344,0.331666667,0.260333333,0.236,0.243,0.282,0.358,0.287333333,0.272333333,0.259,0.188666667,0.182333333,0.192,0.232,0.298666667,0.258,0.251,0.247,0.219666667,0.209,0.210666667,0.209333333,0.245666667,0.198333333,0.201333333,0.200333333,0.177666667,0.144333333,0.140666667,0.152,0.186333333
XJ,y4,0.177666667,0.172333333,0.171,0.152333333,0.12,0.109,0.126333333,0.171,0.250333333,0.232,0.216333333,0.184,0.164666667,0.163,0.196666667,0.247,0.279333333,0.266,0.250666667,0.208666667,0.213666667,0.235333333,0.248,0.279666667,0.373666667,0.355,0.332666667,0.274333333,0.288666667,0.320666667,0.330666667,0.379333333,0.411333333,0.375666667,0.329666667,0.295,0.286333333,0.310666667,0.346333333,0.406666667,0.36,0.317,0.273,0.248,0.228,0.257333333,0.300666667,0.356333333,0.291333333,0.26,0.211666667,0.155333333,0.141333333,0.178666667,0.206333333,0.275666667,0.285666667,0.238,0.191666667,0.131666667,0.116666667,0.150333333,0.189,0.279666667,0.319333333,0.294666667,0.27,0.212333333,0.204333333,0.228333333,0.262,0.323333333,0.301,0.274666667,0.263333333,0.214666667,0.197666667,0.215,0.249666667,0.302666667,0.229333333,0.230333333,0.230666667,0.191,0.174666667,0.186,0.189666667,0.23,0.220333333,0.216666667,0.211666667,0.194,0.168666667,0.159666667,0.183333333,0.220666667
XJ,y5,0.197,0.19,0.196,0.181,0.153,0.147666667,0.153666667,0.189,0.273333333,0.267666667,0.261333333,0.229666667,0.209666667,0.205666667,0.229333333,0.277666667,0.337666667,0.316333333,0.299,0.266,0.278666667,0.309333333,0.32,0.349,0.335,0.308333333,0.286333333,0.224666667,0.242333333,0.272666667,0.292,0.352666667,0.377666667,0.350333333,0.323,0.293666667,0.28,0.294666667,0.319,0.371666667,0.349,0.315666667,0.267666667,0.214,0.208333333,0.241,0.276333333,0.348666667,0.317333333,0.272333333,0.228,0.185333333,0.156333333,0.185666667,0.238333333,0.318333333,0.337333333,0.304,0.261666667,0.207666667,0.205333333,0.243,0.276333333,0.335333333,0.347666667,0.318333333,0.292,0.215333333,0.186666667,0.214666667,0.268666667,0.356666667,0.240333333,0.230666667,0.216,0.149,0.136333333,0.153666667,0.181,0.242,0.295333333,0.276,0.265666667,0.220333333,0.193333333,0.197,0.239333333,0.3,0.228333333,0.222,0.212666667,0.190333333,0.163,0.155333333,0.174333333,0.22
XJ,y6,0.239,0.236333333,0.233666667,0.211666667,0.184666667,0.181,0.2,0.245333333,0.228333333,0.219,0.218333333,0.195,0.174333333,0.173333333,0.188,0.224,0.286333333,0.267,0.254333333,0.199666667,0.197,0.208666667,0.240333333,0.302333333,0.382333333,0.369,0.349333333,0.277,0.279333333,0.302,0.326333333,0.377666667,0.334,0.309,0.279,0.236666667,0.234,0.265666667,0.280333333,0.340333333,0.337,0.312333333,0.270333333,0.237,0.227,0.249666667,0.278,0.325666667,0.37,0.322666667,0.272666667,0.239,0.217333333,0.252666667,0.309333333,0.376333333,0.275,0.239666667,0.205666667,0.155333333,0.163,0.197666667,0.221666667,0.271666667,0.318666667,0.301666667,0.279333333,0.215,0.206333333,0.223,0.262666667,0.335666667,0.345666667,0.325333333,0.306,0.241666667,0.219666667,0.221333333,0.269333333,0.339,0.235333333,0.221666667,0.23,0.223,0.223333333,0.213333333,0.217666667,0.249333333,0.180333333,0.175,0.179,0.167,0.149,0.140333333,0.147666667,0.179
XJ,y7,0.197666667,0.199333333,0.205,0.183333333,0.165666667,0.165,0.16,0.19,0.24,0.229666667,0.224666667,0.194666667,0.175666667,0.175,0.198666667,0.241,0.327,0.312,0.291,0.228333333,0.226333333,0.243,0.277666667,0.327666667,0.406666667,0.394666667,0.372666667,0.322666667,0.326333333,0.348666667,0.363333333,0.401333333,0.374333333,0.355,0.310666667,0.248333333,0.240333333,0.253,0.272,0.347666667,0.363,0.331666667,0.285,0.242333333,0.246666667,0.277,0.311666667,0.367,0.359333333,0.324333333,0.273666667,0.219666667,0.205666667,0.246333333,0.286,0.355333333,0.325333333,0.289666667,0.249666667,0.193,0.174333333,0.195,0.23,0.316333333,0.307333333,0.282666667,0.255666667,0.192333333,0.170666667,0.184666667,0.233333333,0.313666667,0.257666667,0.243666667,0.229,0.176,0.168,0.187333333,0.219333333,0.270333333,0.237,0.227,0.216666667,0.180333333,0.145333333,0.135666667,0.174,0.229666667,0.183666667,0.174666667,0.176666667,0.173,0.144,0.132333333,0.153,0.186666667
XJ,y8,0.166333333,0.162,0.165666667,0.156333333,0.115666667,0.108333333,0.124,0.159333333,0.226,0.216333333,0.213666667,0.187333333,0.158,0.153,0.182,0.232666667,0.346333333,0.323666667,0.306666667,0.245333333,0.244666667,0.258333333,0.271333333,0.339,0.396333333,0.376333333,0.364666667,0.337333333,0.329333333,0.349333333,0.372666667,0.399333333,0.351333333,0.323333333,0.288,0.222333333,0.199333333,0.223,0.253666667,0.339333333,0.387,0.343,0.298,0.255,0.217333333,0.246,0.290666667,0.373,0.337,0.292,0.242,0.189333333,0.157,0.187,0.234,0.325,0.357666667,0.324333333,0.289666667,0.235333333,0.200333333,0.228,0.273,0.348666667,0.314,0.300666667,0.288,0.230333333,0.211,0.219666667,0.245666667,0.305,0.258,0.248,0.237666667,0.186,0.178333333,0.194333333,0.205333333,0.256,0.191333333,0.184333333,0.186666667,0.157333333,0.139,0.144666667,0.155,0.2,0.212,0.196333333,0.197333333,0.193666667,0.177666667,0.167333333,0.178333333,0.211
XJ,y9,0.198,0.187,0.189333333,0.180666667,0.135333333,0.117666667,0.145666667,0.187,0.227666667,0.221666667,0.218,0.182,0.153333333,0.155,0.181,0.23,0.300666667,0.275333333,0.256333333,0.195333333,0.174,0.194333333,0.236,0.31,0.395666667,0.369333333,0.340666667,0.288666667,0.305333333,0.341333333,0.354,0.394,0.317666667,0.293666667,0.255666667,0.203,0.194333333,0.226,0.245,0.300333333,0.353333333,0.317666667,0.271666667,0.216666667,0.194666667,0.222,0.255333333,0.334,0.298333333,0.275666667,0.234666667,0.182666667,0.175333333,0.207333333,0.220333333,0.282666667,0.313333333,0.271,0.229666667,0.180666667,0.167333333,0.200666667,0.236333333,0.307,0.268666667,0.254,0.232,0.177,0.180333333,0.205333333,0.229333333,0.276,0.266,0.250666667,0.238666667,0.183,0.162333333,0.164666667,0.187333333,0.256,0.292,0.288,0.284,0.25,0.228,0.224333333,0.247,0.298333333,0.220666667,0.211666667,0.208333333,0.191333333,0.156333333,0.145,0.163333333,0.198333333
XJ,y10,0.197666667,0.196,0.196666667,0.179,0.142,0.126,0.143333333,0.188333333,0.236666667,0.223333333,0.218333333,0.183333333,0.156666667,0.165666667,0.194,0.247,0.299333333,0.277333333,0.271666667,0.244,0.269333333,0.291666667,0.297333333,0.335,0.437333333,0.405,0.362666667,0.294666667,0.295333333,0.330333333,0.37,0.443666667,0.411666667,0.393,0.357333333,0.31,0.296333333,0.307666667,0.328,0.389,0.394333333,0.357333333,0.298666667,0.249666667,0.234333333,0.266333333,0.306,0.374,0.377,0.333333333,0.275333333,0.241,0.237333333,0.267,0.301333333,0.37,0.296666667,0.276333333,0.237333333,0.166333333,0.145,0.166333333,0.192333333,0.274666667,0.279666667,0.261666667,0.238333333,0.168666667,0.165,0.19,0.219,0.283,0.303666667,0.298666667,0.282333333,0.221,0.21,0.218333333,0.241,0.286,0.237333333,0.238333333,0.239666667,0.200666667,0.173333333,0.175333333,0.181333333,0.225,0.194,0.188666667,0.189,0.175333333,0.146,0.135666667,0.156666667,0.186666667
XJ,y11,0.166333333,0.164666667,0.166333333,0.151333333,0.120666667,0.114,0.128333333,0.157333333,0.212666667,0.197333333,0.186333333,0.158,0.146,0.148333333,0.164666667,0.208333333,0.35,0.327,0.304,0.245666667,0.23,0.235333333,0.268,0.345333333,0.356666667,0.341333333,0.319,0.263,0.272333333,0.297333333,0.305666667,0.359333333,0.346333333,0.322333333,0.281,0.223,0.220333333,0.261,0.291333333,0.340333333,0.34,0.308,0.253,0.209333333,0.220666667,0.269666667,0.299,0.331,0.270666667,0.241333333,0.193,0.130333333,0.115,0.146666667,0.169666667,0.235,0.282333333,0.257333333,0.222666667,0.164666667,0.150666667,0.172333333,0.203333333,0.276,0.277666667,0.250666667,0.229333333,0.160666667,0.163333333,0.191333333,0.227,0.290666667,0.263,0.253666667,0.241333333,0.192333333,0.177,0.188666667,0.206666667,0.254333333,0.218,0.213333333,0.206,0.170666667,0.163666667,0.173333333,0.167,0.203666667,0.177,0.173,0.171333333,0.159333333,0.128333333,0.115333333,0.126666667,0.161
XJ,y12,0.166,0.154666667,0.148666667,0.143,0.124333333,0.120666667,0.128,0.163,0.240666667,0.230333333,0.228666667,0.201666667,0.167333333,0.152,0.167666667,0.224666667,0.305333333,0.284333333,0.263,0.207,0.207,0.238666667,0.267,0.324,0.321333333,0.300333333,0.281333333,0.235666667,0.277666667,0.332333333,0.336,0.343,0.383,0.355,0.324,0.292333333,0.274333333,0.293666667,0.317,0.369,0.327666667,0.296333333,0.253333333,0.217,0.212,0.240666667,0.265333333,0.312333333,0.325,0.284333333,0.232666667,0.197333333,0.187333333,0.223666667,0.257333333,0.314333333,0.353666667,0.326666667,0.291,0.226,0.204,0.227,0.275,0.360666667,0.356666667,0.336666667,0.315,0.251333333,0.226333333,0.244,0.289333333,0.360666667,0.252333333,0.240666667,0.232333333,0.163666667,0.146666667,0.168666667,0.189666667,0.246333333,0.212666667,0.203,0.190333333,0.155666667,0.133333333,0.138333333,0.157666667,0.199666667,0.172666667,0.167666667,0.166,0.150333333,0.11,0.097666667,0.117,0.154666667
XJ,y13,0.18,0.177,0.174333333,0.155333333,0.115666667,0.110333333,0.127,0.167,0.23,0.231666667,0.229,0.189666667,0.172333333,0.190333333,0.216,0.247333333,0.319666667,0.301666667,0.291,0.247333333,0.239333333,0.251333333,0.271333333,0.331,0.36,0.343666667,0.317333333,0.245,0.228666667,0.251666667,0.277666667,0.342,0.437333333,0.412,0.384666667,0.342,0.327,0.353333333,0.391666667,0.436666667,0.363,0.326333333,0.277,0.23,0.222666667,0.251666667,0.281,0.345333333,0.342,0.298,0.247666667,0.224,0.218,0.238,0.265666667,0.331666667,0.325,0.3,0.265,0.198666667,0.177333333,0.199666667,0.245333333,0.329,0.292333333,0.256,0.238666667,0.170333333,0.156666667,0.182666667,0.235666667,0.313333333,0.285,0.272666667,0.259666667,0.210666667,0.187333333,0.194333333,0.228,0.276666667,0.239,0.227666667,0.221333333,0.187333333,0.159666667,0.165,0.198,0.239666667,0.165,0.158666667,0.155666667,0.139666667,0.109666667,0.105,0.128,0.156333333
XJ,y14,0.146666667,0.140333333,0.137333333,0.127666667,0.107666667,0.099333333,0.108666667,0.135666667,0.215,0.201666667,0.199333333,0.168666667,0.148333333,0.149333333,0.161666667,0.211666667,0.326666667,0.312,0.303,0.245,0.229666667,0.253,0.289,0.345,0.346333333,0.328666667,0.310666667,0.248666667,0.253,0.278333333,0.291333333,0.34,0.394666667,0.364666667,0.327,0.259666667,0.237333333,0.271333333,0.312333333,0.383,0.347,0.319333333,0.267666667,0.211333333,0.193333333,0.231,0.272666667,0.33,0.325666667,0.292333333,0.242333333,0.189,0.160666667,0.186666667,0.230666667,0.310333333,0.321,0.290666667,0.257666667,0.213666667,0.208333333,0.240333333,0.280666667,0.336,0.308666667,0.277666667,0.252333333,0.196666667,0.188,0.206333333,0.237,0.302666667,0.253333333,0.242,0.236666667,0.174,0.144333333,0.155333333,0.194,0.256,0.197666667,0.182333333,0.171333333,0.143,0.140666667,0.147,0.166333333,0.206,0.242,0.233,0.232333333,0.217,0.189666667,0.183,0.196666667,0.229666667
XJ,y15,0.219666667,0.209333333,0.206333333,0.188,0.162,0.158666667,0.169,0.207,0.213333333,0.198,0.191666667,0.172333333,0.17,0.174333333,0.186666667,0.225666667,0.358333333,0.334666667,0.314666667,0.25,0.239,0.249666667,0.289333333,0.362666667,0.415333333,0.392333333,0.372333333,0.301,0.268333333,0.273333333,0.329666667,0.422,0.408,0.377333333,0.348,0.296666667,0.269,0.286666667,0.334666667,0.401333333,0.409333333,0.374,0.324,0.300666667,0.292333333,0.319666667,0.361,0.412333333,0.327666667,0.282,0.235333333,0.176333333,0.160666667,0.198333333,0.233,0.315,0.304333333,0.269,0.239666667,0.175666667,0.146,0.175666667,0.215333333,0.297333333,0.300666667,0.280333333,0.262,0.204666667,0.182666667,0.195,0.243,0.315666667,0.259666667,0.240333333,0.231666667,0.177333333,0.186333333,0.206,0.22,0.259,0.249333333,0.238,0.238,0.214666667,0.191333333,0.185333333,0.206666667,0.250666667,0.204666667,0.197333333,0.197666667,0.183666667,0.152666667,0.148333333,0.172666667,0.206666667
XJ,y16,0.27,0.253333333,0.257,0.242,0.206333333,0.194666667,0.210666667,0.257666667,0.209333333,0.203,0.199666667,0.182,0.159666667,0.154,0.164333333,0.204666667,0.385666667,0.355666667,0.332333333,0.305333333,0.307333333,0.307,0.334,0.402333333,0.350666667,0.330666667,0.309,0.253666667,0.272333333,0.304666667,0.326666667,0.377333333,0.38,0.352333333,0.317666667,0.29,0.279333333,0.307333333,0.327666667,0.369,0.353333333,0.332333333,0.284333333,0.230333333,0.204666667,0.225,0.258333333,0.33,0.298,0.275333333,0.239,0.195666667,0.167666667,0.188333333,0.220333333,0.289333333,0.379,0.357333333,0.322,0.266666667,0.242333333,0.258333333,0.296666667,0.375,0.303,0.289666667,0.276666667,0.228333333,0.22,0.235,0.262333333,0.309666667,0.261333333,0.260666667,0.259333333,0.214,0.204666667,0.200333333,0.207333333,0.256,0.238666667,0.221,0.217666667,0.186,0.166333333,0.166333333,0.173333333,0.23,0.264333333,0.252333333,0.256,0.246666667,0.225,0.220333333,0.227666667,0.26
XJ,y17,0.223666667,0.216666667,0.217666667,0.202333333,0.158,0.140666667,0.170333333,0.223,0.274333333,0.269,0.262,0.227666667,0.184666667,0.179666667,0.208333333,0.255333333,0.305666667,0.282666667,0.274666667,0.238,0.221,0.224,0.262666667,0.325,0.362333333,0.338,0.314333333,0.243,0.24,0.262,0.293666667,0.345666667,0.357,0.335666667,0.305666667,0.266,0.259333333,0.281666667,0.299,0.354,0.297,0.266333333,0.226,0.183,0.177,0.207666667,0.228333333,0.285,0.335666667,0.303333333,0.252666667,0.193666667,0.183333333,0.222333333,0.259,0.324,0.317,0.285,0.252666667,0.198,0.189666667,0.218666667,0.256666667,0.328666667,0.374333333,0.347333333,0.314666667,0.253333333,0.230333333,0.246333333,0.290333333,0.371333333,0.286666667,0.274,0.264333333,0.191666667,0.160666667,0.163666667,0.213,0.291333333,0.233,0.223333333,0.220666667,0.188,0.161333333,0.155,0.184333333,0.225333333,0.17,0.162,0.159666667,0.148333333,0.121,0.109666667,0.135666667,0.167
XJ,y18,0.173666667,0.166666667,0.165666667,0.15,0.117666667,0.11,0.119666667,0.160666667,0.228,0.216,0.209,0.18,0.153666667,0.153333333,0.179,0.225666667,0.327666667,0.312,0.295333333,0.214666667,0.200666667,0.210666667,0.247,0.320333333,0.320666667,0.301,0.283,0.233666667,0.263,0.301666667,0.321666667,0.346333333,0.353333333,0.332333333,0.297666667,0.242666667,0.230333333,0.264333333,0.290333333,0.337666667,0.296666667,0.263333333,0.228,0.182666667,0.17,0.204333333,0.232,0.285333333,0.265666667,0.232,0.188333333,0.138666667,0.129333333,0.156666667,0.181333333,0.251666667,0.292666667,0.272,0.233666667,0.167,0.147,0.182333333,0.221333333,0.287333333,0.358333333,0.334333333,0.317666667,0.244666667,0.212,0.215666667,0.271,0.371666667,0.253,0.232,0.221333333,0.172333333,0.177333333,0.193666667,0.204666667,0.254,0.302333333,0.289,0.285,0.253666667,0.247666667,0.240666667,0.253,0.305333333,0.231666667,0.225,0.226666667,0.215666667,0.193666667,0.202333333,0.214,0.230666667
XJ,y19,0.209333333,0.195666667,0.196666667,0.185666667,0.13,0.119666667,0.145666667,0.198,0.236666667,0.230333333,0.230333333,0.207333333,0.19,0.187666667,0.202333333,0.238666667,0.289666667,0.270333333,0.265,0.198666667,0.192666667,0.218,0.249,0.307333333,0.411333333,0.384333333,0.356666667,0.296666667,0.280333333,0.292666667,0.338666667,0.418333333,0.402333333,0.371,0.329,0.299,0.305333333,0.338333333,0.363666667,0.396666667,0.332,0.296,0.253333333,0.234333333,0.248333333,0.285333333,0.304,0.331,0.275666667,0.241,0.191666667,0.156,0.167333333,0.202666667,0.213666667,0.258,0.363,0.322666667,0.285666667,0.239,0.213333333,0.238666667,0.288333333,0.367666667,0.32,0.304,0.292333333,0.228666667,0.227,0.239333333,0.260666667,0.323666667,0.282333333,0.267333333,0.259,0.203333333,0.200333333,0.210666667,0.241666667,0.296,0.212,0.207333333,0.209,0.184666667,0.17,0.163,0.163666667,0.198333333,0.176,0.173666667,0.179666667,0.165,0.127333333,0.117,0.131333333,0.162333333
XJ,y20,0.192666667,0.185,0.192666667,0.181,0.145333333,0.137333333,0.147333333,0.189333333,0.228,0.222,0.215333333,0.187,0.168333333,0.167666667,0.190333333,0.223333333,0.298666667,0.271333333,0.257,0.201333333,0.177666667,0.189,0.242666667,0.313666667,0.411,0.392,0.375333333,0.309666667,0.286666667,0.298333333,0.345,0.421666667,0.367,0.352666667,0.309666667,0.261,0.275666667,0.31,0.318666667,0.352,0.328333333,0.293333333,0.251666667,0.214333333,0.202,0.221,0.242333333,0.307,0.307666667,0.28,0.246,0.202666667,0.182666667,0.198666667,0.233,0.309666667,0.346,0.302,0.264333333,0.204333333,0.173333333,0.195333333,0.241666667,0.338666667,0.281333333,0.261666667,0.240666667,0.169333333,0.153333333,0.175,0.201333333,0.271,0.271,0.258,0.247,0.187,0.166,0.180333333,0.217333333,0.288,0.252333333,0.233666667,0.224,0.2,0.195,0.19,0.197666667,0.237333333,0.217666667,0.208333333,0.213,0.201666667,0.174666667,0.168333333,0.180333333,0.210333333
XJ,y21,0.223666667,0.216333333,0.225666667,0.205333333,0.162333333,0.161666667,0.177333333,0.213666667,0.265,0.243,0.236333333,0.208,0.195666667,0.199333333,0.223,0.271,0.359,0.330333333,0.312333333,0.252,0.254666667,0.273,0.308,0.371666667,0.350333333,0.329,0.313333333,0.248666667,0.243666667,0.259333333,0.286,0.350333333,0.361666667,0.333,0.300333333,0.260333333,0.260666667,0.295666667,0.323666667,0.364666667,0.289666667,0.265333333,0.229,0.192666667,0.184333333,0.199333333,0.210666667,0.274333333,0.369666667,0.341333333,0.292,0.242666667,0.241,0.265666667,0.291666667,0.351333333,0.35,0.331333333,0.308,0.264666667,0.241666667,0.258,0.292666667,0.358,0.337666667,0.307666667,0.284666667,0.245666667,0.232333333,0.244666667,0.284333333,0.348,0.350666667,0.333333333,0.319666667,0.261666667,0.243333333,0.248,0.280666667,0.346666667,0.23,0.216333333,0.205666667,0.17,0.158,0.158666667,0.174333333,0.22,0.203333333,0.199333333,0.204333333,0.191666667,0.148,0.140333333,0.166666667,0.204333333
XJ,y22,0.236333333,0.224666667,0.218666667,0.204333333,0.167666667,0.162,0.188666667,0.228666667,0.229666667,0.213666667,0.213666667,0.182666667,0.163333333,0.164,0.182666667,0.224666667,0.339333333,0.317333333,0.303,0.233666667,0.227,0.240666667,0.266,0.341666667,0.376,0.350666667,0.327666667,0.263,0.249,0.272,0.309666667,0.39,0.401666667,0.371333333,0.339,0.296333333,0.290666667,0.321666667,0.340666667,0.398,0.371666667,0.327,0.283,0.248,0.238333333,0.268666667,0.303,0.368333333,0.302333333,0.265333333,0.221333333,0.167,0.158,0.187333333,0.221333333,0.289333333,0.330333333,0.285333333,0.233,0.175666667,0.153666667,0.187,0.239333333,0.322333333,0.211666667,0.191333333,0.171,0.108333333,0.096,0.113666667,0.136333333,0.209333333,0.309,0.286333333,0.268666667,0.203333333,0.184333333,0.198,0.241666667,0.319333333,0.292,0.271666667,0.260666667,0.239,0.229,0.232666667,0.244666667,0.286,0.18,0.172333333,0.172,0.156333333,0.121333333,0.122333333,0.15,0.180666667
XJ,y23,0.193666667,0.19,0.196666667,0.181333333,0.13,0.118,0.145666667,0.189,0.230333333,0.220333333,0.222666667,0.197333333,0.172333333,0.162333333,0.180666667,0.222333333,0.323,0.299333333,0.287333333,0.211,0.191666667,0.191333333,0.248333333,0.344333333,0.383666667,0.356666667,0.326333333,0.293333333,0.284333333,0.301333333,0.317333333,0.384,0.395666667,0.368333333,0.329,0.269333333,0.245333333,0.263666667,0.299666667,0.384333333,0.368666667,0.329333333,0.288333333,0.247,0.223666667,0.239666667,0.274333333,0.353,0.315666667,0.269666667,0.224,0.196333333,0.193,0.228,0.26,0.316666667,0.314333333,0.278333333,0.244,0.205333333,0.193333333,0.218333333,0.247,0.313333333,0.267333333,0.244333333,0.224333333,0.173,0.176333333,0.203,0.232666667,0.281333333,0.297666667,0.289333333,0.279,0.228333333,0.195,0.192,0.235666667,0.301333333,0.215,0.206333333,0.204666667,0.176666667,0.149666667,0.143,0.167333333,0.209666667,0.204333333,0.199,0.197333333,0.177333333,0.137333333,0.130666667,0.150666667,0.186
XJ,y24,0.211,0.209,0.218,0.202666667,0.172333333,0.160666667,0.171666667,0.205666667,0.214333333,0.203333333,0.207333333,0.178,0.158333333,0.149666667,0.161333333,0.211,0.31,0.308,0.304,0.238,0.226333333,0.244,0.265333333,0.315333333,0.429333333,0.407666667,0.385333333,0.332666667,0.327666667,0.348333333,0.377666667,0.435666667,0.407333333,0.387,0.368666667,0.333666667,0.331666667,0.35,0.361666667,0.397666667,0.321,0.291666667,0.253666667,0.202333333,0.167333333,0.185666667,0.218,0.302333333,0.313,0.279333333,0.229666667,0.176,0.173333333,0.219666667,0.246333333,0.307,0.309333333,0.275333333,0.238,0.183333333,0.163666667,0.185333333,0.220333333,0.301333333,0.364,0.34,0.315,0.252666667,0.233666667,0.248,0.295,0.368,0.298,0.279333333,0.27,0.21,0.199666667,0.206,0.242,0.306666667,0.263,0.248,0.246666667,0.219333333,0.216,0.228333333,0.234333333,0.270666667,0.230666667,0.221666667,0.22,0.211,0.182666667,0.175333333,0.187333333,0.215
XJ,y25,0.189333333,0.187,0.191666667,0.181666667,0.151666667,0.15,0.16,0.193666667,0.245666667,0.232,0.229,0.203666667,0.19,0.183666667,0.197666667,0.242333333,0.289333333,0.272333333,0.257333333,0.175666667,0.161,0.182333333,0.223666667,0.291,0.405333333,0.374,0.349,0.295,0.254666667,0.267,0.319666667,0.414666667,0.385,0.359,0.327,0.297666667,0.286666667,0.307333333,0.334,0.382333333,0.314666667,0.272333333,0.228333333,0.208,0.218333333,0.250666667,0.270666667,0.315,0.296,0.254,0.220666667,0.190666667,0.173,0.193333333,0.220333333,0.291666667,0.353333333,0.316,0.278666667,0.217333333,0.186666667,0.204,0.256666667,0.348333333,0.274666667,0.246333333,0.217666667,0.166,0.142,0.145333333,0.182666667,0.270666667,0.295,0.284333333,0.276666667,0.231666667,0.213333333,0.219666667,0.238333333,0.295,0.246333333,0.228666667,0.217,0.195,0.185666667,0.191,0.201,0.240666667,0.170333333,0.171333333,0.173333333,0.161666667,0.121666667,0.11,0.122666667,0.154
XJ,y26,0.144333333,0.141,0.141333333,0.126,0.088,0.082666667,0.097,0.127666667,0.246333333,0.247,0.247,0.223,0.198333333,0.188,0.205666667,0.247333333,0.318,0.290666667,0.265,0.214,0.204333333,0.218,0.264333333,0.339333333,0.364666667,0.338666667,0.319666667,0.245333333,0.219333333,0.217666667,0.26,0.357666667,0.414666667,0.388,0.349,0.307333333,0.285,0.303,0.34,0.411333333,0.329333333,0.292666667,0.259666667,0.226666667,0.217666667,0.247666667,0.283333333,0.340333333,0.331666667,0.292333333,0.242666667,0.19,0.172666667,0.207,0.236,0.308,0.337333333,0.302333333,0.268333333,0.223666667,0.216333333,0.246666667,0.287333333,0.359,0.322,0.298666667,0.288666667,0.231333333,0.209333333,0.219,0.262,0.334,0.303,0.279666667,0.265333333,0.212333333,0.200666667,0.212333333,0.258,0.309,0.244666667,0.236666667,0.230666667,0.202,0.18,0.185333333,0.206,0.236333333,0.159333333,0.157,0.153333333,0.139,0.113333333,0.106666667,0.121,0.151333333
XZ,y1,0.258666667,0.263666667,0.279666667,0.264,0.321666667,0.313,0.245,0.246333333,0.217666667,0.231,0.246666667,0.232,0.246,0.266,0.241666667,0.221666667,0.341333333,0.353666667,0.338333333,0.334333333,0.422333333,0.475333333,0.432666667,0.367,0.385666667,0.393,0.354333333,0.312,0.346333333,0.425333333,0.444666667,0.411333333,0.349,0.368666667,0.334,0.311,0.336,0.392333333,0.428,0.405666667,0.360666667,0.349,0.285,0.235666667,0.231,0.268666667,0.310666667,0.371666667,0.265333333,0.256333333,0.207666667,0.185333333,0.195666667,0.221333333,0.235,0.261333333,0.295333333,0.259666667,0.189666667,0.162666667,0.181666667,0.202666667,0.231666667,0.314666667,0.308,0.293,0.259666667,0.222,0.217333333,0.246,0.305666667,0.329,0.248666667,0.265,0.252666667,0.2,0.223666667,0.259333333,0.267333333,0.263666667,0.339666667,0.330666667,0.313666667,0.269333333,0.309333333,0.326333333,0.303,0.310333333,0.204333333,0.217,0.221,0.195,0.214,0.216,0.185333333,0.2
XZ,y2,0.244333333,0.256333333,0.237666667,0.203,0.254,0.268,0.205666667,0.212333333,0.345,0.340333333,0.334333333,0.303666667,0.297,0.303333333,0.325666667,0.345333333,0.334,0.319333333,0.316,0.316,0.356333333,0.397333333,0.411333333,0.378333333,0.375333333,0.378,0.342666667,0.319,0.345333333,0.382333333,0.407,0.415333333,0.407666667,0.368,0.309666667,0.300333333,0.306333333,0.346,0.389,0.449333333,0.338,0.340666667,0.28,0.260333333,0.290666667,0.323666667,0.314,0.314,0.336666667,0.313666667,0.257333333,0.255666667,0.264666667,0.284333333,0.292666667,0.339666667,0.278333333,0.251333333,0.222333333,0.189666667,0.185333333,0.229666667,0.278666667,0.319,0.271666667,0.280333333,0.234333333,0.147666667,0.175333333,0.215333333,0.248,0.269333333,0.263333333,0.260666667,0.237,0.187,0.213,0.246,0.269,0.272666667,0.393666667,0.385666667,0.370666667,0.354,0.438333333,0.466,0.418,0.38,0.387666667,0.402,0.383,0.340666667,0.415,0.416,0.353,0.374
XZ,y3,0.308333333,0.324333333,0.318,0.271333333,0.292,0.289666667,0.248,0.278,0.195333333,0.205333333,0.196333333,0.156333333,0.186666667,0.227,0.207333333,0.185666667,0.377,0.364333333,0.346666667,0.323333333,0.324,0.334333333,0.399666667,0.415333333,0.39,0.382,0.354,0.297,0.279,0.302333333,0.367333333,0.422,0.366,0.330333333,0.280333333,0.256666667,0.285333333,0.335,0.377666667,0.399666667,0.342,0.322666667,0.256333333,0.217333333,0.228333333,0.263333333,0.282666667,0.344333333,0.312666667,0.280666667,0.228333333,0.209666667,0.241333333,0.285333333,0.303,0.336333333,0.327666667,0.334666667,0.296,0.246,0.242333333,0.271333333,0.289333333,0.322,0.326666667,0.328333333,0.306,0.236666667,0.198,0.221333333,0.288333333,0.339666667,0.297,0.301333333,0.285333333,0.216,0.241666667,0.279333333,0.296333333,0.296333333,0.304333333,0.290666667,0.278333333,0.249,0.305,0.319,0.291333333,0.300666667,0.244333333,0.24,0.236666667,0.213333333,0.265333333,0.259333333,0.207666667,0.238333333
XZ,y4,0.253333333,0.249333333,0.239666667,0.215666667,0.288,0.291666667,0.202333333,0.219,0.279666667,0.290333333,0.279,0.261666667,0.3,0.293666667,0.271,0.267,0.332333333,0.322333333,0.293666667,0.281666667,0.326333333,0.352666667,0.353,0.334333333,0.384666667,0.385,0.343333333,0.322333333,0.338666667,0.375666667,0.378,0.367333333,0.362666667,0.363,0.315666667,0.300333333,0.333666667,0.379,0.389,0.373666667,0.335,0.292333333,0.214,0.200666667,0.253,0.309333333,0.319666667,0.355666667,0.268,0.238333333,0.185333333,0.161,0.174,0.204666667,0.220666667,0.287,0.240333333,0.2,0.152666667,0.127333333,0.15,0.179333333,0.201,0.266666667,0.310666667,0.310333333,0.281666667,0.213666667,0.216333333,0.244,0.265666667,0.295,0.279333333,0.272,0.244333333,0.203,0.244333333,0.264666667,0.265666667,0.269,0.369,0.377,0.362666667,0.315666667,0.413333333,0.415,0.324666667,0.338666667,0.312,0.318,0.315333333,0.299666667,0.379333333,0.36,0.265666667,0.293
XZ,y5,0.285333333,0.283666667,0.272,0.239,0.293666667,0.298333333,0.229333333,0.253666667,0.282,0.282333333,0.275,0.245333333,0.302,0.335333333,0.303666667,0.284666667,0.28,0.281333333,0.269666667,0.29,0.384333333,0.444666667,0.392666667,0.304333333,0.332,0.326666667,0.300333333,0.303,0.355666667,0.396666667,0.385666667,0.357333333,0.354666667,0.337,0.303333333,0.306,0.336,0.370666667,0.382333333,0.387,0.321333333,0.284333333,0.228,0.205333333,0.200333333,0.230666667,0.259333333,0.332,0.341333333,0.303,0.262,0.253333333,0.251,0.274,0.302666667,0.366333333,0.354333333,0.316,0.270666667,0.250666667,0.273,0.315333333,0.333666667,0.367,0.263666667,0.263666667,0.228333333,0.165666667,0.205666667,0.253,0.279333333,0.295666667,0.245333333,0.241666667,0.235333333,0.189333333,0.223,0.258666667,0.245666667,0.254333333,0.262333333,0.262333333,0.268333333,0.241666667,0.273333333,0.27,0.243666667,0.245666667,0.323333333,0.326666667,0.321,0.303,0.388333333,0.387666667,0.305666667,0.316333333
XZ,y6,0.266666667,0.263666667,0.248333333,0.214333333,0.278,0.291,0.226,0.239666667,0.233333333,0.226333333,0.228333333,0.203666667,0.258,0.287,0.262333333,0.234333333,0.278,0.268,0.249333333,0.210333333,0.269333333,0.324666667,0.323333333,0.296333333,0.404666667,0.408333333,0.371666667,0.332666667,0.38,0.43,0.439666667,0.43,0.343,0.344,0.283666667,0.262333333,0.314333333,0.373666667,0.363,0.349666667,0.321666667,0.293,0.258,0.281333333,0.301666667,0.334,0.342,0.348333333,0.350666667,0.309,0.252,0.248,0.254666667,0.297666667,0.336333333,0.391,0.28,0.260666667,0.21,0.208666667,0.242333333,0.266,0.255,0.280666667,0.287333333,0.276666667,0.248666667,0.196,0.164333333,0.189,0.239,0.304666667,0.237333333,0.241333333,0.239666667,0.188333333,0.202666667,0.233,0.221333333,0.230666667,0.318,0.312,0.309,0.304666667,0.391666667,0.407,0.324666667,0.311333333,0.320333333,0.325666667,0.332333333,0.315333333,0.406666667,0.392333333,0.283,0.303
XZ,y7,0.297666667,0.299333333,0.306333333,0.306666667,0.415,0.428,0.294,0.281666667,0.279666667,0.273,0.274666667,0.277333333,0.356,0.371333333,0.302,0.276,0.398666667,0.405333333,0.378333333,0.356333333,0.418333333,0.465666667,0.437333333,0.399333333,0.458,0.440666667,0.411,0.427333333,0.462333333,0.489666667,0.486333333,0.465666667,0.354,0.360666667,0.291333333,0.247,0.274333333,0.316333333,0.319666667,0.339333333,0.382,0.355,0.284,0.267666667,0.271666667,0.305333333,0.331333333,0.381666667,0.307,0.263666667,0.202666667,0.192,0.215,0.259666667,0.286333333,0.344,0.358,0.321,0.266333333,0.225333333,0.205666667,0.23,0.288333333,0.381,0.313666667,0.289,0.266,0.251333333,0.227666667,0.246666667,0.314,0.353,0.243333333,0.232666667,0.213666667,0.186333333,0.236,0.272,0.268666667,0.245666667,0.211333333,0.211666667,0.209333333,0.174333333,0.208666667,0.225666667,0.208333333,0.207333333,0.210333333,0.208,0.211333333,0.202666667,0.292333333,0.301666667,0.205666667,0.198
XZ,y8,0.231666667,0.237666667,0.239333333,0.215666667,0.249333333,0.240666667,0.196,0.207333333,0.273,0.271333333,0.271,0.250666667,0.298333333,0.309,0.289666667,0.282666667,0.348333333,0.361666667,0.346666667,0.347333333,0.411666667,0.445,0.390666667,0.337333333,0.412333333,0.420333333,0.396333333,0.420333333,0.466666667,0.508333333,0.491,0.423666667,0.288,0.256,0.210666667,0.231,0.279,0.326666667,0.316,0.306,0.324,0.314,0.265,0.265,0.285333333,0.309,0.299666667,0.328,0.344666667,0.295666667,0.255333333,0.241333333,0.226,0.253333333,0.316333333,0.398333333,0.348666667,0.309666667,0.28,0.283666667,0.296,0.338666667,0.369,0.387,0.281333333,0.285666667,0.266333333,0.227,0.213,0.238333333,0.266666667,0.287666667,0.330333333,0.337666667,0.300333333,0.235333333,0.321666667,0.378666667,0.325,0.297,0.263666667,0.263,0.256666667,0.232333333,0.353666667,0.386666667,0.268,0.251,0.211333333,0.207,0.203,0.198333333,0.247333333,0.242333333,0.181,0.192333333
XZ,y9,0.229,0.226333333,0.218,0.199666667,0.268666667,0.267333333,0.194333333,0.206666667,0.23,0.238333333,0.226666667,0.204333333,0.263333333,0.285666667,0.224,0.211,0.290333333,0.285,0.268333333,0.253666667,0.301333333,0.327666667,0.294,0.291,0.437333333,0.424,0.379333333,0.397333333,0.475333333,0.531666667,0.501,0.433,0.33,0.316666667,0.273333333,0.27,0.298,0.342666667,0.334666667,0.338333333,0.350333333,0.317666667,0.270333333,0.277,0.295,0.329,0.349333333,0.385333333,0.263666667,0.235666667,0.197,0.190666667,0.224666667,0.268666667,0.255333333,0.289,0.274666667,0.237333333,0.19,0.171666667,0.208333333,0.254666667,0.273,0.306333333,0.256666667,0.243,0.222,0.179666667,0.191,0.219333333,0.237333333,0.275333333,0.238,0.235666667,0.216,0.191666667,0.251,0.286666667,0.253666667,0.245666667,0.328,0.318666667,0.311333333,0.281333333,0.346,0.361,0.316333333,0.320666667,0.255666667,0.258666667,0.247333333,0.214333333,0.270666667,0.269333333,0.219333333,0.244333333
XZ,y10,0.206666667,0.200333333,0.201333333,0.179333333,0.217333333,0.217666667,0.188,0.196,0.273666667,0.271,0.268333333,0.257333333,0.329666667,0.375,0.31,0.280666667,0.341666667,0.335666667,0.303333333,0.323666667,0.429333333,0.460333333,0.397666667,0.351333333,0.472333333,0.454333333,0.416333333,0.365,0.400333333,0.451666667,0.460333333,0.464333333,0.406333333,0.404,0.362,0.338,0.333333333,0.369333333,0.380666667,0.405666667,0.346,0.315666667,0.270666667,0.268333333,0.289333333,0.343666667,0.359,0.375333333,0.374666667,0.344,0.284,0.312333333,0.360333333,0.391666667,0.390666667,0.405333333,0.293,0.278333333,0.255333333,0.245333333,0.25,0.280333333,0.296333333,0.329666667,0.279666667,0.270333333,0.227333333,0.166,0.181666667,0.224333333,0.252,0.289,0.288,0.287333333,0.269666667,0.223333333,0.240333333,0.254,0.271666667,0.273666667,0.254666667,0.242666667,0.243666667,0.224,0.312333333,0.320333333,0.231333333,0.229,0.277,0.277333333,0.274,0.253,0.295333333,0.273333333,0.227,0.252333333
XZ,y11,0.201,0.192666667,0.187,0.159333333,0.177666667,0.171666667,0.151,0.181333333,0.235666667,0.233,0.227333333,0.219666667,0.257,0.264666667,0.223,0.220333333,0.326,0.308666667,0.303333333,0.299333333,0.340333333,0.357333333,0.364333333,0.357,0.324,0.317666667,0.284333333,0.282,0.360333333,0.430666667,0.399,0.343666667,0.308666667,0.28,0.234666667,0.196,0.231333333,0.287666667,0.287666667,0.315666667,0.279333333,0.254666667,0.191666667,0.198,0.260333333,0.323666667,0.311666667,0.299,0.294666667,0.256666667,0.188666667,0.169333333,0.174333333,0.209,0.235,0.31,0.299,0.255666667,0.220333333,0.23,0.241,0.273333333,0.303333333,0.349333333,0.287,0.267666667,0.230666667,0.174333333,0.171,0.194333333,0.233,0.301,0.229333333,0.229333333,0.216333333,0.156333333,0.190333333,0.232666667,0.201333333,0.210333333,0.264666667,0.250666667,0.235666667,0.196333333,0.281666667,0.315666667,0.250666667,0.254333333,0.235666667,0.243,0.240333333,0.229,0.298333333,0.275333333,0.184333333,0.205666667
XZ,y12,0.210666667,0.227333333,0.224,0.198333333,0.226333333,0.229666667,0.182,0.195666667,0.242,0.260666667,0.263666667,0.24,0.294333333,0.306,0.225,0.216,0.325666667,0.316333333,0.290666667,0.261333333,0.357,0.430333333,0.375,0.319666667,0.423,0.412333333,0.38,0.403666667,0.482,0.529333333,0.506333333,0.436,0.349,0.344,0.291666667,0.254333333,0.295666667,0.364,0.368666667,0.359666667,0.314,0.285333333,0.206333333,0.183666667,0.227,0.274333333,0.274666667,0.310666667,0.296,0.272666667,0.229666667,0.237666667,0.269666667,0.315,0.314,0.329,0.292333333,0.241666667,0.214333333,0.192,0.186333333,0.227,0.275666667,0.345666667,0.303333333,0.286666667,0.269333333,0.246,0.228,0.254333333,0.313,0.343333333,0.231333333,0.219333333,0.202333333,0.140333333,0.184666667,0.237333333,0.219666667,0.216666667,0.246666667,0.253,0.256,0.209666667,0.267,0.299333333,0.242,0.225333333,0.264666667,0.276666667,0.284,0.257,0.282,0.276333333,0.228,0.246666667
XZ,y13,0.228666667,0.231333333,0.227333333,0.197333333,0.250333333,0.266666667,0.211333333,0.208666667,0.238333333,0.247333333,0.241666667,0.198666667,0.221666667,0.246666667,0.256333333,0.247,0.331333333,0.328333333,0.303333333,0.275,0.334,0.397333333,0.382333333,0.333333333,0.326,0.323,0.301,0.284333333,0.345333333,0.412,0.381,0.340333333,0.391,0.392,0.349666667,0.343,0.37,0.425,0.433333333,0.401,0.337,0.316666667,0.250666667,0.229,0.267666667,0.322333333,0.344666667,0.354333333,0.319666667,0.292,0.25,0.288333333,0.311,0.327666667,0.324,0.331333333,0.317,0.278,0.234333333,0.227333333,0.210333333,0.233333333,0.277333333,0.351,0.302333333,0.273333333,0.247,0.196,0.180666667,0.211666667,0.262333333,0.330333333,0.24,0.236333333,0.229666667,0.213,0.223666667,0.253,0.238,0.226666667,0.289,0.275666667,0.267333333,0.237333333,0.311666667,0.319666667,0.282666667,0.293333333,0.208666667,0.208666667,0.206666667,0.179666667,0.199333333,0.192333333,0.170333333,0.185666667
XZ,y14,0.167666667,0.159,0.155333333,0.143333333,0.144666667,0.144,0.135666667,0.145333333,0.253666667,0.246666667,0.245666667,0.233333333,0.280666667,0.286,0.232666667,0.254,0.353333333,0.343333333,0.302333333,0.257,0.342666667,0.401666667,0.366333333,0.330666667,0.299666667,0.294666667,0.276333333,0.231666667,0.257666667,0.313,0.313333333,0.290333333,0.336,0.318666667,0.287333333,0.248,0.258666667,0.322666667,0.351,0.368666667,0.310666667,0.293,0.231666667,0.191666667,0.227666667,0.284666667,0.300666667,0.314,0.275333333,0.25,0.211333333,0.171666667,0.179666667,0.218,0.255666667,0.318333333,0.327,0.307666667,0.274666667,0.297,0.316,0.337,0.346333333,0.354,0.300666667,0.295333333,0.265,0.248666667,0.266333333,0.303333333,0.316,0.307,0.234666667,0.238666667,0.223666667,0.155,0.173666667,0.211666667,0.227,0.237,0.259333333,0.260666667,0.256333333,0.234,0.294333333,0.309,0.252,0.248333333,0.348333333,0.339333333,0.338333333,0.319333333,0.369,0.370333333,0.331,0.338666667
XZ,y15,0.303666667,0.304333333,0.307,0.275333333,0.319333333,0.321666667,0.267,0.284666667,0.229,0.229333333,0.232666667,0.233666667,0.305,0.332666667,0.274,0.239333333,0.358,0.343,0.341666667,0.323666667,0.343333333,0.360666667,0.381,0.389333333,0.409333333,0.381333333,0.349333333,0.317666667,0.317,0.347666667,0.41,0.452333333,0.394,0.364666667,0.315333333,0.285666667,0.281666667,0.299,0.315,0.378,0.335666667,0.306,0.242333333,0.212,0.252666667,0.307666667,0.32,0.362666667,0.309,0.278333333,0.235666667,0.215333333,0.23,0.282333333,0.288,0.331,0.257333333,0.208333333,0.173666667,0.145666667,0.161333333,0.209,0.231333333,0.292333333,0.259666667,0.252333333,0.239666667,0.199333333,0.203,0.250333333,0.268,0.279666667,0.322666667,0.305,0.286666667,0.239,0.300333333,0.339,0.322,0.317333333,0.306333333,0.307333333,0.315333333,0.307,0.394333333,0.409333333,0.327,0.310666667,0.288333333,0.286666667,0.288,0.271333333,0.334,0.331333333,0.251666667,0.28
XZ,y16,0.310666667,0.307,0.306333333,0.28,0.338,0.326333333,0.264333333,0.289333333,0.255,0.265,0.257,0.225333333,0.319,0.369333333,0.275666667,0.243333333,0.372666667,0.367,0.343,0.365666667,0.463666667,0.514333333,0.427666667,0.380333333,0.348666667,0.354666667,0.329333333,0.314333333,0.405333333,0.485666667,0.438,0.359,0.343,0.345333333,0.319666667,0.327,0.356666667,0.415333333,0.404333333,0.371333333,0.353,0.312,0.261,0.252,0.276333333,0.323333333,0.341,0.384666667,0.277,0.259,0.221,0.185666667,0.192,0.219,0.244666667,0.305666667,0.361,0.313,0.274666667,0.245,0.274666667,0.324333333,0.365,0.417666667,0.251333333,0.218666667,0.190666667,0.193,0.214333333,0.240666667,0.261,0.270666667,0.251666667,0.246666667,0.225666667,0.174666667,0.226666667,0.262666667,0.229666667,0.230333333,0.318333333,0.314666667,0.310666667,0.276666667,0.362666667,0.37,0.304666667,0.312333333,0.419666667,0.403666667,0.405666667,0.409333333,0.507,0.504666667,0.423333333,0.428333333
XZ,y17,0.218333333,0.212,0.208,0.192333333,0.207333333,0.207666667,0.199333333,0.21,0.309666667,0.310333333,0.305666667,0.294,0.330333333,0.339333333,0.322,0.302333333,0.305333333,0.307666667,0.289,0.259,0.281333333,0.305,0.315,0.310666667,0.426,0.403,0.364333333,0.359666667,0.391666667,0.422,0.448,0.452666667,0.348333333,0.342666667,0.306,0.326333333,0.379333333,0.433666667,0.415333333,0.380333333,0.305,0.269,0.219,0.201666667,0.209333333,0.238666667,0.238333333,0.295666667,0.319,0.275666667,0.214666667,0.198666667,0.239666667,0.286,0.307666667,0.344,0.289,0.272,0.237666667,0.231333333,0.221333333,0.244,0.273,0.318666667,0.328333333,0.303666667,0.281,0.254666667,0.254,0.296666667,0.346,0.366666667,0.264666667,0.269,0.263333333,0.220333333,0.231,0.249,0.26,0.269333333,0.219333333,0.223,0.205666667,0.168666667,0.195333333,0.209,0.183,0.198333333,0.195666667,0.190666667,0.188333333,0.164666667,0.171333333,0.166333333,0.159666667,0.187
XZ,y18,0.195333333,0.198666667,0.194666667,0.166333333,0.202,0.213333333,0.174666667,0.188333333,0.246,0.237,0.221666667,0.191333333,0.210666667,0.242333333,0.225333333,0.228333333,0.306666667,0.292666667,0.272,0.244333333,0.286333333,0.332,0.339666667,0.335,0.330333333,0.332333333,0.312333333,0.293333333,0.360333333,0.425,0.420333333,0.356,0.329,0.307666667,0.283,0.248666667,0.258333333,0.309333333,0.320333333,0.347,0.291666667,0.257333333,0.206,0.206,0.241333333,0.285666667,0.297,0.337666667,0.249333333,0.233,0.19,0.172,0.182,0.207666667,0.203,0.255666667,0.306666667,0.281,0.234333333,0.193333333,0.188,0.231333333,0.264,0.322333333,0.296666667,0.271333333,0.246,0.208666667,0.195,0.222333333,0.284,0.351,0.259,0.25,0.228333333,0.193666667,0.279666667,0.338666667,0.299666667,0.266333333,0.282666667,0.290666667,0.285666667,0.277333333,0.382,0.406666667,0.306,0.284666667,0.321,0.316,0.326333333,0.325666667,0.384,0.385666667,0.331,0.331333333
XZ,y19,0.302333333,0.285,0.283666667,0.249,0.271666667,0.277,0.259,0.304,0.309333333,0.303333333,0.280333333,0.242333333,0.309,0.336333333,0.277,0.277333333,0.368,0.354666667,0.342,0.317666667,0.402,0.461333333,0.429666667,0.406,0.400666667,0.377333333,0.334333333,0.331,0.372666667,0.415333333,0.431333333,0.431333333,0.349,0.340333333,0.298666667,0.282666667,0.313,0.378666667,0.385666667,0.38,0.303,0.300666667,0.252,0.25,0.319333333,0.387666667,0.380333333,0.347,0.241333333,0.219333333,0.172,0.148333333,0.188666667,0.237666667,0.225,0.243,0.29,0.246666667,0.219333333,0.250333333,0.288333333,0.309333333,0.307,0.322,0.324,0.339333333,0.313333333,0.270333333,0.273,0.299666667,0.302,0.328666667,0.321,0.319333333,0.303333333,0.240333333,0.285666667,0.314333333,0.318666667,0.312333333,0.287666667,0.290666667,0.294,0.275,0.354,0.368666667,0.299333333,0.277333333,0.24,0.239333333,0.238666667,0.198,0.219333333,0.214666667,0.197333333,0.228
XZ,y20,0.261333333,0.261666667,0.272,0.242333333,0.292333333,0.296333333,0.232,0.256333333,0.226,0.226666667,0.221666667,0.187,0.230666667,0.274666667,0.236666667,0.214333333,0.262666667,0.251666667,0.24,0.206333333,0.215,0.240333333,0.255333333,0.271666667,0.356,0.321,0.279,0.267,0.295,0.336666667,0.371666667,0.394333333,0.367666667,0.382,0.331666667,0.298666667,0.308666667,0.355333333,0.341,0.326,0.289,0.271,0.228666667,0.247,0.254333333,0.293333333,0.293666667,0.317666667,0.293333333,0.261666667,0.216,0.173,0.175333333,0.212666667,0.239666667,0.323666667,0.322666667,0.285,0.248666667,0.223,0.223333333,0.250333333,0.277333333,0.345333333,0.200333333,0.192333333,0.181666667,0.149333333,0.179,0.215,0.209,0.226333333,0.283666667,0.283666667,0.283666667,0.222666667,0.238666667,0.263333333,0.248666667,0.261,0.225,0.231333333,0.224,0.199666667,0.263666667,0.287,0.227,0.211,0.284,0.283666667,0.292,0.284,0.338666667,0.338333333,0.273333333,0.278666667
XZ,y21,0.309666667,0.304,0.298666667,0.263333333,0.278333333,0.274,0.260333333,0.297666667,0.284,0.299,0.299,0.283666667,0.327333333,0.336333333,0.308666667,0.290333333,0.324,0.317666667,0.285,0.257333333,0.306666667,0.350333333,0.349,0.331333333,0.328666667,0.320333333,0.287333333,0.253,0.253,0.302333333,0.328666667,0.344,0.364666667,0.362,0.312333333,0.282666667,0.294666667,0.351666667,0.367,0.373,0.343666667,0.320666667,0.288,0.323666667,0.35,0.371666667,0.359,0.371666667,0.316666667,0.303333333,0.252333333,0.241666667,0.247333333,0.273666667,0.284666667,0.33,0.38,0.339333333,0.295666667,0.295,0.299666667,0.339666667,0.385666667,0.427,0.270666667,0.261333333,0.23,0.243,0.284,0.307333333,0.286,0.281666667,0.306333333,0.306333333,0.307333333,0.266333333,0.270666667,0.285666667,0.298,0.310333333,0.25,0.249333333,0.244,0.223666667,0.237666667,0.228,0.207666667,0.236666667,0.281333333,0.275666667,0.281,0.271333333,0.309,0.279,0.232333333,0.270666667
XZ,y22,0.250333333,0.243666667,0.244666667,0.228333333,0.252,0.242666667,0.227,0.251,0.296333333,0.310333333,0.309,0.289666667,0.366666667,0.376666667,0.297666667,0.271666667,0.330333333,0.313666667,0.305666667,0.312,0.373333333,0.402,0.378333333,0.357333333,0.306,0.279333333,0.249,0.218333333,0.251333333,0.316666667,0.329,0.328333333,0.342,0.331,0.296333333,0.283,0.320333333,0.367666667,0.347666667,0.337333333,0.334666667,0.307333333,0.242333333,0.256333333,0.316666667,0.370333333,0.341666667,0.348,0.28,0.239666667,0.203333333,0.206333333,0.239,0.277333333,0.282333333,0.328333333,0.328,0.295,0.263,0.298333333,0.295333333,0.326333333,0.379,0.393333333,0.231333333,0.223,0.197333333,0.162,0.165666667,0.186333333,0.193,0.227666667,0.264333333,0.258333333,0.233666667,0.168,0.198333333,0.244,0.264,0.268,0.308333333,0.311,0.296666667,0.270333333,0.351,0.372666667,0.301666667,0.302666667,0.256,0.261333333,0.261,0.237,0.252333333,0.237,0.201333333,0.231
XZ,y23,0.260333333,0.264666667,0.267333333,0.253333333,0.280666667,0.267,0.217,0.237,0.23,0.224333333,0.225666667,0.205333333,0.217333333,0.226333333,0.211666667,0.221,0.312666667,0.282333333,0.257666667,0.248333333,0.262333333,0.297333333,0.333333333,0.357333333,0.355,0.342,0.296,0.292666667,0.327666667,0.363666667,0.357666667,0.355,0.378,0.366,0.320666667,0.280666667,0.290666667,0.327333333,0.343333333,0.387333333,0.324,0.291666667,0.242,0.258,0.275333333,0.303666667,0.303,0.345333333,0.301,0.279333333,0.248,0.239333333,0.246333333,0.281666667,0.293666667,0.332666667,0.311666667,0.286333333,0.242666667,0.276666667,0.310666667,0.343,0.363,0.370333333,0.251666667,0.211666667,0.187,0.154666667,0.181333333,0.217666667,0.219666667,0.276333333,0.272,0.267,0.260666667,0.208666667,0.222666667,0.246333333,0.267333333,0.286666667,0.269333333,0.270666667,0.270333333,0.228333333,0.296,0.316666667,0.269333333,0.265666667,0.271333333,0.282,0.285333333,0.255666667,0.294333333,0.294666667,0.229666667,0.235
XZ,y24,0.336333333,0.333666667,0.328666667,0.309,0.377333333,0.378333333,0.319333333,0.33,0.259666667,0.269333333,0.268,0.224333333,0.285333333,0.328,0.257666667,0.241333333,0.337333333,0.337666667,0.316333333,0.286666667,0.34,0.381,0.357333333,0.339,0.400333333,0.388333333,0.365333333,0.338333333,0.355666667,0.373666667,0.391666667,0.401333333,0.384666667,0.373666667,0.328,0.297333333,0.286333333,0.313666667,0.353,0.402333333,0.346,0.321,0.262666667,0.247666667,0.233,0.258,0.276666667,0.341333333,0.269333333,0.237,0.192333333,0.173666667,0.198666667,0.249,0.258333333,0.303333333,0.314,0.277,0.249333333,0.255333333,0.231,0.260666667,0.305666667,0.366666667,0.304,0.298666667,0.267333333,0.224333333,0.212666667,0.249666667,0.291333333,0.320666667,0.301,0.278666667,0.265,0.211666667,0.234,0.255,0.303,0.326666667,0.284333333,0.285,0.269666667,0.230666667,0.283666667,0.308666667,0.26,0.267333333,0.287333333,0.294666667,0.288,0.257,0.292,0.285666667,0.238,0.260666667
XZ,y25,0.198,0.193333333,0.193333333,0.160666667,0.150333333,0.147333333,0.140333333,0.18,0.291333333,0.274666667,0.250666667,0.227333333,0.285,0.296666667,0.272,0.284,0.283,0.273,0.253333333,0.211666667,0.261,0.334,0.338,0.323666667,0.347333333,0.332,0.301333333,0.264666667,0.278333333,0.336333333,0.374666667,0.385333333,0.393,0.374666667,0.34,0.342333333,0.362666667,0.399666667,0.402,0.406333333,0.29,0.262666667,0.216666667,0.239333333,0.295333333,0.330666667,0.313666667,0.300666667,0.284,0.255666667,0.204333333,0.191,0.217,0.254333333,0.272666667,0.303666667,0.353,0.319,0.28,0.266666667,0.240666667,0.259666667,0.301666667,0.390666667,0.317333333,0.276333333,0.251666667,0.238666667,0.203,0.213666667,0.262333333,0.339333333,0.308666667,0.304333333,0.297333333,0.263666667,0.272,0.290333333,0.290666667,0.31,0.342,0.335333333,0.311333333,0.271333333,0.337,0.335333333,0.295,0.314333333,0.265,0.267666667,0.280333333,0.275666667,0.334,0.312666667,0.235666667,0.247333333
XZ,y26,0.174,0.178333333,0.182666667,0.161,0.185,0.189,0.152333333,0.158,0.297333333,0.291333333,0.280666667,0.243333333,0.288666667,0.309666667,0.274,0.294333333,0.298666667,0.298666667,0.279,0.239,0.246333333,0.289,0.292,0.302666667,0.382333333,0.356333333,0.327,0.307666667,0.297666667,0.327333333,0.368666667,0.401,0.400666667,0.387,0.338666667,0.344666667,0.336333333,0.361,0.376666667,0.416666667,0.249,0.217,0.177333333,0.176,0.229333333,0.279333333,0.278666667,0.288,0.293,0.251,0.195,0.167333333,0.183333333,0.232333333,0.245333333,0.31,0.301,0.268666667,0.219,0.2,0.230333333,0.286666667,0.306333333,0.338,0.280666667,0.256,0.229,0.193666667,0.200333333,0.242,0.28,0.320333333,0.293333333,0.287666667,0.267,0.199,0.202333333,0.236333333,0.254666667,0.273,0.262333333,0.268666667,0.266333333,0.238333333,0.253333333,0.258,0.249333333,0.255333333,0.199,0.195,0.185,0.156333333,0.193,0.203,0.161666667,0.187
YN,y1,0.149666667,0.106666667,0.087666667,0.19,0.396666667,0.414666667,0.337666667,0.24,0.209,0.145666667,0.094,0.253,0.459333333,0.525666667,0.450333333,0.326333333,0.383666667,0.296333333,0.202666667,0.465333333,0.607333333,0.658333333,0.6,0.476,0.374333333,0.263333333,0.19,0.527333333,0.651,0.696666667,0.595,0.477,0.204,0.151333333,0.144,0.259666667,0.264666667,0.295666667,0.31,0.260666667,0.141666667,0.111,0.123666667,0.198666667,0.208333333,0.250666667,0.219,0.176,0.109666667,0.087,0.082,0.134,0.149,0.17,0.122,0.114666667,0.055333333,0.048333333,0.040666667,0.075666667,0.079333333,0.091666667,0.072333333,0.064666667,0.050666667,0.039333333,0.039333333,0.083,0.097333333,0.108333333,0.084,0.069666667,0.079666667,0.063333333,0.057,0.083333333,0.082,0.104666667,0.105,0.1,0.090666667,0.075666667,0.072333333,0.140666667,0.177,0.178,0.144666667,0.11,0.090333333,0.063666667,0.046,0.107333333,0.243333333,0.260666667,0.2,0.138333333
YN,y2,0.192666667,0.115666667,0.077,0.245333333,0.508333333,0.532666667,0.426333333,0.315333333,0.226333333,0.163666667,0.122333333,0.239,0.395,0.452666667,0.396666667,0.319333333,0.407,0.329,0.241,0.527333333,0.683666667,0.711333333,0.589666667,0.493666667,0.287666667,0.199,0.144666667,0.365333333,0.477666667,0.540333333,0.472333333,0.378666667,0.192,0.141,0.128,0.227333333,0.236,0.274,0.267333333,0.240666667,0.148666667,0.110666667,0.104666667,0.179333333,0.212666667,0.266,0.23,0.187333333,0.146333333,0.136333333,0.146,0.257666667,0.262333333,0.250666667,0.18,0.15,0.063666667,0.065333333,0.063666667,0.116333333,0.138666667,0.139,0.095,0.080333333,0.079666667,0.075,0.079,0.127333333,0.126333333,0.132333333,0.106333333,0.087,0.08,0.057,0.050666667,0.081,0.088666667,0.11,0.125666667,0.117333333,0.093,0.066666667,0.058333333,0.12,0.194666667,0.209333333,0.176666667,0.145,0.102,0.074666667,0.058333333,0.103333333,0.182666667,0.188666667,0.173,0.144
YN,y3,0.144,0.092666667,0.064333333,0.166333333,0.34,0.384666667,0.300333333,0.232666667,0.161666667,0.099,0.064666667,0.231,0.557666667,0.634333333,0.442333333,0.262666667,0.344666667,0.249,0.149,0.41,0.591666667,0.638666667,0.538333333,0.434333333,0.231,0.179,0.11,0.290333333,0.371333333,0.415666667,0.333666667,0.273333333,0.262333333,0.226,0.178,0.284,0.3,0.329,0.336666667,0.311666667,0.131666667,0.099,0.096666667,0.146666667,0.132666667,0.160333333,0.177333333,0.171,0.084,0.070666667,0.067,0.113,0.110666667,0.113333333,0.078666667,0.077666667,0.1,0.102,0.085666667,0.168333333,0.168333333,0.155666667,0.111333333,0.104666667,0.079666667,0.072333333,0.072666667,0.104666667,0.111666667,0.124333333,0.100666667,0.091666667,0.063333333,0.048,0.036333333,0.072333333,0.098666667,0.095666667,0.076666667,0.081,0.141,0.121666667,0.099666667,0.185333333,0.285666667,0.279666667,0.216,0.178666667,0.186333333,0.131666667,0.088666667,0.199666667,0.417333333,0.408333333,0.291666667,0.235333333
YN,y4,0.233,0.19,0.155666667,0.322666667,0.613333333,0.637,0.504,0.371,0.267333333,0.197,0.133,0.338,0.533666667,0.550666667,0.432333333,0.359666667,0.336666667,0.247333333,0.153666667,0.448333333,0.683,0.748,0.579666667,0.425,0.265333333,0.247333333,0.177333333,0.347333333,0.423,0.460333333,0.373,0.315666667,0.195333333,0.143,0.122,0.227666667,0.245333333,0.270666667,0.252333333,0.234666667,0.147333333,0.111666667,0.113666667,0.190333333,0.188666667,0.205,0.189666667,0.176666667,0.13,0.116,0.117333333,0.199333333,0.195666667,0.211666667,0.143,0.134666667,0.092666667,0.078,0.064,0.119666667,0.135,0.152,0.105,0.099,0.077333333,0.078666667,0.071333333,0.119333333,0.115333333,0.119,0.104333333,0.090333333,0.074,0.069666667,0.071,0.101666667,0.08,0.083,0.103666667,0.089,0.081,0.066333333,0.056,0.077333333,0.104666667,0.122333333,0.128,0.105666667,0.111666667,0.088,0.069,0.113,0.163,0.149,0.143333333,0.14
YN,y5,0.136,0.104666667,0.079666667,0.146,0.284666667,0.297333333,0.243,0.211,0.252,0.198,0.157666667,0.273333333,0.363333333,0.370666667,0.388333333,0.346666667,0.365,0.278666667,0.180333333,0.433666667,0.614,0.672666667,0.557666667,0.466333333,0.273333333,0.203666667,0.180666667,0.314666667,0.320333333,0.358,0.357666667,0.325666667,0.134,0.098,0.121,0.233,0.249,0.278333333,0.238666667,0.178333333,0.117,0.085,0.086666667,0.138333333,0.155333333,0.196,0.188,0.162,0.078666667,0.061333333,0.05,0.065,0.067666667,0.084333333,0.076333333,0.078,0.037666667,0.028,0.024666667,0.039666667,0.042333333,0.053666667,0.047666667,0.049333333,0.045666667,0.043333333,0.035666667,0.051,0.045,0.054666667,0.068666667,0.061,0.083,0.064333333,0.055666667,0.093,0.102333333,0.128,0.119,0.101666667,0.073,0.055333333,0.046666667,0.079666667,0.143666667,0.156333333,0.123,0.103666667,0.092333333,0.091666667,0.072666667,0.086,0.101666667,0.111666667,0.130666667,0.108333333
YN,y6,0.216666667,0.162666667,0.121666667,0.218333333,0.420666667,0.422,0.333666667,0.279,0.196666667,0.134,0.101,0.258333333,0.504333333,0.565666667,0.457666667,0.313333333,0.209333333,0.139333333,0.080666667,0.321,0.555,0.598666667,0.423333333,0.304333333,0.238333333,0.192333333,0.144333333,0.314333333,0.402666667,0.443333333,0.360333333,0.295,0.102,0.072666667,0.076666667,0.124666667,0.127666667,0.16,0.152666667,0.136666667,0.170666667,0.131333333,0.138666667,0.204666667,0.203,0.250666667,0.214,0.188666667,0.068666667,0.054,0.057666667,0.085333333,0.082,0.095333333,0.085333333,0.081,0.048333333,0.033333333,0.026333333,0.037333333,0.035666667,0.051,0.06,0.059333333,0.064,0.055,0.050666667,0.081666667,0.091,0.114666667,0.106666667,0.086666667,0.092,0.072666667,0.071333333,0.102,0.097333333,0.111333333,0.116333333,0.109666667,0.107333333,0.114333333,0.092,0.125,0.168666667,0.164666667,0.157666667,0.125333333,0.098666667,0.073666667,0.061666667,0.133333333,0.240333333,0.231333333,0.183333333,0.142666667
YN,y7,0.189333333,0.138333333,0.102,0.237333333,0.439,0.459666667,0.372,0.285666667,0.186333333,0.129,0.098666667,0.259,0.454,0.508666667,0.415,0.290666667,0.285,0.207333333,0.134333333,0.348,0.477,0.521666667,0.432,0.357666667,0.365666667,0.297,0.225333333,0.477333333,0.597,0.648,0.556333333,0.454666667,0.1,0.084,0.095,0.133333333,0.124,0.143666667,0.133333333,0.115,0.115666667,0.100666667,0.090333333,0.135333333,0.133,0.145333333,0.123,0.138,0.093333333,0.085333333,0.078666667,0.113,0.123333333,0.128333333,0.105666667,0.095666667,0.068666667,0.049333333,0.053,0.085333333,0.086666667,0.099333333,0.097666667,0.095666667,0.054666667,0.051666667,0.049666667,0.067,0.062666667,0.083333333,0.092666667,0.074666667,0.074666667,0.075333333,0.070333333,0.109,0.121333333,0.13,0.108,0.089333333,0.056,0.055,0.065666667,0.103333333,0.113666667,0.098666667,0.098,0.078666667,0.130333333,0.09,0.060333333,0.122,0.258666667,0.263,0.222333333,0.180666667
YN,y8,0.134,0.088,0.062333333,0.142,0.324,0.373666667,0.298666667,0.209333333,0.204333333,0.135,0.094666667,0.270333333,0.460666667,0.490333333,0.416666667,0.324666667,0.286333333,0.215,0.142333333,0.341,0.470333333,0.510666667,0.421333333,0.359,0.392666667,0.327,0.239333333,0.534333333,0.611666667,0.626666667,0.521333333,0.448333333,0.119,0.094,0.092,0.199666667,0.227666667,0.236,0.177,0.138666667,0.123333333,0.098,0.090333333,0.127,0.129333333,0.170666667,0.176333333,0.15,0.047333333,0.046,0.047,0.075,0.067333333,0.068333333,0.063,0.057333333,0.071,0.065,0.068666667,0.116,0.109333333,0.107666667,0.083,0.073333333,0.045,0.038666667,0.043,0.072333333,0.068333333,0.086333333,0.096666667,0.074,0.07,0.062,0.057,0.094,0.116666667,0.125333333,0.111666667,0.091666667,0.086,0.076333333,0.062,0.122666667,0.168333333,0.166333333,0.147,0.108666667,0.139333333,0.111333333,0.085333333,0.165666667,0.335333333,0.327333333,0.231666667,0.183
YN,y9,0.141,0.107,0.091666667,0.174666667,0.310666667,0.328333333,0.281,0.222333333,0.258333333,0.198,0.130333333,0.357666667,0.595,0.621,0.459333333,0.344333333,0.314333333,0.255,0.194,0.385333333,0.51,0.558333333,0.473666667,0.404333333,0.378,0.288666667,0.223,0.473666667,0.533333333,0.564,0.501,0.439,0.220666667,0.182333333,0.157666667,0.272,0.307333333,0.356333333,0.327666667,0.265333333,0.114,0.096,0.104666667,0.157333333,0.143333333,0.163666667,0.149333333,0.136333333,0.192,0.159,0.182666667,0.295333333,0.313,0.347,0.260666667,0.207666667,0.078666667,0.075,0.069666667,0.093,0.087,0.095666667,0.112666667,0.103333333,0.078,0.068333333,0.071,0.106333333,0.103333333,0.125666667,0.116666667,0.094666667,0.103666667,0.088666667,0.079,0.125333333,0.133666667,0.156666667,0.163,0.135333333,0.109333333,0.083666667,0.075666667,0.145333333,0.197666667,0.196666667,0.192666667,0.152,0.101,0.076666667,0.054,0.096666667,0.209,0.229666667,0.207,0.158333333
YN,y10,0.192,0.134666667,0.081,0.208,0.449333333,0.471666667,0.355,0.270666667,0.258333333,0.185666667,0.111,0.241,0.389,0.448666667,0.411,0.339333333,0.321333333,0.256666667,0.158,0.366,0.549,0.625666667,0.548,0.411666667,0.224666667,0.167333333,0.148,0.322666667,0.372,0.391,0.308333333,0.273333333,0.245333333,0.198,0.180333333,0.285333333,0.284666667,0.314333333,0.305,0.283,0.113333333,0.095666667,0.095,0.143333333,0.149333333,0.162666667,0.14,0.124333333,0.095,0.076666667,0.061333333,0.103666667,0.114666667,0.115666667,0.102,0.110333333,0.037,0.028333333,0.023333333,0.042333333,0.053666667,0.066,0.067666667,0.056333333,0.052333333,0.052333333,0.057,0.116,0.115,0.117666667,0.087,0.064666667,0.076666667,0.069,0.071,0.098666667,0.100666667,0.12,0.144,0.118666667,0.106333333,0.074333333,0.051,0.127,0.188333333,0.184,0.178,0.153666667,0.099333333,0.075,0.06,0.120666667,0.233333333,0.257,0.226666667,0.164666667
YN,y11,0.231,0.162,0.106666667,0.230333333,0.481666667,0.538333333,0.446,0.336333333,0.394,0.3,0.199,0.473666667,0.730666667,0.789333333,0.673333333,0.506666667,0.323666667,0.274333333,0.217666667,0.458666667,0.560333333,0.591,0.455,0.364,0.299,0.25,0.195,0.377666667,0.450333333,0.495666667,0.453333333,0.379333333,0.325666667,0.268,0.213666667,0.376666667,0.386333333,0.415666667,0.394,0.353666667,0.105333333,0.079333333,0.080333333,0.117666667,0.101333333,0.131333333,0.139,0.131,0.112,0.082666667,0.079,0.125,0.147666667,0.185,0.153333333,0.137,0.069333333,0.056333333,0.053666667,0.092666667,0.100666667,0.119666667,0.100666667,0.084666667,0.070333333,0.061,0.058666667,0.112,0.122333333,0.132666667,0.118666667,0.101,0.078,0.062,0.065,0.111333333,0.123,0.138666667,0.139,0.108666667,0.080333333,0.080333333,0.066333333,0.094333333,0.149,0.161666667,0.133,0.103333333,0.121333333,0.088333333,0.066333333,0.105666667,0.211,0.23,0.217666667,0.168333333
YN,y12,0.229333333,0.177666667,0.120333333,0.184333333,0.388333333,0.436666667,0.397333333,0.305666667,0.216,0.164,0.127,0.294666667,0.476,0.500333333,0.398,0.305666667,0.328666667,0.236666667,0.123,0.378,0.585,0.673333333,0.555666667,0.439,0.36,0.284,0.211666667,0.419666667,0.499333333,0.565,0.501666667,0.416333333,0.183333333,0.152,0.132666667,0.217666667,0.242666667,0.276,0.275333333,0.246,0.151666667,0.115,0.117333333,0.185,0.158666667,0.168,0.170666667,0.169,0.059333333,0.043666667,0.030666667,0.048333333,0.064666667,0.082,0.089666667,0.080666667,0.045666667,0.039333333,0.045333333,0.095,0.116,0.130333333,0.098,0.069333333,0.088,0.071666667,0.069666667,0.099,0.088666667,0.108,0.135666667,0.116666667,0.047333333,0.038666667,0.033,0.071,0.095666667,0.103666667,0.098,0.076333333,0.116333333,0.080666667,0.047,0.124,0.217333333,0.224666667,0.214666667,0.177666667,0.099666667,0.070333333,0.053,0.118,0.242666667,0.272,0.228666667,0.154666667
YN,y13,0.100666667,0.073333333,0.061666667,0.143,0.328,0.375,0.288333333,0.169333333,0.226,0.167,0.1,0.304,0.535,0.560666667,0.422666667,0.323,0.39,0.296666667,0.177333333,0.397,0.587666667,0.694333333,0.6,0.489,0.221,0.190333333,0.149,0.255666667,0.323666667,0.354666667,0.302,0.245333333,0.176,0.141666667,0.141666667,0.182666667,0.174333333,0.211666667,0.260666667,0.240666667,0.151666667,0.101,0.096,0.144666667,0.138333333,0.177,0.189666667,0.185333333,0.174333333,0.142666667,0.145666667,0.220333333,0.227,0.250666667,0.206666667,0.191,0.029333333,0.021333333,0.016666667,0.03,0.039,0.049333333,0.052333333,0.044,0.078,0.079333333,0.081,0.157,0.163333333,0.162666667,0.118,0.092,0.07,0.058,0.056666667,0.099,0.110333333,0.132,0.12,0.099333333,0.069,0.058,0.055666667,0.085,0.086666667,0.099666667,0.132333333,0.103666667,0.112333333,0.073333333,0.060666667,0.171333333,0.344333333,0.364666667,0.276333333,0.186666667
YN,y14,0.203666667,0.168333333,0.137333333,0.235333333,0.493333333,0.541,0.411666667,0.282333333,0.124666667,0.103666667,0.083,0.165666667,0.338666667,0.427,0.346,0.205,0.187666667,0.142666667,0.096333333,0.29,0.418,0.449333333,0.324666667,0.248333333,0.313,0.256333333,0.182666667,0.365333333,0.431666667,0.467333333,0.414,0.375666667,0.177,0.129333333,0.113333333,0.187666667,0.191666667,0.209333333,0.213666667,0.209,0.093666667,0.074666667,0.085333333,0.120666667,0.099666667,0.094666667,0.098,0.107333333,0.117333333,0.096333333,0.084666667,0.133666667,0.128333333,0.136666667,0.111666667,0.115,0.090666667,0.074,0.072666667,0.122666667,0.139,0.146666667,0.107666667,0.107333333,0.079333333,0.066333333,0.069,0.120333333,0.131333333,0.133666667,0.122666667,0.103333333,0.072666667,0.063333333,0.056666667,0.110666667,0.122666667,0.107,0.093333333,0.087666667,0.090666667,0.078333333,0.071333333,0.118333333,0.169,0.174333333,0.156666667,0.122666667,0.118666667,0.098333333,0.069,0.094,0.143333333,0.147333333,0.139666667,0.132333333
YN,y15,0.133333333,0.109666667,0.092666667,0.155,0.25,0.266333333,0.232,0.182333333,0.300666667,0.214333333,0.146,0.344666667,0.536333333,0.58,0.507,0.406666667,0.343,0.256666667,0.149666667,0.378333333,0.564333333,0.623333333,0.489,0.397666667,0.270333333,0.213333333,0.166,0.334333333,0.369666667,0.385333333,0.347333333,0.337,0.195666667,0.137,0.127,0.174666667,0.164333333,0.197333333,0.246666667,0.25,0.094666667,0.077,0.073,0.115333333,0.102333333,0.119333333,0.131,0.119666667,0.081,0.066333333,0.068333333,0.097,0.097666667,0.113666667,0.112333333,0.105,0.064333333,0.049,0.047333333,0.093,0.102333333,0.117333333,0.103333333,0.081333333,0.065,0.050333333,0.049,0.070666667,0.051666667,0.065,0.095333333,0.087333333,0.082666667,0.069666667,0.070666667,0.131333333,0.135333333,0.153333333,0.16,0.125,0.148333333,0.143666667,0.122333333,0.185333333,0.238,0.242333333,0.222,0.182,0.159333333,0.100333333,0.074666667,0.173666667,0.355666667,0.411,0.341333333,0.255666667
YN,y16,0.166,0.111666667,0.073333333,0.165,0.357333333,0.407666667,0.333,0.269333333,0.438,0.349,0.234666667,0.483666667,0.664333333,0.715,0.639,0.538333333,0.434,0.358666667,0.256333333,0.470666667,0.561,0.61,0.582,0.516666667,0.359333333,0.272666667,0.193,0.389,0.475666667,0.544333333,0.509666667,0.433,0.276333333,0.201,0.186,0.374333333,0.449666667,0.5,0.444666667,0.352,0.196,0.155666667,0.163333333,0.258666667,0.254666667,0.265,0.224666667,0.208666667,0.136333333,0.107333333,0.131,0.222,0.212333333,0.203333333,0.167666667,0.152666667,0.068333333,0.055333333,0.055,0.092666667,0.094666667,0.111,0.102,0.088333333,0.06,0.045333333,0.038,0.061666667,0.075333333,0.095333333,0.098333333,0.092,0.082,0.073333333,0.084333333,0.152666667,0.146666667,0.147333333,0.127,0.106333333,0.082,0.059,0.045333333,0.081,0.119333333,0.121666667,0.128666667,0.100666667,0.139,0.127,0.105666667,0.182333333,0.315666667,0.327333333,0.237666667,0.174
YN,y17,0.138666667,0.113,0.103666667,0.202333333,0.395,0.444333333,0.331333333,0.211,0.274333333,0.195333333,0.125666667,0.322666667,0.525333333,0.594666667,0.510666667,0.387666667,0.257666667,0.214333333,0.177,0.313333333,0.411333333,0.492333333,0.457333333,0.344333333,0.222333333,0.176,0.136,0.286666667,0.341666667,0.407666667,0.372666667,0.302666667,0.182666667,0.138666667,0.137,0.195,0.192666667,0.226,0.254,0.236,0.132333333,0.111333333,0.097333333,0.160666667,0.175333333,0.21,0.19,0.155666667,0.099666667,0.083333333,0.080333333,0.119,0.126333333,0.142,0.143,0.123666667,0.062,0.043333333,0.045333333,0.101333333,0.122333333,0.15,0.141,0.097666667,0.060666667,0.041,0.03,0.043333333,0.055666667,0.081,0.116,0.099333333,0.128333333,0.123333333,0.129666667,0.189,0.167333333,0.157,0.144333333,0.135333333,0.063666667,0.051666667,0.044,0.083,0.106,0.113666667,0.114,0.090666667,0.107,0.092,0.072333333,0.112666667,0.205,0.243333333,0.198666667,0.145333333
YN,y18,0.195,0.117333333,0.072333333,0.23,0.538333333,0.616666667,0.47,0.315666667,0.305666667,0.192,0.126666667,0.368666667,0.661333333,0.767333333,0.663666667,0.476333333,0.339666667,0.234333333,0.150333333,0.415333333,0.595666667,0.662666667,0.583,0.459666667,0.334666667,0.269333333,0.220666667,0.471666667,0.544,0.589666667,0.519666667,0.413666667,0.189,0.127666667,0.107,0.173333333,0.180666667,0.235666667,0.297,0.258666667,0.137666667,0.117666667,0.120333333,0.198333333,0.183333333,0.192,0.172666667,0.158666667,0.138,0.125333333,0.123333333,0.198,0.202333333,0.217,0.169666667,0.149333333,0.051,0.044333333,0.056,0.091333333,0.090666667,0.082666667,0.081333333,0.077,0.078333333,0.064333333,0.059666667,0.110333333,0.116,0.112666667,0.102,0.095666667,0.111,0.082,0.058,0.126,0.156,0.179666667,0.168333333,0.144,0.18,0.145666667,0.107666667,0.237666667,0.335,0.347,0.289666667,0.230666667,0.197,0.163333333,0.137666667,0.281666667,0.425333333,0.442333333,0.353333333,0.262666667
YN,y19,0.169666667,0.124666667,0.084333333,0.197333333,0.415666667,0.445666667,0.334333333,0.244,0.296666667,0.208333333,0.142333333,0.382333333,0.574333333,0.643333333,0.552333333,0.418,0.305,0.216,0.141,0.335666667,0.430333333,0.498666667,0.485,0.419333333,0.289666667,0.209,0.161333333,0.383666667,0.453666667,0.513666667,0.461666667,0.363,0.16,0.116666667,0.113333333,0.207,0.235666667,0.278333333,0.266333333,0.226666667,0.121333333,0.095,0.113333333,0.152666667,0.129666667,0.171333333,0.192666667,0.175666667,0.135333333,0.117333333,0.122666667,0.203333333,0.21,0.24,0.186666667,0.141333333,0.085333333,0.081333333,0.077,0.153666667,0.168333333,0.161333333,0.110333333,0.094,0.065,0.056,0.049,0.087666667,0.079666667,0.085666667,0.093666667,0.081,0.058666667,0.057666667,0.057333333,0.109333333,0.091,0.090333333,0.097,0.076333333,0.084333333,0.051666667,0.041666667,0.097,0.173333333,0.207333333,0.195,0.146666667,0.094,0.086,0.070333333,0.103333333,0.166333333,0.175333333,0.161666667,0.123
YN,y20,0.152333333,0.116666667,0.093,0.181333333,0.315333333,0.369666667,0.359333333,0.260666667,0.355666667,0.257,0.168666667,0.400666667,0.572333333,0.636333333,0.611,0.491333333,0.357666667,0.238666667,0.138,0.410333333,0.593666667,0.662,0.57,0.459666667,0.326,0.245666667,0.157,0.324,0.417666667,0.506666667,0.482,0.413333333,0.275666667,0.203,0.192333333,0.331666667,0.350666667,0.418666667,0.430333333,0.369666667,0.120666667,0.097333333,0.089333333,0.125333333,0.115,0.154,0.169333333,0.138,0.080333333,0.069,0.059333333,0.085666667,0.094,0.104666667,0.096333333,0.092,0.064333333,0.049666667,0.043333333,0.064,0.061666667,0.077333333,0.076333333,0.079333333,0.084333333,0.071,0.065,0.095,0.108333333,0.118,0.115,0.101666667,0.064333333,0.053,0.047333333,0.077,0.065,0.071333333,0.104,0.091666667,0.086666667,0.070666667,0.060666667,0.133333333,0.209333333,0.218666667,0.176,0.14,0.161333333,0.136,0.111666667,0.182,0.267666667,0.282666667,0.247666667,0.194666667
YN,y21,0.166,0.121666667,0.093666667,0.179,0.282333333,0.322333333,0.292,0.221,0.257,0.182333333,0.113333333,0.287333333,0.454666667,0.508333333,0.438,0.350666667,0.364333333,0.283666667,0.197333333,0.425333333,0.563,0.616333333,0.554666667,0.471,0.302666667,0.246,0.201333333,0.339,0.386333333,0.451666667,0.417666667,0.358,0.253333333,0.209333333,0.169666667,0.293,0.273333333,0.308,0.321666667,0.302666667,0.186,0.141333333,0.156,0.237,0.241,0.292333333,0.279333333,0.251,0.081,0.067333333,0.068666667,0.094,0.072333333,0.071,0.080333333,0.082,0.044666667,0.040666667,0.039333333,0.079,0.070666667,0.071666667,0.055333333,0.052,0.062666667,0.057333333,0.052666667,0.081,0.079666667,0.097333333,0.087666667,0.075,0.052,0.046666667,0.045,0.092,0.090666667,0.084666667,0.093,0.080666667,0.155333333,0.116,0.074333333,0.190666667,0.27,0.257333333,0.201,0.182,0.143,0.114,0.082666667,0.153666667,0.291,0.314,0.233,0.182666667
YN,y22,0.161666667,0.125666667,0.100333333,0.210666667,0.42,0.425333333,0.303,0.233333333,0.275333333,0.216,0.171333333,0.244333333,0.310666667,0.356,0.358333333,0.324666667,0.333,0.243,0.165333333,0.396666667,0.497,0.528666667,0.491,0.436666667,0.333333333,0.272333333,0.179333333,0.480666667,0.617333333,0.643,0.501666667,0.386666667,0.202666667,0.154,0.152666667,0.343333333,0.391666667,0.402,0.325666667,0.272333333,0.156333333,0.122,0.135,0.223,0.232333333,0.249666667,0.206,0.178333333,0.118,0.097,0.098666667,0.167666667,0.200333333,0.218333333,0.158,0.133333333,0.064333333,0.059333333,0.06,0.128333333,0.15,0.134,0.087,0.076333333,0.056,0.059666667,0.053,0.095333333,0.077666667,0.077,0.080666667,0.073,0.054666667,0.044,0.041666667,0.073333333,0.085,0.094333333,0.103333333,0.085666667,0.125666667,0.102,0.076,0.140666667,0.238666667,0.259333333,0.196666667,0.151,0.141,0.121,0.093666667,0.149333333,0.192666667,0.187,0.180666667,0.170666667
YN,y23,0.124333333,0.080666667,0.056333333,0.134666667,0.298333333,0.358666667,0.273666667,0.206,0.215666667,0.157333333,0.117666667,0.245,0.376333333,0.434333333,0.378666667,0.299333333,0.324666667,0.254,0.171666667,0.419333333,0.592333333,0.648,0.504333333,0.397666667,0.279333333,0.215666667,0.192333333,0.392,0.437333333,0.463666667,0.405,0.365,0.171333333,0.129,0.127666667,0.190666667,0.170666667,0.176333333,0.217333333,0.216,0.148,0.119666667,0.122333333,0.189333333,0.189666667,0.215666667,0.197,0.180333333,0.063,0.049666667,0.044333333,0.096,0.107333333,0.096666667,0.063666667,0.07,0.103333333,0.089333333,0.089666667,0.144333333,0.138666667,0.138666667,0.12,0.115666667,0.064,0.053,0.043333333,0.081666667,0.099666667,0.121,0.104333333,0.086,0.085666667,0.074666667,0.071333333,0.102333333,0.109333333,0.116,0.108666667,0.105,0.096666667,0.093333333,0.088666667,0.143666667,0.158,0.153666667,0.155,0.130666667,0.118666667,0.106,0.092333333,0.134,0.167666667,0.187666667,0.184666667,0.149666667
YN,y24,0.221,0.157666667,0.102333333,0.223666667,0.417,0.447333333,0.362333333,0.283,0.273,0.219,0.152333333,0.314,0.449666667,0.503666667,0.456666667,0.359333333,0.284666667,0.203,0.134666667,0.303,0.361333333,0.386,0.368333333,0.343,0.278666667,0.211,0.184333333,0.336666667,0.380666667,0.408,0.373666667,0.349333333,0.262333333,0.196333333,0.187,0.316,0.341666667,0.39,0.349333333,0.303333333,0.098666667,0.089333333,0.082666667,0.123666667,0.138666667,0.159666667,0.129333333,0.117333333,0.089,0.069666667,0.08,0.121666667,0.115666667,0.125666667,0.126,0.122,0.053666667,0.048333333,0.043666667,0.079,0.074,0.067666667,0.058333333,0.055333333,0.083333333,0.07,0.061666667,0.111333333,0.128666667,0.137666667,0.112333333,0.103333333,0.090333333,0.069666667,0.051333333,0.108,0.145,0.168,0.146,0.118,0.126666667,0.086,0.045666667,0.150666667,0.274,0.299,0.229,0.175666667,0.143333333,0.109,0.078333333,0.161,0.313333333,0.345,0.271333333,0.196
YN,y25,0.171,0.137333333,0.091333333,0.188666667,0.346333333,0.392666667,0.324333333,0.242333333,0.392333333,0.268333333,0.153333333,0.453333333,0.667666667,0.713666667,0.628333333,0.52,0.332333333,0.236666667,0.139,0.383666667,0.530666667,0.616,0.548,0.437666667,0.372666667,0.281666667,0.195666667,0.456666667,0.559333333,0.586666667,0.496,0.445333333,0.29,0.227666667,0.184,0.292666667,0.317666667,0.406,0.443,0.376333333,0.207,0.160666667,0.172333333,0.237666667,0.233,0.287,0.277,0.249,0.111333333,0.098,0.099666667,0.164666667,0.163666667,0.172666667,0.132,0.129666667,0.048,0.038333333,0.035333333,0.06,0.065,0.072,0.074333333,0.067333333,0.085333333,0.069,0.066333333,0.124666667,0.124,0.126666667,0.108333333,0.105333333,0.084,0.061333333,0.046666667,0.108333333,0.145333333,0.158666667,0.140666667,0.117,0.112333333,0.091333333,0.085333333,0.158333333,0.192,0.185666667,0.190666667,0.159333333,0.146666667,0.112666667,0.090333333,0.184,0.319,0.337333333,0.256333333,0.193333333
YN,y26,0.240666667,0.176666667,0.135,0.316666667,0.530333333,0.562,0.444,0.332333333,0.196333333,0.154333333,0.114666667,0.272666667,0.437333333,0.451666667,0.320666667,0.259333333,0.371333333,0.293666667,0.185,0.380333333,0.549666667,0.614666667,0.519,0.441666667,0.223,0.174666667,0.120333333,0.268666667,0.374,0.413666667,0.348,0.266666667,0.288666667,0.224,0.165333333,0.332666667,0.380666667,0.411666667,0.358333333,0.330333333,0.243,0.196,0.191,0.274,0.295,0.348333333,0.309666667,0.272333333,0.222333333,0.195,0.186333333,0.310666667,0.345,0.372,0.269,0.227666667,0.111333333,0.091333333,0.078333333,0.127333333,0.143666667,0.168666667,0.147666667,0.143,0.101666667,0.08,0.056666667,0.089,0.099,0.123,0.102666667,0.101,0.103666667,0.089333333,0.08,0.127,0.132666667,0.149666667,0.152666667,0.129666667,0.126,0.091333333,0.060333333,0.136,0.221333333,0.245,0.214,0.165333333,0.133,0.096,0.068666667,0.126,0.258,0.303666667,0.263666667,0.196666667
ZJ,y1,0.253333333,0.276333333,0.262,0.263,0.265666667,0.309333333,0.296333333,0.244,0.206,0.204333333,0.178,0.185333333,0.205666667,0.275,0.291,0.222333333,0.232666667,0.217333333,0.187333333,0.216666667,0.208,0.245,0.262666667,0.234666667,0.168666667,0.156,0.153,0.207333333,0.231666667,0.277,0.274333333,0.216,0.245,0.239333333,0.234,0.291333333,0.303333333,0.314,0.307333333,0.278,0.158333333,0.157333333,0.141666667,0.182333333,0.193333333,0.201666667,0.209,0.189666667,0.271666667,0.231666667,0.189333333,0.221,0.249333333,0.256666667,0.247333333,0.272333333,0.256333333,0.22,0.216333333,0.24,0.266,0.279666667,0.274666667,0.275,0.18,0.175,0.192333333,0.209,0.216333333,0.258,0.268666667,0.224333333,0.163666667,0.177,0.194333333,0.211,0.217,0.266,0.281,0.195666667,0.209,0.214,0.195,0.222333333,0.230666667,0.255666667,0.265,0.222,0.199333333,0.236,0.235666667,0.223,0.23,0.283333333,0.284666667,0.213666667
ZJ,y2,0.211,0.241,0.234666667,0.226666667,0.217,0.267,0.282333333,0.214666667,0.293333333,0.298666667,0.303,0.31,0.334333333,0.376666667,0.366666667,0.309,0.247,0.244333333,0.254,0.282333333,0.267333333,0.307333333,0.309333333,0.257333333,0.249666667,0.24,0.250666667,0.326,0.337666667,0.354,0.352333333,0.282666667,0.128666667,0.124,0.126666667,0.16,0.192,0.216666667,0.203666667,0.157666667,0.193,0.172,0.159666667,0.200666667,0.220333333,0.232,0.227333333,0.227666667,0.262666667,0.244,0.238,0.305,0.312666667,0.277333333,0.257666667,0.253666667,0.226333333,0.192666667,0.182666667,0.195,0.226666667,0.257,0.266666667,0.251666667,0.122,0.123666667,0.146333333,0.162,0.164,0.193333333,0.221,0.175,0.267666667,0.278666667,0.304666667,0.354666667,0.346333333,0.381,0.378,0.305666667,0.237666667,0.256,0.279333333,0.302666667,0.293333333,0.325,0.34,0.274,0.222,0.231666667,0.207333333,0.206666667,0.213,0.225666667,0.229666667,0.208666667
ZJ,y3,0.251,0.271333333,0.272,0.276333333,0.274333333,0.301666667,0.305666667,0.255,0.21,0.226,0.235,0.238333333,0.225666667,0.281,0.284333333,0.217,0.183333333,0.200333333,0.212333333,0.233333333,0.237333333,0.268333333,0.259666667,0.203,0.144666667,0.143666667,0.151,0.2,0.231,0.252666667,0.242666667,0.185666667,0.200333333,0.170333333,0.145,0.187333333,0.218666667,0.233,0.246666667,0.232,0.147333333,0.119666667,0.119666667,0.155666667,0.181333333,0.209333333,0.208333333,0.181333333,0.255,0.203666667,0.173666667,0.198333333,0.232666667,0.266,0.270333333,0.272333333,0.226333333,0.202,0.203666667,0.237333333,0.252333333,0.232333333,0.238333333,0.258333333,0.255,0.270666667,0.275333333,0.292333333,0.302333333,0.319333333,0.300333333,0.260666667,0.111,0.108333333,0.101333333,0.091333333,0.093333333,0.127333333,0.154333333,0.131666667,0.217,0.228,0.224,0.251,0.242666667,0.253333333,0.261666667,0.229,0.291333333,0.311333333,0.298333333,0.289666667,0.305333333,0.315333333,0.294,0.270333333
ZJ,y4,0.320333333,0.337333333,0.337666667,0.341666667,0.343666667,0.353,0.331333333,0.297666667,0.254666667,0.284666667,0.268,0.270666667,0.283,0.27,0.267666667,0.250333333,0.238333333,0.246666667,0.247666667,0.265,0.251333333,0.243666667,0.244333333,0.247333333,0.232333333,0.21,0.184666667,0.220333333,0.227,0.251666667,0.280333333,0.262666667,0.161,0.147,0.135333333,0.169333333,0.194,0.206666667,0.196,0.181,0.201666667,0.181666667,0.161333333,0.205333333,0.236666667,0.230666667,0.230666667,0.230333333,0.189333333,0.156333333,0.117666667,0.128333333,0.138333333,0.161666667,0.182333333,0.197,0.214333333,0.178333333,0.134666667,0.139666667,0.154,0.173,0.197666667,0.225666667,0.174333333,0.209666667,0.240666667,0.281,0.279,0.266,0.23,0.189333333,0.330666667,0.367666667,0.371666667,0.409333333,0.418333333,0.415333333,0.370333333,0.315,0.197666667,0.211,0.205666667,0.214,0.199666667,0.216333333,0.242,0.205666667,0.238,0.269,0.27,0.283666667,0.293,0.306333333,0.293,0.240666667
ZJ,y5,0.248,0.278666667,0.272,0.267,0.255,0.301666667,0.311,0.246333333,0.223,0.220666667,0.213666667,0.258,0.265,0.280333333,0.283333333,0.240333333,0.274,0.282,0.289666667,0.338333333,0.363333333,0.410333333,0.371666667,0.296666667,0.222666667,0.214333333,0.221333333,0.283666667,0.295666667,0.302333333,0.270666667,0.23,0.195,0.169333333,0.144666667,0.185666667,0.181333333,0.174333333,0.211,0.224,0.170666667,0.173,0.166,0.213666667,0.249666667,0.262666667,0.226666667,0.193333333,0.141333333,0.138666667,0.131,0.158666667,0.192,0.212333333,0.187333333,0.169333333,0.172666667,0.143,0.122666667,0.140333333,0.162333333,0.170333333,0.182666667,0.197666667,0.265666667,0.245666667,0.246333333,0.284333333,0.285,0.295,0.297666667,0.278666667,0.200666667,0.202666667,0.215,0.234,0.238333333,0.267333333,0.277333333,0.227,0.241,0.249,0.240666667,0.240666667,0.233,0.254666667,0.29,0.260666667,0.272666667,0.300666667,0.298,0.300666667,0.298,0.331,0.324333333,0.266666667
ZJ,y6,0.334333333,0.352666667,0.36,0.402333333,0.408,0.439666667,0.420333333,0.352,0.235,0.256333333,0.263,0.269666667,0.292333333,0.338333333,0.330333333,0.246666667,0.204333333,0.21,0.218666667,0.261,0.259333333,0.271,0.277,0.234,0.200666667,0.218,0.209333333,0.252333333,0.256666667,0.240333333,0.242,0.219333333,0.170666667,0.15,0.141666667,0.185333333,0.211333333,0.240333333,0.263,0.222666667,0.175666667,0.172,0.152333333,0.184666667,0.182666667,0.176666667,0.192,0.197666667,0.280333333,0.233,0.216666667,0.256666667,0.262,0.259333333,0.278666667,0.304333333,0.229333333,0.220333333,0.224666667,0.260333333,0.282666667,0.286666667,0.276666667,0.251666667,0.332666667,0.324,0.327,0.358666667,0.369666667,0.375333333,0.379333333,0.352666667,0.200666667,0.221,0.242333333,0.273333333,0.263666667,0.263333333,0.272,0.244,0.368,0.376,0.368666667,0.409,0.39,0.384,0.399333333,0.367,0.233666667,0.248666667,0.238666667,0.235333333,0.218333333,0.253333333,0.286333333,0.261
ZJ,y7,0.285333333,0.298,0.299,0.323333333,0.325666667,0.349,0.347333333,0.289333333,0.296,0.312333333,0.318666667,0.357666667,0.35,0.356,0.357666667,0.310333333,0.23,0.223666667,0.203333333,0.214,0.227,0.242,0.236333333,0.231333333,0.181666667,0.184333333,0.187,0.223666667,0.221,0.231666667,0.261333333,0.211333333,0.095333333,0.091333333,0.09,0.114333333,0.133,0.151333333,0.154333333,0.125333333,0.185,0.168333333,0.163666667,0.217333333,0.236,0.223333333,0.208,0.203333333,0.264333333,0.199666667,0.144333333,0.164666667,0.186666667,0.220333333,0.267666667,0.291333333,0.175,0.177333333,0.173,0.204666667,0.223333333,0.221333333,0.222666667,0.192333333,0.327333333,0.375333333,0.423666667,0.512666667,0.516666667,0.493,0.431333333,0.368666667,0.216666667,0.242333333,0.262,0.280666667,0.265666667,0.268,0.265333333,0.217333333,0.189,0.205333333,0.218,0.244333333,0.233666667,0.234666667,0.25,0.211,0.303333333,0.317,0.307666667,0.316,0.315333333,0.316666667,0.315666667,0.292333333
ZJ,y8,0.224333333,0.246333333,0.234,0.235666667,0.263,0.248,0.236333333,0.220333333,0.131,0.145,0.137333333,0.138333333,0.146333333,0.194333333,0.21,0.146333333,0.205,0.201,0.199666667,0.254666667,0.239,0.216666667,0.235666667,0.225333333,0.260333333,0.261666667,0.249333333,0.287666667,0.277,0.263,0.294333333,0.277666667,0.150333333,0.144333333,0.142,0.166333333,0.178,0.185666667,0.167333333,0.157333333,0.158666667,0.134,0.098666667,0.135333333,0.175333333,0.184,0.217,0.203,0.192,0.175333333,0.164,0.179666667,0.191333333,0.191333333,0.192333333,0.209333333,0.201,0.184333333,0.189,0.231333333,0.239,0.233666667,0.230333333,0.224,0.237333333,0.236333333,0.259,0.278666667,0.279,0.285666667,0.298666667,0.270333333,0.233666667,0.25,0.236666667,0.236,0.211,0.205666667,0.242666667,0.241333333,0.294,0.302333333,0.285,0.300333333,0.321666667,0.338666667,0.355333333,0.308666667,0.298666667,0.318666667,0.308,0.306666667,0.298333333,0.314333333,0.340666667,0.307333333
ZJ,y9,0.285333333,0.292,0.256,0.243666667,0.264,0.283333333,0.293333333,0.267666667,0.238,0.229666667,0.216333333,0.238666667,0.252,0.274666667,0.278333333,0.251,0.26,0.255333333,0.266666667,0.307,0.324,0.344,0.349666667,0.303333333,0.195,0.189666667,0.167333333,0.2,0.228333333,0.241333333,0.247,0.207666667,0.159666667,0.169,0.171666667,0.210666667,0.232,0.236,0.222666667,0.191666667,0.175333333,0.166333333,0.163333333,0.220333333,0.229333333,0.197,0.193666667,0.196333333,0.265333333,0.223,0.162,0.202666667,0.214666667,0.200333333,0.192666667,0.235666667,0.178,0.147666667,0.131666667,0.170666667,0.206,0.21,0.216666667,0.215666667,0.214,0.204666667,0.211333333,0.224666667,0.228666667,0.249333333,0.274,0.238666667,0.186666667,0.203333333,0.225,0.239333333,0.246333333,0.286666667,0.286,0.223,0.227666667,0.235,0.229333333,0.231333333,0.254333333,0.324,0.347333333,0.268,0.307333333,0.342333333,0.318666667,0.305333333,0.318,0.350333333,0.334,0.274333333
ZJ,y10,0.204,0.224,0.208666667,0.205333333,0.221,0.263333333,0.267,0.215666667,0.173333333,0.182,0.168,0.216,0.241333333,0.261333333,0.274333333,0.223,0.258333333,0.251333333,0.251333333,0.289666667,0.318,0.349666667,0.322666667,0.262666667,0.241666667,0.230666667,0.224333333,0.280333333,0.301333333,0.315666667,0.326,0.273666667,0.220333333,0.200333333,0.176333333,0.192,0.177666667,0.188333333,0.241666667,0.236333333,0.163666667,0.146666667,0.144666667,0.171,0.193666667,0.188333333,0.183666667,0.178666667,0.289,0.248666667,0.230333333,0.247333333,0.275,0.311666667,0.339,0.336666667,0.271,0.249333333,0.241333333,0.249666667,0.274333333,0.321333333,0.315666667,0.285,0.262666667,0.282666667,0.308333333,0.341666667,0.337333333,0.345333333,0.334666667,0.296666667,0.305,0.336,0.344,0.365333333,0.358666667,0.376333333,0.386333333,0.329,0.157333333,0.159666667,0.158,0.178,0.166,0.175666667,0.206,0.169333333,0.229333333,0.271333333,0.270333333,0.262333333,0.263,0.272333333,0.275,0.235666667
ZJ,y11,0.244,0.241333333,0.226333333,0.209,0.202,0.249333333,0.268,0.238,0.244666667,0.274333333,0.283,0.295,0.291,0.296,0.288,0.247333333,0.243,0.256333333,0.258,0.283333333,0.286,0.288,0.281,0.243333333,0.250333333,0.218333333,0.175333333,0.194333333,0.199666667,0.225333333,0.296666667,0.282,0.191,0.223333333,0.251666667,0.305333333,0.305,0.313333333,0.275666667,0.216333333,0.184333333,0.154333333,0.129,0.142,0.154666667,0.193333333,0.239333333,0.219,0.332333333,0.291666667,0.274666667,0.335666667,0.333666667,0.296666667,0.299333333,0.324,0.262333333,0.25,0.238666667,0.266333333,0.264666667,0.244333333,0.253333333,0.267,0.269666667,0.256333333,0.246,0.271666667,0.27,0.281666667,0.313666667,0.284666667,0.224,0.243,0.244666667,0.245666667,0.239333333,0.274666667,0.304,0.247,0.22,0.244333333,0.233333333,0.248333333,0.23,0.241333333,0.257,0.225333333,0.297666667,0.329333333,0.314,0.313333333,0.299,0.302666667,0.306333333,0.281666667
ZJ,y12,0.251333333,0.246,0.239,0.248666667,0.251666667,0.278666667,0.298666667,0.261333333,0.302666667,0.344,0.364333333,0.382,0.363,0.335333333,0.321666667,0.288333333,0.217666667,0.226333333,0.212333333,0.247666667,0.237,0.212333333,0.234,0.219,0.309333333,0.3,0.265,0.332333333,0.338666667,0.321,0.338333333,0.324,0.256666667,0.26,0.255,0.282333333,0.268,0.250666667,0.263666667,0.266666667,0.197666667,0.178333333,0.164666667,0.191666667,0.197333333,0.215333333,0.217,0.218333333,0.351666667,0.323666667,0.31,0.360666667,0.354333333,0.331666667,0.323,0.343,0.177666667,0.159666667,0.154,0.173666667,0.196333333,0.212,0.216666667,0.207,0.204666667,0.215,0.231333333,0.264333333,0.267,0.269333333,0.271,0.226666667,0.108,0.111,0.103666667,0.109,0.134,0.178,0.198333333,0.133,0.186333333,0.204333333,0.199666667,0.210333333,0.2,0.202333333,0.218666667,0.193333333,0.269666667,0.299333333,0.271666667,0.268,0.272333333,0.300333333,0.307666667,0.258
ZJ,y13,0.245333333,0.260666667,0.25,0.286666667,0.304,0.333,0.313,0.252333333,0.183333333,0.178666667,0.168,0.212666667,0.234666667,0.238,0.249,0.200333333,0.257666667,0.262,0.250333333,0.287,0.318666667,0.344333333,0.342333333,0.282666667,0.195,0.209666667,0.197666667,0.231,0.272666667,0.283,0.283333333,0.23,0.246,0.207333333,0.163333333,0.202666667,0.23,0.258333333,0.286333333,0.274,0.199,0.186333333,0.179333333,0.184333333,0.207333333,0.260666667,0.242333333,0.224,0.196,0.158666667,0.117,0.171333333,0.178666667,0.162666667,0.174666667,0.203666667,0.323,0.309666667,0.301,0.345666667,0.4,0.403333333,0.350666667,0.34,0.221666667,0.237333333,0.24,0.251333333,0.258333333,0.261666667,0.258666667,0.225,0.276666667,0.286,0.291,0.302,0.297666667,0.318,0.327333333,0.293,0.233,0.278666667,0.266333333,0.277333333,0.275333333,0.309,0.317333333,0.259333333,0.289666667,0.3,0.259333333,0.260333333,0.274333333,0.316,0.329333333,0.287666667
ZJ,y14,0.301666667,0.332666667,0.314,0.306333333,0.295666667,0.324,0.311333333,0.269,0.285333333,0.304666667,0.275333333,0.263666667,0.267,0.287333333,0.284666667,0.254333333,0.234,0.214333333,0.172666667,0.183333333,0.185666667,0.218333333,0.275666667,0.249333333,0.206333333,0.206333333,0.208,0.229666667,0.223,0.251,0.268,0.235,0.232333333,0.205666667,0.165333333,0.195666667,0.206,0.250333333,0.293333333,0.248666667,0.231333333,0.209666667,0.186333333,0.206666667,0.222666667,0.214,0.240666667,0.242666667,0.234,0.196,0.152333333,0.177,0.195666667,0.219666667,0.239,0.272666667,0.208,0.192666667,0.175,0.186666667,0.192666667,0.187333333,0.199,0.195,0.144666667,0.144333333,0.146333333,0.171666667,0.193333333,0.211666667,0.221,0.191333333,0.227333333,0.233,0.224,0.222,0.207,0.227333333,0.261666667,0.224,0.222666667,0.250666667,0.250666667,0.252333333,0.212,0.196,0.229,0.212333333,0.232,0.268333333,0.252666667,0.246666667,0.224666667,0.223666667,0.250333333,0.228
ZJ,y15,0.244666667,0.269666667,0.267,0.279333333,0.266,0.255666667,0.241333333,0.218333333,0.260666667,0.249666667,0.228333333,0.242,0.247333333,0.295666667,0.298,0.268333333,0.247666667,0.265,0.270333333,0.307666667,0.286333333,0.284666667,0.291666667,0.262333333,0.219,0.203666667,0.184666667,0.242333333,0.248,0.257,0.281333333,0.257333333,0.163333333,0.15,0.141666667,0.170333333,0.164666667,0.186,0.226,0.192666667,0.189666667,0.148666667,0.116333333,0.141333333,0.157333333,0.174333333,0.208666667,0.219,0.287333333,0.264333333,0.258,0.3,0.279666667,0.254,0.261333333,0.282,0.229,0.204666667,0.184666667,0.201333333,0.211,0.221666667,0.247666667,0.252666667,0.114,0.115333333,0.126,0.123666667,0.126333333,0.172333333,0.193333333,0.144,0.209333333,0.246666667,0.252666667,0.306333333,0.29,0.279,0.282666667,0.222666667,0.326666667,0.338333333,0.301666667,0.306333333,0.310333333,0.312,0.316666667,0.298333333,0.233666667,0.254,0.224333333,0.231333333,0.245,0.248333333,0.238666667,0.211
ZJ,y16,0.264,0.265666667,0.247333333,0.237666667,0.226333333,0.232333333,0.283,0.268333333,0.269666667,0.28,0.286666667,0.308,0.282333333,0.292,0.309333333,0.270333333,0.319,0.307,0.293666667,0.345,0.316666667,0.299333333,0.349666667,0.346333333,0.215333333,0.227333333,0.217666667,0.243,0.226666667,0.222,0.278,0.243,0.195666667,0.186666667,0.169,0.205,0.206,0.189666667,0.208666667,0.213666667,0.150666667,0.135666667,0.127333333,0.145,0.156666667,0.171,0.195,0.194,0.226,0.193666667,0.157,0.178333333,0.183666667,0.193,0.211666667,0.236666667,0.175333333,0.14,0.104666667,0.105666667,0.119666667,0.135,0.158666667,0.181666667,0.244666667,0.231,0.219,0.238333333,0.252333333,0.261666667,0.257,0.252333333,0.274,0.294666667,0.297666667,0.332666667,0.347333333,0.358333333,0.360333333,0.312,0.224333333,0.241333333,0.219666667,0.219333333,0.215666667,0.222,0.238,0.205666667,0.306,0.33,0.299666667,0.311666667,0.312333333,0.277,0.282,0.279333333
ZJ,y17,0.310333333,0.347666667,0.334,0.331666667,0.331666667,0.373333333,0.349666667,0.285666667,0.190333333,0.198,0.181,0.175,0.179666667,0.216,0.246333333,0.21,0.193333333,0.190333333,0.173333333,0.201666667,0.21,0.248333333,0.301333333,0.236333333,0.224666667,0.227,0.215666667,0.246666667,0.250333333,0.257,0.296666667,0.251,0.217,0.197333333,0.177333333,0.186333333,0.189333333,0.225333333,0.272333333,0.253,0.254666667,0.234,0.214,0.245333333,0.251333333,0.228333333,0.243333333,0.254333333,0.274,0.217333333,0.184333333,0.217666667,0.211666667,0.212666667,0.242333333,0.27,0.213,0.193,0.165,0.175,0.166666667,0.169666667,0.206333333,0.227,0.210666667,0.226333333,0.238666667,0.246666667,0.238,0.251,0.264666667,0.231333333,0.208666667,0.242666667,0.242,0.253666667,0.248666667,0.267666667,0.267666667,0.212333333,0.233333333,0.253666667,0.233333333,0.245,0.238,0.250333333,0.275666667,0.237333333,0.316,0.328666667,0.309,0.307,0.294333333,0.328,0.353,0.313666667
ZJ,y18,0.270333333,0.300333333,0.267,0.272333333,0.267,0.296333333,0.303666667,0.257333333,0.257,0.285,0.272,0.255666667,0.255666667,0.297333333,0.302,0.260666667,0.227666667,0.242,0.210666667,0.24,0.222,0.252,0.295333333,0.259666667,0.265333333,0.236333333,0.203,0.268666667,0.260333333,0.269,0.304666667,0.289333333,0.151333333,0.161,0.175333333,0.212,0.228,0.222333333,0.193,0.178,0.190666667,0.191666667,0.186,0.202333333,0.193666667,0.188333333,0.187,0.186666667,0.228666667,0.212,0.187,0.212333333,0.204,0.196666667,0.214666667,0.235333333,0.38,0.356666667,0.346333333,0.388333333,0.402,0.412666667,0.426,0.429666667,0.198333333,0.202333333,0.195666667,0.218,0.207333333,0.222333333,0.235333333,0.207666667,0.206333333,0.223333333,0.218666667,0.243333333,0.219666667,0.224,0.254666667,0.210666667,0.21,0.25,0.225666667,0.210666667,0.197,0.184666667,0.219,0.211666667,0.327666667,0.349333333,0.326,0.323666667,0.332,0.349666667,0.353333333,0.315333333
ZJ,y19,0.227666667,0.232666667,0.198,0.19,0.198333333,0.240666667,0.271666667,0.238666667,0.237333333,0.249666667,0.247,0.271333333,0.285333333,0.304666667,0.317,0.264333333,0.235666667,0.237666667,0.235333333,0.252,0.255,0.259,0.283666667,0.242666667,0.272,0.263333333,0.21,0.226333333,0.222,0.24,0.291,0.279333333,0.21,0.187666667,0.166666667,0.218,0.220333333,0.24,0.273333333,0.243333333,0.160666667,0.149666667,0.155333333,0.170333333,0.178666667,0.195,0.194,0.189333333,0.391,0.348666667,0.298333333,0.318,0.305666667,0.314666667,0.358666667,0.405666667,0.288666667,0.241666667,0.210333333,0.223666667,0.225,0.254,0.281666667,0.302333333,0.209333333,0.230666667,0.241,0.274,0.274333333,0.279333333,0.284666667,0.225333333,0.345,0.375666667,0.375,0.397333333,0.389,0.403,0.398333333,0.342,0.193666667,0.195333333,0.171,0.194333333,0.188,0.189,0.224,0.200333333,0.239333333,0.261666667,0.246,0.258666667,0.255666667,0.257666667,0.268,0.233
ZJ,y20,0.209333333,0.216666667,0.206333333,0.235,0.247333333,0.238666667,0.257333333,0.22,0.287666667,0.286,0.294333333,0.316333333,0.306333333,0.334666667,0.342333333,0.305,0.251666667,0.256,0.241333333,0.284,0.267,0.276666667,0.301,0.260666667,0.150333333,0.147333333,0.168666667,0.210333333,0.212,0.24,0.217333333,0.178666667,0.205333333,0.189333333,0.181,0.235,0.233333333,0.237666667,0.244,0.226666667,0.132666667,0.126666667,0.126,0.154,0.170333333,0.184,0.191,0.157,0.212666667,0.188666667,0.167666667,0.177333333,0.166,0.175333333,0.216,0.244333333,0.136666667,0.140333333,0.124333333,0.132,0.141,0.157,0.172,0.149333333,0.170666667,0.178333333,0.173333333,0.171333333,0.165,0.189,0.225666667,0.200333333,0.274333333,0.28,0.269666667,0.299,0.303,0.321666667,0.356666667,0.311333333,0.178333333,0.196333333,0.187333333,0.179333333,0.152,0.168666667,0.209,0.176,0.299333333,0.305333333,0.267333333,0.284666667,0.288,0.292333333,0.315333333,0.304333333
ZJ,y21,0.257333333,0.249333333,0.221333333,0.25,0.255333333,0.254333333,0.270666667,0.245666667,0.207666667,0.213666667,0.201666667,0.216666667,0.205666667,0.215,0.224333333,0.192666667,0.173333333,0.174,0.166,0.194666667,0.183666667,0.192333333,0.226333333,0.199333333,0.224,0.231,0.205333333,0.246333333,0.248666667,0.238333333,0.241333333,0.218333333,0.145666667,0.134,0.127666667,0.187333333,0.202,0.207666667,0.227333333,0.177666667,0.174,0.155666667,0.109333333,0.134,0.156666667,0.158,0.181,0.192666667,0.264,0.254666667,0.248,0.288333333,0.300666667,0.297333333,0.283,0.282333333,0.252333333,0.230333333,0.195,0.206,0.221,0.236666667,0.255666667,0.265666667,0.08,0.097333333,0.094666667,0.095,0.099333333,0.121333333,0.149333333,0.120333333,0.202666667,0.196333333,0.189666667,0.21,0.205,0.208666667,0.23,0.203666667,0.231666667,0.262666667,0.238666667,0.24,0.224333333,0.214333333,0.232333333,0.224666667,0.213666667,0.222666667,0.200333333,0.206,0.213,0.219,0.227666667,0.206333333
ZJ,y22,0.238,0.237,0.221,0.218,0.237666667,0.265333333,0.282333333,0.250666667,0.287333333,0.282,0.247,0.263,0.292333333,0.286,0.296333333,0.285,0.219,0.211666667,0.193666667,0.230333333,0.217333333,0.229,0.272,0.244666667,0.191,0.183,0.168666667,0.202666667,0.224,0.237333333,0.228666667,0.216666667,0.205666667,0.193666667,0.159333333,0.181333333,0.186666667,0.201,0.239333333,0.23,0.174666667,0.156333333,0.118,0.132333333,0.127666667,0.149333333,0.184333333,0.191666667,0.257,0.229333333,0.174,0.187666667,0.193,0.191,0.229333333,0.266,0.113,0.088,0.083,0.096666667,0.109333333,0.138666667,0.183333333,0.161666667,0.186333333,0.205666667,0.220666667,0.253,0.273,0.273666667,0.266,0.217333333,0.308333333,0.329666667,0.322666667,0.369333333,0.346666667,0.331,0.349,0.311666667,0.221,0.230666667,0.235333333,0.243333333,0.237666667,0.255666667,0.26,0.221333333,0.256333333,0.258666667,0.235333333,0.244666667,0.240333333,0.249666667,0.275666667,0.248
ZJ,y23,0.225333333,0.242333333,0.228666667,0.202666667,0.184,0.222666667,0.266,0.237666667,0.222333333,0.213333333,0.2,0.242333333,0.261666667,0.295,0.311333333,0.26,0.19,0.194333333,0.190666667,0.217666667,0.207333333,0.196666667,0.216,0.187,0.217333333,0.213333333,0.171666667,0.198,0.202666667,0.201333333,0.233333333,0.223666667,0.163,0.142666667,0.131333333,0.185666667,0.183333333,0.206333333,0.225,0.198,0.147333333,0.143666667,0.145333333,0.166,0.16,0.172666667,0.173,0.158333333,0.21,0.158,0.113333333,0.129333333,0.132,0.144333333,0.211,0.257333333,0.214666667,0.188,0.166666667,0.191,0.181333333,0.163333333,0.184666667,0.210666667,0.211,0.205666667,0.205,0.21,0.208,0.244,0.271333333,0.238666667,0.356666667,0.371,0.376333333,0.400333333,0.397,0.402666667,0.405,0.371,0.248333333,0.281333333,0.263,0.258666667,0.241333333,0.240333333,0.256666667,0.225666667,0.248,0.269666667,0.247333333,0.260333333,0.250666667,0.275,0.292333333,0.246666667
ZJ,y24,0.268,0.297333333,0.277666667,0.284333333,0.278,0.291666667,0.286333333,0.25,0.232,0.230333333,0.202666667,0.217,0.226666667,0.28,0.274,0.237333333,0.240333333,0.229666667,0.214,0.236333333,0.228666667,0.245666667,0.295666667,0.258333333,0.236,0.217333333,0.196,0.223,0.224666667,0.236666667,0.281333333,0.266666667,0.225333333,0.203,0.153333333,0.159666667,0.159,0.185666667,0.242,0.246,0.146666667,0.138666667,0.122333333,0.140666667,0.133333333,0.139666667,0.167666667,0.167666667,0.251,0.213,0.196333333,0.201333333,0.213666667,0.244333333,0.269333333,0.276666667,0.257666667,0.244,0.240333333,0.282,0.309666667,0.316666667,0.308,0.295,0.213,0.215666667,0.194666667,0.215333333,0.215666667,0.226666667,0.245,0.223,0.246,0.283666667,0.275,0.292333333,0.255333333,0.252,0.269333333,0.230333333,0.179,0.192333333,0.185333333,0.177666667,0.180333333,0.202,0.224,0.197,0.299666667,0.335666667,0.333666667,0.340333333,0.317,0.311,0.31,0.286
ZJ,y25,0.196333333,0.210666667,0.185333333,0.160666667,0.138,0.168333333,0.204333333,0.181,0.206,0.238,0.242,0.230333333,0.223666667,0.245333333,0.238333333,0.205666667,0.184333333,0.179,0.185,0.206,0.197666667,0.215666667,0.223,0.197333333,0.170333333,0.157333333,0.126333333,0.142,0.140666667,0.168,0.202,0.190333333,0.171,0.163333333,0.155,0.185666667,0.175,0.180333333,0.218,0.192,0.13,0.124,0.106666667,0.129333333,0.161666667,0.176666667,0.193666667,0.170333333,0.202,0.184333333,0.158666667,0.153333333,0.162333333,0.178666667,0.189666667,0.210666667,0.196333333,0.188666667,0.174666667,0.188666667,0.183333333,0.191666667,0.220333333,0.211,0.229333333,0.240666667,0.25,0.275,0.273333333,0.281666667,0.285666667,0.241666667,0.179,0.204666667,0.186,0.177666667,0.186,0.211333333,0.233333333,0.188333333,0.242333333,0.258,0.219,0.223333333,0.208,0.206666667,0.231,0.227,0.268333333,0.298,0.281666667,0.277666667,0.278,0.284,0.284333333,0.259
ZJ,y26,0.258666667,0.261333333,0.239666667,0.263,0.267666667,0.255666667,0.258,0.251,0.215,0.201333333,0.180333333,0.217333333,0.224,0.238,0.245666667,0.217333333,0.232,0.224,0.204666667,0.237,0.261333333,0.265666667,0.285,0.239333333,0.196666667,0.181666667,0.154666667,0.169666667,0.175,0.228,0.264333333,0.239,0.205333333,0.179333333,0.142666667,0.166333333,0.191,0.221333333,0.24,0.243333333,0.200666667,0.168333333,0.137,0.164666667,0.179333333,0.172333333,0.181333333,0.201666667,0.227,0.196666667,0.143666667,0.17,0.172333333,0.176666667,0.210333333,0.226666667,0.281666667,0.241,0.199666667,0.223333333,0.225333333,0.221,0.274333333,0.317333333,0.161333333,0.184,0.169333333,0.179333333,0.174,0.172666667,0.162666667,0.142,0.243666667,0.257666667,0.24,0.250333333,0.244333333,0.283,0.308333333,0.253,0.201666667,0.222666667,0.200666667,0.227666667,0.224666667,0.261666667,0.28,0.214666667,0.311333333,0.330333333,0.296666667,0.274333333,0.279666667,0.335666667,0.353,0.313333333
