,,h1,h2,h3,h4,h5,h6,h7,h8,h9,h10,h11,h12,h13,h14,h15,h16,h17,h18,h19,h20,h21,h22,h23,h24,h25,h26,h27,h28,h29,h30,h31,h32,h33,h34,h35,h36,h37,h38,h39,h40,h41,h42,h43,h44,h45,h46,h47,h48,h49,h50,h51,h52,h53,h54,h55,h56,h57,h58,h59,h60,h61,h62,h63,h64,h65,h66,h67,h68,h69,h70,h71,h72,h73,h74,h75,h76,h77,h78,h79,h80,h81,h82,h83,h84,h85,h86,h87,h88,h89,h90,h91,h92,h93,h94,h95,h96
AH,y1,0,0,0.113666667,0.462333333,0.487666667,0.144666667,0,0,0,0,0.12,0.488333333,0.516333333,0.187333333,0,0,0,0,0.140333333,0.489333333,0.490333333,0.185666667,0.000666667,0,0,0.000666667,0.145,0.435666667,0.425,0.16,0.001666667,0,0,0.004,0.150666667,0.442333333,0.455333333,0.198333333,0.004666667,0,0,0.005333333,0.124333333,0.346666667,0.364666667,0.174666667,0.007,0,0,0.003666667,0.138666667,0.407666667,0.428666667,0.199666667,0.007666667,0,0,0.001333333,0.152,0.441666667,0.437333333,0.193666667,0.004333333,0,0,0,0.159333333,0.474333333,0.478333333,0.181333333,0.000666667,0,0,0,0.147666667,0.433,0.392333333,0.113,0,0,0,0,0.218666667,0.579333333,0.525,0.125,0,0,0,0,0.147,0.502333333,0.491333333,0.118333333,0,0
AH,y2,0,0,0.107333333,0.438333333,0.448,0.133333333,0,0,0,0,0.126333333,0.527,0.56,0.202,0,0,0,0,0.101,0.36,0.372666667,0.135,0.000333333,0,0,0.000666667,0.149,0.454333333,0.466333333,0.184,0.002,0,0,0.004333333,0.157333333,0.45,0.452,0.186,0.004333333,0,0,0.005,0.114333333,0.316666667,0.327333333,0.154333333,0.005666667,0,0,0.003,0.107333333,0.320666667,0.337333333,0.155666667,0.006,0,0,0.001333333,0.149333333,0.448333333,0.459666667,0.203333333,0.004666667,0,0,0,0.142666667,0.432666667,0.430666667,0.161,0.000666667,0,0,0,0.163333333,0.459,0.417,0.123333333,0,0,0,0,0.132666667,0.371666667,0.340333333,0.076,0,0,0,0,0.153,0.503666667,0.495666667,0.119666667,0,0
AH,y3,0,0,0.113,0.461333333,0.489333333,0.152,0,0,0,0,0.109333333,0.447333333,0.472666667,0.167666667,0,0,0,0,0.116333333,0.409,0.428,0.161333333,0.000666667,0,0,0.000666667,0.147,0.447,0.455,0.183666667,0.002333333,0,0,0.004666667,0.163,0.453333333,0.455666667,0.196666667,0.004666667,0,0,0.006333333,0.153333333,0.434666667,0.439,0.198666667,0.007333333,0,0,0.003,0.121,0.367333333,0.391,0.179,0.006333333,0,0,0.001,0.135333333,0.411666667,0.424,0.183666667,0.004333333,0,0,0,0.157,0.469333333,0.465,0.174666667,0.000666667,0,0,0,0.177,0.509,0.473333333,0.139,0,0,0,0,0.169333333,0.451666667,0.411666667,0.097666667,0,0,0,0,0.094666667,0.332666667,0.318666667,0.070333333,0,0
AH,y4,0,0,0.096,0.385333333,0.401666667,0.125,0,0,0,0,0.096333333,0.400333333,0.418666667,0.15,0,0,0,0,0.090333333,0.33,0.342,0.123666667,0.000333333,0,0,0.000666667,0.146333333,0.431666667,0.43,0.176333333,0.002,0,0,0.003666667,0.134,0.383333333,0.378333333,0.160333333,0.004,0,0,0.005666667,0.130333333,0.359333333,0.366,0.167666667,0.006666667,0,0,0.003666667,0.132333333,0.386333333,0.405666667,0.189,0.007333333,0,0,0.001333333,0.137666667,0.408,0.419,0.177666667,0.004,0,0,0,0.162,0.478,0.476,0.185,0.000666667,0,0,0,0.18,0.510666667,0.483666667,0.144333333,0,0,0,0,0.193,0.526666667,0.483333333,0.113666667,0,0,0,0,0.133,0.443666667,0.431333333,0.101,0,0
AH,y5,0,0,0.118,0.489666667,0.517,0.155666667,0,0,0,0,0.12,0.488666667,0.538,0.201333333,0,0,0,0,0.097666667,0.345,0.339333333,0.118666667,0.000333333,0,0,0.000666667,0.140333333,0.428,0.415,0.165666667,0.002,0,0,0.004,0.153333333,0.436333333,0.435666667,0.186666667,0.004333333,0,0,0.004333333,0.105,0.297333333,0.302333333,0.144666667,0.005333333,0,0,0.003,0.112333333,0.333,0.353666667,0.172,0.006666667,0,0,0.001,0.121333333,0.368333333,0.381,0.169,0.004,0,0,0,0.153,0.447666667,0.447333333,0.167333333,0.000666667,0,0,0,0.137666667,0.4,0.370333333,0.100333333,0,0,0,0,0.154333333,0.435,0.411333333,0.097,0,0,0,0,0.164666667,0.542666667,0.520333333,0.126333333,0,0
AH,y6,0,0,0.085333333,0.362666667,0.385,0.114333333,0,0,0,0,0.115333333,0.468666667,0.480333333,0.170666667,0,0,0,0,0.131333333,0.463,0.482666667,0.189333333,0.000666667,0,0,0.000666667,0.165333333,0.49,0.475333333,0.189,0.002,0,0,0.004666667,0.168,0.475666667,0.469,0.197333333,0.004666667,0,0,0.006,0.14,0.399,0.405,0.18,0.006666667,0,0,0.004333333,0.152,0.442,0.467666667,0.214,0.008333333,0,0,0.001333333,0.132666667,0.401,0.415,0.182666667,0.004333333,0,0,0,0.138333333,0.433666667,0.439666667,0.162666667,0.000666667,0,0,0,0.113333333,0.332,0.285333333,0.080333333,0,0,0,0,0.142333333,0.396333333,0.365,0.083666667,0,0,0,0,0.098666667,0.355333333,0.350666667,0.081666667,0,0
AH,y7,0,0,0.091,0.379,0.392,0.116666667,0,0,0,0,0.095666667,0.399666667,0.421666667,0.151333333,0,0,0,0,0.16,0.537666667,0.540333333,0.21,0.000666667,0,0,0.000666667,0.144666667,0.445333333,0.451,0.183666667,0.002,0,0,0.004333333,0.159,0.459666667,0.453666667,0.195666667,0.004666667,0,0,0.005,0.117666667,0.343,0.347,0.165666667,0.006666667,0,0,0.004333333,0.158333333,0.452,0.466,0.216,0.008,0,0,0.001,0.13,0.397666667,0.405333333,0.175666667,0.004,0,0,0,0.171333333,0.494333333,0.471333333,0.179333333,0.000666667,0,0,0,0.15,0.44,0.420333333,0.122333333,0,0,0,0,0.195666667,0.532,0.483333333,0.112666667,0,0,0,0,0.102666667,0.347333333,0.328,0.077333333,0,0
AH,y8,0,0,0.117666667,0.475666667,0.489,0.150333333,0,0,0,0,0.109,0.450333333,0.476666667,0.163,0,0,0,0,0.126,0.431666667,0.429666667,0.167333333,0.000666667,0,0,0.000333333,0.120333333,0.389333333,0.384,0.15,0.001666667,0,0,0.003333333,0.114333333,0.321,0.313,0.133,0.003333333,0,0,0.006333333,0.152333333,0.424,0.422333333,0.191,0.007333333,0,0,0.004,0.143666667,0.408666667,0.429,0.199,0.007666667,0,0,0.001,0.130333333,0.393333333,0.400666667,0.174,0.004,0,0,0,0.152,0.466666667,0.467333333,0.179333333,0.001,0,0,0,0.195,0.547666667,0.505,0.15,0,0,0,0,0.166,0.454,0.409333333,0.093666667,0,0,0,0,0.104333333,0.351666667,0.340333333,0.078333333,0,0
AH,y9,0,0,0.123333333,0.504,0.529666667,0.161333333,0,0,0,0,0.088333333,0.363666667,0.383666667,0.134333333,0,0,0,0,0.128666667,0.45,0.452333333,0.168666667,0.000666667,0,0,0.000333333,0.118,0.368,0.37,0.143333333,0.001666667,0,0,0.004,0.139333333,0.391,0.383,0.17,0.004,0,0,0.006333333,0.154333333,0.434,0.437333333,0.203666667,0.008,0,0,0.003333333,0.136333333,0.401333333,0.406,0.178666667,0.006333333,0,0,0.001,0.127,0.386,0.397333333,0.173666667,0.004,0,0,0,0.138333333,0.420333333,0.429666667,0.156666667,0.000666667,0,0,0,0.155,0.437333333,0.410666667,0.118333333,0,0,0,0,0.165333333,0.449666667,0.418,0.098,0,0,0,0,0.147333333,0.492,0.470333333,0.110666667,0,0
AH,y10,0,0,0.106,0.432333333,0.441666667,0.134333333,0,0,0,0,0.127333333,0.524666667,0.555666667,0.206333333,0,0,0,0,0.128333333,0.457,0.495,0.193,0.000666667,0,0,0.000666667,0.159333333,0.487333333,0.508333333,0.208333333,0.002333333,0,0,0.004333333,0.155333333,0.437666667,0.435666667,0.179666667,0.004333333,0,0,0.005666667,0.135333333,0.381666667,0.39,0.183333333,0.007,0,0,0.004333333,0.16,0.460666667,0.474333333,0.218333333,0.008333333,0,0,0.001333333,0.138,0.417333333,0.434,0.185666667,0.004,0,0,0,0.15,0.442,0.440666667,0.176333333,0.000666667,0,0,0,0.200666667,0.563666667,0.529,0.155666667,0,0,0,0,0.182333333,0.497,0.457,0.104333333,0,0,0,0,0.134666667,0.441,0.417,0.096333333,0,0
AH,y11,0,0,0.117666667,0.47,0.479333333,0.146666667,0,0,0,0,0.095,0.385333333,0.402333333,0.136333333,0,0,0,0,0.146,0.508333333,0.520333333,0.208666667,0.000666667,0,0,0.000666667,0.179666667,0.523,0.511,0.211333333,0.002333333,0,0,0.004333333,0.151666667,0.441,0.437,0.182333333,0.004333333,0,0,0.007333333,0.171,0.47,0.477333333,0.217,0.008333333,0,0,0.003666667,0.138333333,0.403333333,0.410666667,0.186,0.007,0,0,0.001,0.121,0.368333333,0.372666667,0.162666667,0.004,0,0,0,0.136666667,0.415666667,0.406666667,0.15,0.000666667,0,0,0,0.166666667,0.479666667,0.447333333,0.124,0,0,0,0,0.155333333,0.443,0.395333333,0.093666667,0,0,0,0,0.158,0.508,0.480333333,0.112666667,0,0
AH,y12,0,0,0.097333333,0.397,0.408333333,0.123,0,0,0,0,0.097333333,0.408666667,0.43,0.146333333,0,0,0,0,0.159666667,0.540666667,0.546,0.213333333,0.000666667,0,0,0.001,0.162,0.500333333,0.498333333,0.195333333,0.002333333,0,0,0.004333333,0.146666667,0.422666667,0.433333333,0.195,0.005,0,0,0.007,0.164333333,0.445333333,0.440333333,0.200333333,0.007666667,0,0,0.003333333,0.116666667,0.356333333,0.388666667,0.176,0.006666667,0,0,0.001333333,0.167333333,0.487666667,0.496333333,0.212333333,0.004666667,0,0,0,0.147333333,0.444666667,0.431666667,0.161333333,0.000666667,0,0,0,0.157,0.458,0.431666667,0.123666667,0,0,0,0,0.154666667,0.423666667,0.381,0.09,0,0,0,0,0.132333333,0.445666667,0.442333333,0.104666667,0,0
AH,y13,0,0,0.110333333,0.449333333,0.476666667,0.144,0,0,0,0,0.113,0.462,0.485,0.169666667,0,0,0,0,0.137,0.486,0.486333333,0.18,0.000666667,0,0,0.000666667,0.162666667,0.493,0.497666667,0.201333333,0.002333333,0,0,0.004666667,0.174,0.502666667,0.504,0.218666667,0.005333333,0,0,0.005,0.125,0.359333333,0.361666667,0.173,0.006666667,0,0,0.003333333,0.127,0.381,0.406333333,0.179666667,0.007,0,0,0.001333333,0.149,0.441,0.449,0.193333333,0.004333333,0,0,0,0.144666667,0.434666667,0.424333333,0.162666667,0.000666667,0,0,0,0.169333333,0.487333333,0.464333333,0.135,0,0,0,0,0.176333333,0.486666667,0.442666667,0.102666667,0,0,0,0,0.125666667,0.412666667,0.395666667,0.091666667,0,0
AH,y14,0,0,0.094333333,0.384,0.383,0.105666667,0,0,0,0,0.14,0.571,0.614666667,0.224333333,0,0,0,0,0.143,0.503,0.532,0.215333333,0.000666667,0,0,0.000666667,0.153,0.463,0.448666667,0.173333333,0.002333333,0,0,0.005,0.180666667,0.506333333,0.503333333,0.217333333,0.005333333,0,0,0.005,0.123666667,0.355,0.370333333,0.168333333,0.006,0,0,0.004,0.152333333,0.440666667,0.452,0.197333333,0.007333333,0,0,0.001,0.135333333,0.406333333,0.411,0.175333333,0.004,0,0,0,0.129,0.396333333,0.400333333,0.155666667,0.000666667,0,0,0,0.157333333,0.457666667,0.431333333,0.122,0,0,0,0,0.150333333,0.43,0.403,0.093333333,0,0,0,0,0.156333333,0.496333333,0.481,0.112666667,0,0
AH,y15,0,0,0.122,0.496333333,0.521,0.153666667,0,0,0,0,0.074333333,0.309,0.335333333,0.114,0,0,0,0,0.131333333,0.458333333,0.471333333,0.182333333,0.000666667,0,0,0.000666667,0.165666667,0.512,0.516333333,0.204666667,0.002333333,0,0,0.004333333,0.160666667,0.456666667,0.457333333,0.197333333,0.004666667,0,0,0.007,0.167333333,0.461,0.460666667,0.206,0.007666667,0,0,0.003666667,0.139666667,0.414,0.421666667,0.191,0.007666667,0,0,0.000666667,0.119333333,0.371,0.400666667,0.173333333,0.003666667,0,0,0,0.120666667,0.37,0.367333333,0.143,0.000666667,0,0,0,0.182333333,0.526666667,0.500333333,0.148333333,0,0,0,0,0.163666667,0.467,0.432,0.098333333,0,0,0,0,0.121,0.405,0.387666667,0.092,0,0
AH,y16,0,0,0.118666667,0.479666667,0.503666667,0.149666667,0,0,0,0,0.091,0.381,0.403,0.135333333,0,0,0,0,0.126666667,0.439,0.456666667,0.181,0.000666667,0,0,0.000666667,0.141666667,0.426,0.431,0.179333333,0.002333333,0,0,0.003666667,0.143,0.405,0.401333333,0.170666667,0.004,0,0,0.006,0.152666667,0.422333333,0.421333333,0.195666667,0.007666667,0,0,0.003,0.117333333,0.347333333,0.364666667,0.158,0.005666667,0,0,0.001333333,0.152,0.457666667,0.468333333,0.201333333,0.004666667,0,0,0,0.115666667,0.362666667,0.375666667,0.144666667,0.000666667,0,0,0,0.155666667,0.456,0.436,0.128666667,0,0,0,0,0.202,0.547,0.501333333,0.119666667,0,0,0,0,0.153333333,0.506,0.492,0.119333333,0,0
AH,y17,0,0,0.130666667,0.518666667,0.533333333,0.161,0,0,0,0,0.114666667,0.474333333,0.516333333,0.188333333,0,0,0,0,0.153333333,0.534666667,0.556,0.224,0.000666667,0,0,0.001,0.180666667,0.532333333,0.540666667,0.225,0.002666667,0,0,0.004666667,0.169333333,0.466,0.466333333,0.205666667,0.004666667,0,0,0.005,0.125,0.351666667,0.349666667,0.157333333,0.005666667,0,0,0.003333333,0.126333333,0.379,0.408333333,0.189666667,0.007333333,0,0,0.001,0.112,0.359333333,0.394,0.170666667,0.003666667,0,0,0,0.129666667,0.403666667,0.414,0.154333333,0.000666667,0,0,0,0.160666667,0.467,0.436,0.128,0,0,0,0,0.149,0.418,0.386666667,0.089333333,0,0,0,0,0.141333333,0.470666667,0.459,0.109666667,0,0
AH,y18,0,0,0.098,0.404,0.400333333,0.108666667,0,0,0,0,0.100666667,0.405,0.413333333,0.144,0,0,0,0,0.116,0.407666667,0.424333333,0.160666667,0.000666667,0,0,0.000666667,0.166,0.505,0.49,0.191333333,0.002333333,0,0,0.004333333,0.160333333,0.441333333,0.421666667,0.173,0.004,0,0,0.006,0.15,0.418,0.413666667,0.189,0.007,0,0,0.003666667,0.146333333,0.428666667,0.437333333,0.2,0.007666667,0,0,0.001333333,0.13,0.398666667,0.407333333,0.177,0.004,0,0,0,0.150666667,0.446,0.437333333,0.165,0.000666667,0,0,0,0.180333333,0.526333333,0.509,0.152666667,0,0,0,0,0.169333333,0.448666667,0.403,0.094666667,0,0,0,0,0.119,0.401,0.389333333,0.088666667,0,0
AH,y19,0,0,0.118333333,0.495,0.524333333,0.157666667,0,0,0,0,0.086,0.365,0.395666667,0.135333333,0,0,0,0,0.144,0.504333333,0.531,0.209666667,0.000666667,0,0,0.000666667,0.179666667,0.533333333,0.542,0.222666667,0.002666667,0,0,0.004,0.145666667,0.403333333,0.398333333,0.169333333,0.004,0,0,0.005,0.124666667,0.36,0.365666667,0.168,0.006666667,0,0,0.003666667,0.142,0.419666667,0.440666667,0.203666667,0.007666667,0,0,0.001333333,0.151,0.454,0.466,0.198333333,0.004666667,0,0,0,0.141666667,0.426333333,0.41,0.154,0.000666667,0,0,0,0.183333333,0.526333333,0.500666667,0.150666667,0,0,0,0,0.163,0.454,0.415333333,0.097,0,0,0,0,0.165333333,0.542333333,0.522333333,0.123,0,0
AH,y20,0,0,0.126666667,0.509,0.537333333,0.168666667,0,0,0,0,0.082666667,0.356666667,0.370666667,0.124666667,0,0,0,0,0.135666667,0.484666667,0.504333333,0.197333333,0.000666667,0,0,0.000666667,0.139666667,0.422666667,0.408,0.16,0.002,0,0,0.004666667,0.169666667,0.474,0.466333333,0.186666667,0.004333333,0,0,0.005333333,0.134333333,0.383,0.380333333,0.174333333,0.006666667,0,0,0.003,0.123333333,0.363333333,0.365,0.165666667,0.006666667,0,0,0.001,0.107,0.339333333,0.347,0.149,0.003333333,0,0,0,0.107,0.345333333,0.340333333,0.127333333,0.000666667,0,0,0,0.183666667,0.518,0.500333333,0.151,0,0,0,0,0.148666667,0.408666667,0.362333333,0.079666667,0,0,0,0,0.150333333,0.500666667,0.486,0.116333333,0,0
AH,y21,0,0,0.108666667,0.443333333,0.455666667,0.135333333,0,0,0,0,0.108,0.453,0.478,0.162666667,0,0,0,0,0.124666667,0.443,0.448,0.166,0.000666667,0,0,0.000666667,0.157,0.472333333,0.461666667,0.185333333,0.002333333,0,0,0.003666667,0.142666667,0.408333333,0.400666667,0.170333333,0.004333333,0,0,0.005,0.123,0.346666667,0.346666667,0.147,0.005333333,0,0,0.002666667,0.109666667,0.337666667,0.356,0.160333333,0.006,0,0,0.001333333,0.141333333,0.429333333,0.442,0.191,0.004333333,0,0,0,0.158333333,0.476333333,0.465333333,0.171333333,0.000666667,0,0,0,0.172,0.49,0.458333333,0.134333333,0,0,0,0,0.102333333,0.297333333,0.273333333,0.059666667,0,0,0,0,0.12,0.418333333,0.405333333,0.092333333,0,0
AH,y22,0,0,0.093666667,0.385,0.409,0.119666667,0,0,0,0,0.132,0.535333333,0.572666667,0.21,0,0,0,0,0.134666667,0.483333333,0.478333333,0.178,0.000666667,0,0,0.000666667,0.132333333,0.407333333,0.396666667,0.159333333,0.002,0,0,0.003333333,0.132,0.378,0.368,0.149,0.003666667,0,0,0.005,0.122,0.342,0.353333333,0.157,0.006,0,0,0.003,0.121,0.362333333,0.387,0.174666667,0.006333333,0,0,0.001333333,0.152333333,0.464333333,0.471333333,0.203333333,0.004666667,0,0,0,0.159,0.469333333,0.471,0.187,0.001,0,0,0,0.084333333,0.255666667,0.226,0.065666667,0,0,0,0,0.11,0.325666667,0.306333333,0.069,0,0,0,0,0.129,0.429666667,0.425333333,0.099333333,0,0
AH,y23,0,0,0.104,0.430666667,0.452666667,0.137666667,0,0,0,0,0.117333333,0.476333333,0.513,0.193666667,0,0,0,0,0.13,0.455333333,0.449666667,0.165333333,0.000666667,0,0,0.001,0.159333333,0.479666667,0.485333333,0.193666667,0.002333333,0,0,0.004666667,0.167333333,0.473666667,0.466,0.203,0.005,0,0,0.005333333,0.137333333,0.388666667,0.381333333,0.167,0.006333333,0,0,0.003333333,0.143666667,0.426666667,0.443666667,0.203333333,0.008,0,0,0.001,0.125666667,0.384333333,0.399,0.171666667,0.003666667,0,0,0,0.109,0.340666667,0.338333333,0.129333333,0.000333333,0,0,0,0.112,0.351,0.323333333,0.089333333,0,0,0,0,0.184666667,0.507333333,0.463333333,0.105666667,0,0,0,0,0.135666667,0.456333333,0.443333333,0.106,0,0
AH,y24,0,0,0.092666667,0.386,0.407333333,0.122,0,0,0,0,0.115333333,0.474666667,0.505,0.185,0,0,0,0,0.130666667,0.464,0.485666667,0.191333333,0.000666667,0,0,0.000666667,0.164333333,0.482333333,0.486,0.197333333,0.002333333,0,0,0.003333333,0.127333333,0.378666667,0.391,0.164333333,0.003666667,0,0,0.006,0.148333333,0.430333333,0.439333333,0.200333333,0.008,0,0,0.003666667,0.141333333,0.413333333,0.423,0.193,0.007333333,0,0,0.001,0.135666667,0.411,0.435666667,0.190666667,0.004333333,0,0,0,0.140333333,0.413666667,0.412333333,0.155,0.000666667,0,0,0,0.175666667,0.501,0.472666667,0.140666667,0,0,0,0,0.147333333,0.422333333,0.387666667,0.087333333,0,0,0,0,0.100666667,0.348666667,0.339,0.074333333,0,0
AH,y25,0,0,0.090333333,0.371,0.390666667,0.117,0,0,0,0,0.067333333,0.280333333,0.289666667,0.094333333,0,0,0,0,0.14,0.486666667,0.496,0.192333333,0.000666667,0,0,0.000333333,0.142,0.445333333,0.454333333,0.187333333,0.002,0,0,0.004333333,0.166333333,0.476,0.472333333,0.193333333,0.004666667,0,0,0.006,0.148666667,0.416,0.429666667,0.197,0.007,0,0,0.003666667,0.137333333,0.414666667,0.428666667,0.197666667,0.007666667,0,0,0.001333333,0.151,0.461,0.48,0.21,0.004666667,0,0,0,0.16,0.478,0.481,0.186,0.000666667,0,0,0,0.159,0.459666667,0.43,0.125666667,0,0,0,0,0.182666667,0.503333333,0.469,0.112333333,0,0,0,0,0.125333333,0.419666667,0.395,0.089666667,0,0
AH,y26,0,0,0.063666667,0.260666667,0.269333333,0.078333333,0,0,0,0,0.098333333,0.417666667,0.446666667,0.158,0,0,0,0,0.125333333,0.442666667,0.438666667,0.165,0.000666667,0,0,0.000666667,0.174,0.515,0.503,0.208666667,0.002333333,0,0,0.004333333,0.161333333,0.460666667,0.453333333,0.188333333,0.004666667,0,0,0.004666667,0.116333333,0.32,0.326,0.143333333,0.005,0,0,0.002333333,0.086666667,0.262,0.274,0.133,0.005333333,0,0,0.001,0.139,0.425,0.442,0.189666667,0.004333333,0,0,0,0.136,0.423333333,0.421666667,0.157333333,0.000666667,0,0,0,0.157666667,0.443,0.395,0.110333333,0,0,0,0,0.151333333,0.43,0.403666667,0.093333333,0,0,0,0,0.127666667,0.441,0.419,0.093,0,0
BJ,y1,0,0,0.098333333,0.566666667,0.612333333,0.171333333,0,0,0,0,0.123666667,0.592,0.651333333,0.238333333,0,0,0,0,0.159,0.596666667,0.635333333,0.262666667,0.001333333,0,0,0.001333333,0.191333333,0.578666667,0.587666667,0.259333333,0.005333333,0,0,0.007666667,0.183,0.525333333,0.539333333,0.239333333,0.010666667,0,0,0.008666667,0.158333333,0.448666667,0.467666667,0.214666667,0.014,0,0,0.006,0.134666667,0.385333333,0.408,0.205666667,0.014333333,0,0,0.001666667,0.128666667,0.407666667,0.428666667,0.194,0.008,0,0,0,0.133333333,0.414333333,0.426333333,0.172666667,0.001333333,0,0,0,0.170333333,0.519666667,0.489666667,0.147666667,0,0,0,0,0.178,0.574,0.538666667,0.115,0,0,0,0,0.117,0.543,0.531666667,0.106666667,0,0
BJ,y2,0,0,0.097333333,0.563666667,0.61,0.170666667,0,0,0,0,0.131666667,0.616,0.685333333,0.258,0,0,0,0,0.157333333,0.589666667,0.625333333,0.254,0.001333333,0,0,0.001333333,0.192333333,0.578333333,0.587333333,0.259333333,0.005333333,0,0,0.008333333,0.195666667,0.546666667,0.55,0.252666667,0.010666667,0,0,0.009333333,0.167333333,0.474666667,0.492666667,0.236333333,0.015666667,0,0,0.005666667,0.129333333,0.396333333,0.445,0.216,0.013666667,0,0,0.001333333,0.097,0.311333333,0.34,0.171666667,0.007,0,0,0,0.144333333,0.463333333,0.475666667,0.194,0.001666667,0,0,0,0.158666667,0.477333333,0.463333333,0.140666667,0,0,0,0,0.159333333,0.536,0.501,0.106666667,0,0,0,0,0.117333333,0.533,0.516333333,0.105666667,0,0
BJ,y3,0,0,0.098,0.569333333,0.62,0.176666667,0,0,0,0,0.120666667,0.559,0.622666667,0.236333333,0,0,0,0,0.156666667,0.58,0.624,0.257,0.001333333,0,0,0.001333333,0.193333333,0.585666667,0.593,0.257333333,0.005666667,0,0,0.008,0.185333333,0.519,0.527,0.235666667,0.010333333,0,0,0.010333333,0.185,0.500666667,0.507333333,0.234,0.015,0,0,0.006666667,0.154,0.449,0.47,0.231333333,0.015333333,0,0,0.002333333,0.152,0.473333333,0.505,0.227,0.009,0,0,0,0.166666667,0.503333333,0.495333333,0.198666667,0.001666667,0,0,0,0.200333333,0.601333333,0.588333333,0.177,0,0,0,0,0.150666667,0.501,0.456666667,0.093333333,0,0,0,0,0.107666667,0.505333333,0.502333333,0.1,0,0
BJ,y4,0,0,0.089,0.522,0.581666667,0.165,0,0,0,0,0.113,0.538333333,0.594,0.214666667,0,0,0,0,0.150333333,0.577666667,0.604,0.243,0.001333333,0,0,0.001,0.153,0.475,0.488,0.206333333,0.004,0,0,0.008,0.180333333,0.508666667,0.503666667,0.229,0.01,0,0,0.009333333,0.165666667,0.452,0.448333333,0.211333333,0.014,0,0,0.004666667,0.115333333,0.371,0.399666667,0.21,0.014,0,0,0.002,0.148333333,0.451666667,0.477666667,0.225666667,0.009333333,0,0,0,0.151,0.483666667,0.521,0.204,0.001666667,0,0,0,0.172666667,0.502,0.468666667,0.144666667,0,0,0,0,0.166666667,0.531666667,0.487666667,0.104333333,0,0,0,0,0.11,0.526,0.526333333,0.105666667,0,0
BJ,y5,0,0,0.096,0.553,0.602333333,0.172,0,0,0,0,0.124666667,0.588,0.658,0.248333333,0,0,0,0,0.135666667,0.516666667,0.568666667,0.226666667,0.001,0,0,0.001,0.165,0.535666667,0.563,0.234333333,0.005,0,0,0.008,0.184,0.52,0.514333333,0.234333333,0.010333333,0,0,0.009333333,0.173666667,0.484333333,0.498666667,0.240333333,0.015,0,0,0.006,0.143666667,0.418666667,0.443,0.221666667,0.014666667,0,0,0.002333333,0.143666667,0.436333333,0.433,0.201,0.008666667,0,0,0,0.142666667,0.447666667,0.454333333,0.183333333,0.001666667,0,0,0,0.180333333,0.540333333,0.524666667,0.16,0,0,0,0,0.157,0.529,0.501666667,0.105666667,0,0,0,0,0.115333333,0.531333333,0.523,0.104333333,0,0
BJ,y6,0,0,0.092,0.533666667,0.577666667,0.166333333,0,0,0,0,0.128,0.608333333,0.671333333,0.246333333,0,0,0,0,0.168333333,0.61,0.638,0.268666667,0.001333333,0,0,0.001,0.178333333,0.538,0.562666667,0.253333333,0.005333333,0,0,0.007666667,0.186666667,0.524666667,0.53,0.248666667,0.010666667,0,0,0.010333333,0.178,0.492333333,0.512666667,0.244666667,0.015666667,0,0,0.006333333,0.148333333,0.425333333,0.473,0.225666667,0.015333333,0,0,0.002,0.135333333,0.417666667,0.436,0.206666667,0.008666667,0,0,0,0.171666667,0.515333333,0.519,0.211,0.002,0,0,0,0.146333333,0.452333333,0.436,0.129,0,0,0,0,0.160333333,0.521333333,0.466666667,0.096333333,0,0,0,0,0.112333333,0.518333333,0.499,0.096333333,0,0
BJ,y7,0,0,0.09,0.511,0.563,0.161,0,0,0,0,0.116666667,0.56,0.623666667,0.228333333,0,0,0,0,0.175,0.631666667,0.669666667,0.275333333,0.001333333,0,0,0.001,0.179333333,0.571,0.576666667,0.246,0.005333333,0,0,0.008666667,0.197333333,0.543,0.550666667,0.259666667,0.011666667,0,0,0.008666667,0.160333333,0.456,0.48,0.223666667,0.013666667,0,0,0.006333333,0.147333333,0.431333333,0.459333333,0.232666667,0.015666667,0,0,0.002333333,0.156666667,0.479333333,0.493333333,0.223,0.009,0,0,0,0.165,0.524666667,0.528666667,0.212,0.001666667,0,0,0,0.150333333,0.477666667,0.457333333,0.132,0,0,0,0,0.160666667,0.536,0.504666667,0.106,0,0,0,0,0.111666667,0.522,0.514333333,0.100333333,0,0
BJ,y8,0,0,0.093333333,0.537333333,0.578,0.163333333,0,0,0,0,0.125666667,0.570333333,0.625,0.232,0,0,0,0,0.165333333,0.602666667,0.639,0.269,0.001333333,0,0,0.001,0.165666667,0.522,0.559333333,0.243333333,0.005,0,0,0.008,0.182333333,0.508666667,0.532,0.243,0.011,0,0,0.008,0.141333333,0.381333333,0.374666667,0.169,0.011666667,0,0,0.006333333,0.149666667,0.447666667,0.466333333,0.231,0.015666667,0,0,0.002,0.147,0.448,0.459,0.214333333,0.009333333,0,0,0,0.159666667,0.484666667,0.489666667,0.192333333,0.001666667,0,0,0,0.184666667,0.565666667,0.529666667,0.16,0,0,0,0,0.171,0.557666667,0.523,0.110666667,0,0,0,0,0.103,0.471,0.478333333,0.094666667,0,0
BJ,y9,0,0,0.093666667,0.553333333,0.598,0.166333333,0,0,0,0,0.111,0.528,0.596333333,0.221666667,0,0,0,0,0.14,0.520333333,0.546666667,0.223666667,0.001333333,0,0,0.001,0.164,0.520333333,0.526666667,0.223333333,0.004666667,0,0,0.007,0.167,0.485333333,0.486,0.208,0.009333333,0,0,0.010333333,0.182333333,0.503666667,0.509333333,0.236666667,0.015,0,0,0.006,0.138,0.395333333,0.426666667,0.212666667,0.013666667,0,0,0.002,0.139666667,0.418333333,0.454333333,0.211,0.008666667,0,0,0,0.139,0.435666667,0.432,0.178666667,0.001666667,0,0,0,0.177666667,0.519666667,0.489666667,0.146333333,0,0,0,0,0.152333333,0.506666667,0.475666667,0.102,0,0,0,0,0.109,0.520666667,0.520333333,0.104666667,0,0
BJ,y10,0,0,0.095666667,0.548,0.593333333,0.166333333,0,0,0,0,0.122666667,0.575666667,0.638333333,0.237,0,0,0,0,0.162333333,0.600333333,0.649333333,0.274,0.001333333,0,0,0.001,0.183666667,0.560666667,0.583666667,0.250666667,0.005,0,0,0.007333333,0.174333333,0.499333333,0.504333333,0.228666667,0.01,0,0,0.008666667,0.159666667,0.462666667,0.479666667,0.227666667,0.014,0,0,0.006333333,0.142,0.412333333,0.436333333,0.215666667,0.013333333,0,0,0.002,0.131666667,0.413666667,0.445333333,0.212666667,0.008666667,0,0,0,0.172333333,0.517666667,0.533333333,0.218,0.002,0,0,0,0.188,0.557,0.544666667,0.162666667,0,0,0,0,0.158,0.521,0.499333333,0.106,0,0,0,0,0.106333333,0.499666667,0.499333333,0.098666667,0,0
BJ,y11,0,0,0.095,0.543666667,0.594,0.169666667,0,0,0,0,0.122,0.566333333,0.623666667,0.235333333,0,0,0,0,0.175333333,0.635666667,0.682,0.287333333,0.001666667,0,0,0.001333333,0.181666667,0.576,0.614666667,0.267666667,0.005666667,0,0,0.007666667,0.183333333,0.504,0.512333333,0.237,0.010333333,0,0,0.009666667,0.175333333,0.490333333,0.502666667,0.231,0.014333333,0,0,0.006333333,0.15,0.432,0.453333333,0.231666667,0.015333333,0,0,0.002,0.136,0.428333333,0.465,0.217666667,0.008666667,0,0,0,0.169,0.519666667,0.519,0.209,0.002,0,0,0,0.172666667,0.530333333,0.521,0.15,0,0,0,0,0.170333333,0.552333333,0.517333333,0.112333333,0,0,0,0,0.117,0.542666667,0.531,0.105666667,0,0
BJ,y12,0,0,0.084333333,0.486,0.538,0.15,0,0,0,0,0.119333333,0.561,0.630666667,0.234333333,0,0,0,0,0.171333333,0.627,0.679333333,0.289333333,0.001333333,0,0,0.001333333,0.186666667,0.599333333,0.616,0.262666667,0.005333333,0,0,0.007333333,0.174,0.481333333,0.484666667,0.215333333,0.009,0,0,0.009,0.159666667,0.446,0.478333333,0.232333333,0.014666667,0,0,0.005333333,0.124666667,0.376666667,0.403666667,0.201333333,0.013333333,0,0,0.001666667,0.128666667,0.407666667,0.439,0.208333333,0.008333333,0,0,0,0.162666667,0.510333333,0.530333333,0.222666667,0.002,0,0,0,0.168666667,0.508666667,0.489,0.150666667,0,0,0,0,0.16,0.535,0.511666667,0.107,0,0,0,0,0.113666667,0.516666667,0.504,0.099333333,0,0
BJ,y13,0,0,0.096,0.547,0.595333333,0.168333333,0,0,0,0,0.116,0.545,0.599,0.216666667,0,0,0,0,0.147,0.544666667,0.582,0.240333333,0.001333333,0,0,0.001333333,0.184,0.559,0.585666667,0.251333333,0.005333333,0,0,0.008,0.198333333,0.554666667,0.564666667,0.264666667,0.011,0,0,0.009,0.166333333,0.450333333,0.465333333,0.222,0.013666667,0,0,0.006333333,0.146666667,0.432,0.454,0.232,0.015333333,0,0,0.002,0.151,0.460333333,0.484,0.225666667,0.009,0,0,0,0.167,0.516333333,0.516666667,0.206333333,0.002,0,0,0,0.166333333,0.516,0.518666667,0.154666667,0,0,0,0,0.166666667,0.550333333,0.512,0.108,0,0,0,0,0.111333333,0.517,0.516,0.103,0,0
BJ,y14,0,0,0.095666667,0.543666667,0.574,0.159333333,0,0,0,0,0.131333333,0.622333333,0.691,0.258,0,0,0,0,0.160666667,0.583333333,0.597666667,0.252666667,0.001333333,0,0,0.001,0.163,0.522,0.554666667,0.238333333,0.005,0,0,0.008,0.188333333,0.522,0.530333333,0.253666667,0.010666667,0,0,0.008666667,0.157666667,0.441666667,0.440333333,0.202666667,0.012666667,0,0,0.006333333,0.151666667,0.441666667,0.452,0.22,0.014666667,0,0,0.002,0.134333333,0.421666667,0.455,0.211,0.009,0,0,0,0.163666667,0.504,0.485666667,0.189666667,0.002,0,0,0,0.182666667,0.544,0.533,0.164,0,0,0,0,0.172333333,0.554333333,0.495333333,0.105,0,0,0,0,0.113,0.525,0.522666667,0.106,0,0
BJ,y15,0,0,0.099333333,0.569,0.616,0.174666667,0,0,0,0,0.118333333,0.557333333,0.612,0.225666667,0,0,0,0,0.167666667,0.617666667,0.659,0.273,0.001333333,0,0,0.001333333,0.179333333,0.56,0.577666667,0.248,0.005,0,0,0.008,0.192,0.535666667,0.528333333,0.242,0.010333333,0,0,0.010333333,0.182,0.493333333,0.495666667,0.239666667,0.015666667,0,0,0.006333333,0.151666667,0.440666667,0.454666667,0.211666667,0.014,0,0,0.002,0.139,0.441,0.468333333,0.216333333,0.008333333,0,0,0,0.143666667,0.467333333,0.496,0.202333333,0.001666667,0,0,0,0.179333333,0.54,0.520333333,0.157666667,0,0,0,0,0.149666667,0.499666667,0.477333333,0.102333333,0,0,0,0,0.115,0.525666667,0.507333333,0.101666667,0,0
BJ,y16,0,0,0.093,0.547,0.603333333,0.174333333,0,0,0,0,0.117,0.549666667,0.611666667,0.224,0,0,0,0,0.157333333,0.581333333,0.611333333,0.247,0.001333333,0,0,0.001333333,0.173,0.551666667,0.566,0.241666667,0.005,0,0,0.007333333,0.184,0.522333333,0.519,0.24,0.010333333,0,0,0.009666667,0.176,0.49,0.509,0.241333333,0.015333333,0,0,0.005666667,0.137,0.408333333,0.429666667,0.206,0.013333333,0,0,0.002,0.139333333,0.441333333,0.463666667,0.214666667,0.009,0,0,0,0.150333333,0.461,0.479666667,0.198,0.001666667,0,0,0,0.163333333,0.5,0.485666667,0.146,0,0,0,0,0.174666667,0.576,0.538333333,0.114333333,0,0,0,0,0.118,0.547333333,0.54,0.108333333,0,0
BJ,y17,0,0,0.100333333,0.581333333,0.628666667,0.177666667,0,0,0,0,0.113666667,0.546333333,0.624333333,0.233666667,0,0,0,0,0.174,0.641666667,0.683,0.281,0.001333333,0,0,0.001333333,0.187,0.576666667,0.593333333,0.257333333,0.005,0,0,0.008666667,0.198,0.556333333,0.544333333,0.236,0.010333333,0,0,0.01,0.177666667,0.498666667,0.504333333,0.238,0.015333333,0,0,0.005666667,0.133,0.398666667,0.432,0.213,0.013666667,0,0,0.002,0.150333333,0.466666667,0.488666667,0.227666667,0.009,0,0,0,0.166666667,0.522333333,0.517666667,0.204666667,0.001666667,0,0,0,0.176,0.538666667,0.521333333,0.158666667,0,0,0,0,0.129666667,0.438,0.419,0.084666667,0,0,0,0,0.108666667,0.515666667,0.508333333,0.100666667,0,0
BJ,y18,0,0,0.088666667,0.517333333,0.571,0.164666667,0,0,0,0,0.128333333,0.61,0.685666667,0.257,0,0,0,0,0.158,0.588666667,0.633666667,0.262333333,0.001333333,0,0,0.001,0.174666667,0.555,0.574,0.249,0.005,0,0,0.007666667,0.184333333,0.534333333,0.528666667,0.24,0.011,0,0,0.008666667,0.156,0.457333333,0.469333333,0.218333333,0.013333333,0,0,0.005666667,0.132333333,0.393333333,0.414666667,0.204666667,0.013333333,0,0,0.002,0.147666667,0.455,0.457666667,0.22,0.008666667,0,0,0,0.167666667,0.520666667,0.515666667,0.205333333,0.002,0,0,0,0.194333333,0.565333333,0.542333333,0.168666667,0,0,0,0,0.155666667,0.508666667,0.483333333,0.103666667,0,0,0,0,0.110666667,0.501333333,0.488333333,0.096333333,0,0
BJ,y19,0,0,0.095,0.55,0.605,0.174,0,0,0,0,0.112666667,0.541333333,0.609,0.232333333,0,0,0,0,0.161333333,0.599,0.631666667,0.270333333,0.001333333,0,0,0.001333333,0.190666667,0.579,0.586666667,0.257333333,0.005666667,0,0,0.007666667,0.171666667,0.483666667,0.509333333,0.247333333,0.010666667,0,0,0.007333333,0.141333333,0.403666667,0.396666667,0.182666667,0.012333333,0,0,0.006,0.135666667,0.409333333,0.436,0.211,0.013333333,0,0,0.002,0.129666667,0.421,0.464333333,0.218333333,0.008333333,0,0,0,0.151,0.476666667,0.506666667,0.211,0.001666667,0,0,0,0.178,0.540666667,0.524,0.156,0,0,0,0,0.163,0.538333333,0.503666667,0.108,0,0,0,0,0.116666667,0.542333333,0.537,0.108333333,0,0
BJ,y20,0,0,0.093333333,0.538,0.589,0.17,0,0,0,0,0.111,0.537666667,0.610333333,0.22,0,0,0,0,0.163666667,0.605,0.645666667,0.267666667,0.001333333,0,0,0.001333333,0.180666667,0.555333333,0.576,0.249,0.005333333,0,0,0.007666667,0.184,0.527333333,0.538666667,0.243333333,0.010666667,0,0,0.009,0.162666667,0.462333333,0.446666667,0.204,0.014,0,0,0.006,0.146,0.425666667,0.439,0.220333333,0.013666667,0,0,0.002,0.156,0.473333333,0.485333333,0.228333333,0.009,0,0,0,0.134333333,0.416666667,0.440333333,0.182666667,0.001666667,0,0,0,0.162666667,0.51,0.493666667,0.147666667,0,0,0,0,0.155333333,0.51,0.477666667,0.104,0,0,0,0,0.115666667,0.536333333,0.526666667,0.103333333,0,0
BJ,y21,0,0,0.092333333,0.537333333,0.575,0.163333333,0,0,0,0,0.122,0.576,0.624,0.235666667,0,0,0,0,0.168,0.607333333,0.672333333,0.292666667,0.001333333,0,0,0.001333333,0.185,0.575333333,0.592666667,0.253,0.005333333,0,0,0.008,0.185666667,0.528333333,0.544666667,0.244333333,0.010666667,0,0,0.009333333,0.164333333,0.456666667,0.456,0.212,0.013666667,0,0,0.006,0.139,0.399666667,0.446333333,0.221333333,0.014,0,0,0.002,0.153333333,0.462333333,0.489,0.225333333,0.008666667,0,0,0,0.157333333,0.487333333,0.475333333,0.185333333,0.001333333,0,0,0,0.156,0.478666667,0.469333333,0.145333333,0,0,0,0,0.112333333,0.389333333,0.358333333,0.076,0,0,0,0,0.109,0.514,0.512,0.102666667,0,0
BJ,y22,0,0,0.095333333,0.560666667,0.613333333,0.173,0,0,0,0,0.127666667,0.596333333,0.655333333,0.24,0,0,0,0,0.168,0.609666667,0.658333333,0.284333333,0.001333333,0,0,0.001333333,0.182666667,0.577,0.612666667,0.261666667,0.005333333,0,0,0.007666667,0.184333333,0.520666667,0.528666667,0.245333333,0.010666667,0,0,0.009333333,0.168333333,0.466,0.487,0.217333333,0.013333333,0,0,0.006,0.13,0.392333333,0.418333333,0.208333333,0.013333333,0,0,0.001666667,0.127,0.392,0.424,0.213666667,0.008666667,0,0,0,0.159666667,0.483333333,0.483333333,0.193666667,0.001666667,0,0,0,0.148666667,0.456666667,0.441,0.132333333,0,0,0,0,0.152,0.503666667,0.476,0.098,0,0,0,0,0.112333333,0.517,0.507,0.101,0,0
BJ,y23,0,0,0.09,0.521333333,0.570666667,0.167333333,0,0,0,0,0.126333333,0.576,0.642666667,0.243333333,0,0,0,0,0.155,0.584666667,0.625,0.261333333,0.001333333,0,0,0.001333333,0.181,0.553,0.566333333,0.246333333,0.005666667,0,0,0.008333333,0.197,0.556666667,0.568,0.258,0.011,0,0,0.009333333,0.172666667,0.484333333,0.498333333,0.236,0.015,0,0,0.006,0.135333333,0.387666667,0.419333333,0.207333333,0.013333333,0,0,0.002,0.135666667,0.427666667,0.446,0.207666667,0.008333333,0,0,0,0.167333333,0.530333333,0.550666667,0.223666667,0.001666667,0,0,0,0.143333333,0.431,0.412666667,0.129,0,0,0,0,0.175333333,0.566666667,0.521,0.111666667,0,0,0,0,0.116,0.539666667,0.535333333,0.107,0,0
BJ,y24,0,0,0.094333333,0.542,0.587666667,0.169,0,0,0,0,0.130666667,0.610666667,0.670666667,0.244,0,0,0,0,0.155333333,0.579333333,0.628666667,0.269333333,0.001333333,0,0,0.001,0.170333333,0.523333333,0.533666667,0.233,0.005,0,0,0.007,0.172666667,0.499666667,0.505,0.225666667,0.009666667,0,0,0.009333333,0.172333333,0.483,0.489,0.232,0.015,0,0,0.004333333,0.104666667,0.336666667,0.394666667,0.196,0.012,0,0,0.002,0.131666667,0.422666667,0.458333333,0.218666667,0.008666667,0,0,0,0.164333333,0.515333333,0.516666667,0.207666667,0.001666667,0,0,0,0.194,0.574,0.559666667,0.168666667,0,0,0,0,0.159666667,0.527333333,0.487333333,0.101666667,0,0,0,0,0.115666667,0.543666667,0.534333333,0.106,0,0
BJ,y25,0,0,0.093666667,0.541666667,0.594666667,0.169,0,0,0,0,0.116333333,0.548666667,0.622333333,0.236333333,0,0,0,0,0.171666667,0.614333333,0.634,0.257333333,0.001333333,0,0,0.001,0.171333333,0.538333333,0.562333333,0.25,0.005,0,0,0.008333333,0.197333333,0.541,0.559666667,0.268666667,0.012,0,0,0.009,0.166333333,0.478333333,0.495,0.237333333,0.015333333,0,0,0.006333333,0.143333333,0.430666667,0.448,0.213333333,0.013333333,0,0,0.002,0.139,0.418,0.439333333,0.214,0.008333333,0,0,0,0.174,0.541666667,0.555,0.222666667,0.002,0,0,0,0.167666667,0.502333333,0.48,0.148,0,0,0,0,0.149666667,0.515,0.487333333,0.104333333,0,0,0,0,0.114,0.53,0.52,0.102666667,0,0
BJ,y26,0,0,0.092333333,0.525,0.565,0.156333333,0,0,0,0,0.109,0.516333333,0.583333333,0.215666667,0,0,0,0,0.164666667,0.616666667,0.653666667,0.268,0.001333333,0,0,0.001333333,0.195,0.602333333,0.619666667,0.266666667,0.005333333,0,0,0.007333333,0.174666667,0.494666667,0.506666667,0.228,0.01,0,0,0.009,0.170333333,0.482666667,0.500666667,0.237,0.015,0,0,0.005666667,0.132,0.392,0.422,0.208333333,0.013,0,0,0.002,0.132,0.420333333,0.425666667,0.194666667,0.008333333,0,0,0,0.158,0.486333333,0.495,0.207333333,0.001666667,0,0,0,0.187666667,0.576666667,0.551333333,0.167666667,0,0,0,0,0.157666667,0.505666667,0.486666667,0.104,0,0,0,0,0.121666667,0.551666667,0.544333333,0.109666667,0,0
CQ,y1,0,0,0.050333333,0.373333333,0.465,0.195666667,0.000333333,0,0,0,0.059666667,0.407666667,0.481,0.231333333,0.004333333,0,0,0,0.074666667,0.395333333,0.446333333,0.210666667,0.008,0,0,0,0.069666667,0.333666667,0.319666667,0.153,0.008666667,0,0,0,0.112,0.413,0.435666667,0.220333333,0.016666667,0,0,0.000666667,0.106666667,0.374666667,0.407333333,0.223,0.021333333,0,0,0,0.090333333,0.379333333,0.435,0.234,0.021666667,0,0,0,0.089666667,0.39,0.438333333,0.205333333,0.015,0,0,0,0.081333333,0.346666667,0.383,0.187,0.006666667,0,0,0,0.069333333,0.295666667,0.304666667,0.118333333,0.000666667,0,0,0,0.091,0.396,0.417,0.145,0,0,0,0,0.056333333,0.341,0.358333333,0.115333333,0,0
CQ,y2,0,0,0.051,0.381,0.462,0.189333333,0.000333333,0,0,0,0.057333333,0.400333333,0.489666667,0.239666667,0.004,0,0,0,0.065333333,0.338333333,0.373666667,0.185,0.006333333,0,0,0,0.079,0.356,0.378333333,0.190666667,0.01,0,0,0,0.091333333,0.342666667,0.363333333,0.187,0.014333333,0,0,0.000333333,0.083333333,0.325,0.384333333,0.203666667,0.018,0,0,0,0.091666667,0.359,0.412666667,0.214333333,0.019333333,0,0,0,0.099666667,0.411333333,0.463,0.234666667,0.017666667,0,0,0,0.086,0.377333333,0.414666667,0.193666667,0.006333333,0,0,0,0.083666667,0.335666667,0.353333333,0.145,0.000666667,0,0,0,0.063,0.268333333,0.300333333,0.100666667,0,0,0,0,0.066333333,0.372666667,0.411,0.147,0,0
CQ,y3,0,0,0.048666667,0.361,0.415666667,0.176666667,0.000333333,0,0,0,0.049333333,0.358333333,0.392333333,0.18,0.003333333,0,0,0,0.055,0.310333333,0.322333333,0.145,0.005333333,0,0,0,0.085,0.359,0.366333333,0.167333333,0.009333333,0,0,0,0.102,0.378666667,0.428666667,0.224,0.017,0,0,0.000666667,0.105333333,0.390333333,0.425666667,0.24,0.021333333,0,0,0,0.09,0.357333333,0.405,0.216333333,0.019,0,0,0,0.118333333,0.486666667,0.537666667,0.280666667,0.020666667,0,0,0,0.095333333,0.401,0.440666667,0.212,0.007666667,0,0,0,0.091666667,0.379666667,0.372,0.142,0.000333333,0,0,0,0.085666667,0.366,0.375,0.129,0,0,0,0,0.058,0.325,0.349666667,0.116,0,0
CQ,y4,0,0,0.05,0.381666667,0.474,0.191666667,0.000333333,0,0,0,0.047333333,0.356333333,0.424333333,0.202333333,0.003333333,0,0,0,0.065666667,0.338,0.397333333,0.199333333,0.007,0,0,0,0.106666667,0.461666667,0.513,0.254333333,0.013666667,0,0,0.000333333,0.092666667,0.330333333,0.376333333,0.211333333,0.016666667,0,0,0.000666667,0.097,0.368333333,0.39,0.195666667,0.018,0,0,0,0.083666667,0.342,0.395333333,0.212,0.017666667,0,0,0,0.063666667,0.296666667,0.351333333,0.182333333,0.012666667,0,0,0,0.089333333,0.398,0.433,0.209333333,0.007333333,0,0,0,0.100666667,0.422666667,0.431333333,0.177333333,0.001,0,0,0,0.095,0.407,0.429333333,0.155666667,0,0,0,0,0.057666667,0.314,0.364666667,0.131333333,0,0
CQ,y5,0,0,0.046333333,0.344333333,0.404666667,0.162333333,0,0,0,0,0.050333333,0.333,0.407,0.201,0.003666667,0,0,0,0.056,0.300666667,0.36,0.188,0.007,0,0,0,0.073666667,0.349,0.396,0.195,0.010666667,0,0,0,0.097,0.373333333,0.412666667,0.207666667,0.015666667,0,0,0.000333333,0.083333333,0.313333333,0.348666667,0.180666667,0.015666667,0,0,0,0.090333333,0.365,0.401333333,0.205,0.018666667,0,0,0,0.103,0.439,0.484333333,0.245666667,0.019,0,0,0,0.097,0.442,0.474666667,0.207666667,0.006666667,0,0,0,0.045,0.214,0.242666667,0.1,0.000333333,0,0,0,0.070666667,0.318,0.321,0.102666667,0,0,0,0,0.077666667,0.42,0.467333333,0.168333333,0,0
CQ,y6,0,0,0.039333333,0.307,0.351333333,0.148666667,0.000333333,0,0,0,0.062333333,0.421666667,0.473333333,0.229,0.004,0,0,0,0.072666667,0.372333333,0.394666667,0.206,0.008,0,0,0,0.092666667,0.436,0.470666667,0.222666667,0.011333333,0,0,0,0.106,0.400333333,0.448666667,0.235333333,0.017,0,0,0.000333333,0.089,0.346666667,0.363,0.182666667,0.017666667,0,0,0,0.083333333,0.340333333,0.386333333,0.191,0.017333333,0,0,0,0.081333333,0.372,0.393,0.201666667,0.014666667,0,0,0,0.089666667,0.389,0.412333333,0.186,0.006333333,0,0,0,0.066,0.293333333,0.302666667,0.126333333,0.000666667,0,0,0,0.093,0.393666667,0.410333333,0.144333333,0,0,0,0,0.056,0.304666667,0.338666667,0.118333333,0,0
CQ,y7,0,0,0.045,0.339666667,0.422333333,0.186666667,0.000333333,0,0,0,0.05,0.36,0.438333333,0.206666667,0.003666667,0,0,0,0.073333333,0.402666667,0.500666667,0.248,0.008666667,0,0,0,0.084333333,0.373333333,0.389666667,0.196333333,0.010666667,0,0,0,0.095,0.363666667,0.421,0.221666667,0.016333333,0,0,0.000333333,0.090666667,0.336333333,0.362333333,0.196,0.017333333,0,0,0,0.112,0.435666667,0.486,0.262333333,0.024666667,0,0,0,0.100333333,0.411333333,0.443666667,0.225666667,0.017,0,0,0,0.066666667,0.309333333,0.339333333,0.155333333,0.005333333,0,0,0,0.066,0.281333333,0.290333333,0.115666667,0.000666667,0,0,0,0.089333333,0.388666667,0.405666667,0.136666667,0,0,0,0,0.052333333,0.301333333,0.351,0.128333333,0,0
CQ,y8,0,0,0.056666667,0.417,0.484,0.206666667,0.000333333,0,0,0,0.042,0.292666667,0.347,0.156,0.002666667,0,0,0,0.076333333,0.419666667,0.470666667,0.231666667,0.008666667,0,0,0,0.075,0.327333333,0.364,0.190666667,0.009666667,0,0,0,0.065666667,0.266666667,0.291666667,0.149333333,0.010666667,0,0,0.000666667,0.103,0.377666667,0.413666667,0.203333333,0.019666667,0,0,0,0.116666667,0.461333333,0.502,0.266333333,0.025,0,0,0,0.087666667,0.385,0.447,0.219,0.015,0,0,0,0.102333333,0.448666667,0.486666667,0.227,0.008,0,0,0,0.117,0.464333333,0.491,0.206666667,0.001,0,0,0,0.088666667,0.378666667,0.402333333,0.137666667,0,0,0,0,0.059333333,0.324666667,0.348,0.116333333,0,0
CQ,y9,0,0,0.054,0.403,0.484333333,0.210333333,0,0,0,0,0.044,0.327,0.392666667,0.184666667,0.003333333,0,0,0,0.069,0.367666667,0.431666667,0.218,0.008,0,0,0,0.07,0.309333333,0.372666667,0.202333333,0.010666667,0,0,0,0.085,0.328,0.372333333,0.2,0.015333333,0,0,0.000666667,0.104333333,0.389,0.432333333,0.220666667,0.020333333,0,0,0,0.076666667,0.319333333,0.372333333,0.204666667,0.019333333,0,0,0,0.086666667,0.374,0.417,0.208333333,0.015666667,0,0,0,0.088,0.391666667,0.437333333,0.206333333,0.006333333,0,0,0,0.067,0.295333333,0.318,0.128333333,0.000666667,0,0,0,0.073666667,0.318666667,0.315,0.117333333,0,0,0,0,0.066,0.358333333,0.381666667,0.130333333,0,0
CQ,y10,0,0,0.049333333,0.387666667,0.450666667,0.184666667,0.000333333,0,0,0,0.054,0.374666667,0.461666667,0.221333333,0.004,0,0,0,0.071333333,0.368,0.424666667,0.202,0.007,0,0,0,0.106666667,0.460666667,0.511333333,0.267,0.013333333,0,0,0,0.099333333,0.379666667,0.419666667,0.217,0.015,0,0,0.000333333,0.089333333,0.347333333,0.383333333,0.204,0.019,0,0,0,0.110333333,0.425666667,0.47,0.257666667,0.024333333,0,0,0,0.088333333,0.375666667,0.420666667,0.210666667,0.015333333,0,0,0,0.073333333,0.340666667,0.372333333,0.174666667,0.006,0,0,0,0.076,0.314333333,0.33,0.139,0.000666667,0,0,0,0.087333333,0.367333333,0.379666667,0.126666667,0,0,0,0,0.062,0.341666667,0.383666667,0.131666667,0,0
CQ,y11,0,0,0.05,0.378666667,0.452333333,0.192,0.000333333,0,0,0,0.049666667,0.339,0.414,0.216666667,0.004333333,0,0,0,0.069666667,0.376333333,0.444333333,0.219666667,0.007333333,0,0,0,0.098666667,0.426666667,0.488,0.252,0.013,0,0,0,0.097666667,0.350333333,0.371,0.2,0.014666667,0,0,0.000666667,0.108333333,0.407666667,0.441,0.240666667,0.023333333,0,0,0,0.094,0.372666667,0.428333333,0.228,0.021,0,0,0,0.075333333,0.329333333,0.368,0.184666667,0.013333333,0,0,0,0.086333333,0.393333333,0.441333333,0.216666667,0.008,0,0,0,0.078,0.325666667,0.336333333,0.120666667,0.000666667,0,0,0,0.073,0.327666667,0.34,0.106666667,0,0,0,0,0.062,0.363,0.388333333,0.126666667,0,0
CQ,y12,0,0,0.045666667,0.343333333,0.416666667,0.180666667,0.000333333,0,0,0,0.049,0.338,0.413666667,0.201333333,0.003666667,0,0,0,0.074333333,0.419,0.498666667,0.249333333,0.009,0,0,0,0.093333333,0.398333333,0.455,0.234666667,0.012666667,0,0,0.000333333,0.116,0.424666667,0.485666667,0.256666667,0.019,0,0,0.000666667,0.112,0.412666667,0.474333333,0.256666667,0.025,0,0,0,0.103,0.409,0.467,0.245666667,0.024,0,0,0,0.108,0.450333333,0.481666667,0.231666667,0.017333333,0,0,0,0.093333333,0.408,0.448666667,0.206,0.007,0,0,0,0.093666667,0.375333333,0.358,0.142333333,0.000666667,0,0,0,0.085333333,0.366,0.379666667,0.131333333,0,0,0,0,0.063,0.355,0.374333333,0.125,0,0
CQ,y13,0,0,0.054333333,0.414666667,0.508,0.216,0.000333333,0,0,0,0.051333333,0.357333333,0.431,0.198666667,0.003333333,0,0,0,0.064333333,0.351,0.424333333,0.215333333,0.007666667,0,0,0,0.091666667,0.424333333,0.476333333,0.232666667,0.011666667,0,0,0,0.12,0.447,0.499333333,0.260666667,0.017666667,0,0,0.000333333,0.091333333,0.334666667,0.350333333,0.176333333,0.016333333,0,0,0,0.072,0.298333333,0.371333333,0.193666667,0.016333333,0,0,0,0.101,0.431333333,0.491333333,0.257,0.019,0,0,0,0.096333333,0.430666667,0.474333333,0.217666667,0.006333333,0,0,0,0.096,0.382,0.386666667,0.159,0.000666667,0,0,0,0.088333333,0.369333333,0.369333333,0.126666667,0,0,0,0,0.063333333,0.346666667,0.382666667,0.129333333,0,0
CQ,y14,0,0,0.045,0.342,0.435333333,0.181333333,0.000333333,0,0,0,0.070333333,0.488333333,0.576333333,0.268333333,0.004666667,0,0,0,0.076,0.411,0.479666667,0.235333333,0.008333333,0,0,0,0.084,0.371666667,0.399333333,0.206333333,0.010666667,0,0,0,0.110333333,0.419666667,0.484,0.257666667,0.018666667,0,0,0.000333333,0.108333333,0.393,0.439,0.226333333,0.02,0,0,0,0.102666667,0.390666667,0.438,0.234,0.021666667,0,0,0,0.095,0.405333333,0.459666667,0.227333333,0.016333333,0,0,0,0.08,0.368333333,0.41,0.193,0.006,0,0,0,0.076666667,0.32,0.334,0.14,0.000666667,0,0,0,0.078666667,0.336,0.336,0.112333333,0,0,0,0,0.081,0.426333333,0.455333333,0.156666667,0,0
CQ,y15,0,0,0.054333333,0.404333333,0.489666667,0.213,0.000333333,0,0,0,0.036333333,0.255666667,0.309,0.155666667,0.003,0,0,0,0.075333333,0.396333333,0.494333333,0.248,0.009,0,0,0,0.079666667,0.359333333,0.379,0.204666667,0.011666667,0,0,0,0.074333333,0.301,0.346,0.186,0.013333333,0,0,0.000666667,0.104666667,0.391333333,0.436,0.227333333,0.02,0,0,0,0.097,0.385666667,0.447333333,0.241333333,0.022333333,0,0,0,0.081333333,0.365333333,0.429333333,0.225333333,0.015666667,0,0,0,0.090666667,0.390666667,0.413666667,0.208333333,0.007333333,0,0,0,0.088333333,0.345666667,0.343,0.135,0.000666667,0,0,0,0.097666667,0.416333333,0.423666667,0.150666667,0,0,0,0,0.060666667,0.350333333,0.384,0.127666667,0,0
CQ,y16,0,0,0.051333333,0.385,0.474333333,0.2,0,0,0,0,0.047666667,0.338,0.411,0.199,0.004,0,0,0,0.073666667,0.380333333,0.456333333,0.234666667,0.008,0,0,0,0.084,0.364333333,0.421333333,0.225,0.011666667,0,0,0,0.083,0.302,0.321666667,0.168,0.012333333,0,0,0.000666667,0.101333333,0.362666667,0.381333333,0.205,0.019,0,0,0,0.078333333,0.332,0.391666667,0.191333333,0.017333333,0,0,0,0.095,0.402333333,0.445666667,0.228,0.016333333,0,0,0,0.082333333,0.369333333,0.402666667,0.194333333,0.007,0,0,0,0.092,0.382,0.407666667,0.161,0.000666667,0,0,0,0.112,0.474,0.499666667,0.171,0,0,0,0,0.080666667,0.434333333,0.477,0.160333333,0,0
CQ,y17,0,0,0.060666667,0.45,0.503666667,0.204666667,0.000333333,0,0,0,0.054333333,0.386,0.449666667,0.212333333,0.003333333,0,0,0,0.086333333,0.433666667,0.466,0.233333333,0.008666667,0,0,0,0.095666667,0.423666667,0.466,0.227666667,0.012,0,0,0,0.110666667,0.405,0.458666667,0.252333333,0.017666667,0,0,0.000333333,0.093333333,0.374666667,0.409666667,0.206666667,0.021,0,0,0,0.1,0.408,0.461,0.236333333,0.022333333,0,0,0,0.098333333,0.422,0.477333333,0.246666667,0.017,0,0,0,0.072333333,0.337666667,0.369333333,0.163333333,0.006,0,0,0,0.085666667,0.346666667,0.361333333,0.137,0.000666667,0,0,0,0.074,0.335333333,0.338666667,0.110333333,0,0,0,0,0.065333333,0.363666667,0.407,0.136,0,0
CQ,y18,0,0,0.045666667,0.365333333,0.43,0.169,0.000333333,0,0,0,0.05,0.354,0.416,0.177666667,0.003,0,0,0,0.062333333,0.330666667,0.410666667,0.206333333,0.007333333,0,0,0,0.089666667,0.402333333,0.464,0.245333333,0.013,0,0,0,0.090666667,0.342333333,0.379,0.200666667,0.014666667,0,0,0.000333333,0.096333333,0.358,0.398333333,0.208333333,0.02,0,0,0,0.083,0.343666667,0.409,0.218666667,0.018666667,0,0,0,0.098666667,0.444,0.493,0.230666667,0.017333333,0,0,0,0.082666667,0.359333333,0.385666667,0.181666667,0.006666667,0,0,0,0.077,0.316333333,0.321666667,0.125333333,0.000666667,0,0,0,0.082,0.344333333,0.361,0.127333333,0,0,0,0,0.069,0.360333333,0.373333333,0.120333333,0,0
CQ,y19,0,0,0.057666667,0.420333333,0.490333333,0.203666667,0.000333333,0,0,0,0.049333333,0.319666667,0.37,0.171,0.003333333,0,0,0,0.085,0.444333333,0.518333333,0.266,0.009666667,0,0,0,0.103,0.446333333,0.480666667,0.241333333,0.012666667,0,0,0,0.091,0.360666667,0.421666667,0.218666667,0.015333333,0,0,0.000666667,0.118666667,0.418333333,0.490333333,0.271,0.023333333,0,0,0,0.096333333,0.373,0.445666667,0.237333333,0.022,0,0,0,0.098,0.419,0.487333333,0.263,0.019,0,0,0,0.072666667,0.331666667,0.362666667,0.172666667,0.005333333,0,0,0,0.118666667,0.455666667,0.468,0.194666667,0.001,0,0,0,0.07,0.308333333,0.311,0.104,0,0,0,0,0.081,0.44,0.486666667,0.168333333,0,0
CQ,y20,0,0,0.054666667,0.393666667,0.481,0.211333333,0.000333333,0,0,0,0.045666667,0.340666667,0.411666667,0.190666667,0.003333333,0,0,0,0.072,0.404666667,0.452333333,0.218,0.007666667,0,0,0,0.074666667,0.349333333,0.382666667,0.175,0.008666667,0,0,0,0.082,0.312666667,0.344666667,0.188666667,0.015666667,0,0,0.000333333,0.074666667,0.293333333,0.324666667,0.167666667,0.015666667,0,0,0,0.105,0.410666667,0.464,0.246333333,0.023,0,0,0,0.081,0.34,0.387666667,0.203666667,0.015,0,0,0,0.072,0.338333333,0.376,0.175666667,0.005666667,0,0,0,0.096666667,0.396333333,0.428333333,0.174,0.000666667,0,0,0,0.072333333,0.331666667,0.334666667,0.11,0,0,0,0,0.067666667,0.386333333,0.423333333,0.146666667,0,0
CQ,y21,0,0,0.046,0.337666667,0.410333333,0.177666667,0,0,0,0,0.051333333,0.387333333,0.440333333,0.203666667,0.003333333,0,0,0,0.064333333,0.375333333,0.446333333,0.205666667,0.007333333,0,0,0,0.091666667,0.395666667,0.454,0.234333333,0.012,0,0,0,0.094333333,0.361,0.388,0.208333333,0.014666667,0,0,0.000333333,0.079,0.304,0.336666667,0.19,0.016666667,0,0,0,0.102666667,0.388666667,0.423333333,0.242,0.024666667,0,0,0,0.094666667,0.412,0.466333333,0.234333333,0.016333333,0,0,0,0.067333333,0.323333333,0.337,0.154666667,0.006,0,0,0,0.105,0.426,0.445,0.174666667,0.000666667,0,0,0,0.059333333,0.269,0.275,0.092666667,0,0,0,0,0.065666667,0.368666667,0.404666667,0.139666667,0,0
CQ,y22,0,0,0.045333333,0.365666667,0.435,0.173666667,0.000333333,0,0,0,0.064333333,0.432333333,0.512666667,0.243,0.004666667,0,0,0,0.073333333,0.412333333,0.461,0.224666667,0.008,0,0,0,0.079333333,0.378333333,0.418666667,0.196,0.010333333,0,0,0,0.095333333,0.368666667,0.409,0.213666667,0.014666667,0,0,0.000666667,0.100666667,0.376,0.433333333,0.231333333,0.020333333,0,0,0,0.103,0.397666667,0.447666667,0.242666667,0.022666667,0,0,0,0.101333333,0.428666667,0.489333333,0.245,0.018333333,0,0,0,0.081333333,0.364666667,0.400333333,0.193666667,0.007,0,0,0,0.063,0.273,0.288,0.112333333,0.000666667,0,0,0,0.067,0.315333333,0.314333333,0.100666667,0,0,0,0,0.070333333,0.371,0.410333333,0.143666667,0,0
CQ,y23,0,0,0.038,0.298666667,0.343666667,0.143,0,0,0,0,0.056666667,0.389,0.451,0.214,0.004,0,0,0,0.063,0.345,0.388333333,0.183333333,0.006666667,0,0,0,0.091333333,0.386666667,0.437333333,0.22,0.012333333,0,0,0.000333333,0.109,0.394666667,0.442,0.231,0.017333333,0,0,0.000333333,0.085333333,0.329333333,0.365333333,0.198333333,0.018,0,0,0,0.106666667,0.418666667,0.495,0.257666667,0.024666667,0,0,0,0.098333333,0.422333333,0.459,0.231666667,0.016333333,0,0,0,0.052666667,0.258,0.280666667,0.128333333,0.003666667,0,0,0,0.048,0.213666667,0.216666667,0.094666667,0.000333333,0,0,0,0.089,0.38,0.386,0.129666667,0,0,0,0,0.07,0.401333333,0.438,0.149,0,0
CQ,y24,0,0,0.049333333,0.368,0.448333333,0.193,0.000333333,0,0,0,0.059,0.412,0.497333333,0.239,0.004333333,0,0,0,0.073666667,0.399333333,0.486333333,0.24,0.008333333,0,0,0,0.101,0.441333333,0.503,0.264666667,0.013333333,0,0,0,0.083,0.336333333,0.369333333,0.177666667,0.013333333,0,0,0.000333333,0.096666667,0.361666667,0.384666667,0.196666667,0.018333333,0,0,0,0.095666667,0.380333333,0.438666667,0.227666667,0.021666667,0,0,0,0.101,0.441333333,0.478,0.230666667,0.017666667,0,0,0,0.062333333,0.275333333,0.324333333,0.15,0.005333333,0,0,0,0.089,0.369333333,0.356666667,0.137,0.000666667,0,0,0,0.081,0.338666667,0.36,0.123333333,0,0,0,0,0.049666667,0.276666667,0.308,0.103333333,0,0
CQ,y25,0,0,0.042333333,0.309333333,0.374333333,0.156666667,0,0,0,0,0.043666667,0.320333333,0.391666667,0.180666667,0.003,0,0,0,0.074666667,0.403666667,0.461,0.226333333,0.008,0,0,0,0.089,0.407666667,0.454666667,0.22,0.011333333,0,0,0,0.08,0.313,0.354,0.182333333,0.013,0,0,0.000333333,0.087,0.329666667,0.368,0.192666667,0.017333333,0,0,0,0.087,0.352333333,0.396333333,0.209,0.019666667,0,0,0,0.1,0.425,0.457333333,0.233,0.017,0,0,0,0.081666667,0.351333333,0.369,0.176333333,0.006,0,0,0,0.065,0.286666667,0.322333333,0.131,0.000666667,0,0,0,0.085,0.354,0.371,0.125666667,0,0,0,0,0.062666667,0.364333333,0.402666667,0.134,0,0
CQ,y26,0,0,0.042,0.321666667,0.38,0.156,0.000333333,0,0,0,0.054,0.394333333,0.442,0.202,0.003333333,0,0,0,0.070333333,0.373,0.406,0.19,0.007,0,0,0,0.09,0.38,0.412666667,0.215666667,0.011,0,0,0,0.095666667,0.384,0.446,0.242333333,0.017,0,0,0.000333333,0.081333333,0.286,0.344,0.198333333,0.017333333,0,0,0,0.062666667,0.274,0.328666667,0.184666667,0.016666667,0,0,0,0.094,0.403666667,0.478,0.246333333,0.016666667,0,0,0,0.082666667,0.382333333,0.412666667,0.189666667,0.006666667,0,0,0,0.053,0.235666667,0.252666667,0.102,0.000333333,0,0,0,0.073666667,0.316333333,0.334,0.118333333,0,0,0,0,0.06,0.335666667,0.354666667,0.115666667,0,0
FJ,y1,0,0,0.105666667,0.392333333,0.400666667,0.125666667,0,0,0,0,0.101666667,0.385666667,0.394,0.144666667,0,0,0,0,0.096,0.344333333,0.37,0.143,0.000333333,0,0,0.000333333,0.102666667,0.351666667,0.373333333,0.145333333,0.001,0,0,0.002333333,0.125,0.361666667,0.352,0.146666667,0.002,0,0,0.002666667,0.111333333,0.314,0.324333333,0.138333333,0.003333333,0,0,0.002,0.136,0.407666667,0.414666667,0.180333333,0.004666667,0,0,0.000666667,0.135333333,0.409,0.410666667,0.165666667,0.002333333,0,0,0,0.186333333,0.519333333,0.491666667,0.186666667,0.000333333,0,0,0,0.179,0.472666667,0.416333333,0.121333333,0,0,0,0,0.194,0.505666667,0.464333333,0.119,0,0,0,0,0.171666667,0.500666667,0.481,0.125666667,0,0
FJ,y2,0,0,0.100666667,0.381,0.403666667,0.127,0,0,0,0,0.098333333,0.388333333,0.418,0.153333333,0,0,0,0,0.091666667,0.341333333,0.367333333,0.141666667,0.000333333,0,0,0.000333333,0.116666667,0.370333333,0.362333333,0.142333333,0.001,0,0,0.002666667,0.128333333,0.361666667,0.345333333,0.146666667,0.002,0,0,0.003,0.124,0.368,0.377,0.154,0.003666667,0,0,0.002333333,0.151333333,0.445666667,0.469,0.203666667,0.005333333,0,0,0.000666667,0.134666667,0.405,0.409666667,0.175666667,0.002666667,0,0,0,0.153333333,0.441,0.423666667,0.155,0.000333333,0,0,0,0.192,0.5,0.436,0.130333333,0,0,0,0,0.178333333,0.482666667,0.438333333,0.109666667,0,0,0,0,0.168666667,0.491666667,0.478333333,0.129333333,0,0
FJ,y3,0,0,0.121666667,0.46,0.473666667,0.155,0,0,0,0,0.094333333,0.372,0.386666667,0.138666667,0,0,0,0,0.104666667,0.38,0.388333333,0.148666667,0.000333333,0,0,0.000333333,0.115666667,0.370333333,0.370666667,0.141,0.001,0,0,0.002666667,0.127666667,0.38,0.386333333,0.157666667,0.002333333,0,0,0.003,0.118,0.353333333,0.349,0.146,0.003333333,0,0,0.001666667,0.116666667,0.359,0.371,0.154,0.003666667,0,0,0.000666667,0.122,0.375333333,0.380666667,0.151666667,0.002,0,0,0,0.135,0.392333333,0.364666667,0.127,0.000333333,0,0,0,0.142,0.405666667,0.366666667,0.106,0,0,0,0,0.187,0.502,0.446333333,0.113666667,0,0,0,0,0.101666667,0.321333333,0.307,0.079,0,0
FJ,y4,0,0,0.081,0.325,0.344,0.104,0,0,0,0,0.081666667,0.328,0.334,0.115,0,0,0,0,0.08,0.316666667,0.346,0.132333333,0.000333333,0,0,0.000333333,0.127333333,0.416333333,0.422666667,0.169333333,0.001333333,0,0,0.002,0.115666667,0.335666667,0.348666667,0.138,0.002,0,0,0.002333333,0.092333333,0.279333333,0.285666667,0.117333333,0.002666667,0,0,0.002333333,0.144666667,0.421333333,0.429666667,0.180666667,0.005,0,0,0.000666667,0.168666667,0.499333333,0.5,0.209,0.003333333,0,0,0,0.150666667,0.431,0.404,0.145333333,0.000333333,0,0,0,0.182666667,0.485666667,0.429,0.126,0,0,0,0,0.176333333,0.466,0.398666667,0.098666667,0,0,0,0,0.124333333,0.375333333,0.354333333,0.090333333,0,0
FJ,y5,0,0,0.107333333,0.401333333,0.415666667,0.134,0,0,0,0,0.129666667,0.497,0.522666667,0.192,0,0,0,0,0.083,0.312666667,0.332666667,0.123333333,0.000333333,0,0,0.000333333,0.118666667,0.376333333,0.377333333,0.149333333,0.001,0,0,0.002333333,0.119666667,0.333666667,0.319333333,0.13,0.002,0,0,0.003,0.115333333,0.346666667,0.358333333,0.149666667,0.003333333,0,0,0.002,0.126333333,0.376666667,0.376333333,0.154333333,0.004,0,0,0.000666667,0.128,0.401,0.407333333,0.164,0.002333333,0,0,0,0.15,0.453,0.446666667,0.158666667,0.000333333,0,0,0,0.169,0.466333333,0.416666667,0.123333333,0,0,0,0,0.173333333,0.472,0.409,0.1,0,0,0,0,0.162333333,0.484666667,0.459666667,0.124,0,0
FJ,y6,0,0,0.108,0.402666667,0.405666667,0.124,0,0,0,0,0.064333333,0.276,0.298,0.103333333,0,0,0,0,0.111,0.391666667,0.379,0.141,0.000333333,0,0,0.000333333,0.1,0.318,0.309666667,0.118666667,0.001,0,0,0.002666667,0.147333333,0.422333333,0.418,0.172666667,0.002333333,0,0,0.003,0.119333333,0.353,0.36,0.151333333,0.003666667,0,0,0.002333333,0.153,0.45,0.457,0.199,0.005333333,0,0,0.000666667,0.112666667,0.352333333,0.353,0.137666667,0.002333333,0,0,0,0.182666667,0.518666667,0.486,0.178,0.000333333,0,0,0,0.150333333,0.425,0.383,0.108333333,0,0,0,0,0.151333333,0.409333333,0.358666667,0.086666667,0,0,0,0,0.144333333,0.43,0.396333333,0.101,0,0
FJ,y7,0,0,0.099333333,0.384666667,0.405,0.128666667,0,0,0,0,0.087,0.355666667,0.383333333,0.144,0,0,0,0,0.125666667,0.439333333,0.453666667,0.177,0.000333333,0,0,0.000333333,0.105666667,0.332666667,0.340666667,0.133333333,0.001,0,0,0.002,0.116666667,0.344666667,0.342,0.135666667,0.002,0,0,0.003,0.113333333,0.341333333,0.350333333,0.143333333,0.003666667,0,0,0.002333333,0.144666667,0.428666667,0.437,0.185666667,0.004666667,0,0,0.000666667,0.15,0.442666667,0.439666667,0.174666667,0.002666667,0,0,0,0.151,0.426333333,0.381666667,0.133666667,0.000333333,0,0,0,0.197,0.515,0.465333333,0.141,0,0,0,0,0.191333333,0.503,0.453,0.114,0,0,0,0,0.129,0.392,0.377,0.101,0,0
FJ,y8,0,0,0.119666667,0.435333333,0.455333333,0.146333333,0,0,0,0,0.106666667,0.427666667,0.425666667,0.15,0,0,0,0,0.116,0.409666667,0.416333333,0.164333333,0.000333333,0,0,0.000333333,0.133,0.410333333,0.415666667,0.169,0.001333333,0,0,0.002333333,0.129666667,0.368333333,0.365666667,0.153333333,0.002333333,0,0,0.003333333,0.135666667,0.374333333,0.387,0.166666667,0.004,0,0,0.002,0.131333333,0.393,0.403666667,0.177,0.004333333,0,0,0.000666667,0.132666667,0.396333333,0.407333333,0.164666667,0.002333333,0,0,0,0.144333333,0.423666667,0.394,0.146,0.000333333,0,0,0,0.161666667,0.444666667,0.4,0.123,0,0,0,0,0.163333333,0.432333333,0.382,0.095,0,0,0,0,0.105666667,0.326333333,0.312666667,0.077,0,0
FJ,y9,0,0,0.133666667,0.498,0.523666667,0.172333333,0,0,0,0,0.089,0.366666667,0.394666667,0.150333333,0,0,0,0,0.107,0.395,0.402,0.148333333,0.000333333,0,0,0.000333333,0.117666667,0.389666667,0.407333333,0.164666667,0.001333333,0,0,0.002333333,0.122666667,0.367666667,0.364333333,0.153666667,0.002333333,0,0,0.003333333,0.124333333,0.353,0.352666667,0.15,0.003666667,0,0,0.003,0.182666667,0.523333333,0.531666667,0.235666667,0.006333333,0,0,0.000666667,0.150666667,0.448333333,0.458333333,0.193333333,0.003,0,0,0,0.168333333,0.476,0.455333333,0.164666667,0.000333333,0,0,0,0.203,0.527333333,0.475,0.145666667,0,0,0,0,0.186666667,0.502666667,0.455,0.115333333,0,0,0,0,0.189333333,0.553666667,0.536666667,0.143666667,0,0
FJ,y10,0,0,0.112,0.431,0.446,0.139333333,0,0,0,0,0.116,0.466,0.485,0.181333333,0,0,0,0,0.108666667,0.389333333,0.397666667,0.150666667,0.000333333,0,0,0.000333333,0.139,0.431666667,0.434666667,0.171,0.001333333,0,0,0.002333333,0.132,0.383,0.389,0.162333333,0.002666667,0,0,0.003666667,0.146666667,0.414,0.411,0.176,0.004333333,0,0,0.002666667,0.161333333,0.454666667,0.461333333,0.199,0.005333333,0,0,0.000666667,0.158333333,0.468333333,0.467333333,0.188666667,0.003,0,0,0,0.147,0.427666667,0.392666667,0.136666667,0.000333333,0,0,0,0.235333333,0.613666667,0.565,0.176,0,0,0,0,0.189666667,0.496666667,0.444333333,0.112666667,0,0,0,0,0.156666667,0.453,0.436666667,0.114333333,0,0
FJ,y11,0,0,0.103,0.384333333,0.404,0.124666667,0,0,0,0,0.064666667,0.285,0.306,0.103,0,0,0,0,0.113666667,0.402,0.423333333,0.160666667,0.000333333,0,0,0.000333333,0.142,0.440333333,0.435333333,0.172333333,0.001333333,0,0,0.001666667,0.093333333,0.293,0.304333333,0.129,0.002,0,0,0.003,0.118333333,0.344,0.352333333,0.149666667,0.003666667,0,0,0.002666667,0.153333333,0.446666667,0.467,0.21,0.005666667,0,0,0.000666667,0.136666667,0.407,0.414666667,0.171,0.002666667,0,0,0,0.166666667,0.478333333,0.460666667,0.169,0.000333333,0,0,0,0.189,0.487666667,0.418333333,0.125333333,0,0,0,0,0.158666667,0.435,0.376666667,0.093,0,0,0,0,0.154666667,0.461,0.44,0.114333333,0,0
FJ,y12,0,0,0.098,0.380666667,0.395,0.127,0,0,0,0,0.083,0.357666667,0.400666667,0.140333333,0,0,0,0,0.106666667,0.392666667,0.387333333,0.141666667,0.000333333,0,0,0.000333333,0.115666667,0.363,0.359666667,0.14,0.001,0,0,0.002,0.105666667,0.322,0.318666667,0.125,0.001666667,0,0,0.003,0.115666667,0.340333333,0.342,0.138333333,0.003333333,0,0,0.002333333,0.135333333,0.394333333,0.412333333,0.185333333,0.004666667,0,0,0.000666667,0.156333333,0.468333333,0.466666667,0.190666667,0.003,0,0,0,0.163666667,0.464333333,0.435,0.156,0.000333333,0,0,0,0.197666667,0.526,0.46,0.136333333,0,0,0,0,0.19,0.486,0.425,0.103,0,0,0,0,0.143333333,0.433,0.412,0.108666667,0,0
FJ,y13,0,0,0.107666667,0.402666667,0.43,0.143,0,0,0,0,0.114333333,0.455333333,0.482333333,0.175333333,0,0,0,0,0.094333333,0.35,0.372,0.144666667,0.000333333,0,0,0.000333333,0.130333333,0.395,0.382666667,0.146,0.001,0,0,0.002666667,0.158,0.442,0.434,0.180333333,0.002666667,0,0,0.002666667,0.106666667,0.322,0.330666667,0.138333333,0.003333333,0,0,0.003,0.176333333,0.499666667,0.513666667,0.229666667,0.006,0,0,0.000666667,0.122666667,0.378666667,0.383,0.152666667,0.002333333,0,0,0,0.143333333,0.414,0.394,0.140666667,0.000333333,0,0,0,0.193333333,0.504,0.449666667,0.141333333,0,0,0,0,0.189333333,0.493,0.443666667,0.110666667,0,0,0,0,0.157,0.465,0.442666667,0.113666667,0,0
FJ,y14,0,0,0.102333333,0.374,0.392,0.124666667,0,0,0,0,0.103,0.414,0.435666667,0.15,0,0,0,0,0.150333333,0.508666667,0.508666667,0.196333333,0.000333333,0,0,0.000333333,0.116,0.363666667,0.375666667,0.144333333,0.001,0,0,0.002666667,0.147333333,0.424666667,0.416333333,0.170666667,0.002666667,0,0,0.003,0.113,0.337666667,0.338666667,0.142666667,0.003333333,0,0,0.002333333,0.145333333,0.436666667,0.446666667,0.191333333,0.005,0,0,0.000666667,0.142,0.435333333,0.436666667,0.179666667,0.002666667,0,0,0,0.17,0.485333333,0.456333333,0.159333333,0.000333333,0,0,0,0.168,0.452,0.379333333,0.118,0,0,0,0,0.178,0.474,0.425,0.109,0,0,0,0,0.186666667,0.527,0.508333333,0.133333333,0,0
FJ,y15,0,0,0.134666667,0.483,0.504666667,0.162333333,0,0,0,0,0.1,0.422,0.464666667,0.173333333,0,0,0,0,0.107666667,0.372666667,0.391,0.149,0.000333333,0,0,0.000333333,0.139666667,0.436666667,0.444333333,0.173,0.001333333,0,0,0.003,0.155666667,0.428,0.416,0.175333333,0.002333333,0,0,0.003333333,0.122666667,0.36,0.366,0.152666667,0.003666667,0,0,0.002333333,0.143333333,0.419666667,0.434,0.193333333,0.005,0,0,0.000666667,0.145666667,0.445,0.444333333,0.179666667,0.002666667,0,0,0,0.166,0.461,0.449666667,0.17,0.000333333,0,0,0,0.192333333,0.497,0.44,0.128333333,0,0,0,0,0.158,0.429666667,0.394,0.098,0,0,0,0,0.145,0.432,0.401666667,0.101666667,0,0
FJ,y16,0,0,0.086,0.336,0.351333333,0.112333333,0,0,0,0,0.074666667,0.323,0.357666667,0.130333333,0,0,0,0,0.117333333,0.416333333,0.449333333,0.180666667,0.000666667,0,0,0.000333333,0.112666667,0.352666667,0.353,0.132666667,0.001,0,0,0.002,0.113333333,0.325666667,0.329333333,0.137,0.002,0,0,0.002666667,0.097333333,0.288666667,0.287333333,0.116333333,0.003,0,0,0.002666667,0.154,0.441666667,0.449666667,0.19,0.005,0,0,0.000666667,0.165666667,0.488333333,0.491333333,0.202333333,0.003,0,0,0,0.149333333,0.433,0.418333333,0.15,0.000333333,0,0,0,0.136,0.387,0.336333333,0.099,0,0,0,0,0.198,0.51,0.450666667,0.115666667,0,0,0,0,0.158666667,0.464333333,0.442,0.119,0,0
FJ,y17,0,0,0.095666667,0.378333333,0.409333333,0.126666667,0,0,0,0,0.108333333,0.426,0.449,0.160333333,0,0,0,0,0.109,0.410333333,0.421333333,0.157333333,0.000333333,0,0,0.000666667,0.165333333,0.492,0.482333333,0.191,0.001333333,0,0,0.002333333,0.115666667,0.339,0.337666667,0.141333333,0.002333333,0,0,0.003666667,0.136333333,0.385333333,0.400666667,0.167333333,0.004,0,0,0.002333333,0.144666667,0.426333333,0.428333333,0.19,0.005,0,0,0.001,0.165666667,0.495666667,0.491333333,0.199333333,0.003,0,0,0,0.15,0.441333333,0.417,0.151,0.000333333,0,0,0,0.162333333,0.44,0.381,0.111,0,0,0,0,0.151,0.402666667,0.358666667,0.090666667,0,0,0,0,0.143,0.430666667,0.418333333,0.111,0,0
FJ,y18,0,0,0.065,0.267333333,0.279333333,0.084,0,0,0,0,0.064666667,0.276333333,0.308,0.112666667,0,0,0,0,0.111333333,0.394666667,0.392666667,0.152333333,0.000333333,0,0,0.000333333,0.106666667,0.351333333,0.372,0.146,0.001,0,0,0.002333333,0.119,0.339,0.339333333,0.143,0.002,0,0,0.002666667,0.113,0.326666667,0.333333333,0.146,0.003333333,0,0,0.002666667,0.158333333,0.454666667,0.461,0.198333333,0.005333333,0,0,0.000666667,0.147,0.435333333,0.437333333,0.183666667,0.002666667,0,0,0,0.149,0.444333333,0.416666667,0.145666667,0.000333333,0,0,0,0.233333333,0.600333333,0.544,0.167333333,0,0,0,0,0.146666667,0.405666667,0.377,0.091666667,0,0,0,0,0.103333333,0.322,0.315,0.082666667,0,0
FJ,y19,0,0,0.108333333,0.418666667,0.427666667,0.139,0,0,0,0,0.072,0.303666667,0.341666667,0.124,0,0,0,0,0.126333333,0.449666667,0.474,0.186666667,0.000333333,0,0,0.000333333,0.128666667,0.397,0.379333333,0.146,0.001,0,0,0.002,0.103333333,0.314666667,0.337333333,0.137666667,0.002,0,0,0.002666667,0.11,0.326666667,0.344,0.149,0.003666667,0,0,0.002333333,0.146,0.422666667,0.441333333,0.196,0.005333333,0,0,0.000666667,0.149666667,0.453333333,0.458666667,0.19,0.003,0,0,0,0.163333333,0.463,0.433666667,0.160333333,0.000333333,0,0,0,0.205,0.540666667,0.478666667,0.145333333,0,0,0,0,0.170333333,0.455666667,0.410666667,0.102666667,0,0,0,0,0.168333333,0.491333333,0.471333333,0.126333333,0,0
FJ,y20,0,0,0.143333333,0.518333333,0.532333333,0.175333333,0,0,0,0,0.088666667,0.359666667,0.386666667,0.143,0,0,0,0,0.106666667,0.364666667,0.366666667,0.141666667,0.000333333,0,0,0.000333333,0.125,0.394333333,0.393333333,0.160666667,0.001,0,0,0.001666667,0.099,0.317,0.331666667,0.122333333,0.002,0,0,0.003,0.116333333,0.356333333,0.358666667,0.146,0.003333333,0,0,0.002333333,0.152666667,0.444,0.454,0.196333333,0.004666667,0,0,0.000666667,0.141666667,0.437666667,0.429333333,0.168333333,0.002666667,0,0,0,0.158333333,0.474666667,0.452,0.158333333,0.000333333,0,0,0,0.212666667,0.557,0.516,0.156666667,0,0,0,0,0.159333333,0.425,0.356666667,0.085,0,0,0,0,0.147333333,0.444333333,0.437666667,0.114,0,0
FJ,y21,0,0,0.128666667,0.462333333,0.483666667,0.160666667,0,0,0,0,0.1,0.413,0.436333333,0.157666667,0,0,0,0,0.098333333,0.364666667,0.371,0.138666667,0.000333333,0,0,0.000333333,0.138333333,0.433666667,0.428333333,0.161666667,0.001,0,0,0.001666667,0.100333333,0.307,0.306666667,0.118333333,0.001666667,0,0,0.003,0.128,0.375,0.387666667,0.160333333,0.003666667,0,0,0.002,0.126,0.372333333,0.375666667,0.157,0.004,0,0,0.000666667,0.137333333,0.414,0.422,0.176333333,0.002666667,0,0,0,0.123333333,0.368333333,0.358666667,0.130666667,0.000333333,0,0,0,0.160666667,0.438,0.407,0.120666667,0,0,0,0,0.118666667,0.346,0.313666667,0.079333333,0,0,0,0,0.107,0.326333333,0.302333333,0.073666667,0,0
FJ,y22,0,0,0.073,0.285666667,0.299,0.091333333,0,0,0,0,0.100333333,0.398,0.420666667,0.153333333,0,0,0,0,0.107,0.373666667,0.381333333,0.143,0.000333333,0,0,0.000333333,0.101333333,0.346333333,0.351333333,0.138,0.001,0,0,0.002,0.121,0.365333333,0.366666667,0.146,0.002,0,0,0.003,0.118666667,0.357666667,0.378333333,0.159333333,0.003666667,0,0,0.002333333,0.145666667,0.426,0.432666667,0.185333333,0.004666667,0,0,0.000666667,0.140333333,0.422,0.425666667,0.178333333,0.002666667,0,0,0,0.141333333,0.415666667,0.394333333,0.145,0.000333333,0,0,0,0.102666667,0.303333333,0.290333333,0.083666667,0,0,0,0,0.137,0.392,0.345,0.084,0,0,0,0,0.143,0.435333333,0.424666667,0.112666667,0,0
FJ,y23,0,0,0.092666667,0.367,0.378333333,0.123,0,0,0,0,0.114,0.454,0.493666667,0.189333333,0,0,0,0,0.094,0.327,0.335333333,0.128333333,0.000333333,0,0,0.000333333,0.142333333,0.432,0.426333333,0.172666667,0.001333333,0,0,0.002666667,0.14,0.409333333,0.401666667,0.164333333,0.002666667,0,0,0.002333333,0.089,0.279,0.291333333,0.117666667,0.002666667,0,0,0.002666667,0.169333333,0.484333333,0.496,0.215,0.005666667,0,0,0.000666667,0.149666667,0.448333333,0.455666667,0.19,0.003,0,0,0,0.177,0.503,0.482,0.175666667,0.000333333,0,0,0,0.177666667,0.473,0.425333333,0.124333333,0,0,0,0,0.145,0.383,0.340333333,0.086,0,0,0,0,0.149666667,0.449,0.437,0.115,0,0
FJ,y24,0,0,0.103,0.388,0.404666667,0.130666667,0,0,0,0,0.108333333,0.425333333,0.456666667,0.17,0,0,0,0,0.140666667,0.476,0.484666667,0.191333333,0.000666667,0,0,0.000333333,0.149,0.450333333,0.443,0.174666667,0.001333333,0,0,0.003,0.153,0.441,0.448666667,0.180333333,0.002666667,0,0,0.003,0.117333333,0.343333333,0.344,0.143666667,0.003333333,0,0,0.002333333,0.152,0.437333333,0.441666667,0.188333333,0.005,0,0,0.000666667,0.148333333,0.436333333,0.425333333,0.173666667,0.002666667,0,0,0,0.143333333,0.424666667,0.414,0.147666667,0.000333333,0,0,0,0.167333333,0.452333333,0.402666667,0.119,0,0,0,0,0.128666667,0.359666667,0.319666667,0.079666667,0,0,0,0,0.117,0.363666667,0.342666667,0.085333333,0,0
FJ,y25,0,0,0.091,0.353333333,0.373666667,0.123333333,0,0,0,0,0.059333333,0.260666667,0.306666667,0.115666667,0,0,0,0,0.100666667,0.364,0.367666667,0.140333333,0.000333333,0,0,0.000333333,0.118,0.371,0.375,0.143666667,0.001,0,0,0.002,0.111,0.336666667,0.334,0.134333333,0.002,0,0,0.002666667,0.106,0.313666667,0.319333333,0.137,0.003333333,0,0,0.002,0.128,0.384666667,0.384,0.16,0.004,0,0,0.000666667,0.157,0.454333333,0.464333333,0.198333333,0.003,0,0,0,0.187,0.527666667,0.516666667,0.193,0.000333333,0,0,0,0.192,0.506333333,0.454666667,0.134666667,0,0,0,0,0.209666667,0.55,0.502,0.126,0,0,0,0,0.149333333,0.439666667,0.421,0.109,0,0
FJ,y26,0,0,0.102666667,0.401,0.424,0.137,0,0,0,0,0.109666667,0.423333333,0.433666667,0.162333333,0,0,0,0,0.091666667,0.336333333,0.354666667,0.132333333,0.000333333,0,0,0.000333333,0.144666667,0.449333333,0.449333333,0.169666667,0.001333333,0,0,0.002333333,0.127666667,0.371333333,0.377,0.159,0.002333333,0,0,0.003333333,0.13,0.380666667,0.388,0.162,0.004,0,0,0.002333333,0.151666667,0.448,0.453,0.194666667,0.004666667,0,0,0.000666667,0.155,0.451666667,0.465,0.189333333,0.003,0,0,0,0.131666667,0.390666667,0.377666667,0.141,0.000333333,0,0,0,0.161333333,0.442333333,0.397,0.114333333,0,0,0,0,0.174333333,0.471,0.436,0.112666667,0,0,0,0,0.111,0.362,0.345333333,0.085333333,0,0
GD,y1,0,0,0.079666667,0.359333333,0.403,0.154666667,0.000333333,0,0,0,0.061,0.305,0.377333333,0.165666667,0.001333333,0,0,0,0.063333333,0.295333333,0.346,0.156,0.002666667,0,0,0,0.08,0.336333333,0.385666667,0.179,0.004333333,0,0,0.000333333,0.101,0.359333333,0.387333333,0.173,0.005333333,0,0,0.000666667,0.096666667,0.331333333,0.37,0.180333333,0.007666667,0,0,0.000333333,0.102333333,0.363333333,0.401333333,0.2,0.009333333,0,0,0,0.088666667,0.331333333,0.369,0.168666667,0.005333333,0,0,0,0.133,0.467666667,0.490666667,0.213,0.002666667,0,0,0,0.132666667,0.427666667,0.400333333,0.142666667,0,0,0,0,0.160666667,0.480333333,0.495333333,0.168,0,0,0,0,0.141666667,0.485,0.515,0.179,0,0
GD,y2,0,0,0.081,0.372666667,0.445,0.18,0.000333333,0,0,0,0.069333333,0.339333333,0.406666667,0.180666667,0.001666667,0,0,0,0.064666667,0.316,0.380666667,0.175666667,0.003,0,0,0,0.083,0.323666667,0.355,0.156,0.003666667,0,0,0.000333333,0.094666667,0.324,0.352,0.169666667,0.005333333,0,0,0.000333333,0.101,0.352333333,0.392,0.189333333,0.008333333,0,0,0.000333333,0.109,0.393,0.441333333,0.221666667,0.010333333,0,0,0,0.098666667,0.366,0.417,0.19,0.006333333,0,0,0,0.107,0.392333333,0.424333333,0.184666667,0.002333333,0,0,0,0.167,0.533,0.521666667,0.190333333,0.000333333,0,0,0,0.162,0.492333333,0.486333333,0.16,0,0,0,0,0.117333333,0.423,0.461666667,0.163666667,0,0
GD,y3,0,0,0.093,0.427333333,0.487666667,0.196,0.000333333,0,0,0,0.063666667,0.324333333,0.378666667,0.157666667,0.001666667,0,0,0,0.080333333,0.364666667,0.401,0.181666667,0.003,0,0,0,0.078666667,0.313333333,0.363666667,0.16,0.003666667,0,0,0.000333333,0.089666667,0.332333333,0.370333333,0.173666667,0.005666667,0,0,0.000333333,0.081333333,0.286333333,0.324333333,0.156666667,0.006333333,0,0,0,0.082,0.310666667,0.35,0.167333333,0.007666667,0,0,0,0.091666667,0.349666667,0.375,0.174333333,0.005666667,0,0,0,0.116333333,0.417666667,0.435,0.176333333,0.002333333,0,0,0,0.123333333,0.425333333,0.423666667,0.151666667,0,0,0,0,0.165333333,0.502333333,0.498,0.163333333,0,0,0,0,0.088666667,0.348,0.370666667,0.121666667,0,0
GD,y4,0,0,0.056333333,0.283666667,0.343333333,0.137333333,0.000333333,0,0,0,0.047333333,0.260333333,0.324,0.139333333,0.001333333,0,0,0,0.060333333,0.308,0.385666667,0.176666667,0.003,0,0,0,0.094,0.374,0.421333333,0.190666667,0.004,0,0,0.000333333,0.086333333,0.303666667,0.347333333,0.160666667,0.005,0,0,0.000333333,0.074666667,0.282333333,0.314,0.146,0.006,0,0,0.000333333,0.107,0.382,0.428333333,0.21,0.01,0,0,0,0.122333333,0.439,0.479,0.229,0.008,0,0,0,0.116333333,0.413,0.430666667,0.181,0.002,0,0,0,0.150333333,0.474333333,0.48,0.179333333,0.000333333,0,0,0,0.170666667,0.508,0.488,0.157333333,0,0,0,0,0.108,0.398,0.423666667,0.146666667,0,0
GD,y5,0,0,0.085,0.377333333,0.437,0.179333333,0.000333333,0,0,0,0.095333333,0.448666667,0.519,0.232,0.002333333,0,0,0,0.065,0.320666667,0.377333333,0.167,0.003,0,0,0,0.090666667,0.351,0.399333333,0.182,0.004,0,0,0.000333333,0.080666667,0.279666667,0.312666667,0.14,0.004333333,0,0,0.000666667,0.107666667,0.366666667,0.413333333,0.202666667,0.009,0,0,0.000333333,0.105,0.370666667,0.407666667,0.199333333,0.009333333,0,0,0,0.091666667,0.343666667,0.384666667,0.176333333,0.006,0,0,0,0.114666667,0.419666667,0.441,0.187,0.002333333,0,0,0,0.149,0.488666667,0.472,0.171,0.000333333,0,0,0,0.151,0.469666667,0.456,0.144333333,0,0,0,0,0.125,0.427,0.452333333,0.161333333,0,0
GD,y6,0,0,0.083333333,0.377666667,0.430333333,0.178333333,0.000333333,0,0,0,0.054666667,0.277,0.330333333,0.144333333,0.001333333,0,0,0,0.077333333,0.35,0.381333333,0.168333333,0.003,0,0,0,0.073666667,0.297666667,0.339,0.15,0.003333333,0,0,0.000333333,0.092666667,0.327666667,0.364,0.167666667,0.005,0,0,0.000666667,0.111333333,0.381666667,0.418666667,0.202666667,0.009,0,0,0.000333333,0.11,0.387,0.441666667,0.223333333,0.010333333,0,0,0,0.097666667,0.367,0.414666667,0.187,0.006333333,0,0,0,0.136,0.475666667,0.492666667,0.205333333,0.002666667,0,0,0,0.121,0.405666667,0.413333333,0.151,0.000333333,0,0,0,0.151,0.466666667,0.466666667,0.151333333,0,0,0,0,0.131333333,0.465333333,0.485666667,0.164333333,0,0
GD,y7,0,0,0.072333333,0.336,0.382,0.153666667,0.000333333,0,0,0,0.069666667,0.351666667,0.416,0.186666667,0.002,0,0,0,0.084666667,0.373,0.402666667,0.178333333,0.003,0,0,0,0.071,0.296333333,0.332666667,0.147333333,0.003333333,0,0,0.000333333,0.102666667,0.35,0.370333333,0.168333333,0.005333333,0,0,0.000333333,0.087,0.315333333,0.342666667,0.158333333,0.007,0,0,0,0.088333333,0.323,0.367333333,0.178333333,0.008666667,0,0,0,0.117666667,0.428,0.467,0.217,0.007,0,0,0,0.114666667,0.409666667,0.432333333,0.180333333,0.002,0,0,0,0.168666667,0.53,0.508333333,0.182,0,0,0,0,0.164333333,0.49,0.482666667,0.154666667,0,0,0,0,0.104666667,0.383,0.407666667,0.143,0,0
GD,y8,0,0,0.09,0.395333333,0.444666667,0.178333333,0.000333333,0,0,0,0.079333333,0.380333333,0.42,0.177,0.002,0,0,0,0.077666667,0.356,0.402,0.179333333,0.003,0,0,0,0.103,0.393666667,0.444666667,0.211,0.005333333,0,0,0.000333333,0.109666667,0.369,0.392666667,0.181666667,0.005666667,0,0,0.000666667,0.107,0.364,0.403,0.192666667,0.008333333,0,0,0.000333333,0.095333333,0.330666667,0.367666667,0.180333333,0.008333333,0,0,0,0.1,0.367,0.403,0.189,0.006,0,0,0,0.11,0.397333333,0.418,0.179333333,0.002333333,0,0,0,0.133666667,0.443333333,0.446333333,0.162666667,0,0,0,0,0.143,0.442,0.439,0.141666667,0,0,0,0,0.078666667,0.299666667,0.318666667,0.107666667,0,0
GD,y9,0,0,0.096666667,0.432333333,0.503333333,0.212,0.000333333,0,0,0,0.061333333,0.328666667,0.399,0.182,0.002,0,0,0,0.065,0.311666667,0.366,0.165,0.003,0,0,0,0.09,0.360333333,0.412,0.186333333,0.004333333,0,0,0.000333333,0.1,0.348666667,0.385,0.180666667,0.005666667,0,0,0.000666667,0.092666667,0.320666667,0.353666667,0.171666667,0.007333333,0,0,0.000333333,0.126666667,0.437666667,0.493,0.26,0.012666667,0,0,0,0.104666667,0.384666667,0.426666667,0.208666667,0.007,0,0,0,0.123666667,0.438666667,0.449666667,0.194333333,0.002666667,0,0,0,0.166333333,0.532,0.536,0.195666667,0.000333333,0,0,0,0.157,0.488666667,0.487666667,0.156,0,0,0,0,0.160666667,0.549333333,0.580666667,0.202333333,0,0
GD,y10,0,0,0.087333333,0.394333333,0.449333333,0.170666667,0.000333333,0,0,0,0.075333333,0.37,0.429666667,0.193,0.002,0,0,0,0.076333333,0.350666667,0.402666667,0.182,0.003,0,0,0,0.093666667,0.365333333,0.401,0.185333333,0.004333333,0,0,0.000333333,0.105666667,0.372666667,0.409333333,0.189666667,0.006,0,0,0.000666667,0.124,0.413666667,0.449666667,0.216666667,0.009333333,0,0,0.000333333,0.107,0.382,0.422,0.206,0.009666667,0,0,0,0.109666667,0.399666667,0.445,0.212333333,0.007333333,0,0,0,0.125333333,0.442,0.453,0.187666667,0.002333333,0,0,0,0.192,0.59,0.588666667,0.217,0.000333333,0,0,0,0.171,0.520333333,0.507,0.160666667,0,0,0,0,0.143666667,0.490333333,0.515,0.177333333,0,0
GD,y11,0,0,0.088333333,0.392333333,0.446666667,0.180333333,0.000333333,0,0,0,0.040666667,0.237,0.300666667,0.132666667,0.001333333,0,0,0,0.070666667,0.318333333,0.375666667,0.172333333,0.003,0,0,0,0.089333333,0.352333333,0.391333333,0.175666667,0.004,0,0,0.000333333,0.092,0.331666667,0.389,0.184,0.005666667,0,0,0.000333333,0.077,0.272333333,0.315,0.153333333,0.006333333,0,0,0.000333333,0.119666667,0.410666667,0.463333333,0.238666667,0.011666667,0,0,0,0.091,0.347333333,0.399,0.199,0.006666667,0,0,0,0.12,0.431333333,0.459666667,0.2,0.002333333,0,0,0,0.172,0.545333333,0.520666667,0.188666667,0.000333333,0,0,0,0.153,0.476,0.462,0.147333333,0,0,0,0,0.123,0.440333333,0.476333333,0.159,0,0
GD,y12,0,0,0.078666667,0.372666667,0.444666667,0.183,0.000333333,0,0,0,0.068333333,0.361333333,0.447666667,0.189,0.001666667,0,0,0,0.067,0.304333333,0.349333333,0.160666667,0.002666667,0,0,0,0.087333333,0.347333333,0.397666667,0.175333333,0.004,0,0,0.000333333,0.093,0.333,0.374333333,0.173333333,0.005333333,0,0,0.000333333,0.095,0.324666667,0.359333333,0.166333333,0.007333333,0,0,0.000333333,0.101666667,0.355666667,0.399666667,0.200666667,0.009666667,0,0,0,0.109333333,0.400666667,0.437,0.208333333,0.006666667,0,0,0,0.122,0.43,0.448,0.191666667,0.002666667,0,0,0,0.155333333,0.501666667,0.484333333,0.174333333,0.000333333,0,0,0,0.157333333,0.472333333,0.466333333,0.152,0,0,0,0,0.128333333,0.453666667,0.492333333,0.174666667,0,0
GD,y13,0,0,0.087333333,0.391,0.457333333,0.194,0.000333333,0,0,0,0.078666667,0.384333333,0.442333333,0.200666667,0.002,0,0,0,0.059333333,0.302666667,0.364333333,0.165666667,0.003,0,0,0,0.089333333,0.342333333,0.358333333,0.163,0.004,0,0,0.000333333,0.122,0.412666667,0.443666667,0.209,0.006666667,0,0,0.000666667,0.106333333,0.360666667,0.392333333,0.190333333,0.008333333,0,0,0.000333333,0.125333333,0.433333333,0.487666667,0.254,0.012333333,0,0,0,0.100333333,0.37,0.4,0.187666667,0.006666667,0,0,0,0.122666667,0.440333333,0.451,0.192,0.002333333,0,0,0,0.167666667,0.526333333,0.525,0.193,0.000333333,0,0,0,0.168666667,0.511333333,0.519666667,0.168333333,0,0,0,0,0.137666667,0.476,0.504666667,0.175666667,0,0
GD,y14,0,0,0.076666667,0.349666667,0.415,0.174333333,0,0,0,0,0.066666667,0.34,0.413666667,0.183333333,0.001666667,0,0,0,0.1,0.430666667,0.473333333,0.211,0.003666667,0,0,0,0.081,0.320666667,0.356666667,0.158333333,0.003666667,0,0,0.000333333,0.106333333,0.367333333,0.391666667,0.18,0.005666667,0,0,0.000333333,0.077333333,0.274666667,0.312666667,0.148666667,0.006333333,0,0,0.000333333,0.109666667,0.385,0.431333333,0.218333333,0.010333333,0,0,0,0.105,0.385666667,0.427666667,0.211,0.007,0,0,0,0.135666667,0.481666667,0.496333333,0.211,0.002666667,0,0,0,0.149333333,0.482666667,0.458666667,0.169666667,0.000333333,0,0,0,0.167,0.503,0.501,0.164,0,0,0,0,0.146,0.490666667,0.52,0.179666667,0,0
GD,y15,0,0,0.109333333,0.466333333,0.528333333,0.213,0.000333333,0,0,0,0.074666667,0.403333333,0.486666667,0.217333333,0.002333333,0,0,0,0.065,0.318333333,0.376333333,0.164333333,0.002666667,0,0,0,0.095666667,0.365666667,0.403666667,0.18,0.004,0,0,0.000333333,0.108666667,0.358666667,0.389,0.181,0.005666667,0,0,0.000666667,0.103666667,0.351,0.385666667,0.188333333,0.008,0,0,0.000333333,0.109666667,0.394666667,0.438333333,0.222333333,0.010333333,0,0,0,0.118333333,0.423666667,0.469666667,0.222666667,0.007333333,0,0,0,0.136,0.467666667,0.494666667,0.216666667,0.002666667,0,0,0,0.156,0.496,0.491333333,0.175666667,0.000333333,0,0,0,0.151666667,0.469333333,0.479666667,0.159333333,0,0,0,0,0.114666667,0.409,0.428333333,0.139333333,0,0
GD,y16,0,0,0.059666667,0.284333333,0.338333333,0.139333333,0.000333333,0,0,0,0.044333333,0.266333333,0.341333333,0.155333333,0.001666667,0,0,0,0.080666667,0.381666667,0.436333333,0.204,0.003666667,0,0,0,0.071,0.293,0.323,0.135666667,0.003,0,0,0.000333333,0.091,0.321,0.368,0.177,0.005666667,0,0,0.000333333,0.077333333,0.28,0.309333333,0.147666667,0.006,0,0,0.000333333,0.117333333,0.401666667,0.443333333,0.221333333,0.010666667,0,0,0,0.120333333,0.426333333,0.465333333,0.22,0.007333333,0,0,0,0.113333333,0.414,0.432666667,0.179333333,0.002333333,0,0,0,0.132333333,0.441333333,0.423,0.149,0,0,0,0,0.178333333,0.534333333,0.524666667,0.169,0,0,0,0,0.128,0.445,0.465,0.158666667,0,0
GD,y17,0,0,0.078666667,0.372666667,0.453,0.188,0.000333333,0,0,0,0.066333333,0.344333333,0.419666667,0.182333333,0.001666667,0,0,0,0.070333333,0.345,0.401,0.164,0.002666667,0,0,0,0.119666667,0.44,0.462666667,0.204666667,0.004666667,0,0,0.000333333,0.098,0.344333333,0.369333333,0.17,0.005666667,0,0,0.000666667,0.110666667,0.371333333,0.406666667,0.198666667,0.008333333,0,0,0,0.103333333,0.371333333,0.421666667,0.213,0.010333333,0,0,0,0.126333333,0.449333333,0.496333333,0.24,0.008,0,0,0,0.127666667,0.453333333,0.474,0.201333333,0.002666667,0,0,0,0.136,0.445666667,0.425666667,0.147666667,0,0,0,0,0.147,0.454,0.439,0.135,0,0,0,0,0.125666667,0.453,0.501333333,0.177333333,0,0
GD,y18,0,0,0.053,0.263333333,0.313333333,0.118,0,0,0,0,0.044,0.244333333,0.312,0.137666667,0.001333333,0,0,0,0.063666667,0.297333333,0.357333333,0.172666667,0.003,0,0,0,0.074,0.310666667,0.362666667,0.165,0.003666667,0,0,0.000333333,0.091666667,0.333666667,0.384,0.181666667,0.005333333,0,0,0.000666667,0.092,0.313333333,0.343666667,0.175,0.007333333,0,0,0.000333333,0.104333333,0.368666667,0.415666667,0.215,0.010333333,0,0,0,0.116,0.42,0.455666667,0.207333333,0.007,0,0,0,0.127666667,0.459333333,0.482666667,0.201,0.002666667,0,0,0,0.179333333,0.56,0.540666667,0.194,0.000333333,0,0,0,0.114,0.379333333,0.386,0.121666667,0,0,0,0,0.073666667,0.289666667,0.316333333,0.105666667,0,0
GD,y19,0,0,0.086333333,0.416666667,0.485333333,0.192666667,0.000333333,0,0,0,0.057333333,0.307,0.387666667,0.173,0.001666667,0,0,0,0.085333333,0.380666667,0.425333333,0.192666667,0.003333333,0,0,0,0.068666667,0.284,0.330333333,0.145,0.003333333,0,0,0.000333333,0.082666667,0.312333333,0.359,0.16,0.005333333,0,0,0.000333333,0.103333333,0.356,0.389666667,0.19,0.008333333,0,0,0.000333333,0.099333333,0.358666667,0.395,0.187666667,0.009,0,0,0,0.099,0.367333333,0.409333333,0.194666667,0.006666667,0,0,0,0.121333333,0.429666667,0.450666667,0.187666667,0.002,0,0,0,0.158666667,0.513333333,0.511333333,0.185666667,0.000333333,0,0,0,0.132333333,0.418333333,0.415,0.129666667,0,0,0,0,0.135333333,0.471666667,0.506666667,0.178666667,0,0
GD,y20,0,0,0.112,0.495,0.561333333,0.232333333,0.000333333,0,0,0,0.061333333,0.314666667,0.362333333,0.157333333,0.001666667,0,0,0,0.063,0.299,0.349,0.151666667,0.002666667,0,0,0,0.087333333,0.340333333,0.355666667,0.159333333,0.003666667,0,0,0.000333333,0.08,0.301,0.337,0.153333333,0.005,0,0,0.000666667,0.103333333,0.366333333,0.399666667,0.188666667,0.007666667,0,0,0.000333333,0.114,0.399333333,0.451,0.223333333,0.010333333,0,0,0,0.110333333,0.402666667,0.442666667,0.210333333,0.007,0,0,0,0.130333333,0.465333333,0.489,0.207333333,0.002666667,0,0,0,0.162333333,0.527666667,0.531,0.194333333,0.000333333,0,0,0,0.125666667,0.407,0.402,0.119333333,0,0,0,0,0.094,0.351333333,0.389333333,0.138333333,0,0
GD,y21,0,0,0.098333333,0.440333333,0.507333333,0.207666667,0.000333333,0,0,0,0.069666667,0.367,0.438333333,0.194,0.002,0,0,0,0.06,0.301,0.349333333,0.148666667,0.002666667,0,0,0,0.110666667,0.422666667,0.459666667,0.204666667,0.004666667,0,0,0.000333333,0.076333333,0.274333333,0.320333333,0.150666667,0.004333333,0,0,0.000666667,0.113,0.387333333,0.425,0.204666667,0.009,0,0,0.000333333,0.101333333,0.365,0.406,0.196666667,0.009,0,0,0,0.118666667,0.431333333,0.468333333,0.220333333,0.007333333,0,0,0,0.107666667,0.402666667,0.426666667,0.175666667,0.002,0,0,0,0.140666667,0.456333333,0.446666667,0.161666667,0,0,0,0,0.130333333,0.422333333,0.422666667,0.136,0,0,0,0,0.085333333,0.327333333,0.349333333,0.112,0,0
GD,y22,0,0,0.053666667,0.254666667,0.297666667,0.116666667,0,0,0,0,0.064,0.331666667,0.410333333,0.176666667,0.001666667,0,0,0,0.071,0.321,0.362666667,0.158333333,0.002666667,0,0,0,0.071666667,0.317333333,0.369333333,0.166666667,0.003666667,0,0,0.000333333,0.095666667,0.339,0.383333333,0.173,0.005333333,0,0,0.000666667,0.103666667,0.351,0.394666667,0.194,0.008666667,0,0,0.000333333,0.110333333,0.392,0.44,0.219,0.010333333,0,0,0,0.098666667,0.369,0.404666667,0.188666667,0.006333333,0,0,0,0.116333333,0.418,0.432333333,0.179333333,0.002333333,0,0,0,0.115666667,0.393333333,0.381,0.137,0.000333333,0,0,0,0.121333333,0.399666667,0.387,0.12,0,0,0,0,0.121333333,0.435,0.469666667,0.161666667,0,0
GD,y23,0,0,0.076666667,0.357,0.412333333,0.166666667,0.000333333,0,0,0,0.076,0.384,0.459,0.197333333,0.002,0,0,0,0.06,0.280333333,0.334333333,0.148,0.002666667,0,0,0,0.100333333,0.371666667,0.397333333,0.178333333,0.004,0,0,0.000333333,0.101333333,0.359,0.385666667,0.174,0.005666667,0,0,0.000333333,0.09,0.321,0.361333333,0.176333333,0.007333333,0,0,0.000333333,0.101,0.362333333,0.394666667,0.193666667,0.009,0,0,0,0.113666667,0.405333333,0.449666667,0.214,0.007333333,0,0,0,0.124,0.449,0.475333333,0.199,0.002333333,0,0,0,0.149,0.485,0.474,0.167666667,0,0,0,0,0.124666667,0.383333333,0.379666667,0.118666667,0,0,0,0,0.112666667,0.409666667,0.457666667,0.161333333,0,0
GD,y24,0,0,0.075666667,0.348,0.393333333,0.151666667,0.000333333,0,0,0,0.077,0.385666667,0.457333333,0.201,0.002,0,0,0,0.099666667,0.436666667,0.494333333,0.23,0.004,0,0,0,0.101666667,0.380333333,0.411333333,0.183666667,0.004333333,0,0,0.000333333,0.121333333,0.413666667,0.457666667,0.215,0.007,0,0,0.000333333,0.095,0.328,0.362666667,0.173,0.007333333,0,0,0.000333333,0.107,0.378666667,0.411333333,0.200333333,0.009333333,0,0,0,0.099333333,0.369,0.4,0.175,0.005333333,0,0,0,0.105666667,0.393333333,0.417333333,0.170666667,0.002,0,0,0,0.135333333,0.454666667,0.447333333,0.156,0.000333333,0,0,0,0.136666667,0.442666667,0.435333333,0.136,0,0,0,0,0.093666667,0.353333333,0.371666667,0.117,0,0
GD,y25,0,0,0.078,0.372666667,0.432666667,0.174333333,0.000333333,0,0,0,0.051,0.290333333,0.37,0.166666667,0.001666667,0,0,0,0.062,0.297,0.34,0.154333333,0.002666667,0,0,0,0.078333333,0.317,0.365333333,0.168666667,0.004,0,0,0.000333333,0.081,0.3,0.321333333,0.143666667,0.004666667,0,0,0.000666667,0.098,0.336666667,0.368666667,0.173666667,0.007333333,0,0,0.000333333,0.106666667,0.380666667,0.407,0.194666667,0.009,0,0,0,0.107666667,0.387333333,0.428,0.199,0.006333333,0,0,0,0.137,0.485666667,0.512333333,0.220333333,0.002333333,0,0,0,0.161,0.517,0.504666667,0.179666667,0.000333333,0,0,0,0.182,0.544333333,0.544666667,0.177,0,0,0,0,0.132,0.458666667,0.491666667,0.168666667,0,0
GD,y26,0,0,0.081,0.381,0.437333333,0.180666667,0.000333333,0,0,0,0.077,0.377666667,0.448666667,0.202666667,0.002333333,0,0,0,0.066333333,0.319,0.376,0.166333333,0.002666667,0,0,0,0.100666667,0.373,0.396333333,0.171333333,0.004,0,0,0.000333333,0.110666667,0.379666667,0.421666667,0.194666667,0.006,0,0,0.000666667,0.106333333,0.366,0.406666667,0.197333333,0.009,0,0,0.000333333,0.126666667,0.436666667,0.485,0.245,0.011666667,0,0,0,0.104,0.374333333,0.406333333,0.189666667,0.006,0,0,0,0.106333333,0.404666667,0.432333333,0.176,0.002333333,0,0,0,0.139666667,0.463333333,0.456666667,0.159666667,0,0,0,0,0.145,0.457666667,0.453666667,0.143,0,0,0,0,0.121666667,0.444666667,0.484,0.162666667,0,0
GS,y1,0,0,0.013,0.443333333,0.704,0.406333333,0.009666667,0,0,0,0.025,0.467,0.742,0.474666667,0.034,0,0,0,0.049666667,0.523333333,0.774,0.516,0.057333333,0,0,0,0.071333333,0.511666667,0.722333333,0.478,0.068333333,0,0,0,0.088333333,0.493666667,0.672666667,0.456333333,0.080666667,0,0,0,0.092,0.469,0.64,0.440666667,0.088333333,0,0,0,0.077333333,0.427666667,0.585333333,0.407666667,0.085333333,0,0,0,0.067666667,0.438,0.614,0.422333333,0.073,0,0,0,0.055333333,0.421333333,0.586333333,0.373333333,0.041666667,0,0,0,0.061666667,0.474333333,0.635,0.354,0.016333333,0,0,0,0.052333333,0.530333333,0.683,0.335666667,0.002666667,0,0,0,0.019333333,0.475,0.66,0.32,0.001,0
GS,y2,0,0,0.012666667,0.432,0.691,0.401666667,0.009666667,0,0,0,0.025333333,0.475333333,0.751666667,0.487,0.034666667,0,0,0,0.045,0.488333333,0.738333333,0.487333333,0.053333333,0,0,0,0.065,0.484,0.685666667,0.449333333,0.063333333,0,0,0,0.087666667,0.490333333,0.669666667,0.455666667,0.08,0,0,0,0.085666667,0.447333333,0.599,0.403,0.081333333,0,0,0,0.073666667,0.409666667,0.566333333,0.388333333,0.079666667,0,0,0,0.064333333,0.413666667,0.583666667,0.406666667,0.074,0,0,0,0.066666667,0.491333333,0.678666667,0.437333333,0.050666667,0,0,0,0.064333333,0.49,0.656333333,0.368,0.017333333,0,0,0,0.046666667,0.484,0.633,0.306666667,0.002666667,0,0,0,0.020333333,0.484666667,0.672666667,0.328333333,0.001,0
GS,y3,0,0,0.013333333,0.440666667,0.695,0.408333333,0.010333333,0,0,0,0.025666667,0.485333333,0.764333333,0.497,0.036333333,0,0,0,0.046,0.491333333,0.728666667,0.482,0.054666667,0,0,0,0.072,0.512666667,0.715333333,0.477,0.069666667,0,0,0,0.088333333,0.485,0.656,0.433666667,0.075333333,0,0,0,0.088666667,0.450333333,0.615666667,0.420666667,0.085,0,0,0,0.077,0.429333333,0.590333333,0.402333333,0.081666667,0,0,0,0.065333333,0.423,0.597,0.412,0.071666667,0,0,0,0.065,0.483,0.668,0.431666667,0.049333333,0,0,0,0.068666667,0.521666667,0.693,0.390666667,0.017333333,0,0,0,0.050666667,0.518333333,0.669333333,0.324333333,0.002666667,0,0,0,0.019333333,0.473666667,0.661666667,0.32,0.001,0
GS,y4,0,0,0.013333333,0.434666667,0.695,0.404333333,0.01,0,0,0,0.024,0.451333333,0.720333333,0.455333333,0.032,0,0,0,0.045,0.474333333,0.712333333,0.464666667,0.052,0,0,0,0.07,0.497666667,0.701666667,0.469,0.067333333,0,0,0,0.082,0.463333333,0.633,0.421666667,0.074,0,0,0,0.087666667,0.453333333,0.618666667,0.427,0.087,0,0,0,0.073333333,0.412333333,0.570333333,0.399666667,0.082666667,0,0,0,0.064333333,0.424333333,0.594666667,0.403666667,0.070666667,0,0,0,0.063333333,0.468666667,0.645666667,0.411,0.046,0,0,0,0.065333333,0.501666667,0.673333333,0.383,0.017333333,0,0,0,0.051,0.515333333,0.667,0.329666667,0.002666667,0,0,0,0.019,0.446333333,0.628333333,0.302333333,0.001,0
GS,y5,0,0,0.013,0.439666667,0.699,0.402333333,0.009333333,0,0,0,0.025,0.465666667,0.740666667,0.484333333,0.034666667,0,0,0,0.046333333,0.497333333,0.747333333,0.493,0.054333333,0,0,0,0.071333333,0.512,0.715666667,0.469333333,0.066333333,0,0,0,0.084,0.471666667,0.634666667,0.421333333,0.073,0,0,0,0.085333333,0.441,0.6,0.410666667,0.083,0,0,0,0.073666667,0.417333333,0.580333333,0.397333333,0.082666667,0,0,0,0.068333333,0.438,0.612333333,0.418,0.073333333,0,0,0,0.063666667,0.471,0.648,0.41,0.046,0,0,0,0.062,0.484,0.649333333,0.367333333,0.017,0,0,0,0.048666667,0.495333333,0.648666667,0.317666667,0.002666667,0,0,0,0.019333333,0.464333333,0.649,0.313666667,0.001,0
GS,y6,0,0,0.012333333,0.429666667,0.681666667,0.394,0.009666667,0,0,0,0.025333333,0.480666667,0.760666667,0.492,0.035,0,0,0,0.050333333,0.530666667,0.784666667,0.520666667,0.058666667,0,0,0,0.071666667,0.512,0.715666667,0.468666667,0.067,0,0,0,0.087,0.482666667,0.654666667,0.439333333,0.075666667,0,0,0,0.079333333,0.411,0.555,0.374333333,0.075666667,0,0,0,0.079666667,0.438333333,0.605,0.423666667,0.087333333,0,0,0,0.067333333,0.441333333,0.626666667,0.430666667,0.076,0,0,0,0.061666667,0.461666667,0.637,0.407333333,0.047666667,0,0,0,0.059333333,0.464,0.629333333,0.352666667,0.016333333,0,0,0,0.05,0.501666667,0.656666667,0.32,0.002666667,0,0,0,0.019333333,0.463,0.648,0.312333333,0.001,0
GS,y7,0,0,0.013,0.434333333,0.691666667,0.405,0.01,0,0,0,0.025333333,0.466666667,0.740333333,0.478333333,0.034333333,0,0,0,0.052333333,0.531333333,0.782,0.528,0.060666667,0,0,0,0.069666667,0.499,0.703,0.465333333,0.066666667,0,0,0,0.088,0.489666667,0.666333333,0.440333333,0.077,0,0,0,0.089666667,0.457,0.622666667,0.429666667,0.087333333,0,0,0,0.079,0.437333333,0.607,0.421666667,0.088,0,0,0,0.068666667,0.441333333,0.618666667,0.425666667,0.073666667,0,0,0,0.053333333,0.413,0.574666667,0.367333333,0.042,0,0,0,0.061666667,0.479666667,0.642333333,0.365,0.016666667,0,0,0,0.048333333,0.502666667,0.653666667,0.316,0.002333333,0,0,0,0.018,0.454666667,0.646666667,0.311333333,0.001,0
GS,y8,0,0,0.013,0.434333333,0.690666667,0.401666667,0.009666667,0,0,0,0.025,0.467,0.736333333,0.474333333,0.033333333,0,0,0,0.048666667,0.505666667,0.745333333,0.496,0.056,0,0,0,0.067,0.488333333,0.684666667,0.447333333,0.063666667,0,0,0,0.079,0.454333333,0.63,0.419,0.072333333,0,0,0,0.082333333,0.427666667,0.579333333,0.392,0.078666667,0,0,0,0.077666667,0.427333333,0.587333333,0.406666667,0.083333333,0,0,0,0.070333333,0.449,0.625,0.428333333,0.074666667,0,0,0,0.054666667,0.419666667,0.581666667,0.369333333,0.041666667,0,0,0,0.068666667,0.518,0.686,0.385333333,0.017333333,0,0,0,0.050666667,0.506333333,0.656666667,0.320666667,0.002666667,0,0,0,0.018666667,0.451666667,0.638,0.307666667,0.001,0
GS,y9,0,0,0.013333333,0.444,0.697666667,0.406666667,0.009666667,0,0,0,0.024,0.448333333,0.723,0.465,0.032666667,0,0,0,0.045333333,0.487,0.727666667,0.482666667,0.054333333,0,0,0,0.067666667,0.489,0.684666667,0.445333333,0.064,0,0,0,0.083,0.468,0.631333333,0.423,0.074666667,0,0,0,0.087666667,0.449333333,0.607333333,0.408,0.08,0,0,0,0.077333333,0.436,0.606333333,0.420333333,0.086666667,0,0,0,0.063333333,0.421,0.602333333,0.415,0.074,0,0,0,0.062,0.459333333,0.635,0.408333333,0.047666667,0,0,0,0.062333333,0.480333333,0.641666667,0.360333333,0.016,0,0,0,0.046666667,0.489,0.638333333,0.307,0.002333333,0,0,0,0.019666667,0.477,0.662,0.321,0.001,0
GS,y10,0,0,0.013,0.434,0.692333333,0.399333333,0.009333333,0,0,0,0.025,0.465333333,0.738333333,0.477333333,0.032666667,0,0,0,0.045666667,0.486666667,0.727666667,0.475666667,0.052666667,0,0,0,0.072333333,0.511,0.717333333,0.482,0.069666667,0,0,0,0.084,0.470666667,0.645333333,0.437,0.076333333,0,0,0,0.089666667,0.456333333,0.617666667,0.413666667,0.082666667,0,0,0,0.080666667,0.442333333,0.609666667,0.425666667,0.087333333,0,0,0,0.065,0.420666667,0.596666667,0.418333333,0.074666667,0,0,0,0.062666667,0.468333333,0.646333333,0.414333333,0.048,0,0,0,0.066,0.503333333,0.668666667,0.377333333,0.017666667,0,0,0,0.049666667,0.510333333,0.667666667,0.326,0.002666667,0,0,0,0.019666667,0.456,0.641666667,0.308,0.001,0
GS,y11,0,0,0.013,0.442333333,0.698666667,0.405333333,0.01,0,0,0,0.025333333,0.464666667,0.746,0.480333333,0.034,0,0,0,0.047666667,0.492,0.724666667,0.479333333,0.054333333,0,0,0,0.075,0.525,0.733333333,0.488333333,0.071333333,0,0,0,0.084,0.467,0.640333333,0.432666667,0.075,0,0,0,0.088333333,0.458,0.626,0.425666667,0.083666667,0,0,0,0.072333333,0.403,0.561333333,0.393,0.081,0,0,0,0.063333333,0.419,0.594666667,0.410666667,0.072666667,0,0,0,0.058666667,0.448333333,0.620333333,0.399333333,0.045333333,0,0,0,0.059333333,0.475,0.643333333,0.361333333,0.016666667,0,0,0,0.049333333,0.506,0.655666667,0.318333333,0.002666667,0,0,0,0.019333333,0.475666667,0.666333333,0.322333333,0.001,0
GS,y12,0,0,0.012,0.412,0.663666667,0.382333333,0.009333333,0,0,0,0.024333333,0.442333333,0.711,0.461666667,0.033,0,0,0,0.050666667,0.520333333,0.771333333,0.518333333,0.059,0,0,0,0.073,0.515,0.723333333,0.482333333,0.068666667,0,0,0,0.085333333,0.474666667,0.65,0.436,0.076333333,0,0,0,0.088,0.455,0.620333333,0.422,0.083666667,0,0,0,0.071333333,0.403333333,0.565,0.396333333,0.080666667,0,0,0,0.068,0.442,0.626666667,0.430666667,0.076333333,0,0,0,0.058,0.441666667,0.619,0.402666667,0.046333333,0,0,0,0.065666667,0.496333333,0.660666667,0.374333333,0.017,0,0,0,0.049666667,0.502,0.651,0.314,0.002333333,0,0,0,0.019,0.476666667,0.660333333,0.318666667,0.001,0
GS,y13,0,0,0.013333333,0.445,0.700666667,0.409333333,0.01,0,0,0,0.025,0.465333333,0.735,0.477333333,0.033666667,0,0,0,0.045,0.482,0.725333333,0.478,0.053666667,0,0,0,0.068,0.494666667,0.689666667,0.456333333,0.065666667,0,0,0,0.086,0.483666667,0.666,0.453666667,0.080333333,0,0,0,0.080666667,0.421666667,0.584333333,0.401666667,0.079666667,0,0,0,0.075,0.42,0.588,0.41,0.084666667,0,0,0,0.065666667,0.424666667,0.591666667,0.409,0.072666667,0,0,0,0.06,0.447,0.621333333,0.398333333,0.045333333,0,0,0,0.054666667,0.444,0.593666667,0.327333333,0.014333333,0,0,0,0.051333333,0.519666667,0.668333333,0.326333333,0.002666667,0,0,0,0.019,0.462,0.647333333,0.312666667,0.001,0
GS,y14,0,0,0.012,0.417666667,0.669333333,0.380333333,0.009,0,0,0,0.026333333,0.488333333,0.774,0.503666667,0.035333333,0,0,0,0.048666667,0.51,0.751333333,0.499666667,0.056,0,0,0,0.070666667,0.509,0.718333333,0.479,0.068333333,0,0,0,0.086333333,0.484333333,0.660666667,0.444333333,0.077,0,0,0,0.090333333,0.463333333,0.632666667,0.436666667,0.088333333,0,0,0,0.078333333,0.43,0.596333333,0.421,0.086,0,0,0,0.067333333,0.433333333,0.615,0.427,0.076333333,0,0,0,0.057,0.432333333,0.603333333,0.389666667,0.045666667,0,0,0,0.066666667,0.504333333,0.668666667,0.377333333,0.017333333,0,0,0,0.048,0.500333333,0.651,0.316,0.002666667,0,0,0,0.020333333,0.464666667,0.64,0.307666667,0.001,0
GS,y15,0,0,0.013666667,0.447666667,0.703333333,0.411,0.009666667,0,0,0,0.024,0.451,0.720666667,0.463,0.033333333,0,0,0,0.05,0.509,0.752,0.500666667,0.057,0,0,0,0.070333333,0.503333333,0.705,0.468666667,0.067,0,0,0,0.082666667,0.466666667,0.638666667,0.434333333,0.077333333,0,0,0,0.091666667,0.469666667,0.636666667,0.435666667,0.089333333,0,0,0,0.075,0.421666667,0.579,0.401,0.082,0,0,0,0.065666667,0.431666667,0.607666667,0.419,0.073666667,0,0,0,0.056,0.427,0.591333333,0.375666667,0.042,0,0,0,0.065333333,0.501333333,0.668666667,0.376333333,0.016666667,0,0,0,0.049,0.508,0.661666667,0.318666667,0.002333333,0,0,0,0.019,0.461,0.644666667,0.308333333,0.001,0
GS,y16,0,0,0.013333333,0.435666667,0.688,0.399,0.009666667,0,0,0,0.024666667,0.448,0.715,0.460666667,0.033,0,0,0,0.046,0.487666667,0.729666667,0.486333333,0.055666667,0,0,0,0.071,0.503,0.705,0.470666667,0.069333333,0,0,0,0.082666667,0.466333333,0.631,0.419666667,0.073333333,0,0,0,0.084333333,0.438333333,0.598666667,0.408,0.081,0,0,0,0.074333333,0.414333333,0.576666667,0.405333333,0.085,0,0,0,0.067333333,0.439,0.620666667,0.428,0.076666667,0,0,0,0.055,0.423,0.587,0.367333333,0.042666667,0,0,0,0.065,0.496,0.658666667,0.366,0.016666667,0,0,0,0.052333333,0.528666667,0.679666667,0.333333333,0.002666667,0,0,0,0.02,0.472,0.655333333,0.319333333,0.001,0
GS,y17,0,0,0.013333333,0.458,0.726666667,0.420666667,0.01,0,0,0,0.024666667,0.454666667,0.724,0.472666667,0.033666667,0,0,0,0.050333333,0.518,0.772,0.514,0.058,0,0,0,0.071666667,0.508,0.71,0.469333333,0.067333333,0,0,0,0.081666667,0.464666667,0.636666667,0.427,0.073333333,0,0,0,0.081333333,0.424666667,0.583,0.398666667,0.078333333,0,0,0,0.078,0.434,0.605333333,0.427,0.089,0,0,0,0.067,0.430333333,0.602333333,0.415,0.073,0,0,0,0.056666667,0.437333333,0.611,0.391666667,0.045666667,0,0,0,0.064,0.496,0.664666667,0.376333333,0.017333333,0,0,0,0.047,0.480666667,0.630666667,0.303333333,0.002333333,0,0,0,0.018666667,0.467,0.653666667,0.318,0.001,0
GS,y18,0,0,0.013,0.451,0.707333333,0.406666667,0.009666667,0,0,0,0.025,0.469666667,0.748333333,0.489333333,0.034666667,0,0,0,0.048,0.513,0.76,0.502,0.056333333,0,0,0,0.073333333,0.521333333,0.73,0.486333333,0.069666667,0,0,0,0.081666667,0.467333333,0.644,0.431666667,0.074333333,0,0,0,0.087666667,0.447,0.606,0.409,0.081,0,0,0,0.073333333,0.412333333,0.572,0.404333333,0.083,0,0,0,0.062666667,0.415666667,0.597333333,0.411333333,0.072,0,0,0,0.063,0.472,0.649666667,0.418,0.048333333,0,0,0,0.067,0.509666667,0.679666667,0.388666667,0.018,0,0,0,0.052333333,0.519666667,0.671333333,0.327333333,0.002666667,0,0,0,0.019666667,0.461333333,0.646,0.312,0.001,0
GS,y19,0,0,0.013333333,0.446,0.700666667,0.412,0.01,0,0,0,0.025333333,0.458666667,0.733,0.475,0.034333333,0,0,0,0.051666667,0.520333333,0.764333333,0.516333333,0.059,0,0,0,0.075,0.526333333,0.733666667,0.492333333,0.072,0,0,0,0.084666667,0.478,0.653666667,0.436,0.075333333,0,0,0,0.080666667,0.418333333,0.577333333,0.398333333,0.080666667,0,0,0,0.069333333,0.399666667,0.553666667,0.381666667,0.079333333,0,0,0,0.066666667,0.432333333,0.607666667,0.418,0.074,0,0,0,0.062,0.468333333,0.645666667,0.415333333,0.047,0,0,0,0.067,0.512666667,0.680666667,0.386333333,0.017333333,0,0,0,0.047666667,0.503666667,0.653333333,0.315333333,0.002333333,0,0,0,0.019666667,0.479666667,0.667,0.324666667,0.001,0
GS,y20,0,0,0.014,0.449,0.704666667,0.416333333,0.010333333,0,0,0,0.024666667,0.464666667,0.741333333,0.487,0.035,0,0,0,0.050333333,0.522666667,0.77,0.515333333,0.058333333,0,0,0,0.069666667,0.501333333,0.700666667,0.457666667,0.065666667,0,0,0,0.088333333,0.492,0.668666667,0.450333333,0.08,0,0,0,0.079,0.415,0.569333333,0.389333333,0.076333333,0,0,0,0.077666667,0.431333333,0.601333333,0.416,0.085666667,0,0,0,0.066666667,0.435,0.612,0.420333333,0.074333333,0,0,0,0.058333333,0.447333333,0.624333333,0.397666667,0.046,0,0,0,0.064666667,0.498,0.67,0.378,0.016666667,0,0,0,0.046666667,0.485333333,0.637333333,0.306666667,0.002333333,0,0,0,0.019333333,0.472333333,0.661,0.322,0.001,0
GS,y21,0,0,0.013,0.427666667,0.680666667,0.398333333,0.009666667,0,0,0,0.025,0.466333333,0.734666667,0.476,0.034,0,0,0,0.049,0.513333333,0.759666667,0.508,0.057,0,0,0,0.07,0.500333333,0.701333333,0.460333333,0.065333333,0,0,0,0.084,0.471333333,0.642666667,0.425333333,0.073333333,0,0,0,0.078,0.410666667,0.561333333,0.385666667,0.077333333,0,0,0,0.08,0.439,0.609666667,0.426333333,0.088333333,0,0,0,0.071,0.458666667,0.646,0.446,0.079333333,0,0,0,0.057666667,0.435666667,0.6,0.383333333,0.043666667,0,0,0,0.064333333,0.498333333,0.669666667,0.380666667,0.017333333,0,0,0,0.044666667,0.478,0.627666667,0.301333333,0.002333333,0,0,0,0.019333333,0.472333333,0.656666667,0.32,0.001,0
GS,y22,0,0,0.013333333,0.432,0.686333333,0.398666667,0.009666667,0,0,0,0.025666667,0.481666667,0.762333333,0.498333333,0.035,0,0,0,0.045666667,0.489666667,0.727333333,0.481,0.053,0,0,0,0.068333333,0.494,0.702,0.468333333,0.067333333,0,0,0,0.082333333,0.467666667,0.639333333,0.421666667,0.073333333,0,0,0,0.087,0.448333333,0.612,0.420666667,0.085,0,0,0,0.074333333,0.413,0.579,0.409666667,0.085,0,0,0,0.061,0.389666667,0.548,0.377666667,0.067,0,0,0,0.061,0.457,0.633666667,0.398333333,0.044333333,0,0,0,0.062333333,0.488,0.654,0.368,0.017333333,0,0,0,0.05,0.498,0.647666667,0.316333333,0.002666667,0,0,0,0.019666667,0.456666667,0.630666667,0.304666667,0.001,0
GS,y23,0,0,0.013666667,0.444333333,0.697666667,0.404333333,0.009666667,0,0,0,0.026,0.458666667,0.723333333,0.469,0.033666667,0,0,0,0.048,0.506333333,0.751,0.494,0.056,0,0,0,0.067,0.479333333,0.675333333,0.444666667,0.064,0,0,0,0.087333333,0.487,0.664333333,0.446666667,0.078666667,0,0,0,0.083666667,0.433333333,0.586333333,0.395333333,0.078333333,0,0,0,0.075333333,0.413,0.569333333,0.398333333,0.082,0,0,0,0.060333333,0.398666667,0.572333333,0.393,0.068,0,0,0,0.059,0.449333333,0.621666667,0.398666667,0.045,0,0,0,0.06,0.476333333,0.641333333,0.36,0.016,0,0,0,0.048666667,0.511,0.662,0.322,0.002333333,0,0,0,0.019333333,0.464333333,0.643666667,0.311333333,0.001,0
GS,y24,0,0,0.012333333,0.425,0.679333333,0.392666667,0.009333333,0,0,0,0.026333333,0.476666667,0.754333333,0.488,0.034666667,0,0,0,0.049,0.505666667,0.743333333,0.494333333,0.056333333,0,0,0,0.07,0.496,0.697,0.465,0.067,0,0,0,0.084333333,0.473333333,0.648666667,0.432666667,0.074666667,0,0,0,0.080333333,0.418666667,0.578333333,0.395,0.077333333,0,0,0,0.069,0.395333333,0.559666667,0.394,0.081333333,0,0,0,0.059666667,0.398666667,0.569,0.392,0.068,0,0,0,0.054333333,0.43,0.608333333,0.391666667,0.044333333,0,0,0,0.067,0.516,0.687666667,0.390333333,0.018,0,0,0,0.049,0.502333333,0.651333333,0.312666667,0.002333333,0,0,0,0.018666667,0.463666667,0.655666667,0.317,0.001,0
GS,y25,0,0,0.012666667,0.431666667,0.682333333,0.389333333,0.009333333,0,0,0,0.025333333,0.473,0.743666667,0.474666667,0.033333333,0,0,0,0.050666667,0.527,0.777333333,0.519,0.058666667,0,0,0,0.067,0.485333333,0.690666667,0.458666667,0.064666667,0,0,0,0.08,0.458666667,0.632,0.422666667,0.072333333,0,0,0,0.077,0.399,0.553,0.381,0.075666667,0,0,0,0.077,0.429,0.596333333,0.417,0.084666667,0,0,0,0.066333333,0.424666667,0.603333333,0.424,0.075333333,0,0,0,0.060333333,0.455666667,0.628,0.403333333,0.046,0,0,0,0.062,0.481666667,0.641333333,0.358,0.016,0,0,0,0.048666667,0.501666667,0.649666667,0.314666667,0.002666667,0,0,0,0.019,0.47,0.653666667,0.315666667,0.001,0
GS,y26,0,0,0.012,0.426666667,0.682666667,0.398,0.009666667,0,0,0,0.025666667,0.479666667,0.752,0.493666667,0.035,0,0,0,0.046666667,0.500333333,0.744333333,0.496666667,0.056,0,0,0,0.073333333,0.520333333,0.721,0.478,0.07,0,0,0,0.086333333,0.481,0.652,0.432,0.074666667,0,0,0,0.085333333,0.443666667,0.605,0.413666667,0.083,0,0,0,0.074,0.413666667,0.580666667,0.411333333,0.084666667,0,0,0,0.066,0.428333333,0.607666667,0.427333333,0.077333333,0,0,0,0.058333333,0.447,0.623666667,0.405333333,0.047,0,0,0,0.062333333,0.484666667,0.656333333,0.374333333,0.017666667,0,0,0,0.047666667,0.496333333,0.643333333,0.315333333,0.002666667,0,0,0,0.018666667,0.459,0.643666667,0.307666667,0.001,0
GX,y1,0,0,0.038666667,0.244666667,0.305666667,0.141333333,0.001666667,0,0,0,0.033333333,0.228666667,0.319,0.165333333,0.004666667,0,0,0,0.038666667,0.235333333,0.320666667,0.178666667,0.007333333,0,0,0,0.058666667,0.285333333,0.356666667,0.202,0.010333333,0,0,0,0.082333333,0.338333333,0.401666667,0.213333333,0.013,0,0,0,0.069,0.289333333,0.360333333,0.206666667,0.015666667,0,0,0,0.074666667,0.334333333,0.416333333,0.234,0.018333333,0,0,0,0.062,0.299,0.377666667,0.203333333,0.012666667,0,0,0,0.090333333,0.403666667,0.47,0.239666667,0.007666667,0,0,0,0.094666667,0.385,0.424333333,0.184333333,0.001333333,0,0,0,0.108,0.407333333,0.448,0.176666667,0,0,0,0,0.078666667,0.373666667,0.442333333,0.188,0,0
GX,y2,0,0,0.035333333,0.219333333,0.282,0.135333333,0.001333333,0,0,0,0.046333333,0.298333333,0.404666667,0.220333333,0.006333333,0,0,0,0.049,0.292333333,0.385666667,0.214666667,0.009,0,0,0,0.047,0.239666667,0.302333333,0.159666667,0.007666667,0,0,0,0.068333333,0.301,0.376,0.208333333,0.012,0,0,0,0.076666667,0.332,0.401333333,0.212,0.015666667,0,0,0,0.067666667,0.306333333,0.385666667,0.204333333,0.015666667,0,0,0,0.068333333,0.322333333,0.411,0.216,0.013666667,0,0,0,0.075333333,0.353666667,0.411333333,0.205333333,0.007,0,0,0,0.124333333,0.483333333,0.518333333,0.223,0.002,0,0,0,0.109,0.425333333,0.465666667,0.181,0,0,0,0,0.070666667,0.344666667,0.392666667,0.165,0,0
GX,y3,0,0,0.049333333,0.309,0.388,0.189333333,0.002333333,0,0,0,0.035666667,0.233,0.309333333,0.164333333,0.005333333,0,0,0,0.046666667,0.269,0.339333333,0.178666667,0.007333333,0,0,0,0.054,0.295333333,0.383333333,0.202,0.009666667,0,0,0,0.072333333,0.314,0.391333333,0.213,0.013,0,0,0,0.075,0.312666667,0.384666667,0.216333333,0.015666667,0,0,0,0.051,0.246,0.322,0.179,0.013666667,0,0,0,0.070333333,0.333333333,0.4,0.216333333,0.012666667,0,0,0,0.075,0.353666667,0.411666667,0.204333333,0.006666667,0,0,0,0.078666667,0.347666667,0.402666667,0.176,0.001333333,0,0,0,0.102666667,0.406,0.451333333,0.181666667,0,0,0,0,0.043333333,0.230666667,0.286333333,0.117,0,0
GX,y4,0,0,0.028666667,0.2,0.282666667,0.145333333,0.001666667,0,0,0,0.034,0.231666667,0.328,0.183666667,0.005666667,0,0,0,0.045666667,0.275,0.365666667,0.206333333,0.008666667,0,0,0,0.075,0.365,0.452,0.238666667,0.011666667,0,0,0,0.072,0.319333333,0.388,0.202666667,0.012,0,0,0,0.054333333,0.250333333,0.309333333,0.165333333,0.012333333,0,0,0,0.074666667,0.327666667,0.406333333,0.222333333,0.017666667,0,0,0,0.090666667,0.404333333,0.490333333,0.264666667,0.016666667,0,0,0,0.092333333,0.417,0.473666667,0.239,0.007666667,0,0,0,0.117666667,0.46,0.522333333,0.233666667,0.002,0,0,0,0.122333333,0.461333333,0.495,0.187666667,0,0,0,0,0.070333333,0.352333333,0.413,0.173333333,0,0
GX,y5,0,0,0.047,0.295,0.377,0.181333333,0.002,0,0,0,0.051,0.326,0.419333333,0.214666667,0.006333333,0,0,0,0.049333333,0.286666667,0.377333333,0.215,0.009333333,0,0,0,0.057666667,0.301333333,0.402666667,0.217666667,0.01,0,0,0,0.069,0.302,0.349,0.176333333,0.011,0,0,0,0.078666667,0.335333333,0.41,0.225333333,0.016333333,0,0,0,0.069,0.319,0.402666667,0.211666667,0.015666667,0,0,0,0.065333333,0.315333333,0.404666667,0.220666667,0.013,0,0,0,0.091333333,0.407333333,0.459333333,0.233,0.007666667,0,0,0,0.101666667,0.422666667,0.457,0.191,0.001666667,0,0,0,0.083333333,0.340333333,0.365666667,0.141666667,0,0,0,0,0.081,0.387666667,0.456333333,0.198666667,0,0
GX,y6,0,0,0.039,0.260333333,0.348666667,0.177666667,0.002,0,0,0,0.033666667,0.230666667,0.301,0.155333333,0.004666667,0,0,0,0.038,0.227666667,0.311333333,0.175666667,0.007333333,0,0,0,0.050666667,0.268333333,0.351,0.2,0.009666667,0,0,0,0.068666667,0.308,0.378,0.200666667,0.012,0,0,0,0.078333333,0.327666667,0.394333333,0.211333333,0.015666667,0,0,0,0.087666667,0.369333333,0.455666667,0.256666667,0.019666667,0,0,0,0.078,0.361333333,0.454333333,0.247333333,0.015,0,0,0,0.095,0.432666667,0.491666667,0.238333333,0.008,0,0,0,0.081333333,0.333666667,0.386,0.171,0.001666667,0,0,0,0.12,0.455,0.503333333,0.201333333,0,0,0,0,0.08,0.375666667,0.431333333,0.177666667,0,0
GX,y7,0,0,0.035666667,0.235,0.302333333,0.151666667,0.002,0,0,0,0.041,0.256333333,0.334,0.179333333,0.006,0,0,0,0.050666667,0.287,0.346666667,0.183666667,0.008,0,0,0,0.052666667,0.262666667,0.339,0.187,0.009333333,0,0,0,0.072,0.315,0.377,0.195,0.011333333,0,0,0,0.065666667,0.287333333,0.359333333,0.204,0.015,0,0,0,0.071666667,0.310666667,0.379333333,0.219,0.017,0,0,0,0.079,0.368,0.444666667,0.245333333,0.014333333,0,0,0,0.085,0.386333333,0.433333333,0.215,0.006666667,0,0,0,0.110666667,0.437333333,0.450333333,0.190333333,0.001666667,0,0,0,0.110666667,0.434,0.474666667,0.185,0,0,0,0,0.06,0.309,0.368,0.154333333,0,0
GX,y8,0,0,0.052666667,0.322333333,0.392,0.186333333,0.002,0,0,0,0.037333333,0.244333333,0.313,0.160666667,0.005333333,0,0,0,0.046666667,0.274666667,0.355333333,0.197,0.008666667,0,0,0,0.074333333,0.362,0.454333333,0.254333333,0.012333333,0,0,0,0.078333333,0.333333333,0.395666667,0.203666667,0.012,0,0,0,0.067,0.301333333,0.368666667,0.192666667,0.014666667,0,0,0,0.067666667,0.306333333,0.379666667,0.212,0.016333333,0,0,0,0.067666667,0.320333333,0.386333333,0.21,0.012333333,0,0,0,0.084333333,0.391666667,0.45,0.226333333,0.008,0,0,0,0.102333333,0.417,0.460333333,0.202333333,0.001666667,0,0,0,0.085666667,0.336666667,0.371333333,0.148666667,0,0,0,0,0.040333333,0.221666667,0.277333333,0.116666667,0,0
GX,y9,0,0,0.057666667,0.357666667,0.445666667,0.215666667,0.002666667,0,0,0,0.038333333,0.265333333,0.364333333,0.213,0.007,0,0,0,0.042666667,0.262666667,0.349333333,0.196,0.008333333,0,0,0,0.072,0.345666667,0.434333333,0.231666667,0.011333333,0,0,0,0.069,0.321666667,0.404333333,0.214666667,0.013,0,0,0,0.082,0.331,0.392666667,0.215333333,0.016,0,0,0,0.095333333,0.396,0.479666667,0.279666667,0.022666667,0,0,0,0.072666667,0.340666667,0.422,0.241666667,0.015,0,0,0,0.09,0.409,0.466,0.233,0.007666667,0,0,0,0.118333333,0.471,0.511333333,0.213666667,0.001666667,0,0,0,0.111333333,0.432333333,0.465,0.174666667,0,0,0,0,0.098333333,0.452666667,0.514,0.208,0,0
GX,y10,0,0,0.043333333,0.280333333,0.356,0.167666667,0.002,0,0,0,0.047666667,0.304,0.387,0.211333333,0.006666667,0,0,0,0.044333333,0.251333333,0.327333333,0.185333333,0.007333333,0,0,0,0.069,0.326333333,0.405,0.225666667,0.011333333,0,0,0,0.078,0.335666667,0.410333333,0.218,0.013,0,0,0,0.085333333,0.345666667,0.415,0.225333333,0.016666667,0,0,0,0.074,0.333,0.404,0.217666667,0.017333333,0,0,0,0.084333333,0.382333333,0.465666667,0.256333333,0.015666667,0,0,0,0.091,0.407333333,0.467333333,0.234333333,0.007666667,0,0,0,0.136666667,0.528,0.570666667,0.247,0.002,0,0,0,0.111666667,0.433,0.471333333,0.183666667,0,0,0,0,0.087666667,0.398666667,0.458333333,0.190666667,0,0
GX,y11,0,0,0.038666667,0.249333333,0.331333333,0.164333333,0.002,0,0,0,0.031333333,0.220333333,0.310666667,0.177333333,0.005666667,0,0,0,0.043666667,0.258333333,0.332,0.184666667,0.007666667,0,0,0,0.067666667,0.326333333,0.403,0.213,0.010333333,0,0,0,0.082,0.351666667,0.445666667,0.244,0.014666667,0,0,0,0.048333333,0.23,0.308666667,0.173666667,0.012333333,0,0,0,0.090666667,0.385333333,0.471333333,0.273,0.021666667,0,0,0,0.067,0.321333333,0.406,0.234,0.014333333,0,0,0,0.094,0.424666667,0.486,0.246666667,0.008333333,0,0,0,0.123666667,0.487,0.518,0.218333333,0.001666667,0,0,0,0.094,0.381,0.425666667,0.168333333,0,0,0,0,0.07,0.338666667,0.398333333,0.169,0,0
GX,y12,0,0,0.049,0.317333333,0.418,0.213,0.002666667,0,0,0,0.031333333,0.218,0.298666667,0.153666667,0.004666667,0,0,0,0.039666667,0.242333333,0.327666667,0.187,0.007666667,0,0,0,0.066666667,0.331666667,0.429333333,0.238,0.011666667,0,0,0,0.079666667,0.333,0.425,0.235,0.014,0,0,0,0.074333333,0.312333333,0.389,0.210666667,0.015666667,0,0,0,0.072,0.321333333,0.396666667,0.225,0.017666667,0,0,0,0.076333333,0.356666667,0.421333333,0.229666667,0.013666667,0,0,0,0.093666667,0.423333333,0.485333333,0.238666667,0.008,0,0,0,0.119,0.468666667,0.499,0.209666667,0.001666667,0,0,0,0.111,0.424666667,0.462,0.180333333,0,0,0,0,0.076,0.373333333,0.451333333,0.191,0,0
GX,y13,0,0,0.048,0.299666667,0.392,0.199666667,0.002333333,0,0,0,0.048333333,0.317333333,0.421666667,0.233333333,0.007,0,0,0,0.037666667,0.236666667,0.329,0.190333333,0.008333333,0,0,0,0.065333333,0.312,0.371666667,0.204,0.01,0,0,0,0.093666667,0.38,0.446666667,0.244666667,0.014333333,0,0,0,0.084666667,0.34,0.417666667,0.237,0.017333333,0,0,0,0.088333333,0.377666667,0.467333333,0.265,0.021,0,0,0,0.090666667,0.399333333,0.472333333,0.260333333,0.016,0,0,0,0.09,0.406666667,0.460333333,0.232,0.007333333,0,0,0,0.133,0.509333333,0.548,0.233666667,0.002,0,0,0,0.129,0.480666667,0.529,0.214,0,0,0,0,0.074666667,0.344,0.404,0.170333333,0,0
GX,y14,0,0,0.047666667,0.292333333,0.371333333,0.181333333,0.001666667,0,0,0,0.043333333,0.275666667,0.366333333,0.195,0.006,0,0,0,0.063,0.350333333,0.429333333,0.226333333,0.009,0,0,0,0.062333333,0.301666667,0.366666667,0.207,0.010333333,0,0,0,0.083666667,0.354666667,0.421666667,0.227,0.013666667,0,0,0,0.067333333,0.280666667,0.348,0.194666667,0.014666667,0,0,0,0.078333333,0.342,0.428666667,0.245,0.018666667,0,0,0,0.082,0.362,0.440666667,0.249666667,0.015666667,0,0,0,0.098666667,0.429666667,0.489333333,0.25,0.008666667,0,0,0,0.120333333,0.467333333,0.484333333,0.208,0.002,0,0,0,0.109,0.414,0.451333333,0.178666667,0,0,0,0,0.099,0.443333333,0.501666667,0.203333333,0,0
GX,y15,0,0,0.062,0.381666667,0.48,0.231666667,0.002666667,0,0,0,0.055,0.355,0.462333333,0.250333333,0.007666667,0,0,0,0.046,0.273666667,0.362666667,0.201,0.008666667,0,0,0,0.063,0.315,0.385333333,0.204333333,0.009666667,0,0,0,0.067333333,0.3,0.363333333,0.200333333,0.012,0,0,0,0.077,0.328666667,0.403666667,0.224,0.016333333,0,0,0,0.075666667,0.333666667,0.407,0.236,0.018333333,0,0,0,0.090666667,0.405,0.491666667,0.275,0.017,0,0,0,0.100666667,0.44,0.502666667,0.254666667,0.008333333,0,0,0,0.100333333,0.406,0.454333333,0.190666667,0.001666667,0,0,0,0.113666667,0.441666667,0.494,0.201666667,0,0,0,0,0.066333333,0.322333333,0.378666667,0.148666667,0,0
GX,y16,0,0,0.031333333,0.214666667,0.284333333,0.141,0.002,0,0,0,0.040333333,0.28,0.401666667,0.236,0.007333333,0,0,0,0.062333333,0.354333333,0.446666667,0.246,0.010333333,0,0,0,0.045333333,0.237666667,0.318,0.177,0.008333333,0,0,0,0.065,0.293,0.375,0.209333333,0.012333333,0,0,0,0.053666667,0.247666667,0.319333333,0.174666667,0.012666667,0,0,0,0.088,0.366333333,0.451,0.249333333,0.019,0,0,0,0.080666667,0.367666667,0.449,0.246,0.015333333,0,0,0,0.083666667,0.383333333,0.449666667,0.227666667,0.007666667,0,0,0,0.107666667,0.437666667,0.485666667,0.204666667,0.001666667,0,0,0,0.131,0.488666667,0.532,0.209333333,0,0,0,0,0.071333333,0.34,0.391666667,0.160666667,0,0
GX,y17,0,0,0.039333333,0.262666667,0.339666667,0.163666667,0.002,0,0,0,0.038666667,0.257666667,0.35,0.192666667,0.006,0,0,0,0.034,0.215333333,0.297666667,0.154,0.006333333,0,0,0,0.075,0.352,0.397333333,0.202333333,0.010333333,0,0,0,0.085,0.360666667,0.437333333,0.232666667,0.014666667,0,0,0,0.078333333,0.325666667,0.399666667,0.220666667,0.016,0,0,0,0.087666667,0.372,0.454666667,0.265,0.020333333,0,0,0,0.084,0.381,0.468666667,0.262333333,0.016333333,0,0,0,0.094333333,0.429666667,0.504333333,0.255666667,0.008666667,0,0,0,0.096,0.388333333,0.415666667,0.172,0.001333333,0,0,0,0.116333333,0.457333333,0.483,0.181666667,0,0,0,0,0.076,0.364333333,0.440666667,0.186666667,0,0
GX,y18,0,0,0.024333333,0.166666667,0.224333333,0.109333333,0.001333333,0,0,0,0.026,0.182333333,0.263666667,0.145333333,0.004666667,0,0,0,0.038333333,0.241,0.335333333,0.196666667,0.008,0,0,0,0.060666667,0.309333333,0.408,0.227666667,0.011333333,0,0,0,0.071333333,0.312666667,0.395,0.218333333,0.012666667,0,0,0,0.064333333,0.285,0.346333333,0.19,0.013333333,0,0,0,0.074,0.329333333,0.419666667,0.242,0.018333333,0,0,0,0.082666667,0.386666667,0.46,0.25,0.015,0,0,0,0.087333333,0.398,0.472333333,0.234,0.007666667,0,0,0,0.121333333,0.485,0.508,0.211,0.001666667,0,0,0,0.074,0.303,0.345,0.139,0,0,0,0,0.042,0.222,0.283,0.126333333,0,0
GX,y19,0,0,0.036333333,0.233333333,0.301,0.144,0.001666667,0,0,0,0.031333333,0.221,0.311,0.177,0.006,0,0,0,0.055333333,0.322,0.411333333,0.228666667,0.009666667,0,0,0,0.054333333,0.288,0.375,0.203,0.009666667,0,0,0,0.071,0.308666667,0.379333333,0.206,0.012666667,0,0,0,0.082666667,0.342666667,0.428333333,0.237666667,0.017333333,0,0,0,0.075,0.341333333,0.422,0.239666667,0.019,0,0,0,0.073,0.343333333,0.422,0.234666667,0.014666667,0,0,0,0.08,0.372,0.438,0.216,0.006666667,0,0,0,0.116,0.458,0.511,0.222,0.001666667,0,0,0,0.089,0.359,0.398333333,0.154666667,0,0,0,0,0.089,0.431,0.503333333,0.21,0,0
GX,y20,0,0,0.066,0.403333333,0.495,0.243333333,0.003,0,0,0,0.037666667,0.250333333,0.327666667,0.169333333,0.005333333,0,0,0,0.032,0.196666667,0.26,0.145,0.006333333,0,0,0,0.047333333,0.251,0.331333333,0.185333333,0.009,0,0,0,0.071333333,0.324,0.404666667,0.216,0.013,0,0,0,0.072,0.306333333,0.375333333,0.209666667,0.015,0,0,0,0.073,0.329,0.415333333,0.233,0.017333333,0,0,0,0.074666667,0.346333333,0.415,0.229333333,0.014,0,0,0,0.093666667,0.420333333,0.482,0.243,0.007666667,0,0,0,0.126,0.492,0.530333333,0.232,0.002,0,0,0,0.069,0.297,0.339666667,0.13,0,0,0,0,0.068,0.341666667,0.419,0.181333333,0,0
GX,y21,0,0,0.058333333,0.357666667,0.436666667,0.202666667,0.002333333,0,0,0,0.037666667,0.262666667,0.368666667,0.207,0.006666667,0,0,0,0.035666667,0.227666667,0.308666667,0.171333333,0.007333333,0,0,0,0.085333333,0.394,0.475333333,0.251,0.012,0,0,0,0.058,0.269666667,0.362666667,0.205,0.012333333,0,0,0,0.072333333,0.311,0.393,0.220666667,0.016333333,0,0,0,0.075333333,0.333333333,0.391333333,0.212666667,0.016666667,0,0,0,0.079666667,0.377333333,0.455666667,0.242666667,0.014333333,0,0,0,0.061,0.297666667,0.362666667,0.179666667,0.005666667,0,0,0,0.109,0.44,0.476666667,0.208333333,0.001666667,0,0,0,0.073666667,0.315666667,0.364,0.144,0,0,0,0,0.048,0.244666667,0.296666667,0.121,0,0
GX,y22,0,0,0.033,0.227,0.299666667,0.139,0.001666667,0,0,0,0.052,0.329666667,0.422333333,0.226333333,0.006666667,0,0,0,0.053666667,0.313333333,0.387333333,0.197333333,0.008333333,0,0,0,0.063666667,0.320333333,0.399666667,0.221,0.010666667,0,0,0,0.072666667,0.314333333,0.395666667,0.218666667,0.013333333,0,0,0,0.080333333,0.334,0.426666667,0.241333333,0.018,0,0,0,0.078,0.344333333,0.425,0.235333333,0.018333333,0,0,0,0.076,0.359,0.437,0.237666667,0.014333333,0,0,0,0.091333333,0.409333333,0.458333333,0.233,0.007666667,0,0,0,0.112333333,0.456,0.464666667,0.189,0.001666667,0,0,0,0.077333333,0.318,0.341666667,0.138,0,0,0,0,0.081,0.384,0.454666667,0.194666667,0,0
GX,y23,0,0,0.041666667,0.272333333,0.345666667,0.162,0.002,0,0,0,0.046333333,0.309,0.410666667,0.214,0.006666667,0,0,0,0.032333333,0.213,0.299,0.163666667,0.007,0,0,0,0.069333333,0.334,0.411666667,0.220333333,0.010666667,0,0,0,0.078333333,0.347,0.427,0.234,0.014333333,0,0,0,0.062333333,0.284,0.358666667,0.199666667,0.014333333,0,0,0,0.067333333,0.308,0.383,0.21,0.015333333,0,0,0,0.070666667,0.341,0.420333333,0.217,0.013333333,0,0,0,0.079,0.374,0.454333333,0.230333333,0.007333333,0,0,0,0.095,0.395666667,0.438,0.180666667,0.001333333,0,0,0,0.082666667,0.330666667,0.362,0.142,0,0,0,0,0.066333333,0.328,0.390333333,0.164666667,0,0
GX,y24,0,0,0.036333333,0.231666667,0.298333333,0.141333333,0.001666667,0,0,0,0.046333333,0.303,0.400666667,0.215333333,0.006666667,0,0,0,0.065333333,0.365,0.456666667,0.252333333,0.010333333,0,0,0,0.070666667,0.34,0.411333333,0.224333333,0.011,0,0,0,0.079333333,0.347333333,0.436333333,0.234333333,0.013666667,0,0,0,0.073666667,0.32,0.397333333,0.220666667,0.016,0,0,0,0.074666667,0.323666667,0.398333333,0.225666667,0.017,0,0,0,0.073666667,0.350333333,0.425333333,0.223,0.012666667,0,0,0,0.075666667,0.353,0.423666667,0.212666667,0.006666667,0,0,0,0.081,0.341666667,0.383333333,0.172666667,0.001666667,0,0,0,0.098,0.374666667,0.409666667,0.161666667,0,0,0,0,0.053333333,0.262666667,0.306,0.126333333,0,0
GX,y25,0,0,0.033333333,0.229,0.305666667,0.149666667,0.002,0,0,0,0.027666667,0.205333333,0.303333333,0.173666667,0.005333333,0,0,0,0.038,0.231,0.312333333,0.179666667,0.007333333,0,0,0,0.058666667,0.291666667,0.39,0.221333333,0.010333333,0,0,0,0.063333333,0.275333333,0.337666667,0.179333333,0.011,0,0,0,0.069333333,0.302,0.376666667,0.2,0.015,0,0,0,0.069,0.309,0.385333333,0.211666667,0.015666667,0,0,0,0.078333333,0.369,0.444666667,0.242333333,0.014666667,0,0,0,0.1,0.446,0.515,0.255,0.007666667,0,0,0,0.099666667,0.413666667,0.448333333,0.189333333,0.001666667,0,0,0,0.115666667,0.439,0.480666667,0.186333333,0,0,0,0,0.075,0.358666667,0.421666667,0.177,0,0
GX,y26,0,0,0.042333333,0.275333333,0.340666667,0.165666667,0.002,0,0,0,0.042666667,0.283666667,0.371,0.193666667,0.006,0,0,0,0.038,0.237666667,0.326333333,0.188333333,0.007666667,0,0,0,0.062,0.29,0.352,0.183,0.008666667,0,0,0,0.088333333,0.371666667,0.447333333,0.247333333,0.014666667,0,0,0,0.083333333,0.344666667,0.425666667,0.223333333,0.016333333,0,0,0,0.092666667,0.390666667,0.473666667,0.259666667,0.02,0,0,0,0.068,0.329666667,0.412666667,0.223666667,0.013333333,0,0,0,0.071333333,0.342,0.414333333,0.203333333,0.006666667,0,0,0,0.094666667,0.389,0.438333333,0.183666667,0.001333333,0,0,0,0.103,0.398666667,0.427,0.162,0,0,0,0,0.073,0.35,0.419,0.176,0,0
GZ,y1,0,0,0.028666667,0.241,0.351333333,0.192666667,0.004,0,0,0,0.022666667,0.211333333,0.313,0.190333333,0.008666667,0,0,0,0.041666667,0.309,0.453666667,0.273666667,0.016,0,0,0,0.053333333,0.331333333,0.464666667,0.279666667,0.019333333,0,0,0,0.065333333,0.314666667,0.398333333,0.232,0.018666667,0,0,0,0.063666667,0.317,0.397,0.235666667,0.023333333,0,0,0,0.057333333,0.320666667,0.433666667,0.259333333,0.025,0,0,0,0.053,0.314,0.452,0.271666667,0.021666667,0,0,0,0.053,0.322,0.419,0.235666667,0.012,0,0,0,0.054333333,0.300666667,0.378666667,0.188666667,0.003,0,0,0,0.068,0.319,0.356333333,0.152333333,0.000333333,0,0,0,0.039666667,0.249666667,0.332333333,0.152333333,0.000333333,0
GZ,y2,0,0,0.032,0.269,0.384666667,0.209,0.004,0,0,0,0.032666667,0.29,0.424,0.261,0.012,0,0,0,0.051333333,0.361666667,0.519666667,0.307666667,0.018,0,0,0,0.043666667,0.265,0.361333333,0.219666667,0.015333333,0,0,0,0.054,0.281666667,0.368666667,0.207333333,0.017,0,0,0,0.064666667,0.325,0.438666667,0.249666667,0.023,0,0,0,0.051666667,0.292,0.395666667,0.244,0.024666667,0,0,0,0.056666667,0.326666667,0.452,0.28,0.024,0,0,0,0.067,0.371666667,0.466,0.269666667,0.013666667,0,0,0,0.068333333,0.333,0.349666667,0.177333333,0.003333333,0,0,0,0.05,0.256333333,0.297666667,0.126333333,0.000333333,0,0,0,0.036333333,0.234,0.287333333,0.132,0.000333333,0
GZ,y3,0,0,0.033,0.274666667,0.375333333,0.196666667,0.004666667,0,0,0,0.023666667,0.202666667,0.322333333,0.188,0.008666667,0,0,0,0.037333333,0.274,0.402666667,0.247666667,0.013666667,0,0,0,0.054666667,0.329333333,0.456333333,0.273666667,0.018333333,0,0,0,0.075666667,0.388,0.509333333,0.278666667,0.021666667,0,0,0,0.062333333,0.315,0.420666667,0.246333333,0.022,0,0,0,0.039333333,0.249666667,0.349,0.204333333,0.019666667,0,0,0,0.061333333,0.353,0.472,0.282,0.023,0,0,0,0.056333333,0.324666667,0.426,0.230333333,0.011666667,0,0,0,0.04,0.241,0.333,0.167666667,0.002666667,0,0,0,0.069333333,0.345333333,0.392666667,0.172,0.000333333,0,0,0,0.038666667,0.257,0.345,0.17,0.000333333,0
GZ,y4,0,0,0.031333333,0.270666667,0.413333333,0.235,0.004666667,0,0,0,0.030666667,0.27,0.411666667,0.252666667,0.011333333,0,0,0,0.047,0.34,0.499,0.309333333,0.018,0,0,0,0.072333333,0.432,0.557,0.305333333,0.021333333,0,0,0,0.064,0.334666667,0.437,0.254333333,0.02,0,0,0,0.053,0.267666667,0.337333333,0.203333333,0.018666667,0,0,0,0.055333333,0.315,0.407666667,0.235,0.022,0,0,0,0.066333333,0.362333333,0.486,0.276,0.021666667,0,0,0,0.07,0.375,0.456333333,0.255666667,0.013333333,0,0,0,0.083,0.403,0.474333333,0.229,0.004333333,0,0,0,0.08,0.383333333,0.432,0.183333333,0.000333333,0,0,0,0.054,0.320333333,0.4,0.182666667,0.000333333,0
GZ,y5,0,0,0.031666667,0.264333333,0.391,0.223333333,0.005,0,0,0,0.031,0.273,0.415,0.263333333,0.012666667,0,0,0,0.052,0.366,0.536,0.342,0.020333333,0,0,0,0.048,0.299333333,0.422333333,0.258333333,0.017,0,0,0,0.060666667,0.302,0.368333333,0.203,0.016,0,0,0,0.058,0.300666667,0.419333333,0.251666667,0.022,0,0,0,0.049,0.287,0.422,0.253,0.024,0,0,0,0.050666667,0.309333333,0.439,0.247333333,0.019666667,0,0,0,0.064,0.349333333,0.453666667,0.254,0.012666667,0,0,0,0.056,0.304666667,0.382,0.189333333,0.003333333,0,0,0,0.039,0.217,0.268,0.128666667,0.000333333,0,0,0,0.055666667,0.347,0.437333333,0.197666667,0.000666667,0
GZ,y6,0,0,0.033666667,0.278333333,0.408666667,0.231,0.004333333,0,0,0,0.025,0.225333333,0.352333333,0.22,0.01,0,0,0,0.035333333,0.265333333,0.388333333,0.235666667,0.013333333,0,0,0,0.050333333,0.309,0.413666667,0.236,0.016,0,0,0,0.066666667,0.344333333,0.44,0.248666667,0.020666667,0,0,0,0.056,0.287333333,0.387,0.222666667,0.02,0,0,0,0.062,0.341,0.47,0.277666667,0.028,0,0,0,0.052,0.312333333,0.447,0.268666667,0.021666667,0,0,0,0.06,0.342333333,0.428,0.235666667,0.012333333,0,0,0,0.049666667,0.268666667,0.345,0.177333333,0.003333333,0,0,0,0.074333333,0.369666667,0.434333333,0.188333333,0.000333333,0,0,0,0.041,0.256,0.335333333,0.174,0.000666667,0
GZ,y7,0,0,0.032,0.275333333,0.408333333,0.233,0.005333333,0,0,0,0.032,0.260666667,0.394333333,0.24,0.011333333,0,0,0,0.048,0.337666667,0.473,0.287333333,0.017333333,0,0,0,0.054666667,0.331,0.468,0.283666667,0.019333333,0,0,0,0.061666667,0.312666667,0.398333333,0.212,0.017,0,0,0,0.057333333,0.284333333,0.379666667,0.232333333,0.022666667,0,0,0,0.06,0.323333333,0.459,0.285333333,0.028333333,0,0,0,0.052,0.316666667,0.441333333,0.255666667,0.021666667,0,0,0,0.061666667,0.342333333,0.419666667,0.250333333,0.012666667,0,0,0,0.059666667,0.303666667,0.351666667,0.182,0.003333333,0,0,0,0.064666667,0.34,0.389,0.171,0.000333333,0,0,0,0.051,0.311666667,0.405666667,0.199333333,0.000666667,0
GZ,y8,0,0,0.036666667,0.301333333,0.418666667,0.215333333,0.004,0,0,0,0.027333333,0.249666667,0.393,0.255333333,0.013,0,0,0,0.050666667,0.369333333,0.509666667,0.296,0.018333333,0,0,0,0.072666667,0.415333333,0.554,0.308666667,0.020666667,0,0,0,0.065666667,0.325666667,0.409,0.23,0.017666667,0,0,0,0.058333333,0.318333333,0.443,0.254,0.022666667,0,0,0,0.062,0.323,0.44,0.274,0.028,0,0,0,0.049333333,0.299,0.405333333,0.246,0.019666667,0,0,0,0.076666667,0.428,0.502333333,0.269666667,0.015,0,0,0,0.082,0.383,0.431333333,0.198333333,0.003666667,0,0,0,0.064,0.310666667,0.356666667,0.156333333,0.000333333,0,0,0,0.043,0.265,0.357,0.175666667,0.000333333,0
GZ,y9,0,0,0.036,0.297666667,0.407,0.227333333,0.005333333,0,0,0,0.045,0.369333333,0.529,0.324666667,0.015333333,0,0,0,0.05,0.347333333,0.487,0.294666667,0.017666667,0,0,0,0.065333333,0.384333333,0.539,0.315666667,0.021333333,0,0,0,0.060333333,0.313666667,0.413,0.228333333,0.018333333,0,0,0,0.064666667,0.321333333,0.402333333,0.23,0.021,0,0,0,0.068333333,0.355,0.474,0.289,0.028666667,0,0,0,0.064,0.361666667,0.474666667,0.291,0.024666667,0,0,0,0.064333333,0.358,0.458666667,0.253333333,0.012666667,0,0,0,0.050666667,0.269666667,0.329333333,0.159666667,0.003,0,0,0,0.072666667,0.358,0.424333333,0.189333333,0.000333333,0,0,0,0.041666667,0.262,0.336666667,0.157,0.000333333,0
GZ,y10,0,0,0.03,0.256333333,0.386,0.221333333,0.005,0,0,0,0.04,0.341,0.475333333,0.283,0.013333333,0,0,0,0.034,0.248,0.383666667,0.246666667,0.014333333,0,0,0,0.063333333,0.370666667,0.491333333,0.283,0.019333333,0,0,0,0.071333333,0.356,0.452333333,0.26,0.020666667,0,0,0,0.056333333,0.282,0.379666667,0.228666667,0.021,0,0,0,0.066666667,0.339,0.451666667,0.28,0.028,0,0,0,0.061,0.362666667,0.495666667,0.298,0.025,0,0,0,0.059666667,0.347666667,0.456,0.267,0.013666667,0,0,0,0.058666667,0.297666667,0.353333333,0.175333333,0.003333333,0,0,0,0.078666667,0.368,0.426333333,0.187666667,0.000666667,0,0,0,0.062,0.361666667,0.457666667,0.217,0.000333333,0
GZ,y11,0,0,0.030666667,0.257333333,0.385,0.224666667,0.005,0,0,0,0.039,0.330333333,0.494,0.295,0.013333333,0,0,0,0.043666667,0.317666667,0.440666667,0.267,0.016,0,0,0,0.062666667,0.36,0.478333333,0.278333333,0.018333333,0,0,0,0.072,0.379333333,0.507,0.286666667,0.023666667,0,0,0,0.050333333,0.272666667,0.398,0.245333333,0.021666667,0,0,0,0.068333333,0.353666667,0.494,0.295,0.028666667,0,0,0,0.048666667,0.298666667,0.418,0.259333333,0.022,0,0,0,0.07,0.382333333,0.498,0.282333333,0.014666667,0,0,0,0.061666667,0.303666667,0.368666667,0.185666667,0.003666667,0,0,0,0.052666667,0.270333333,0.354,0.162,0.000333333,0,0,0,0.038,0.236,0.331666667,0.167333333,0.000666667,0
GZ,y12,0,0,0.033333333,0.281,0.415666667,0.245666667,0.005666667,0,0,0,0.022333333,0.212,0.337,0.211,0.01,0,0,0,0.038333333,0.290666667,0.456666667,0.3,0.018,0,0,0,0.069333333,0.404333333,0.543333333,0.314,0.021666667,0,0,0,0.076666667,0.375666667,0.486666667,0.284666667,0.022333333,0,0,0,0.051333333,0.276666667,0.412,0.253,0.021666667,0,0,0,0.067333333,0.353666667,0.472666667,0.294,0.029666667,0,0,0,0.063333333,0.360333333,0.471,0.287666667,0.024666667,0,0,0,0.077,0.406333333,0.501666667,0.271666667,0.014333333,0,0,0,0.057333333,0.305666667,0.405,0.199666667,0.003,0,0,0,0.070333333,0.352666667,0.412333333,0.179666667,0.000333333,0,0,0,0.044,0.278666667,0.354333333,0.164666667,0.000333333,0
GZ,y13,0,0,0.026666667,0.226333333,0.329666667,0.185333333,0.004,0,0,0,0.042666667,0.366333333,0.528,0.321,0.015333333,0,0,0,0.047,0.337333333,0.491,0.300333333,0.019333333,0,0,0,0.059666667,0.339,0.446666667,0.263,0.017333333,0,0,0,0.082,0.402333333,0.486666667,0.279666667,0.022333333,0,0,0,0.058666667,0.31,0.438,0.269333333,0.023666667,0,0,0,0.057,0.302333333,0.416,0.264333333,0.025333333,0,0,0,0.069666667,0.385,0.499666667,0.299333333,0.023666667,0,0,0,0.064666667,0.344,0.414,0.234333333,0.012333333,0,0,0,0.074,0.36,0.414333333,0.199666667,0.003666667,0,0,0,0.082666667,0.398,0.451,0.185666667,0.000333333,0,0,0,0.047333333,0.273,0.346,0.165666667,0.000333333,0
GZ,y14,0,0,0.036333333,0.293666667,0.437,0.252666667,0.004666667,0,0,0,0.029,0.247666667,0.365,0.215666667,0.009,0,0,0,0.046,0.318333333,0.445666667,0.273,0.016333333,0,0,0,0.055333333,0.343666667,0.473,0.29,0.019333333,0,0,0,0.067666667,0.337666667,0.445333333,0.246666667,0.019666667,0,0,0,0.065666667,0.306,0.403666667,0.255666667,0.025,0,0,0,0.064333333,0.345,0.479333333,0.288,0.028333333,0,0,0,0.058333333,0.346333333,0.470666667,0.29,0.024333333,0,0,0,0.079,0.412666667,0.501,0.278666667,0.014333333,0,0,0,0.072,0.341666667,0.377,0.194666667,0.003666667,0,0,0,0.061,0.307666667,0.367,0.165,0.000333333,0,0,0,0.056,0.339333333,0.425333333,0.181666667,0.000333333,0
GZ,y15,0,0,0.032,0.283,0.411,0.227,0.004666667,0,0,0,0.041666667,0.342,0.505,0.325333333,0.016,0,0,0,0.053,0.358333333,0.519333333,0.314,0.019,0,0,0,0.051333333,0.315333333,0.441333333,0.253666667,0.017,0,0,0,0.055333333,0.306666667,0.422333333,0.243333333,0.02,0,0,0,0.063333333,0.306666667,0.42,0.264333333,0.024333333,0,0,0,0.055333333,0.296666667,0.413,0.268666667,0.028,0,0,0,0.072666667,0.397666667,0.520666667,0.305333333,0.025,0,0,0,0.079,0.415,0.488666667,0.264666667,0.014333333,0,0,0,0.051333333,0.268666667,0.328,0.157333333,0.003333333,0,0,0,0.079,0.380333333,0.461333333,0.212,0.000333333,0,0,0,0.037333333,0.239333333,0.337,0.172333333,0.000666667,0
GZ,y16,0,0,0.036666667,0.310666667,0.469333333,0.274666667,0.006333333,0,0,0,0.052333333,0.428666667,0.625666667,0.380333333,0.017333333,0,0,0,0.064,0.426333333,0.589666667,0.341333333,0.02,0,0,0,0.052333333,0.317666667,0.439333333,0.259333333,0.016666667,0,0,0,0.054,0.299666667,0.417,0.254,0.02,0,0,0,0.039333333,0.210333333,0.301666667,0.177333333,0.015333333,0,0,0,0.061333333,0.322333333,0.431333333,0.252333333,0.024666667,0,0,0,0.065333333,0.367,0.497333333,0.29,0.024,0,0,0,0.063,0.352666667,0.431333333,0.245333333,0.013666667,0,0,0,0.063666667,0.319,0.389,0.177,0.003,0,0,0,0.074333333,0.352,0.400666667,0.171,0.000333333,0,0,0,0.041,0.251666667,0.327333333,0.152666667,0.000333333,0
GZ,y17,0,0,0.025,0.225666667,0.327,0.170666667,0.003333333,0,0,0,0.031333333,0.280333333,0.451,0.294,0.014,0,0,0,0.037666667,0.275,0.388666667,0.227333333,0.013666667,0,0,0,0.052333333,0.302,0.404666667,0.242333333,0.017,0,0,0,0.079333333,0.398,0.496333333,0.283666667,0.024,0,0,0,0.054,0.288333333,0.424,0.242333333,0.023,0,0,0,0.076,0.389333333,0.499666667,0.298,0.031333333,0,0,0,0.077,0.419666667,0.53,0.310333333,0.026666667,0,0,0,0.065,0.357333333,0.463333333,0.258,0.013666667,0,0,0,0.055333333,0.284333333,0.326666667,0.158,0.003,0,0,0,0.072,0.384,0.439666667,0.201666667,0.000333333,0,0,0,0.044666667,0.283,0.368,0.157,0.000333333,0
GZ,y18,0,0,0.023,0.206666667,0.324666667,0.19,0.004333333,0,0,0,0.029333333,0.276666667,0.437666667,0.278333333,0.012666667,0,0,0,0.043333333,0.336666667,0.491666667,0.303333333,0.018,0,0,0,0.063333333,0.382333333,0.522,0.310666667,0.021,0,0,0,0.053333333,0.293333333,0.408666667,0.247666667,0.019666667,0,0,0,0.040333333,0.231,0.323,0.201333333,0.018666667,0,0,0,0.053333333,0.294333333,0.415666667,0.257666667,0.025333333,0,0,0,0.066333333,0.379,0.499666667,0.303666667,0.026333333,0,0,0,0.051333333,0.298666667,0.395333333,0.206333333,0.010666667,0,0,0,0.056333333,0.310666667,0.387,0.192333333,0.003333333,0,0,0,0.061666667,0.313,0.377666667,0.184,0.000333333,0,0,0,0.043,0.272333333,0.376666667,0.190333333,0.000333333,0
GZ,y19,0,0,0.027666667,0.236,0.351333333,0.209333333,0.005,0,0,0,0.036333333,0.33,0.522,0.335666667,0.015666667,0,0,0,0.058333333,0.392,0.540333333,0.316333333,0.018666667,0,0,0,0.057333333,0.354,0.484,0.285,0.018666667,0,0,0,0.058666667,0.311,0.436,0.256666667,0.020666667,0,0,0,0.069333333,0.343666667,0.467333333,0.276333333,0.026333333,0,0,0,0.066666667,0.354,0.486,0.286666667,0.028,0,0,0,0.062666667,0.360333333,0.478666667,0.283333333,0.023333333,0,0,0,0.059333333,0.337333333,0.425333333,0.230333333,0.011333333,0,0,0,0.08,0.376333333,0.433666667,0.208666667,0.004,0,0,0,0.049,0.264333333,0.335666667,0.164333333,0.000333333,0,0,0,0.049666667,0.311333333,0.397,0.178666667,0.000333333,0
GZ,y20,0,0,0.039666667,0.330333333,0.466333333,0.276666667,0.006,0,0,0,0.036333333,0.315,0.481666667,0.301,0.013666667,0,0,0,0.041666667,0.317333333,0.470666667,0.291,0.016333333,0,0,0,0.045333333,0.317,0.462666667,0.277333333,0.019333333,0,0,0,0.05,0.292,0.415333333,0.244,0.019333333,0,0,0,0.050666667,0.263333333,0.366,0.226,0.020666667,0,0,0,0.05,0.299,0.440333333,0.267333333,0.026333333,0,0,0,0.056666667,0.342666667,0.454,0.259666667,0.022333333,0,0,0,0.062,0.349,0.462333333,0.269666667,0.013333333,0,0,0,0.071666667,0.360333333,0.429666667,0.218666667,0.004,0,0,0,0.038333333,0.219333333,0.283666667,0.131333333,0.000333333,0,0,0,0.051666667,0.316,0.415666667,0.193333333,0.000333333,0
GZ,y21,0,0,0.034333333,0.288,0.397666667,0.223,0.005,0,0,0,0.034,0.300333333,0.461666667,0.285666667,0.013666667,0,0,0,0.043333333,0.329,0.493666667,0.313333333,0.018,0,0,0,0.066666667,0.384333333,0.492666667,0.272333333,0.018,0,0,0,0.060333333,0.324333333,0.452666667,0.269,0.022,0,0,0,0.054333333,0.284333333,0.397,0.248,0.022666667,0,0,0,0.067333333,0.342333333,0.421,0.251666667,0.027333333,0,0,0,0.045333333,0.287333333,0.419666667,0.249666667,0.02,0,0,0,0.039666667,0.244,0.346,0.203333333,0.010333333,0,0,0,0.066666667,0.341333333,0.411,0.204333333,0.003333333,0,0,0,0.055666667,0.299333333,0.388,0.187666667,0.000333333,0,0,0,0.035,0.233,0.292666667,0.134333333,0.000333333,0
GZ,y22,0,0,0.028,0.251,0.389666667,0.216666667,0.004666667,0,0,0,0.038666667,0.323,0.449333333,0.257666667,0.011666667,0,0,0,0.051666667,0.367666667,0.518333333,0.304666667,0.017666667,0,0,0,0.06,0.360666667,0.469,0.265666667,0.018,0,0,0,0.06,0.317333333,0.430333333,0.258333333,0.020666667,0,0,0,0.066,0.319666667,0.441333333,0.267666667,0.026,0,0,0,0.069666667,0.364,0.482,0.286333333,0.027333333,0,0,0,0.060666667,0.349,0.466,0.278333333,0.024,0,0,0,0.061333333,0.351,0.414,0.228,0.012,0,0,0,0.069666667,0.342,0.391,0.187333333,0.003666667,0,0,0,0.060666667,0.307666667,0.370666667,0.174333333,0.000333333,0,0,0,0.053333333,0.322333333,0.403666667,0.181666667,0.000666667,0
GZ,y23,0,0,0.025333333,0.217333333,0.332,0.192333333,0.004333333,0,0,0,0.030666667,0.266666667,0.406,0.251666667,0.012,0,0,0,0.037333333,0.281333333,0.422333333,0.266333333,0.016,0,0,0,0.060666667,0.362333333,0.458333333,0.256,0.017666667,0,0,0,0.072333333,0.364,0.477666667,0.272333333,0.021666667,0,0,0,0.049,0.252333333,0.358666667,0.218666667,0.017666667,0,0,0,0.051333333,0.295,0.416666667,0.251666667,0.023333333,0,0,0,0.059,0.345666667,0.469,0.281666667,0.022333333,0,0,0,0.051333333,0.312333333,0.436333333,0.258666667,0.012666667,0,0,0,0.042333333,0.235333333,0.301666667,0.157666667,0.003333333,0,0,0,0.067333333,0.336,0.406,0.186333333,0.000333333,0,0,0,0.042333333,0.270333333,0.364666667,0.178,0.000333333,0
GZ,y24,0,0,0.025,0.231,0.358333333,0.215,0.004666667,0,0,0,0.034666667,0.299,0.464666667,0.290333333,0.013333333,0,0,0,0.051,0.372333333,0.531333333,0.31,0.018,0,0,0,0.066,0.388333333,0.510333333,0.288333333,0.020333333,0,0,0,0.073333333,0.367,0.465666667,0.263,0.02,0,0,0,0.048333333,0.256666667,0.366333333,0.234,0.021,0,0,0,0.063666667,0.343,0.467333333,0.289666667,0.029333333,0,0,0,0.059666667,0.346,0.470666667,0.28,0.023333333,0,0,0,0.050666667,0.296,0.398,0.225333333,0.011,0,0,0,0.039333333,0.220333333,0.272333333,0.136333333,0.002333333,0,0,0,0.061333333,0.312666667,0.395,0.179666667,0.000333333,0,0,0,0.045333333,0.268,0.354333333,0.172,0.000333333,0
GZ,y25,0,0,0.029666667,0.253,0.387666667,0.231,0.005,0,0,0,0.033666667,0.315333333,0.506,0.322333333,0.014333333,0,0,0,0.042333333,0.306333333,0.442,0.276,0.017,0,0,0,0.06,0.364666667,0.506666667,0.297,0.02,0,0,0,0.047,0.261,0.363333333,0.216333333,0.017333333,0,0,0,0.052333333,0.282666667,0.398,0.243333333,0.021666667,0,0,0,0.048,0.285,0.396666667,0.233333333,0.022,0,0,0,0.069666667,0.398,0.534333333,0.319,0.026333333,0,0,0,0.062,0.357666667,0.447,0.250333333,0.012666667,0,0,0,0.051333333,0.273,0.362333333,0.186,0.003333333,0,0,0,0.062666667,0.323666667,0.374666667,0.161333333,0.000333333,0,0,0,0.052,0.308,0.394333333,0.192666667,0.000333333,0
GZ,y26,0,0,0.033,0.286333333,0.410666667,0.232333333,0.004666667,0,0,0,0.033333333,0.279333333,0.398,0.234666667,0.011666667,0,0,0,0.045,0.331,0.479333333,0.283,0.017,0,0,0,0.053666667,0.324666667,0.437333333,0.255333333,0.017,0,0,0,0.073,0.377333333,0.486,0.283333333,0.023,0,0,0,0.06,0.324666667,0.455333333,0.272,0.024333333,0,0,0,0.064666667,0.343666667,0.444,0.263,0.025333333,0,0,0,0.055,0.346333333,0.486333333,0.29,0.023333333,0,0,0,0.045666667,0.272666667,0.361333333,0.199333333,0.010333333,0,0,0,0.054333333,0.27,0.337666667,0.155333333,0.002333333,0,0,0,0.071666667,0.351,0.421,0.189666667,0.000333333,0,0,0,0.034333333,0.228,0.306333333,0.143333333,0.000333333,0
HA,y1,0,0,0.088666667,0.512333333,0.574333333,0.201333333,0,0,0,0,0.106333333,0.546333333,0.615333333,0.249333333,0.000666667,0,0,0,0.129666667,0.536,0.588333333,0.267333333,0.003666667,0,0,0,0.153333333,0.527333333,0.562,0.256,0.007333333,0,0,0.002333333,0.162333333,0.507,0.528333333,0.246,0.011666667,0,0,0.004333333,0.150666667,0.465,0.501,0.253666667,0.017,0,0,0.002,0.116,0.390666667,0.436333333,0.221333333,0.014666667,0,0,0.000333333,0.108333333,0.376,0.423,0.209,0.009666667,0,0,0,0.115333333,0.405333333,0.435666667,0.185666667,0.002666667,0,0,0,0.136666667,0.439333333,0.421,0.139666667,0,0,0,0,0.168,0.561333333,0.559333333,0.155333333,0,0,0,0,0.106666667,0.498666667,0.513333333,0.138333333,0,0
HA,y2,0,0,0.083,0.479666667,0.535333333,0.180333333,0,0,0,0,0.109,0.552,0.628,0.256666667,0.000666667,0,0,0,0.112,0.480666667,0.504,0.208333333,0.003,0,0,0,0.142333333,0.488,0.495666667,0.216666667,0.006333333,0,0,0.002333333,0.148333333,0.467333333,0.497666667,0.237,0.011,0,0,0.003666667,0.133666667,0.412333333,0.427333333,0.203,0.013666667,0,0,0.002,0.109333333,0.361333333,0.409,0.212,0.014666667,0,0,0.000333333,0.098,0.345333333,0.397,0.196,0.009,0,0,0,0.116666667,0.408666667,0.43,0.182,0.002666667,0,0,0,0.143666667,0.476333333,0.477666667,0.165,0,0,0,0,0.11,0.378666667,0.375666667,0.101666667,0,0,0,0,0.114666667,0.512666667,0.536333333,0.147333333,0,0
HA,y3,0,0,0.088333333,0.499333333,0.556333333,0.198666667,0,0,0,0,0.099333333,0.501,0.572666667,0.232666667,0.000666667,0,0,0,0.112666667,0.465666667,0.482333333,0.203666667,0.003,0,0,0.000333333,0.138333333,0.480333333,0.514333333,0.232666667,0.007,0,0,0.002666667,0.155333333,0.478666667,0.501,0.239333333,0.011666667,0,0,0.004666667,0.156333333,0.472,0.501333333,0.254666667,0.017,0,0,0.002,0.119666667,0.391333333,0.441666667,0.234333333,0.016333333,0,0,0.000333333,0.138333333,0.468,0.52,0.261333333,0.012,0,0,0,0.139333333,0.47,0.495333333,0.217,0.003333333,0,0,0,0.170333333,0.550333333,0.547,0.185,0,0,0,0,0.138,0.467,0.462,0.124333333,0,0,0,0,0.091,0.427666667,0.446,0.116333333,0,0
HA,y4,0,0,0.079333333,0.447666667,0.509333333,0.187666667,0,0,0,0,0.09,0.463333333,0.530666667,0.221,0.000666667,0,0,0,0.102333333,0.44,0.474666667,0.199,0.003,0,0,0,0.133,0.464666667,0.495333333,0.231,0.006666667,0,0,0.002333333,0.128,0.397,0.400666667,0.192,0.009666667,0,0,0.004333333,0.149333333,0.449333333,0.467666667,0.235333333,0.016333333,0,0,0.002,0.113666667,0.376,0.426333333,0.22,0.014666667,0,0,0.000333333,0.097333333,0.346333333,0.383,0.189666667,0.009,0,0,0,0.137,0.477,0.506666667,0.218666667,0.003333333,0,0,0,0.156333333,0.51,0.5,0.172666667,0,0,0,0,0.150666667,0.513333333,0.521333333,0.147666667,0,0,0,0,0.103666667,0.474666667,0.501,0.138666667,0,0
HA,y5,0,0,0.091666667,0.521,0.588,0.207,0,0,0,0,0.103,0.521333333,0.609,0.263333333,0.000666667,0,0,0,0.099333333,0.421,0.451333333,0.193666667,0.003,0,0,0,0.133333333,0.466666667,0.508666667,0.238666667,0.007,0,0,0.002333333,0.146333333,0.458666667,0.475333333,0.223333333,0.011,0,0,0.003333333,0.125,0.394333333,0.419333333,0.207666667,0.014333333,0,0,0.002,0.125333333,0.396333333,0.43,0.219333333,0.014666667,0,0,0.000333333,0.128333333,0.437666667,0.476333333,0.235333333,0.011333333,0,0,0,0.128,0.451,0.471666667,0.195666667,0.003,0,0,0,0.121,0.400666667,0.391333333,0.130333333,0,0,0,0,0.135,0.462333333,0.451,0.12,0,0,0,0,0.117,0.518333333,0.537,0.148,0,0
HA,y6,0,0,0.075,0.435,0.493333333,0.172333333,0,0,0,0,0.099333333,0.516333333,0.587333333,0.243666667,0.000666667,0,0,0,0.135,0.556666667,0.616333333,0.278,0.004,0,0,0.000333333,0.158666667,0.538,0.584,0.267,0.007666667,0,0,0.002333333,0.159666667,0.492666667,0.522333333,0.249,0.011666667,0,0,0.003666667,0.130666667,0.412,0.442666667,0.219666667,0.014333333,0,0,0.001666667,0.101333333,0.346,0.401,0.200666667,0.014,0,0,0.000333333,0.112,0.391666667,0.432666667,0.215,0.010333333,0,0,0,0.118333333,0.407333333,0.429,0.189,0.003,0,0,0,0.097666667,0.331,0.303666667,0.100333333,0,0,0,0,0.125,0.428666667,0.429666667,0.118333333,0,0,0,0,0.092333333,0.432333333,0.45,0.121333333,0,0
HA,y7,0,0,0.072,0.422,0.485,0.174,0,0,0,0,0.089666667,0.463,0.540333333,0.226333333,0.000666667,0,0,0,0.135333333,0.559,0.638,0.292333333,0.004333333,0,0,0,0.144666667,0.491666667,0.511,0.232,0.006666667,0,0,0.002666667,0.16,0.490333333,0.505,0.234333333,0.011333333,0,0,0.004,0.141666667,0.437666667,0.461666667,0.227,0.015,0,0,0.002333333,0.130333333,0.422333333,0.467333333,0.237666667,0.016,0,0,0.000333333,0.130333333,0.446,0.487333333,0.236666667,0.011,0,0,0,0.118,0.420333333,0.438666667,0.188,0.003,0,0,0,0.121,0.408,0.403666667,0.135333333,0,0,0,0,0.150333333,0.509,0.505,0.137666667,0,0,0,0,0.090333333,0.416333333,0.425666667,0.116666667,0,0
HA,y8,0,0,0.084333333,0.488333333,0.553333333,0.194,0,0,0,0,0.097666667,0.496,0.557666667,0.222,0.000666667,0,0,0,0.121333333,0.496666667,0.549,0.247666667,0.003666667,0,0,0,0.128333333,0.435666667,0.465,0.218,0.006333333,0,0,0.002333333,0.130666667,0.405333333,0.394,0.179,0.009333333,0,0,0.004,0.145666667,0.442333333,0.459666667,0.228,0.015333333,0,0,0.002333333,0.126666667,0.411,0.451666667,0.238666667,0.017,0,0,0.000333333,0.129333333,0.443333333,0.474,0.224666667,0.010333333,0,0,0,0.134666667,0.469333333,0.486333333,0.208333333,0.003333333,0,0,0,0.163666667,0.526333333,0.533666667,0.186666667,0,0,0,0,0.148333333,0.5,0.480333333,0.133,0,0,0,0,0.086,0.402333333,0.423333333,0.113333333,0,0
HA,y9,0,0,0.090333333,0.514,0.581,0.204333333,0,0,0,0,0.081333333,0.428,0.496666667,0.199333333,0.000333333,0,0,0,0.112,0.469,0.504333333,0.216,0.003333333,0,0,0,0.131333333,0.448333333,0.464666667,0.214,0.006333333,0,0,0.002333333,0.136333333,0.43,0.443,0.211,0.010666667,0,0,0.004333333,0.151333333,0.462333333,0.487333333,0.234666667,0.015333333,0,0,0.001666667,0.102,0.339666667,0.369,0.183666667,0.012333333,0,0,0.000333333,0.091666667,0.320333333,0.345333333,0.166666667,0.008,0,0,0,0.106,0.376333333,0.398333333,0.168,0.002333333,0,0,0,0.123333333,0.401,0.396333333,0.131333333,0,0,0,0,0.126,0.433666667,0.421666667,0.108333333,0,0,0,0,0.107,0.487,0.500666667,0.133333333,0,0
HA,y10,0,0,0.081666667,0.472666667,0.540666667,0.189666667,0,0,0,0,0.104666667,0.524333333,0.605,0.254666667,0.000666667,0,0,0,0.119666667,0.515,0.564,0.242666667,0.003333333,0,0,0,0.158,0.542,0.574666667,0.262333333,0.007666667,0,0,0.002333333,0.151333333,0.475666667,0.512,0.244,0.011666667,0,0,0.004,0.141666667,0.433333333,0.457333333,0.229666667,0.015,0,0,0.002,0.125,0.41,0.449,0.220333333,0.014333333,0,0,0.000333333,0.089333333,0.314,0.360333333,0.185,0.009,0,0,0,0.133333333,0.464333333,0.489333333,0.212333333,0.003333333,0,0,0,0.156,0.507,0.501,0.175333333,0,0,0,0,0.143,0.478666667,0.467333333,0.126,0,0,0,0,0.095333333,0.423666667,0.436666667,0.117666667,0,0
HA,y11,0,0,0.092,0.515333333,0.566333333,0.197333333,0,0,0,0,0.091333333,0.466666667,0.528666667,0.214666667,0.000666667,0,0,0,0.129333333,0.529333333,0.587,0.269333333,0.004,0,0,0.000333333,0.160333333,0.537333333,0.578333333,0.268666667,0.007666667,0,0,0.002666667,0.152666667,0.474666667,0.487,0.219666667,0.010666667,0,0,0.004666667,0.157666667,0.48,0.496666667,0.243,0.016333333,0,0,0.001666667,0.1,0.334666667,0.389666667,0.212666667,0.014333333,0,0,0.000333333,0.1,0.355,0.408333333,0.204333333,0.009666667,0,0,0,0.11,0.392666667,0.425333333,0.190666667,0.003333333,0,0,0,0.131,0.434333333,0.422,0.134333333,0,0,0,0,0.147333333,0.511666667,0.496333333,0.131666667,0,0,0,0,0.114666667,0.513,0.539,0.149333333,0,0
HA,y12,0,0,0.078666667,0.442333333,0.490666667,0.173666667,0,0,0,0,0.092,0.484333333,0.560666667,0.232333333,0.000666667,0,0,0,0.138333333,0.556,0.627666667,0.295,0.004333333,0,0,0,0.155666667,0.524666667,0.559,0.262666667,0.007666667,0,0,0.002666667,0.150333333,0.472,0.506,0.245666667,0.012,0,0,0.004666667,0.161,0.491,0.520666667,0.265333333,0.017666667,0,0,0.001666667,0.103,0.358333333,0.415333333,0.219,0.015333333,0,0,0.000333333,0.118666667,0.410333333,0.464,0.231666667,0.010666667,0,0,0,0.117,0.418333333,0.441666667,0.188,0.002666667,0,0,0,0.149666667,0.493666667,0.486,0.164,0,0,0,0,0.140333333,0.470666667,0.452666667,0.123333333,0,0,0,0,0.101,0.468333333,0.487666667,0.131333333,0,0
HA,y13,0,0,0.089666667,0.517333333,0.591,0.209333333,0,0,0,0,0.093333333,0.472333333,0.540333333,0.221,0.000666667,0,0,0,0.117,0.485333333,0.531666667,0.234,0.003666667,0,0,0,0.159333333,0.541666667,0.581,0.27,0.008,0,0,0.002666667,0.17,0.520333333,0.554333333,0.269,0.012666667,0,0,0.004,0.136333333,0.422666667,0.449333333,0.225333333,0.014666667,0,0,0.001666667,0.099333333,0.338,0.383,0.199,0.014,0,0,0.000333333,0.115333333,0.404666667,0.451666667,0.229666667,0.011,0,0,0,0.129,0.455,0.483,0.211666667,0.003,0,0,0,0.119666667,0.402333333,0.41,0.136666667,0,0,0,0,0.151333333,0.51,0.505333333,0.138666667,0,0,0,0,0.101666667,0.459666667,0.472,0.125,0,0
HA,y14,0,0,0.074666667,0.444333333,0.495333333,0.165,0,0,0,0,0.115666667,0.578333333,0.661666667,0.282333333,0.000666667,0,0,0,0.129,0.545666667,0.619666667,0.282666667,0.004,0,0,0.000333333,0.143333333,0.492333333,0.513,0.236,0.007,0,0,0.002666667,0.169,0.517666667,0.539,0.258666667,0.012,0,0,0.004333333,0.150666667,0.457,0.484333333,0.238333333,0.016,0,0,0.001666667,0.11,0.364333333,0.399666667,0.209,0.014666667,0,0,0.000333333,0.119,0.415666667,0.478,0.242,0.011333333,0,0,0,0.111333333,0.398,0.430333333,0.185666667,0.003,0,0,0,0.148666667,0.483333333,0.463,0.155333333,0,0,0,0,0.136,0.472666667,0.469666667,0.127666667,0,0,0,0,0.116,0.521,0.546333333,0.15,0,0
HA,y15,0,0,0.095666667,0.536666667,0.596666667,0.214333333,0,0,0,0,0.074333333,0.395333333,0.454333333,0.176333333,0.000333333,0,0,0,0.115,0.492333333,0.560333333,0.248666667,0.003666667,0,0,0.000333333,0.152666667,0.52,0.547666667,0.251,0.007333333,0,0,0.002333333,0.135333333,0.428333333,0.456666667,0.218,0.010666667,0,0,0.004666667,0.159666667,0.484666667,0.517666667,0.254333333,0.017,0,0,0.002,0.123666667,0.412333333,0.453333333,0.230333333,0.015666667,0,0,0.000333333,0.104333333,0.367333333,0.416,0.208333333,0.01,0,0,0,0.097,0.353,0.384666667,0.166666667,0.002666667,0,0,0,0.151,0.496333333,0.507,0.174333333,0,0,0,0,0.136666667,0.471333333,0.462,0.124,0,0,0,0,0.100333333,0.466333333,0.481,0.129666667,0,0
HA,y16,0,0,0.087333333,0.498666667,0.567333333,0.203,0,0,0,0,0.085333333,0.444333333,0.508666667,0.205666667,0.000666667,0,0,0,0.118,0.495333333,0.545666667,0.234333333,0.003333333,0,0,0.000333333,0.142,0.489666667,0.534666667,0.246666667,0.007333333,0,0,0.002333333,0.141666667,0.436666667,0.459,0.219333333,0.010666667,0,0,0.004333333,0.156,0.476666667,0.498333333,0.243666667,0.016333333,0,0,0.001666667,0.108333333,0.356666667,0.402666667,0.210666667,0.015,0,0,0.000333333,0.105,0.363666667,0.409333333,0.207666667,0.009666667,0,0,0,0.109,0.394333333,0.412,0.177333333,0.002666667,0,0,0,0.153666667,0.521333333,0.523333333,0.174,0,0,0,0,0.165666667,0.555666667,0.547666667,0.149666667,0,0,0,0,0.117333333,0.527,0.547333333,0.15,0,0
HA,y17,0,0,0.092666667,0.534,0.601333333,0.211666667,0,0,0,0,0.095666667,0.489,0.564666667,0.236333333,0.000666667,0,0,0,0.140666667,0.570666667,0.635666667,0.286333333,0.004,0,0,0.000333333,0.172,0.575333333,0.610333333,0.274,0.008,0,0,0.002333333,0.146666667,0.450333333,0.478,0.226,0.011,0,0,0.004,0.144666667,0.444333333,0.468666667,0.235333333,0.015666667,0,0,0.002,0.129,0.420666667,0.465,0.234333333,0.015333333,0,0,0.000333333,0.098,0.346333333,0.385666667,0.189333333,0.009,0,0,0,0.098666667,0.354333333,0.365,0.154,0.002333333,0,0,0,0.137,0.465666667,0.474666667,0.163666667,0,0,0,0,0.111,0.406,0.391333333,0.1,0,0,0,0,0.1,0.461,0.477,0.129666667,0,0
HA,y18,0,0,0.080333333,0.471666667,0.532666667,0.181333333,0,0,0,0,0.098,0.508,0.585333333,0.240333333,0.000666667,0,0,0,0.109333333,0.468,0.528,0.234333333,0.003333333,0,0,0.000333333,0.151333333,0.515666667,0.539,0.250666667,0.007333333,0,0,0.002333333,0.151666667,0.469333333,0.479666667,0.227333333,0.011333333,0,0,0.004333333,0.155333333,0.471333333,0.496,0.248,0.016333333,0,0,0.002,0.116333333,0.380666667,0.428333333,0.224666667,0.015,0,0,0.000333333,0.11,0.387666667,0.434666667,0.218666667,0.010333333,0,0,0,0.128,0.450333333,0.475666667,0.202,0.003333333,0,0,0,0.16,0.526333333,0.533,0.182,0,0,0,0,0.141333333,0.468333333,0.477,0.136333333,0,0,0,0,0.103666667,0.461666667,0.473,0.127333333,0,0
HA,y19,0,0,0.090666667,0.518333333,0.583666667,0.203333333,0,0,0,0,0.085666667,0.454,0.532,0.216,0.000666667,0,0,0,0.124333333,0.514666667,0.577666667,0.267,0.004,0,0,0.000333333,0.156,0.526666667,0.573333333,0.272333333,0.008,0,0,0.002333333,0.141333333,0.442,0.462333333,0.219666667,0.010666667,0,0,0.004,0.147,0.451666667,0.480666667,0.245666667,0.016666667,0,0,0.001666667,0.109,0.376333333,0.423,0.212333333,0.013666667,0,0,0.000333333,0.134,0.462333333,0.505333333,0.242,0.011,0,0,0,0.128,0.446666667,0.451666667,0.192666667,0.003,0,0,0,0.177,0.569333333,0.571666667,0.199333333,0,0,0,0,0.132666667,0.459666667,0.444666667,0.115,0,0,0,0,0.119333333,0.533333333,0.547,0.15,0,0
HA,y20,0,0,0.090333333,0.519666667,0.59,0.209666667,0,0,0,0,0.081666667,0.427,0.48,0.189,0.000333333,0,0,0,0.126666667,0.527,0.580333333,0.259666667,0.003666667,0,0,0.000333333,0.138,0.469,0.473666667,0.211333333,0.006333333,0,0,0.002666667,0.164333333,0.499333333,0.510666667,0.238,0.011666667,0,0,0.003666667,0.137333333,0.429666667,0.441,0.211,0.014666667,0,0,0.002,0.135666667,0.441,0.482333333,0.247333333,0.016666667,0,0,0.000333333,0.114,0.401666667,0.432,0.205333333,0.009666667,0,0,0,0.094333333,0.344333333,0.348,0.143,0.002333333,0,0,0,0.144333333,0.482,0.481,0.164333333,0,0,0,0,0.125333333,0.435666667,0.428333333,0.111,0,0,0,0,0.107333333,0.489333333,0.511333333,0.140333333,0,0
HA,y21,0,0,0.083,0.477333333,0.531,0.179666667,0,0,0,0,0.095333333,0.497,0.574666667,0.236666667,0.000666667,0,0,0,0.112333333,0.476333333,0.541,0.239666667,0.003333333,0,0,0.000333333,0.139666667,0.477666667,0.523,0.247333333,0.007333333,0,0,0.002333333,0.146666667,0.477666667,0.504666667,0.236,0.011333333,0,0,0.003666667,0.127333333,0.389666667,0.402333333,0.194333333,0.013,0,0,0.002,0.131666667,0.430333333,0.469,0.241333333,0.016666667,0,0,0.000333333,0.124666667,0.440666667,0.481,0.232333333,0.01,0,0,0,0.124666667,0.449333333,0.460333333,0.193333333,0.003,0,0,0,0.149333333,0.492666667,0.487666667,0.162,0,0,0,0,0.093666667,0.326333333,0.312333333,0.082666667,0,0,0,0,0.102666667,0.476,0.495666667,0.130666667,0,0
HA,y22,0,0,0.082,0.478,0.543333333,0.189333333,0,0,0,0,0.103333333,0.526333333,0.611,0.26,0.000666667,0,0,0,0.125,0.524333333,0.584333333,0.261333333,0.003666667,0,0,0,0.134,0.466333333,0.496333333,0.224666667,0.006333333,0,0,0.002,0.137,0.436333333,0.457333333,0.213333333,0.010666667,0,0,0.004,0.136666667,0.429333333,0.464333333,0.232,0.015333333,0,0,0.002,0.110666667,0.367,0.422666667,0.221333333,0.015,0,0,0.000333333,0.105333333,0.384666667,0.446333333,0.224,0.010333333,0,0,0,0.136666667,0.49,0.522,0.222333333,0.003666667,0,0,0,0.096,0.338333333,0.332333333,0.107666667,0,0,0,0,0.113,0.392666667,0.389333333,0.103333333,0,0,0,0,0.1,0.451666667,0.469,0.125,0,0
HA,y23,0,0,0.079666667,0.459,0.511333333,0.181,0,0,0,0,0.100666667,0.508333333,0.582,0.243333333,0.000666667,0,0,0,0.120666667,0.497666667,0.527,0.226666667,0.003333333,0,0,0.000333333,0.144,0.484333333,0.503333333,0.228666667,0.007,0,0,0.002666667,0.159,0.490333333,0.513,0.248666667,0.012,0,0,0.004,0.141333333,0.441333333,0.468666667,0.229,0.015333333,0,0,0.002,0.126333333,0.420333333,0.468,0.236,0.015666667,0,0,0.000333333,0.112,0.392,0.441,0.218333333,0.010333333,0,0,0,0.102333333,0.363,0.383333333,0.159,0.002333333,0,0,0,0.099333333,0.346,0.321666667,0.099666667,0,0,0,0,0.149666667,0.510333333,0.498,0.136,0,0,0,0,0.111333333,0.506333333,0.530666667,0.145666667,0,0
HA,y24,0,0,0.08,0.465333333,0.528333333,0.187333333,0,0,0,0,0.100666667,0.523333333,0.606333333,0.26,0.000666667,0,0,0,0.119333333,0.498333333,0.553666667,0.251,0.003666667,0,0,0,0.139666667,0.473,0.52,0.243,0.007,0,0,0.002,0.126666667,0.404,0.426666667,0.201,0.009666667,0,0,0.004,0.145666667,0.458666667,0.493666667,0.244666667,0.016333333,0,0,0.001666667,0.111666667,0.369666667,0.418,0.220333333,0.015,0,0,0.000333333,0.120666667,0.413333333,0.463666667,0.231666667,0.010333333,0,0,0,0.108666667,0.382,0.395666667,0.166,0.002666667,0,0,0,0.161,0.533666667,0.545333333,0.190666667,0,0,0,0,0.137,0.463333333,0.446333333,0.119666667,0,0,0,0,0.095333333,0.437333333,0.450666667,0.119666667,0,0
HA,y25,0,0,0.082,0.47,0.521333333,0.177333333,0,0,0,0,0.081666667,0.429666667,0.497666667,0.205666667,0.000666667,0,0,0,0.13,0.537333333,0.598666667,0.273,0.004,0,0,0,0.134,0.473,0.504,0.229666667,0.006666667,0,0,0.002666667,0.153666667,0.490333333,0.515333333,0.239333333,0.011333333,0,0,0.004,0.144333333,0.446666667,0.468666667,0.223,0.014333333,0,0,0.002333333,0.133666667,0.437666667,0.476,0.239666667,0.016333333,0,0,0.000333333,0.111666667,0.392333333,0.447333333,0.219333333,0.01,0,0,0,0.125333333,0.438,0.457,0.193333333,0.003,0,0,0,0.12,0.408,0.408,0.133333333,0,0,0,0,0.148,0.502333333,0.486,0.129,0,0,0,0,0.1,0.452666667,0.47,0.126666667,0,0
HA,y26,0,0,0.066333333,0.382,0.427333333,0.144333333,0,0,0,0,0.091,0.474333333,0.549666667,0.233,0.000666667,0,0,0,0.118666667,0.498666667,0.557,0.249333333,0.003333333,0,0,0.000333333,0.154,0.520666667,0.559333333,0.258666667,0.007666667,0,0,0.002666667,0.157333333,0.488666667,0.516666667,0.246333333,0.011666667,0,0,0.003666667,0.127333333,0.386666667,0.395666667,0.195333333,0.013,0,0,0.002,0.107666667,0.359333333,0.392,0.198333333,0.014,0,0,0.000333333,0.1,0.364,0.409666667,0.203333333,0.009,0,0,0,0.142666667,0.497,0.504333333,0.216666667,0.003666667,0,0,0,0.115,0.385666667,0.385,0.127333333,0,0,0,0,0.126333333,0.438333333,0.429,0.115333333,0,0,0,0,0.104,0.475666667,0.484333333,0.128,0,0
HB,y1,0,0,0.073666667,0.395333333,0.456333333,0.166666667,0,0,0,0,0.087,0.442666667,0.501,0.198333333,0.000666667,0,0,0,0.103666667,0.434,0.462333333,0.196333333,0.003,0,0,0,0.108,0.381,0.389333333,0.167333333,0.004666667,0,0,0.001,0.130333333,0.425333333,0.447666667,0.207666667,0.008666667,0,0,0.001666667,0.103666667,0.333333333,0.369,0.19,0.011333333,0,0,0.001,0.124,0.414666667,0.451333333,0.227333333,0.013666667,0,0,0,0.118333333,0.407,0.442333333,0.214333333,0.008666667,0,0,0,0.130666667,0.461666667,0.492333333,0.213333333,0.003,0,0,0,0.105333333,0.348,0.335333333,0.12,0,0,0,0,0.163,0.520666667,0.517333333,0.151,0,0,0,0,0.097666667,0.42,0.446666667,0.130333333,0,0
HB,y2,0,0,0.074333333,0.390666667,0.426,0.150666667,0,0,0,0,0.099,0.493666667,0.552333333,0.224333333,0.001,0,0,0,0.075,0.325333333,0.360666667,0.151333333,0.002,0,0,0,0.111,0.406333333,0.431333333,0.182333333,0.005,0,0,0.001333333,0.129666667,0.418333333,0.428666667,0.191,0.008,0,0,0.001666667,0.097,0.319666667,0.342666667,0.170666667,0.010333333,0,0,0.000666667,0.09,0.308,0.345333333,0.178666667,0.011,0,0,0,0.112666667,0.389666667,0.433333333,0.214333333,0.008333333,0,0,0,0.113666667,0.404666667,0.417,0.177666667,0.002666667,0,0,0,0.14,0.458333333,0.448,0.159666667,0,0,0,0,0.092333333,0.310333333,0.303333333,0.083666667,0,0,0,0,0.106,0.450666667,0.481,0.143666667,0,0
HB,y3,0,0,0.076333333,0.406,0.452666667,0.16,0,0,0,0,0.079333333,0.396666667,0.430666667,0.171333333,0.000666667,0,0,0,0.08,0.352666667,0.362333333,0.151666667,0.002333333,0,0,0,0.113666667,0.416333333,0.427333333,0.181333333,0.005,0,0,0.001333333,0.127666667,0.411666667,0.436,0.209,0.008666667,0,0,0.002333333,0.132666667,0.408666667,0.424,0.203333333,0.012,0,0,0.000666667,0.095,0.337666667,0.389666667,0.191666667,0.010666667,0,0,0,0.13,0.449333333,0.49,0.244666667,0.009666667,0,0,0,0.120333333,0.428333333,0.452333333,0.192,0.002666667,0,0,0,0.133,0.455666667,0.464333333,0.162,0,0,0,0,0.135666667,0.429333333,0.436333333,0.127333333,0,0,0,0,0.074333333,0.335666667,0.351666667,0.095666667,0,0
HB,y4,0,0,0.068666667,0.370333333,0.425,0.157333333,0,0,0,0,0.078666667,0.398666667,0.445333333,0.177333333,0.000666667,0,0,0,0.076,0.336333333,0.343666667,0.135,0.002333333,0,0,0,0.119,0.419666667,0.447666667,0.209,0.005666667,0,0,0.001333333,0.125666667,0.387,0.392333333,0.185333333,0.008,0,0,0.002,0.110666667,0.350333333,0.369333333,0.185666667,0.011333333,0,0,0.001,0.102666667,0.346333333,0.390333333,0.199333333,0.012,0,0,0,0.103333333,0.363,0.409666667,0.190666667,0.007666667,0,0,0,0.117333333,0.414,0.447,0.194333333,0.002666667,0,0,0,0.154,0.499666667,0.507333333,0.181333333,0,0,0,0,0.144666667,0.474666667,0.488333333,0.147,0,0,0,0,0.098333333,0.423666667,0.448,0.130666667,0,0
HB,y5,0,0,0.077333333,0.418,0.478666667,0.170666667,0,0,0,0,0.086333333,0.441333333,0.515,0.218333333,0.000666667,0,0,0,0.072666667,0.312,0.325666667,0.134,0.002333333,0,0,0,0.102333333,0.364,0.390666667,0.176,0.004666667,0,0,0.001333333,0.128666667,0.402333333,0.411666667,0.19,0.008,0,0,0.001666667,0.093,0.293,0.314666667,0.159666667,0.009666667,0,0,0.001,0.099666667,0.333333333,0.366333333,0.189666667,0.011666667,0,0,0,0.111666667,0.390666667,0.431,0.205666667,0.009333333,0,0,0,0.126333333,0.437333333,0.462333333,0.201,0.003,0,0,0,0.102,0.352,0.338666667,0.111,0,0,0,0,0.109,0.389333333,0.400666667,0.113,0,0,0,0,0.120666667,0.504666667,0.532,0.158666667,0,0
HB,y6,0,0,0.063666667,0.347333333,0.386333333,0.133666667,0,0,0,0,0.08,0.409,0.450333333,0.184333333,0.000666667,0,0,0,0.101,0.439,0.474,0.205666667,0.003333333,0,0,0,0.125333333,0.435666667,0.442333333,0.194333333,0.005333333,0,0,0.001333333,0.134333333,0.431,0.449333333,0.209666667,0.008666667,0,0,0.002,0.118,0.373666667,0.397,0.198333333,0.011666667,0,0,0.001,0.12,0.394333333,0.445333333,0.226666667,0.013,0,0,0,0.110333333,0.382,0.426666667,0.205333333,0.008333333,0,0,0,0.112666667,0.410333333,0.439666667,0.182666667,0.002666667,0,0,0,0.085333333,0.299666667,0.286666667,0.095666667,0,0,0,0,0.127,0.408666667,0.405666667,0.12,0,0,0,0,0.071333333,0.328666667,0.354333333,0.103333333,0,0
HB,y7,0,0,0.065333333,0.349666667,0.401,0.143,0,0,0,0,0.076333333,0.382333333,0.437666667,0.178666667,0.000666667,0,0,0,0.109333333,0.455666667,0.511666667,0.234,0.003666667,0,0,0,0.118666667,0.419666667,0.431,0.19,0.005,0,0,0.001333333,0.133333333,0.434333333,0.455666667,0.213666667,0.009,0,0,0.002,0.115,0.361,0.39,0.200333333,0.012,0,0,0.001333333,0.136333333,0.445666667,0.485666667,0.245333333,0.014666667,0,0,0,0.122,0.423333333,0.466,0.225666667,0.009,0,0,0,0.139,0.482666667,0.489333333,0.211,0.003,0,0,0,0.11,0.378333333,0.373333333,0.129,0,0,0,0,0.145333333,0.477666667,0.471333333,0.139666667,0,0,0,0,0.073666667,0.316333333,0.338666667,0.105,0,0
HB,y8,0,0,0.085333333,0.449,0.506333333,0.184333333,0,0,0,0,0.071333333,0.357,0.401333333,0.163,0.000666667,0,0,0,0.096,0.414,0.462333333,0.204666667,0.003333333,0,0,0,0.092,0.33,0.347333333,0.15,0.004,0,0,0.001,0.094,0.312,0.319,0.145,0.006666667,0,0,0.002333333,0.118666667,0.385666667,0.421,0.206,0.011333333,0,0,0.001,0.118,0.389333333,0.432333333,0.228333333,0.014333333,0,0,0,0.111,0.392,0.420333333,0.2,0.008666667,0,0,0,0.129333333,0.454666667,0.471666667,0.204666667,0.003,0,0,0,0.158333333,0.508666667,0.504333333,0.176333333,0,0,0,0,0.127666667,0.414,0.4,0.113,0,0,0,0,0.072333333,0.315666667,0.344,0.099,0,0
HB,y9,0,0,0.083666667,0.443666667,0.507666667,0.188,0,0,0,0,0.062333333,0.318666667,0.374,0.150333333,0.000666667,0,0,0,0.095,0.387666667,0.413,0.18,0.002666667,0,0,0,0.093333333,0.339333333,0.359333333,0.160666667,0.004666667,0,0,0.001333333,0.112,0.361333333,0.368,0.173,0.008,0,0,0.002,0.122,0.391666667,0.429,0.208666667,0.012,0,0,0.001,0.113333333,0.378,0.405333333,0.203666667,0.012333333,0,0,0,0.114333333,0.397,0.428666667,0.197666667,0.008,0,0,0,0.116,0.413,0.432333333,0.183,0.002333333,0,0,0,0.127,0.414666667,0.411333333,0.139666667,0,0,0,0,0.132,0.433333333,0.432,0.121333333,0,0,0,0,0.099333333,0.426666667,0.444333333,0.128333333,0,0
HB,y10,0,0,0.071666667,0.382333333,0.43,0.159333333,0,0,0,0,0.093,0.452,0.521,0.22,0.000666667,0,0,0,0.091333333,0.417,0.464333333,0.200333333,0.002666667,0,0,0,0.127333333,0.467666667,0.512,0.238666667,0.006,0,0,0.001333333,0.131,0.419333333,0.445333333,0.208333333,0.008666667,0,0,0.002,0.118,0.374333333,0.402,0.203333333,0.011666667,0,0,0.001,0.124,0.410333333,0.453,0.232333333,0.013666667,0,0,0,0.107666667,0.378666667,0.411333333,0.202333333,0.008333333,0,0,0,0.127666667,0.448666667,0.486333333,0.214,0.003,0,0,0,0.151333333,0.495333333,0.483666667,0.164,0,0,0,0,0.135666667,0.449,0.435,0.124,0,0,0,0,0.098666667,0.404333333,0.422333333,0.119333333,0,0
HB,y11,0,0,0.081333333,0.428,0.477333333,0.168333333,0,0,0,0,0.073333333,0.351333333,0.388,0.160666667,0.001,0,0,0,0.105666667,0.445666667,0.494,0.220666667,0.003333333,0,0,0,0.138,0.475333333,0.504666667,0.231666667,0.006,0,0,0.001333333,0.127333333,0.401,0.407666667,0.187333333,0.008,0,0,0.002333333,0.132666667,0.419,0.458,0.228666667,0.013666667,0,0,0.001333333,0.125666667,0.415333333,0.444,0.224333333,0.013333333,0,0,0,0.103333333,0.361666667,0.403666667,0.196666667,0.008333333,0,0,0,0.108666667,0.396,0.419333333,0.184333333,0.002666667,0,0,0,0.13,0.449666667,0.447666667,0.145333333,0,0,0,0,0.121,0.400333333,0.400666667,0.115333333,0,0,0,0,0.111666667,0.459666667,0.475333333,0.135,0,0
HB,y12,0,0,0.076333333,0.392666667,0.422333333,0.151333333,0,0,0,0,0.069666667,0.353333333,0.399,0.167666667,0.000666667,0,0,0,0.108333333,0.458333333,0.514333333,0.238333333,0.003666667,0,0,0,0.134,0.469333333,0.478333333,0.209,0.005666667,0,0,0.001333333,0.13,0.422,0.455,0.224666667,0.01,0,0,0.002333333,0.14,0.435333333,0.462333333,0.229666667,0.014,0,0,0.001,0.108666667,0.366,0.416333333,0.219,0.013333333,0,0,0,0.13,0.443666667,0.491,0.243333333,0.01,0,0,0,0.13,0.458666667,0.487333333,0.207,0.002666667,0,0,0,0.126333333,0.428333333,0.414,0.143,0,0,0,0,0.124666667,0.398666667,0.395,0.118,0,0,0,0,0.101,0.427333333,0.434333333,0.123666667,0,0
HB,y13,0,0,0.078,0.424,0.484333333,0.179,0,0,0,0,0.081666667,0.404666667,0.457333333,0.192,0.000666667,0,0,0,0.095333333,0.407666667,0.442666667,0.191,0.003,0,0,0,0.134,0.469666667,0.496333333,0.224666667,0.006,0,0,0.001333333,0.142666667,0.456333333,0.488666667,0.232,0.01,0,0,0.002,0.113666667,0.374,0.407,0.200666667,0.011666667,0,0,0.001,0.104,0.358333333,0.405333333,0.204333333,0.012,0,0,0,0.123,0.428666667,0.473666667,0.23,0.009666667,0,0,0,0.123,0.445333333,0.468666667,0.202333333,0.002666667,0,0,0,0.145666667,0.485666667,0.484666667,0.164666667,0,0,0,0,0.139333333,0.456,0.454333333,0.130666667,0,0,0,0,0.094333333,0.396666667,0.408666667,0.114,0,0
HB,y14,0,0,0.066333333,0.358,0.402,0.136666667,0,0,0,0,0.110333333,0.543666667,0.613666667,0.262,0.001,0,0,0,0.107,0.455333333,0.494333333,0.214333333,0.003333333,0,0,0,0.122333333,0.432333333,0.441,0.192,0.005333333,0,0,0.001333333,0.150333333,0.473,0.498,0.235333333,0.01,0,0,0.002,0.125333333,0.399666667,0.434666667,0.214333333,0.012333333,0,0,0.001,0.118,0.394333333,0.43,0.213,0.012666667,0,0,0,0.115666667,0.407,0.448,0.22,0.009,0,0,0,0.115333333,0.405,0.424,0.186333333,0.002666667,0,0,0,0.130333333,0.432666667,0.422333333,0.142333333,0,0,0,0,0.116666667,0.397333333,0.394,0.111333333,0,0,0,0,0.117666667,0.489,0.506333333,0.143666667,0,0
HB,y15,0,0,0.086333333,0.457333333,0.510333333,0.188,0,0,0,0,0.052666667,0.270666667,0.320666667,0.133333333,0.000333333,0,0,0,0.100333333,0.422666667,0.466,0.2,0.003,0,0,0,0.120333333,0.422,0.438666667,0.194666667,0.005333333,0,0,0.001,0.112,0.372,0.390666667,0.182,0.007666667,0,0,0.002333333,0.133666667,0.434333333,0.471666667,0.237,0.013666667,0,0,0.001,0.120333333,0.410333333,0.459,0.234333333,0.014333333,0,0,0,0.116666667,0.406333333,0.451666667,0.221666667,0.009,0,0,0,0.110333333,0.403333333,0.417666667,0.174666667,0.002666667,0,0,0,0.141333333,0.467666667,0.465333333,0.160333333,0,0,0,0,0.141666667,0.459666667,0.446333333,0.126666667,0,0,0,0,0.087666667,0.380666667,0.401666667,0.117,0,0
HB,y16,0,0,0.076,0.403,0.451333333,0.164666667,0,0,0,0,0.071,0.351666667,0.385,0.156666667,0.000666667,0,0,0,0.099,0.413666667,0.455,0.200666667,0.003,0,0,0,0.109666667,0.396333333,0.435,0.200333333,0.005666667,0,0,0.001,0.111333333,0.365,0.374333333,0.170333333,0.007333333,0,0,0.002333333,0.130333333,0.411,0.429333333,0.205,0.012,0,0,0.001,0.093333333,0.330333333,0.38,0.187666667,0.010666667,0,0,0,0.127,0.440333333,0.478333333,0.230666667,0.009666667,0,0,0,0.104666667,0.376,0.394,0.169666667,0.002666667,0,0,0,0.128,0.447,0.456,0.159,0,0,0,0,0.159666667,0.517,0.517333333,0.151,0,0,0,0,0.115333333,0.476333333,0.496333333,0.143333333,0,0
HB,y17,0,0,0.091,0.482666667,0.521666667,0.177,0,0,0,0,0.086333333,0.44,0.518333333,0.218333333,0.000666667,0,0,0,0.110333333,0.480333333,0.534333333,0.231333333,0.003666667,0,0,0,0.140333333,0.487333333,0.519,0.228666667,0.006,0,0,0.001333333,0.145333333,0.459333333,0.473333333,0.221,0.009666667,0,0,0.002,0.109666667,0.349333333,0.367666667,0.179333333,0.011333333,0,0,0.001,0.123,0.412666667,0.457333333,0.241666667,0.014666667,0,0,0,0.110333333,0.392333333,0.426666667,0.207333333,0.008666667,0,0,0,0.102666667,0.377666667,0.402,0.170666667,0.002333333,0,0,0,0.120333333,0.409666667,0.416,0.142333333,0,0,0,0,0.129666667,0.439333333,0.428333333,0.119,0,0,0,0,0.101333333,0.439333333,0.47,0.135666667,0,0
HB,y18,0,0,0.071666667,0.377,0.405333333,0.139666667,0,0,0,0,0.071,0.365,0.408666667,0.164666667,0.000666667,0,0,0,0.080666667,0.353666667,0.394,0.168333333,0.002666667,0,0,0,0.123666667,0.429666667,0.445333333,0.199333333,0.005666667,0,0,0.001,0.115,0.375333333,0.375333333,0.165666667,0.007333333,0,0,0.002,0.127,0.405333333,0.422333333,0.211333333,0.012333333,0,0,0.001,0.121666667,0.411,0.453333333,0.221666667,0.012333333,0,0,0,0.114666667,0.4,0.439,0.215666667,0.009333333,0,0,0,0.116666667,0.422666667,0.442666667,0.188666667,0.002666667,0,0,0,0.129666667,0.436,0.433,0.148666667,0,0,0,0,0.128666667,0.408333333,0.399333333,0.116333333,0,0,0,0,0.094333333,0.393333333,0.395333333,0.106333333,0,0
HB,y19,0,0,0.088666667,0.473666667,0.530666667,0.194666667,0,0,0,0,0.063666667,0.322333333,0.364666667,0.148,0.000666667,0,0,0,0.106333333,0.465666667,0.517,0.228666667,0.003333333,0,0,0,0.128,0.452333333,0.492333333,0.227,0.006,0,0,0.001333333,0.118333333,0.375666667,0.393,0.192333333,0.008333333,0,0,0.002,0.12,0.386,0.427333333,0.217,0.013,0,0,0.001,0.126666667,0.430333333,0.483333333,0.24,0.014,0,0,0,0.130666667,0.452333333,0.494,0.234666667,0.01,0,0,0,0.101,0.369333333,0.387666667,0.163666667,0.002333333,0,0,0,0.165666667,0.551333333,0.556333333,0.193,0,0,0,0,0.118,0.403333333,0.404666667,0.113666667,0,0,0,0,0.125,0.516333333,0.527,0.154333333,0,0
HB,y20,0,0,0.092,0.479333333,0.54,0.198666667,0,0,0,0,0.061666667,0.312333333,0.354,0.141333333,0.000666667,0,0,0,0.103666667,0.452333333,0.484333333,0.206333333,0.003333333,0,0,0,0.11,0.387333333,0.389,0.170666667,0.004666667,0,0,0.001333333,0.127,0.406,0.405666667,0.183,0.007666667,0,0,0.002,0.11,0.364333333,0.397333333,0.193,0.011666667,0,0,0.001,0.103333333,0.352,0.385333333,0.202333333,0.013,0,0,0,0.093333333,0.346,0.386666667,0.185666667,0.007666667,0,0,0,0.093666667,0.345,0.366666667,0.155,0.002,0,0,0,0.147666667,0.497,0.510333333,0.177666667,0,0,0,0,0.105,0.356666667,0.360333333,0.100666667,0,0,0,0,0.106666667,0.450666667,0.467666667,0.138666667,0,0
HB,y21,0,0,0.074666667,0.397,0.444666667,0.156666667,0,0,0,0,0.078333333,0.399,0.445333333,0.177666667,0.000666667,0,0,0,0.09,0.391666667,0.443,0.197666667,0.003,0,0,0,0.119333333,0.419333333,0.440666667,0.201333333,0.005666667,0,0,0.001,0.114666667,0.373333333,0.389,0.188333333,0.008,0,0,0.001666667,0.102666667,0.333666667,0.351333333,0.164,0.009666667,0,0,0.001,0.111333333,0.377333333,0.409333333,0.204,0.012666667,0,0,0,0.126333333,0.440333333,0.489333333,0.236666667,0.01,0,0,0,0.118333333,0.428666667,0.437,0.184,0.003,0,0,0,0.149333333,0.488333333,0.489666667,0.171333333,0,0,0,0,0.077,0.268,0.264,0.067666667,0,0,0,0,0.090666667,0.387,0.398,0.112,0,0
HB,y22,0,0,0.064333333,0.351666667,0.396333333,0.140333333,0,0,0,0,0.099333333,0.484666667,0.552666667,0.238666667,0.001,0,0,0,0.1,0.430333333,0.473666667,0.204666667,0.003,0,0,0,0.104666667,0.377,0.399,0.178333333,0.005,0,0,0.001,0.111,0.367333333,0.379333333,0.179666667,0.007666667,0,0,0.002,0.110333333,0.347333333,0.375,0.184,0.010666667,0,0,0.001,0.103666667,0.351,0.394333333,0.207666667,0.013,0,0,0,0.116666667,0.414333333,0.457333333,0.226,0.009333333,0,0,0,0.133666667,0.479333333,0.501333333,0.21,0.003333333,0,0,0,0.077333333,0.278,0.277,0.091666667,0,0,0,0,0.082666667,0.287,0.285,0.078666667,0,0,0,0,0.100333333,0.417666667,0.429666667,0.122333333,0,0
HB,y23,0,0,0.073,0.392333333,0.439666667,0.156666667,0,0,0,0,0.088333333,0.437666667,0.501666667,0.208333333,0.001,0,0,0,0.090666667,0.380666667,0.4,0.166666667,0.002666667,0,0,0,0.120333333,0.414666667,0.434,0.201333333,0.005666667,0,0,0.001333333,0.142666667,0.450666667,0.472,0.222666667,0.01,0,0,0.002,0.111333333,0.352666667,0.365333333,0.169333333,0.01,0,0,0.001,0.125333333,0.42,0.463666667,0.233333333,0.014,0,0,0,0.104,0.372666667,0.425666667,0.202333333,0.007666667,0,0,0,0.087,0.322333333,0.346666667,0.145333333,0.002,0,0,0,0.082333333,0.294666667,0.295333333,0.090333333,0,0,0,0,0.136,0.441,0.432666667,0.123,0,0,0,0,0.102666667,0.439,0.471333333,0.139666667,0,0
HB,y24,0,0,0.063,0.342333333,0.394666667,0.142333333,0,0,0,0,0.086666667,0.436333333,0.509666667,0.222,0.000666667,0,0,0,0.097333333,0.419666667,0.462666667,0.202333333,0.003,0,0,0,0.125666667,0.440333333,0.479666667,0.221,0.006,0,0,0.001,0.11,0.358666667,0.382333333,0.180666667,0.007333333,0,0,0.002333333,0.131333333,0.418666667,0.447333333,0.223,0.013,0,0,0.001,0.117333333,0.389,0.421333333,0.214,0.012333333,0,0,0,0.124,0.431,0.471666667,0.234666667,0.009333333,0,0,0,0.101333333,0.365333333,0.394333333,0.164666667,0.002333333,0,0,0,0.143333333,0.477333333,0.459666667,0.156,0,0,0,0,0.125333333,0.416,0.404,0.108333333,0,0,0,0,0.075666667,0.327666667,0.334333333,0.091666667,0,0
HB,y25,0,0,0.064666667,0.338666667,0.375,0.131,0,0,0,0,0.049,0.251,0.285,0.125666667,0.000666667,0,0,0,0.101666667,0.438666667,0.487666667,0.215,0.003333333,0,0,0,0.113666667,0.408666667,0.441333333,0.198,0.005,0,0,0.001333333,0.126666667,0.409,0.420666667,0.188333333,0.008,0,0,0.002,0.114666667,0.373,0.396333333,0.190333333,0.011,0,0,0.001,0.124333333,0.408,0.442,0.221,0.013333333,0,0,0,0.136666667,0.472333333,0.509333333,0.245,0.009666667,0,0,0,0.132666667,0.465,0.497666667,0.216666667,0.003,0,0,0,0.121666667,0.413,0.419,0.145666667,0,0,0,0,0.138333333,0.446333333,0.451666667,0.132,0,0,0,0,0.097333333,0.395333333,0.404,0.115333333,0,0
HB,y26,0,0,0.054333333,0.303333333,0.323,0.106666667,0,0,0,0,0.074333333,0.39,0.463666667,0.19,0.000666667,0,0,0,0.090666667,0.387333333,0.427,0.183666667,0.002666667,0,0,0,0.132666667,0.463,0.49,0.217,0.006,0,0,0.001333333,0.127666667,0.407666667,0.429333333,0.208,0.009,0,0,0.001666667,0.100666667,0.325333333,0.349333333,0.169666667,0.009666667,0,0,0.000666667,0.072666667,0.268333333,0.309666667,0.157,0.01,0,0,0,0.120333333,0.427333333,0.472333333,0.229,0.009,0,0,0,0.106333333,0.393666667,0.412666667,0.180333333,0.003,0,0,0,0.096666667,0.335666667,0.335666667,0.111,0,0,0,0,0.115666667,0.371,0.363666667,0.099666667,0,0,0,0,0.096,0.413333333,0.406333333,0.109,0,0
HE,y1,0,0,0.099,0.583333333,0.629,0.179333333,0,0,0,0,0.126333333,0.607,0.662666667,0.241333333,0,0,0,0,0.165333333,0.613666667,0.650666667,0.273,0.001666667,0,0,0.001333333,0.196666667,0.609333333,0.625,0.272666667,0.006333333,0,0,0.008,0.192666667,0.542666667,0.555,0.255,0.012,0,0,0.009666667,0.172,0.481,0.488333333,0.227,0.015666667,0,0,0.006333333,0.146333333,0.426,0.443666667,0.22,0.015333333,0,0,0.002,0.139,0.438666667,0.449333333,0.209666667,0.009,0,0,0,0.146,0.461,0.468666667,0.191666667,0.002,0,0,0,0.171333333,0.533,0.515333333,0.156,0,0,0,0,0.176666667,0.588,0.553333333,0.118333333,0,0,0,0,0.118666667,0.554,0.545333333,0.110666667,0,0
HE,y2,0,0,0.097666667,0.578,0.625666667,0.177333333,0,0,0,0,0.131666667,0.631666667,0.702333333,0.266,0,0,0,0,0.162,0.617333333,0.660666667,0.274666667,0.001666667,0,0,0.001333333,0.192333333,0.595666667,0.616333333,0.271333333,0.006,0,0,0.008,0.198,0.558,0.570333333,0.257666667,0.012,0,0,0.01,0.177,0.498,0.51,0.245333333,0.016666667,0,0,0.006,0.143333333,0.429,0.448,0.218,0.015,0,0,0.001666667,0.111333333,0.360666667,0.390333333,0.188333333,0.008,0,0,0,0.165,0.525666667,0.534,0.213,0.002333333,0,0,0,0.165,0.512333333,0.498333333,0.15,0,0,0,0,0.160666667,0.547333333,0.515,0.111666667,0,0,0,0,0.119,0.552333333,0.545666667,0.110666667,0,0
HE,y3,0,0,0.098666667,0.58,0.629333333,0.181666667,0,0,0,0,0.121333333,0.592,0.660333333,0.249333333,0,0,0,0,0.158333333,0.595333333,0.636333333,0.262333333,0.001666667,0,0,0.001333333,0.195333333,0.599333333,0.604333333,0.263,0.006333333,0,0,0.008,0.188,0.529333333,0.539333333,0.251666667,0.011666667,0,0,0.010333333,0.184666667,0.513,0.525333333,0.245333333,0.016666667,0,0,0.006666667,0.161666667,0.474666667,0.495,0.235666667,0.016333333,0,0,0.002333333,0.160666667,0.496,0.523333333,0.249333333,0.010333333,0,0,0,0.168333333,0.515666667,0.498666667,0.199666667,0.002,0,0,0,0.204666667,0.615666667,0.597,0.182666667,0,0,0,0,0.157333333,0.537,0.491,0.102666667,0,0,0,0,0.112666667,0.53,0.519666667,0.104666667,0,0
HE,y4,0,0,0.092333333,0.552666667,0.603,0.170333333,0,0,0,0,0.113666667,0.554666667,0.603666667,0.219666667,0,0,0,0,0.155333333,0.589,0.622333333,0.254666667,0.001666667,0,0,0.001,0.157666667,0.502333333,0.526333333,0.221,0.005,0,0,0.007666667,0.178,0.509333333,0.519666667,0.237666667,0.011333333,0,0,0.009666667,0.173333333,0.484,0.492,0.228666667,0.016,0,0,0.005333333,0.135333333,0.406333333,0.427,0.219666667,0.015333333,0,0,0.002333333,0.155333333,0.465,0.481,0.228,0.01,0,0,0,0.169,0.533666667,0.539666667,0.214666667,0.002333333,0,0,0,0.177333333,0.537,0.512666667,0.155333333,0,0,0,0,0.165,0.549,0.519,0.111666667,0,0,0,0,0.114333333,0.542666667,0.541333333,0.109333333,0,0
HE,y5,0,0,0.098333333,0.576333333,0.628333333,0.179333333,0,0,0,0,0.125,0.605666667,0.678,0.258,0,0,0,0,0.150333333,0.585666667,0.625333333,0.247666667,0.001666667,0,0,0.001,0.180333333,0.575666667,0.591333333,0.248,0.005666667,0,0,0.007666667,0.188666667,0.533666667,0.539,0.245666667,0.011666667,0,0,0.009666667,0.180333333,0.501666667,0.513666667,0.248,0.017,0,0,0.006333333,0.154666667,0.448,0.463666667,0.223,0.015333333,0,0,0.002333333,0.153,0.458666667,0.475666667,0.227,0.010333333,0,0,0,0.154333333,0.489333333,0.487333333,0.193666667,0.002333333,0,0,0,0.187666667,0.57,0.550333333,0.166666667,0,0,0,0,0.164,0.555666667,0.522333333,0.112,0,0,0,0,0.117666667,0.549,0.537333333,0.107666667,0,0
HE,y6,0,0,0.091333333,0.546666667,0.593,0.17,0,0,0,0,0.129,0.625333333,0.690666667,0.257666667,0,0,0,0,0.171333333,0.626333333,0.663333333,0.283,0.001666667,0,0,0.001333333,0.183333333,0.569666667,0.597,0.263333333,0.006,0,0,0.007333333,0.188,0.532333333,0.548,0.253333333,0.011666667,0,0,0.010666667,0.186666667,0.514,0.517666667,0.247333333,0.017,0,0,0.006666667,0.155333333,0.455333333,0.487,0.244666667,0.017,0,0,0.002333333,0.146333333,0.451,0.471333333,0.223666667,0.01,0,0,0,0.174333333,0.538666667,0.537,0.219,0.002333333,0,0,0,0.160666667,0.503,0.485333333,0.143333333,0,0,0,0,0.161333333,0.545333333,0.502666667,0.106333333,0,0,0,0,0.116,0.540666667,0.529666667,0.104,0,0
HE,y7,0,0,0.091333333,0.541666667,0.588,0.166,0,0,0,0,0.122,0.590333333,0.655333333,0.24,0,0,0,0,0.176,0.647333333,0.678333333,0.286,0.002,0,0,0.001333333,0.182333333,0.582333333,0.604666667,0.263,0.006,0,0,0.008666667,0.200666667,0.563,0.571,0.268333333,0.013,0,0,0.009333333,0.172666667,0.482666667,0.494,0.224,0.015333333,0,0,0.006666667,0.163666667,0.482333333,0.499333333,0.252333333,0.017333333,0,0,0.002333333,0.165333333,0.494,0.504666667,0.236,0.010333333,0,0,0,0.172,0.531333333,0.531333333,0.214,0.002,0,0,0,0.155,0.486666667,0.457333333,0.136333333,0,0,0,0,0.163333333,0.559666667,0.525,0.112666667,0,0,0,0,0.113666667,0.541666667,0.534333333,0.107333333,0,0
HE,y8,0,0,0.092666667,0.546666667,0.594,0.17,0,0,0,0,0.124333333,0.585,0.637666667,0.236333333,0,0,0,0,0.166666667,0.613666667,0.662,0.281666667,0.001666667,0,0,0.001,0.169,0.538333333,0.577,0.254,0.005666667,0,0,0.007666667,0.180666667,0.518333333,0.529666667,0.24,0.011666667,0,0,0.008333333,0.144,0.408,0.411666667,0.191,0.012666667,0,0,0.007,0.163666667,0.470666667,0.476333333,0.237,0.017333333,0,0,0.002333333,0.164,0.495666667,0.503333333,0.233666667,0.010666667,0,0,0,0.168,0.511,0.514333333,0.204666667,0.002,0,0,0,0.185,0.56,0.53,0.164666667,0,0,0,0,0.17,0.575,0.541,0.115,0,0,0,0,0.108333333,0.506,0.504333333,0.101333333,0,0
HE,y9,0,0,0.094333333,0.569333333,0.621666667,0.174,0,0,0,0,0.115,0.567,0.631666667,0.236666667,0,0,0,0,0.144666667,0.556,0.588333333,0.239666667,0.001666667,0,0,0.001,0.165,0.526666667,0.538333333,0.225,0.005333333,0,0,0.007,0.171333333,0.495,0.496666667,0.218666667,0.010333333,0,0,0.010333333,0.183666667,0.498333333,0.497333333,0.234,0.015666667,0,0,0.006333333,0.147333333,0.433666667,0.460666667,0.227333333,0.016333333,0,0,0.002333333,0.151,0.462,0.486,0.227333333,0.01,0,0,0,0.147666667,0.469333333,0.474333333,0.193,0.002,0,0,0,0.179666667,0.534666667,0.509,0.153,0,0,0,0,0.154666667,0.532,0.499,0.106666667,0,0,0,0,0.114666667,0.546,0.546666667,0.111,0,0
HE,y10,0,0,0.095666667,0.563,0.608666667,0.172666667,0,0,0,0,0.123,0.591333333,0.657,0.242333333,0,0,0,0,0.167,0.619,0.665666667,0.279333333,0.001666667,0,0,0.001333333,0.186333333,0.58,0.605666667,0.261,0.005666667,0,0,0.007666667,0.183333333,0.525333333,0.53,0.243333333,0.011333333,0,0,0.009666667,0.175,0.483666667,0.489,0.233666667,0.015333333,0,0,0.006333333,0.151,0.442666667,0.456666667,0.220666667,0.015333333,0,0,0.002333333,0.137666667,0.435333333,0.454666667,0.215666667,0.009333333,0,0,0.000333333,0.177333333,0.545333333,0.548,0.223,0.002666667,0,0,0,0.192333333,0.578,0.556666667,0.167333333,0,0,0,0,0.159666667,0.537333333,0.506666667,0.109666667,0,0,0,0,0.111333333,0.526666667,0.518666667,0.102666667,0,0
HE,y11,0,0,0.095,0.564666667,0.618666667,0.177666667,0,0,0,0,0.124,0.596333333,0.654,0.240666667,0,0,0,0,0.177333333,0.648333333,0.693666667,0.299333333,0.002,0,0,0.001333333,0.193666667,0.608,0.628333333,0.273666667,0.006333333,0,0,0.007666667,0.188666667,0.531666667,0.543666667,0.252333333,0.012,0,0,0.010333333,0.183333333,0.504,0.51,0.238333333,0.016,0,0,0.006666667,0.163,0.47,0.481666667,0.245666667,0.017666667,0,0,0.002,0.145666667,0.458666667,0.470666667,0.221,0.009666667,0,0,0,0.170333333,0.525333333,0.525666667,0.213666667,0.002333333,0,0,0,0.178666667,0.544666667,0.524666667,0.159333333,0,0,0,0,0.172666667,0.574,0.534666667,0.115666667,0,0,0,0,0.117333333,0.555333333,0.545333333,0.109666667,0,0
HE,y12,0,0,0.088,0.523,0.572666667,0.159333333,0,0,0,0,0.123,0.587666667,0.646333333,0.243666667,0,0,0,0,0.175,0.646333333,0.697,0.292,0.002,0,0,0.001333333,0.189333333,0.595,0.612666667,0.269,0.006,0,0,0.007666667,0.182333333,0.509666667,0.508333333,0.227666667,0.010666667,0,0,0.009666667,0.168666667,0.482666667,0.511,0.241,0.015666667,0,0,0.005666667,0.138,0.415333333,0.447333333,0.222666667,0.015333333,0,0,0.002,0.144666667,0.448333333,0.47,0.223,0.009333333,0,0,0,0.171333333,0.539666667,0.551,0.222666667,0.002333333,0,0,0,0.179666667,0.552666667,0.537333333,0.162,0,0,0,0,0.165,0.557,0.524666667,0.111333333,0,0,0,0,0.114333333,0.533666667,0.522666667,0.103666667,0,0
HE,y13,0,0,0.095666667,0.563,0.61,0.173666667,0,0,0,0,0.12,0.577,0.638,0.235666667,0,0,0,0,0.155666667,0.588333333,0.618,0.255,0.001666667,0,0,0.001333333,0.183666667,0.579333333,0.594666667,0.259666667,0.006,0,0,0.008,0.198666667,0.558,0.572,0.263333333,0.012333333,0,0,0.009666667,0.172666667,0.480333333,0.484,0.231,0.015333333,0,0,0.006666667,0.164333333,0.481666667,0.496333333,0.238333333,0.016666667,0,0,0.002333333,0.156666667,0.475,0.503,0.239666667,0.010333333,0,0,0.000333333,0.175666667,0.532,0.527333333,0.210333333,0.002333333,0,0,0,0.169333333,0.533333333,0.527,0.158333333,0,0,0,0,0.166666667,0.565333333,0.529666667,0.115,0,0,0,0,0.114333333,0.535,0.529666667,0.106,0,0
HE,y14,0,0,0.094666667,0.555666667,0.589333333,0.163,0,0,0,0,0.131666667,0.631666667,0.703333333,0.263666667,0,0,0,0,0.161666667,0.597666667,0.629333333,0.264,0.001666667,0,0,0.001,0.169,0.537333333,0.552,0.238333333,0.005333333,0,0,0.008333333,0.198666667,0.552333333,0.562,0.258333333,0.011666667,0,0,0.009333333,0.167666667,0.471666667,0.476666667,0.217,0.014666667,0,0,0.006666667,0.162333333,0.470666667,0.484666667,0.235666667,0.016666667,0,0,0.002,0.142,0.449333333,0.472666667,0.226,0.01,0,0,0.000333333,0.166333333,0.522666667,0.521,0.203666667,0.002333333,0,0,0,0.191,0.577,0.554333333,0.169333333,0,0,0,0,0.170333333,0.561,0.516,0.111666667,0,0,0,0,0.116333333,0.540666667,0.533666667,0.109,0,0
HE,y15,0,0,0.099666667,0.582333333,0.627333333,0.179666667,0,0,0,0,0.121333333,0.581,0.636333333,0.235666667,0,0,0,0,0.169,0.629333333,0.672666667,0.28,0.002,0,0,0.001333333,0.181333333,0.569333333,0.595,0.257333333,0.005666667,0,0,0.007666667,0.190333333,0.539666667,0.545333333,0.249,0.011666667,0,0,0.010666667,0.190333333,0.514333333,0.526666667,0.260333333,0.018,0,0,0.007,0.161666667,0.459666667,0.469,0.228666667,0.016333333,0,0,0.002333333,0.152333333,0.467333333,0.500333333,0.236333333,0.01,0,0,0,0.154666667,0.500333333,0.518666667,0.210666667,0.002,0,0,0,0.188333333,0.572,0.555666667,0.168,0,0,0,0,0.156,0.539,0.509666667,0.107666667,0,0,0,0,0.116666667,0.543,0.523666667,0.104666667,0,0
HE,y16,0,0,0.096,0.57,0.623666667,0.179666667,0,0,0,0,0.116666667,0.569,0.638333333,0.233666667,0,0,0,0,0.159666667,0.602333333,0.638,0.263666667,0.001666667,0,0,0.001333333,0.178666667,0.574666667,0.585,0.25,0.005666667,0,0,0.007,0.182333333,0.516666667,0.524666667,0.244666667,0.011333333,0,0,0.010333333,0.185666667,0.515333333,0.524,0.247,0.017,0,0,0.006,0.147333333,0.439333333,0.459666667,0.228333333,0.016,0,0,0.002,0.147333333,0.46,0.480666667,0.226666667,0.009666667,0,0,0,0.157333333,0.483,0.485333333,0.196666667,0.002,0,0,0,0.172,0.529333333,0.517,0.158666667,0,0,0,0,0.173666667,0.582333333,0.544,0.117333333,0,0,0,0,0.118333333,0.56,0.554,0.112666667,0,0
HE,y17,0,0,0.1,0.593666667,0.643,0.184,0,0,0,0,0.115,0.564666667,0.637333333,0.240333333,0,0,0,0,0.177,0.656666667,0.694333333,0.292,0.002,0,0,0.001333333,0.189333333,0.590666667,0.608333333,0.265333333,0.006,0,0,0.008333333,0.201333333,0.556333333,0.550666667,0.245,0.011666667,0,0,0.010333333,0.183666667,0.508,0.512333333,0.243666667,0.016666667,0,0,0.005666667,0.145333333,0.445666667,0.472333333,0.226,0.015333333,0,0,0.002333333,0.152333333,0.481333333,0.496666667,0.232,0.01,0,0,0,0.174333333,0.546,0.534333333,0.214666667,0.002,0,0,0,0.179333333,0.550333333,0.525666667,0.162,0,0,0,0,0.135,0.472333333,0.448333333,0.094333333,0,0,0,0,0.112333333,0.535,0.530333333,0.106333333,0,0
HE,y18,0,0,0.093666667,0.557666667,0.609333333,0.174,0,0,0,0,0.128333333,0.620666667,0.695666667,0.261333333,0,0,0,0,0.161,0.608,0.658666667,0.273666667,0.001666667,0,0,0.001,0.184333333,0.575333333,0.598333333,0.259333333,0.005666667,0,0,0.007666667,0.19,0.543,0.548666667,0.253666667,0.012,0,0,0.009,0.165333333,0.466666667,0.474333333,0.224333333,0.015,0,0,0.006,0.148333333,0.433666667,0.456,0.225333333,0.015666667,0,0,0.002,0.152333333,0.468333333,0.480666667,0.227666667,0.01,0,0,0,0.170666667,0.527666667,0.511,0.208,0.002333333,0,0,0,0.195666667,0.582333333,0.560333333,0.173666667,0,0,0,0,0.161666667,0.545333333,0.512666667,0.111333333,0,0,0,0,0.113666667,0.527,0.516333333,0.103666667,0,0
HE,y19,0,0,0.096666667,0.571333333,0.623666667,0.18,0,0,0,0,0.122,0.583333333,0.656,0.252666667,0,0,0,0,0.166,0.611333333,0.662,0.28,0.002,0,0,0.001333333,0.185333333,0.574,0.596,0.267666667,0.006333333,0,0,0.007666667,0.183666667,0.533,0.55,0.260666667,0.012,0,0,0.008333333,0.153666667,0.438,0.442,0.212,0.014333333,0,0,0.006,0.144333333,0.428666667,0.452,0.220333333,0.015333333,0,0,0.002,0.152,0.477666667,0.508,0.231333333,0.009333333,0,0,0,0.161,0.522333333,0.530333333,0.217,0.002,0,0,0,0.182,0.563666667,0.545333333,0.166,0,0,0,0,0.159666667,0.549333333,0.518666667,0.112333333,0,0,0,0,0.119666667,0.561,0.551666667,0.111666667,0,0
HE,y20,0,0,0.094666667,0.558,0.608666667,0.176333333,0,0,0,0,0.115,0.561,0.630333333,0.230666667,0,0,0,0,0.166333333,0.614,0.656333333,0.281666667,0.002,0,0,0.001333333,0.178666667,0.562666667,0.587666667,0.253,0.005666667,0,0,0.008,0.189,0.536,0.548333333,0.254,0.012,0,0,0.009666667,0.170333333,0.468333333,0.456333333,0.219,0.015333333,0,0,0.006333333,0.159333333,0.474333333,0.49,0.238,0.016,0,0,0.002333333,0.162666667,0.492,0.517333333,0.246666667,0.010333333,0,0,0,0.144,0.465333333,0.477333333,0.195666667,0.002,0,0,0,0.169333333,0.536,0.526333333,0.159666667,0,0,0,0,0.153666667,0.527,0.498333333,0.106666667,0,0,0,0,0.116666667,0.549333333,0.536666667,0.106666667,0,0
HE,y21,0,0,0.092333333,0.543666667,0.589,0.169666667,0,0,0,0,0.124,0.589666667,0.649666667,0.247666667,0,0,0,0,0.168333333,0.629666667,0.687333333,0.298,0.001666667,0,0,0.001333333,0.184,0.578333333,0.592,0.253666667,0.006,0,0,0.008,0.19,0.538666667,0.554333333,0.257333333,0.012,0,0,0.009333333,0.167,0.464333333,0.461,0.225666667,0.015333333,0,0,0.006666667,0.158,0.467,0.477,0.231,0.016333333,0,0,0.002333333,0.162333333,0.496333333,0.504666667,0.238333333,0.01,0,0,0,0.161333333,0.493,0.475,0.191333333,0.001666667,0,0,0,0.166,0.514333333,0.501,0.154,0,0,0,0,0.123333333,0.436,0.406666667,0.085333333,0,0,0,0,0.112,0.537666667,0.531333333,0.105333333,0,0
HE,y22,0,0,0.096333333,0.578,0.628,0.176333333,0,0,0,0,0.129333333,0.616,0.669333333,0.245666667,0,0,0,0,0.172333333,0.635,0.688333333,0.294,0.002,0,0,0.001333333,0.184666667,0.587,0.613666667,0.259666667,0.005666667,0,0,0.007666667,0.188,0.529333333,0.549333333,0.258666667,0.012,0,0,0.01,0.179333333,0.499,0.5,0.229666667,0.015333333,0,0,0.005666667,0.136333333,0.412,0.438,0.217666667,0.015,0,0,0.002,0.142,0.454333333,0.481,0.237333333,0.01,0,0,0,0.165333333,0.515,0.507333333,0.197333333,0.002,0,0,0,0.163666667,0.505666667,0.479,0.145333333,0,0,0,0,0.158666667,0.536333333,0.500666667,0.107333333,0,0,0,0,0.112666667,0.525666667,0.518666667,0.104,0,0
HE,y23,0,0,0.092,0.543666667,0.600666667,0.176333333,0,0,0,0,0.125666667,0.596,0.663,0.249666667,0,0,0,0,0.163,0.608666667,0.645333333,0.271,0.001666667,0,0,0.001333333,0.186333333,0.577666667,0.590666667,0.255666667,0.006,0,0,0.008333333,0.202,0.561666667,0.568333333,0.263333333,0.012333333,0,0,0.01,0.179666667,0.494333333,0.497333333,0.240333333,0.016333333,0,0,0.006,0.142666667,0.423666667,0.449666667,0.218333333,0.014666667,0,0,0.002,0.143333333,0.455666667,0.476333333,0.221,0.009333333,0,0,0,0.174333333,0.548,0.571,0.233666667,0.002,0,0,0,0.155333333,0.479,0.459666667,0.141333333,0,0,0,0,0.173333333,0.578666667,0.538333333,0.115333333,0,0,0,0,0.117,0.551333333,0.545666667,0.110333333,0,0
HE,y24,0,0,0.094666667,0.558333333,0.605,0.172666667,0,0,0,0,0.131,0.621333333,0.682,0.257333333,0,0,0,0,0.158,0.595,0.647,0.275,0.001666667,0,0,0.001333333,0.174,0.539333333,0.558333333,0.244666667,0.005666667,0,0,0.007333333,0.176333333,0.508,0.514666667,0.233666667,0.011333333,0,0,0.01,0.18,0.503,0.506,0.236333333,0.016666667,0,0,0.004666667,0.123333333,0.392,0.419,0.205666667,0.014333333,0,0,0.002,0.141,0.449,0.474666667,0.226333333,0.009666667,0,0,0,0.168666667,0.521333333,0.501333333,0.202666667,0.002,0,0,0,0.2,0.59,0.561333333,0.172333333,0,0,0,0,0.161666667,0.552,0.516666667,0.109,0,0,0,0,0.118,0.552,0.543666667,0.109,0,0
HE,y25,0,0,0.095333333,0.56,0.612666667,0.176666667,0,0,0,0,0.118333333,0.574666667,0.64,0.240666667,0,0,0,0,0.170666667,0.618666667,0.651333333,0.276,0.002,0,0,0.001,0.173,0.545666667,0.574333333,0.250666667,0.005333333,0,0,0.008333333,0.200666667,0.559,0.581666667,0.275,0.012666667,0,0,0.01,0.18,0.504,0.512666667,0.248,0.016666667,0,0,0.006333333,0.152666667,0.449333333,0.464,0.225666667,0.015333333,0,0,0.002,0.145666667,0.439666667,0.459666667,0.227333333,0.01,0,0,0.000333333,0.175666667,0.543666667,0.551,0.226333333,0.002333333,0,0,0,0.173333333,0.536,0.524666667,0.161,0,0,0,0,0.157666667,0.538333333,0.504333333,0.107333333,0,0,0,0,0.114333333,0.537333333,0.524666667,0.104,0,0
HE,y26,0,0,0.089666667,0.530333333,0.576666667,0.161333333,0,0,0,0,0.113333333,0.555666667,0.619666667,0.233333333,0,0,0,0,0.167,0.628333333,0.666,0.278666667,0.001666667,0,0,0.001333333,0.195333333,0.604333333,0.624333333,0.275666667,0.006333333,0,0,0.007666667,0.186,0.531,0.537666667,0.244,0.011333333,0,0,0.009666667,0.177666667,0.499,0.503,0.236333333,0.015666667,0,0,0.005666667,0.136666667,0.410666667,0.440333333,0.215666667,0.014333333,0,0,0.002,0.135666667,0.442,0.451,0.211666667,0.009333333,0,0,0,0.164666667,0.509,0.515,0.213666667,0.002333333,0,0,0,0.193333333,0.593666667,0.577,0.174,0,0,0,0,0.159333333,0.526,0.5,0.108,0,0,0,0,0.120666667,0.564333333,0.557,0.111666667,0,0
HI,y1,0,0,0.068333333,0.365666667,0.444666667,0.206666667,0.002,0,0,0,0.061333333,0.370666667,0.465333333,0.233,0.006,0,0,0,0.082333333,0.427,0.507333333,0.268,0.009,0,0,0,0.113,0.494,0.580666667,0.298666667,0.011,0,0,0,0.112,0.433333333,0.482666667,0.23,0.010333333,0,0,0,0.106333333,0.403,0.455666667,0.217666667,0.012666667,0,0,0,0.113333333,0.448333333,0.500666667,0.245,0.015333333,0,0,0,0.095666667,0.406,0.458,0.209333333,0.009666667,0,0,0,0.104,0.426,0.471333333,0.216333333,0.005333333,0,0,0,0.097666667,0.377,0.421666667,0.180333333,0.001,0,0,0,0.122333333,0.418333333,0.438666667,0.171333333,0,0,0,0,0.102333333,0.409333333,0.457333333,0.193666667,0,0
HI,y2,0,0,0.073,0.398666667,0.479333333,0.231666667,0.002333333,0,0,0,0.061,0.349333333,0.435666667,0.221333333,0.005333333,0,0,0,0.086333333,0.458333333,0.556,0.298333333,0.01,0,0,0,0.091666667,0.409,0.457666667,0.219333333,0.008,0,0,0,0.105666667,0.413666667,0.471333333,0.227666667,0.010333333,0,0,0,0.125,0.463333333,0.521333333,0.257666667,0.014666667,0,0,0,0.116,0.458666667,0.521333333,0.267666667,0.017,0,0,0,0.099333333,0.424666667,0.481666667,0.234666667,0.011666667,0,0,0,0.087666667,0.373,0.416,0.185333333,0.005333333,0,0,0,0.122666667,0.446333333,0.478666667,0.203666667,0.001333333,0,0,0,0.114666667,0.409333333,0.445,0.171333333,0,0,0,0,0.090666667,0.384666667,0.432,0.178333333,0,0
HI,y3,0,0,0.077333333,0.412333333,0.5,0.234,0.002666667,0,0,0,0.05,0.287333333,0.354333333,0.179333333,0.005,0,0,0,0.091333333,0.463333333,0.563,0.282333333,0.009,0,0,0,0.101666667,0.449,0.518333333,0.243333333,0.009,0,0,0,0.115666667,0.445666667,0.491,0.224333333,0.010333333,0,0,0,0.105,0.396666667,0.426333333,0.206333333,0.012333333,0,0,0,0.099666667,0.414333333,0.456,0.216,0.013333333,0,0,0,0.096333333,0.41,0.459333333,0.227333333,0.011,0,0,0,0.099333333,0.413666667,0.447,0.191333333,0.004666667,0,0,0,0.132,0.486,0.498333333,0.196,0.001,0,0,0,0.134,0.463333333,0.477333333,0.186,0,0,0,0,0.092666667,0.398333333,0.435,0.171,0,0
HI,y4,0,0,0.064666667,0.350333333,0.425333333,0.200666667,0.002,0,0,0,0.059666667,0.349333333,0.432,0.217666667,0.005666667,0,0,0,0.088666667,0.451333333,0.55,0.286666667,0.009333333,0,0,0,0.115666667,0.492,0.556666667,0.268333333,0.01,0,0,0,0.109666667,0.423666667,0.465333333,0.22,0.010333333,0,0,0,0.112333333,0.429333333,0.478,0.236333333,0.014,0,0,0,0.112666667,0.443,0.510666667,0.262,0.016666667,0,0,0,0.112666667,0.459666667,0.511333333,0.257,0.013,0,0,0,0.104333333,0.436,0.466333333,0.201333333,0.005,0,0,0,0.129666667,0.471,0.498333333,0.204333333,0.001,0,0,0,0.125666667,0.426,0.444,0.169666667,0,0,0,0,0.084,0.347666667,0.381666667,0.163,0,0
HI,y5,0,0,0.058666667,0.331333333,0.406666667,0.189333333,0.002,0,0,0,0.084666667,0.457333333,0.554,0.291,0.007333333,0,0,0,0.085,0.436666667,0.539333333,0.276333333,0.009,0,0,0,0.102,0.440333333,0.512666667,0.251333333,0.009,0,0,0,0.104666667,0.404666667,0.451,0.203333333,0.009,0,0,0,0.118666667,0.439666667,0.484333333,0.243333333,0.014333333,0,0,0,0.11,0.434666667,0.498666667,0.263,0.016333333,0,0,0,0.094666667,0.399,0.450666667,0.215666667,0.011,0,0,0,0.107666667,0.436333333,0.471333333,0.217,0.005666667,0,0,0,0.116,0.443666667,0.477333333,0.197333333,0.001,0,0,0,0.112333333,0.405,0.425333333,0.157333333,0,0,0,0,0.081333333,0.341,0.398,0.171333333,0,0
HI,y6,0,0,0.065666667,0.368666667,0.446333333,0.215333333,0.002,0,0,0,0.058,0.356666667,0.460333333,0.235333333,0.006,0,0,0,0.077333333,0.421666667,0.518,0.276,0.009,0,0,0,0.098333333,0.434333333,0.501666667,0.247,0.009,0,0,0,0.108666667,0.413666667,0.441,0.198333333,0.008666667,0,0,0,0.116,0.433666667,0.485333333,0.243333333,0.014333333,0,0,0,0.102666667,0.409666667,0.472666667,0.246,0.015333333,0,0,0,0.11,0.464,0.520333333,0.244666667,0.012,0,0,0,0.108,0.437,0.483666667,0.226666667,0.005666667,0,0,0,0.106333333,0.402666667,0.427,0.173333333,0.001,0,0,0,0.118333333,0.403333333,0.421666667,0.163,0,0,0,0,0.082,0.364666667,0.422,0.178333333,0,0
HI,y7,0,0,0.066,0.354666667,0.433666667,0.203,0.002333333,0,0,0,0.06,0.362666667,0.466666667,0.239,0.006333333,0,0,0,0.071333333,0.386333333,0.465,0.239,0.008,0,0,0,0.107666667,0.466333333,0.543333333,0.275333333,0.01,0,0,0,0.108,0.415,0.440333333,0.198666667,0.009333333,0,0,0,0.108666667,0.415,0.451333333,0.213666667,0.012666667,0,0,0,0.093666667,0.393,0.446,0.219333333,0.013333333,0,0,0,0.107,0.443,0.500666667,0.247333333,0.012,0,0,0,0.100333333,0.407,0.439,0.193333333,0.004666667,0,0,0,0.127333333,0.473,0.495,0.204666667,0.001,0,0,0,0.134666667,0.448333333,0.469333333,0.185666667,0,0,0,0,0.08,0.353333333,0.407,0.163333333,0,0
HI,y8,0,0,0.075,0.397,0.464666667,0.221,0.002333333,0,0,0,0.077666667,0.431666667,0.517666667,0.264333333,0.007333333,0,0,0,0.088,0.455333333,0.544333333,0.28,0.009333333,0,0,0,0.117666667,0.499333333,0.576666667,0.296,0.011,0,0,0,0.108666667,0.410333333,0.464333333,0.227,0.01,0,0,0,0.115333333,0.431666667,0.477666667,0.240333333,0.014,0,0,0,0.089,0.356666667,0.409333333,0.211333333,0.013666667,0,0,0,0.092,0.392,0.440666667,0.224,0.011,0,0,0,0.088666667,0.368,0.411333333,0.182666667,0.005,0,0,0,0.115666667,0.435666667,0.456,0.183666667,0.001,0,0,0,0.118333333,0.413,0.423333333,0.163,0,0,0,0,0.071,0.307,0.344333333,0.140666667,0,0
HI,y9,0,0,0.074333333,0.394333333,0.463666667,0.217333333,0.002666667,0,0,0,0.073,0.428,0.514333333,0.264333333,0.007333333,0,0,0,0.073333333,0.389,0.459666667,0.235333333,0.008,0,0,0,0.109666667,0.473666667,0.56,0.279,0.010333333,0,0,0,0.116666667,0.448333333,0.496666667,0.234666667,0.010666667,0,0,0,0.117,0.444333333,0.494,0.239666667,0.014,0,0,0,0.117,0.454,0.515,0.271333333,0.018,0,0,0,0.098,0.416,0.463666667,0.227,0.010666667,0,0,0,0.103333333,0.432333333,0.456,0.205666667,0.005333333,0,0,0,0.144,0.509333333,0.534333333,0.223333333,0.001333333,0,0,0,0.123,0.433,0.457666667,0.177333333,0,0,0,0,0.109,0.439333333,0.482333333,0.195666667,0,0
HI,y10,0,0,0.063666667,0.356,0.420666667,0.190333333,0.002,0,0,0,0.067,0.385333333,0.470333333,0.246,0.006666667,0,0,0,0.081666667,0.431333333,0.510333333,0.268,0.008666667,0,0,0,0.102,0.449666667,0.522666667,0.249333333,0.009,0,0,0,0.116666667,0.443,0.491333333,0.238,0.011,0,0,0,0.121333333,0.45,0.514666667,0.259666667,0.014666667,0,0,0,0.106333333,0.430333333,0.483666667,0.236333333,0.014666667,0,0,0,0.106,0.441666667,0.492333333,0.232333333,0.011666667,0,0,0,0.098666667,0.404333333,0.433,0.197,0.005,0,0,0,0.155,0.537333333,0.563333333,0.244666667,0.001333333,0,0,0,0.133,0.452,0.478666667,0.188,0,0,0,0,0.106666667,0.434,0.483,0.195666667,0,0
HI,y11,0,0,0.078,0.421333333,0.495333333,0.233666667,0.003,0,0,0,0.061666667,0.371,0.475,0.25,0.006666667,0,0,0,0.084333333,0.424,0.491333333,0.248333333,0.008333333,0,0,0,0.105666667,0.448666667,0.525666667,0.256666667,0.009666667,0,0,0,0.124666667,0.472666667,0.520666667,0.249333333,0.012,0,0,0,0.108333333,0.413,0.473666667,0.225333333,0.013,0,0,0,0.107,0.421333333,0.465333333,0.241,0.016,0,0,0,0.092,0.394,0.451333333,0.226666667,0.011,0,0,0,0.097666667,0.415,0.462666667,0.215,0.005333333,0,0,0,0.132,0.477,0.512,0.219333333,0.001,0,0,0,0.116666667,0.419666667,0.444666667,0.173,0,0,0,0,0.079,0.355666667,0.394,0.161666667,0,0
HI,y12,0,0,0.063,0.359,0.454333333,0.216666667,0.002333333,0,0,0,0.057,0.344666667,0.454,0.241333333,0.006,0,0,0,0.077333333,0.416,0.495,0.254666667,0.008333333,0,0,0,0.107666667,0.457,0.536,0.263666667,0.009666667,0,0,0,0.125333333,0.471,0.522666667,0.248333333,0.011333333,0,0,0,0.115666667,0.427666667,0.479666667,0.228666667,0.013333333,0,0,0,0.101,0.407666667,0.473,0.243333333,0.016333333,0,0,0,0.092666667,0.392333333,0.419333333,0.202,0.01,0,0,0,0.107666667,0.427,0.469666667,0.222333333,0.006,0,0,0,0.14,0.509666667,0.537666667,0.227,0.001,0,0,0,0.138,0.485,0.52,0.199333333,0,0,0,0,0.083333333,0.351333333,0.403333333,0.168,0,0
HI,y13,0,0,0.058333333,0.317333333,0.406333333,0.199333333,0.002333333,0,0,0,0.082666667,0.467333333,0.579666667,0.304333333,0.008,0,0,0,0.080333333,0.421,0.51,0.266,0.008333333,0,0,0,0.092,0.414333333,0.495333333,0.24,0.008666667,0,0,0,0.103333333,0.411666667,0.453666667,0.213333333,0.01,0,0,0,0.124666667,0.447,0.493,0.246333333,0.014333333,0,0,0,0.118,0.459333333,0.53,0.286,0.018333333,0,0,0,0.096666667,0.398666667,0.449,0.221,0.011,0,0,0,0.106333333,0.436333333,0.476666667,0.216,0.005333333,0,0,0,0.113333333,0.407666667,0.423333333,0.180666667,0.001,0,0,0,0.118666667,0.404333333,0.436666667,0.175,0,0,0,0,0.106666667,0.430333333,0.470666667,0.196666667,0,0
HI,y14,0,0,0.063333333,0.344666667,0.413666667,0.191333333,0.002,0,0,0,0.039,0.234333333,0.302333333,0.154666667,0.004,0,0,0,0.092666667,0.469666667,0.547666667,0.285,0.009,0,0,0,0.105,0.468666667,0.547333333,0.259333333,0.009,0,0,0,0.114666667,0.436666667,0.497333333,0.238,0.010333333,0,0,0,0.099333333,0.379,0.41,0.196666667,0.012,0,0,0,0.104333333,0.432333333,0.492333333,0.244666667,0.015,0,0,0,0.094333333,0.399333333,0.465666667,0.230666667,0.011333333,0,0,0,0.118333333,0.470666667,0.517333333,0.232333333,0.006,0,0,0,0.102,0.393,0.425,0.174,0.001,0,0,0,0.121,0.419666667,0.451666667,0.173,0,0,0,0,0.102666667,0.410333333,0.462666667,0.192,0,0
HI,y15,0,0,0.078666667,0.417666667,0.488666667,0.230666667,0.002333333,0,0,0,0.079,0.445666667,0.560333333,0.298,0.008,0,0,0,0.079666667,0.417,0.501333333,0.25,0.008,0,0,0,0.085,0.383333333,0.446,0.211333333,0.007333333,0,0,0,0.110333333,0.429,0.469666667,0.227666667,0.01,0,0,0,0.108666667,0.407666667,0.459666667,0.229333333,0.013666667,0,0,0,0.107666667,0.435333333,0.490666667,0.247333333,0.015333333,0,0,0,0.092666667,0.383666667,0.453,0.226666667,0.010666667,0,0,0,0.104,0.432333333,0.478,0.223666667,0.005666667,0,0,0,0.115,0.425666667,0.456333333,0.186,0.001,0,0,0,0.116,0.416666667,0.438333333,0.169666667,0,0,0,0,0.098333333,0.412333333,0.453666667,0.183333333,0,0
HI,y16,0,0,0.056,0.323,0.394,0.184,0.002,0,0,0,0.069666667,0.394333333,0.492333333,0.257,0.006666667,0,0,0,0.087666667,0.448333333,0.541333333,0.286333333,0.009333333,0,0,0,0.1,0.426666667,0.494333333,0.245666667,0.008666667,0,0,0,0.115666667,0.445666667,0.501,0.239333333,0.011,0,0,0,0.108,0.407333333,0.47,0.234666667,0.013,0,0,0,0.108666667,0.442666667,0.498666667,0.255,0.016666667,0,0,0,0.099666667,0.421666667,0.462333333,0.211666667,0.010666667,0,0,0,0.116,0.474333333,0.501,0.210333333,0.005333333,0,0,0,0.097,0.378,0.402,0.160666667,0.000666667,0,0,0,0.116333333,0.403,0.407333333,0.158333333,0,0,0,0,0.107,0.440333333,0.485666667,0.198666667,0,0
HI,y17,0,0,0.045666667,0.272,0.329666667,0.151,0.001666667,0,0,0,0.064333333,0.382666667,0.464333333,0.236666667,0.006,0,0,0,0.056333333,0.314666667,0.379333333,0.184666667,0.006,0,0,0,0.099333333,0.445,0.505,0.252666667,0.009333333,0,0,0,0.104666667,0.418333333,0.479,0.234666667,0.010666667,0,0,0,0.112333333,0.427333333,0.471666667,0.239,0.013666667,0,0,0,0.102333333,0.405,0.468333333,0.249333333,0.015666667,0,0,0,0.104666667,0.436,0.490333333,0.242,0.011666667,0,0,0,0.095333333,0.402,0.436666667,0.202666667,0.005333333,0,0,0,0.108,0.399,0.417666667,0.169,0.000666667,0,0,0,0.113333333,0.377,0.394333333,0.159666667,0,0,0,0,0.085333333,0.360333333,0.404666667,0.165333333,0,0
HI,y18,0,0,0.045,0.257,0.316333333,0.144666667,0.001666667,0,0,0,0.045333333,0.297,0.376333333,0.193333333,0.005,0,0,0,0.070666667,0.388333333,0.476333333,0.244666667,0.008,0,0,0,0.103666667,0.449666667,0.519666667,0.249666667,0.009666667,0,0,0,0.118333333,0.453,0.475666667,0.220666667,0.009666667,0,0,0,0.090333333,0.344333333,0.394666667,0.198,0.011333333,0,0,0,0.103666667,0.422,0.488666667,0.249333333,0.015333333,0,0,0,0.097666667,0.422333333,0.474666667,0.219333333,0.010333333,0,0,0,0.117333333,0.472666667,0.515666667,0.234333333,0.005666667,0,0,0,0.148,0.515,0.556666667,0.239666667,0.001333333,0,0,0,0.106666667,0.376666667,0.404333333,0.154,0,0,0,0,0.080333333,0.345,0.379,0.147666667,0,0
HI,y19,0,0,0.063333333,0.360666667,0.437666667,0.2,0.002333333,0,0,0,0.064,0.376666667,0.460333333,0.246,0.006666667,0,0,0,0.089333333,0.469333333,0.556,0.278666667,0.009333333,0,0,0,0.091666667,0.419333333,0.488666667,0.24,0.008666667,0,0,0,0.118,0.460333333,0.501666667,0.239,0.011,0,0,0,0.111333333,0.426666667,0.476333333,0.242333333,0.014333333,0,0,0,0.097666667,0.403,0.457333333,0.225,0.014333333,0,0,0,0.092,0.405,0.465333333,0.229,0.011,0,0,0,0.095,0.405666667,0.447333333,0.194666667,0.004666667,0,0,0,0.123666667,0.453,0.481333333,0.202666667,0.001,0,0,0,0.109333333,0.385333333,0.410333333,0.152,0,0,0,0,0.099333333,0.416,0.459333333,0.185333333,0,0
HI,y20,0,0,0.089666667,0.465666667,0.545333333,0.261,0.003,0,0,0,0.068,0.390666667,0.481666667,0.235,0.006333333,0,0,0,0.075666667,0.420666667,0.501333333,0.247,0.008333333,0,0,0,0.106,0.463,0.535,0.251333333,0.009,0,0,0,0.122333333,0.465666667,0.532333333,0.260333333,0.012,0,0,0,0.109666667,0.411,0.453,0.233,0.013,0,0,0,0.103,0.422333333,0.475,0.242,0.014666667,0,0,0,0.098666667,0.421666667,0.489,0.237333333,0.011333333,0,0,0,0.111,0.455666667,0.491333333,0.229333333,0.005333333,0,0,0,0.132666667,0.478333333,0.499,0.21,0.001,0,0,0,0.125333333,0.437,0.460333333,0.168666667,0,0,0,0,0.069333333,0.298666667,0.338333333,0.135333333,0,0
HI,y21,0,0,0.081,0.422666667,0.497333333,0.234333333,0.002666667,0,0,0,0.064666667,0.387333333,0.476666667,0.24,0.006333333,0,0,0,0.088,0.444,0.548333333,0.282,0.009,0,0,0,0.105333333,0.456333333,0.542,0.273666667,0.009666667,0,0,0,0.123666667,0.471,0.520666667,0.243,0.011333333,0,0,0,0.122333333,0.449,0.509,0.261666667,0.015333333,0,0,0,0.090333333,0.367333333,0.427,0.232,0.014666667,0,0,0,0.112,0.467333333,0.523666667,0.266333333,0.013333333,0,0,0,0.102,0.428666667,0.48,0.212666667,0.005,0,0,0,0.119,0.431,0.457666667,0.181333333,0.001,0,0,0,0.128666667,0.462666667,0.49,0.186333333,0,0,0,0,0.075333333,0.331666667,0.367333333,0.144333333,0,0
HI,y22,0,0,0.049333333,0.270333333,0.322333333,0.141333333,0.001333333,0,0,0,0.059333333,0.348333333,0.436333333,0.215666667,0.005333333,0,0,0,0.081666667,0.423333333,0.499666667,0.248,0.008333333,0,0,0,0.115333333,0.496666667,0.579,0.285666667,0.010666667,0,0,0,0.114333333,0.434666667,0.489666667,0.240333333,0.011,0,0,0,0.119666667,0.440333333,0.489333333,0.241666667,0.014333333,0,0,0,0.110666667,0.440333333,0.505333333,0.259333333,0.016,0,0,0,0.093,0.389666667,0.443333333,0.225,0.011,0,0,0,0.093666667,0.397666667,0.435666667,0.2,0.004666667,0,0,0,0.114,0.417,0.443,0.187,0.001,0,0,0,0.106333333,0.382666667,0.403666667,0.155333333,0,0,0,0,0.073333333,0.327666667,0.369333333,0.152666667,0,0
HI,y23,0,0,0.057666667,0.338333333,0.414,0.193666667,0.002333333,0,0,0,0.058,0.342,0.433666667,0.219333333,0.005666667,0,0,0,0.082333333,0.431666667,0.509,0.250333333,0.008,0,0,0,0.101,0.432,0.500333333,0.242666667,0.009,0,0,0,0.099666667,0.391333333,0.444,0.208,0.009,0,0,0,0.114,0.43,0.483666667,0.237,0.013666667,0,0,0,0.093666667,0.384666667,0.427,0.208666667,0.013333333,0,0,0,0.103333333,0.437,0.496666667,0.245,0.012333333,0,0,0,0.112333333,0.456333333,0.500666667,0.231666667,0.005666667,0,0,0,0.108,0.412333333,0.442333333,0.178,0.001,0,0,0,0.097,0.348333333,0.380666667,0.137,0,0,0,0,0.079,0.342666667,0.395333333,0.159333333,0,0
HI,y24,0,0,0.052,0.309666667,0.375,0.177,0.002,0,0,0,0.066666667,0.393333333,0.500666667,0.254,0.006666667,0,0,0,0.094666667,0.464666667,0.553666667,0.286333333,0.009666667,0,0,0,0.102333333,0.443,0.512,0.249666667,0.009,0,0,0,0.135333333,0.499,0.560666667,0.269333333,0.012,0,0,0,0.096,0.365666667,0.426,0.208,0.011333333,0,0,0,0.086666667,0.361666667,0.411,0.193333333,0.011666667,0,0,0,0.079,0.341333333,0.372666667,0.177666667,0.009,0,0,0,0.106,0.443666667,0.489333333,0.230333333,0.005333333,0,0,0,0.128333333,0.477333333,0.513666667,0.21,0.001,0,0,0,0.134,0.460333333,0.484,0.189666667,0,0,0,0,0.066333333,0.299,0.330666667,0.135333333,0,0
HI,y25,0,0,0.059333333,0.344666667,0.434333333,0.208333333,0.002333333,0,0,0,0.074333333,0.434333333,0.549333333,0.288,0.007666667,0,0,0,0.086666667,0.447333333,0.536666667,0.268666667,0.008666667,0,0,0,0.112666667,0.491,0.578333333,0.288333333,0.010666667,0,0,0,0.110666667,0.433,0.472,0.211,0.009,0,0,0,0.114666667,0.432333333,0.485333333,0.239333333,0.014,0,0,0,0.107666667,0.440333333,0.504333333,0.257,0.015666667,0,0,0,0.089333333,0.383333333,0.443666667,0.213666667,0.01,0,0,0,0.110666667,0.449333333,0.483333333,0.230333333,0.005333333,0,0,0,0.143333333,0.509,0.539333333,0.229333333,0.001333333,0,0,0,0.132666667,0.451666667,0.477,0.183666667,0,0,0,0,0.096,0.404666667,0.452,0.180666667,0,0
HI,y26,0,0,0.071333333,0.395,0.468,0.224,0.002333333,0,0,0,0.071333333,0.415,0.502,0.257,0.007,0,0,0,0.088333333,0.447,0.532,0.264,0.008666667,0,0,0,0.092333333,0.404333333,0.464666667,0.228666667,0.008333333,0,0,0,0.125666667,0.481,0.538333333,0.272333333,0.012333333,0,0,0,0.122,0.454,0.508666667,0.265,0.016,0,0,0,0.122333333,0.476,0.543,0.288,0.018,0,0,0,0.093,0.402,0.443666667,0.200666667,0.009666667,0,0,0,0.115,0.468666667,0.509333333,0.231333333,0.005666667,0,0,0,0.086333333,0.348333333,0.379666667,0.153,0.000666667,0,0,0,0.104,0.387333333,0.428333333,0.163333333,0,0,0,0,0.078,0.335333333,0.383,0.158333333,0,0
HL,y1,0,0,0.140333333,0.56,0.469333333,0.042,0,0,0,0,0.205,0.650666667,0.561,0.103666667,0,0,0,0.001666667,0.272,0.653,0.561333333,0.151666667,0,0,0,0.013,0.306333333,0.614333333,0.511,0.163333333,0.000666667,0,0,0.023666667,0.285333333,0.545,0.472,0.179,0.003666667,0,0,0.028333333,0.287333333,0.530333333,0.460333333,0.184,0.007,0,0,0.020666667,0.241,0.469666667,0.417666667,0.171,0.006,0,0,0.014333333,0.248,0.497666667,0.429333333,0.16,0.002333333,0,0,0.006666667,0.231,0.487666667,0.404666667,0.114,0,0,0,0.001,0.233,0.506666667,0.398333333,0.064333333,0,0,0,0,0.229,0.535,0.371333333,0.023333333,0,0,0,0,0.155333333,0.531666667,0.377666667,0.012666667,0,0
HL,y2,0,0,0.146666667,0.592666667,0.496,0.045333333,0,0,0,0,0.217,0.675333333,0.599333333,0.116333333,0,0,0,0.001333333,0.282,0.674666667,0.583333333,0.155333333,0,0,0,0.012666667,0.298,0.617,0.517333333,0.166666667,0.000666667,0,0,0.025,0.296666667,0.566333333,0.493,0.185,0.003666667,0,0,0.028,0.278666667,0.515,0.445,0.182,0.007,0,0,0.019333333,0.217333333,0.428,0.398333333,0.165,0.005666667,0,0,0.013,0.223,0.467333333,0.416666667,0.158,0.002333333,0,0,0.008333333,0.272,0.558333333,0.457,0.130666667,0,0,0,0.001333333,0.269,0.567,0.436,0.070666667,0,0,0,0,0.237666667,0.549333333,0.384333333,0.024666667,0,0,0,0,0.154333333,0.521333333,0.370333333,0.012666667,0,0
HL,y3,0,0,0.141666667,0.566333333,0.474,0.044333333,0,0,0,0,0.214,0.664333333,0.596,0.117,0,0,0,0.001666667,0.29,0.695333333,0.620333333,0.174666667,0,0,0,0.013666667,0.315,0.634,0.539333333,0.179333333,0.000666667,0,0,0.024,0.284333333,0.536333333,0.464666667,0.174333333,0.003333333,0,0,0.027,0.270333333,0.514,0.453666667,0.185333333,0.007,0,0,0.021,0.246666667,0.485,0.436333333,0.18,0.006333333,0,0,0.011333333,0.198333333,0.414,0.371666667,0.139666667,0.002,0,0,0.007666667,0.27,0.567333333,0.463666667,0.130666667,0,0,0,0.001,0.238333333,0.502333333,0.375,0.061333333,0,0,0,0,0.239,0.565333333,0.396,0.024666667,0,0,0,0,0.159333333,0.540666667,0.386333333,0.013,0,0
HL,y4,0,0,0.149666667,0.595333333,0.494333333,0.045333333,0,0,0,0,0.210666667,0.649666667,0.581333333,0.115,0,0,0,0.001666667,0.289666667,0.686666667,0.599333333,0.163666667,0,0,0,0.013,0.292333333,0.603333333,0.52,0.170333333,0.000666667,0,0,0.023666667,0.278,0.541333333,0.485,0.188333333,0.003666667,0,0,0.025666667,0.259666667,0.481,0.411333333,0.167333333,0.006666667,0,0,0.019333333,0.225666667,0.439333333,0.388666667,0.157,0.005666667,0,0,0.010333333,0.185,0.392666667,0.352333333,0.131666667,0.002,0,0,0.006666667,0.242666667,0.516666667,0.436333333,0.121333333,0,0,0,0.001,0.227666667,0.483,0.380666667,0.061666667,0,0,0,0,0.233,0.551,0.376666667,0.022,0,0,0,0,0.161,0.539,0.381,0.013,0,0
HL,y5,0,0,0.136333333,0.549666667,0.459666667,0.042,0,0,0,0,0.208,0.662,0.595,0.114666667,0,0,0,0.001666667,0.297,0.713333333,0.617666667,0.162666667,0,0,0,0.013333333,0.312,0.636666667,0.546,0.180333333,0.000666667,0,0,0.026333333,0.308333333,0.580333333,0.502666667,0.189,0.003666667,0,0,0.027333333,0.275666667,0.502666667,0.438333333,0.179666667,0.007,0,0,0.020666667,0.238,0.464,0.424333333,0.175,0.006,0,0,0.014,0.235333333,0.479333333,0.427666667,0.159,0.002333333,0,0,0.006666667,0.239333333,0.501333333,0.418333333,0.12,0,0,0,0.001333333,0.264666667,0.556333333,0.437333333,0.069333333,0,0,0,0,0.229666667,0.542666667,0.376666667,0.023333333,0,0,0,0,0.156333333,0.531,0.376333333,0.012666667,0,0
HL,y6,0,0,0.141666667,0.571,0.481666667,0.045,0,0,0,0,0.217333333,0.685,0.608,0.114,0,0,0,0.001333333,0.286333333,0.686333333,0.584666667,0.154333333,0,0,0,0.011666667,0.280333333,0.566,0.474666667,0.157,0.000666667,0,0,0.022333333,0.281,0.533333333,0.462,0.174666667,0.003333333,0,0,0.032666667,0.324,0.592333333,0.521,0.214,0.007666667,0,0,0.021666667,0.242,0.464333333,0.422666667,0.178333333,0.006333333,0,0,0.013666667,0.233,0.480333333,0.421,0.156333333,0.002333333,0,0,0.007666667,0.263,0.549,0.455666667,0.128,0,0,0,0.001,0.237666667,0.504666667,0.388666667,0.062666667,0,0,0,0,0.246,0.569666667,0.394333333,0.025333333,0,0,0,0,0.165666667,0.562,0.405,0.013666667,0,0
HL,y7,0,0,0.147,0.586333333,0.494333333,0.046333333,0,0,0,0,0.220333333,0.681666667,0.610666667,0.117666667,0,0,0,0.001333333,0.273333333,0.662333333,0.556333333,0.145333333,0,0,0,0.014,0.307,0.618333333,0.521,0.172666667,0.000666667,0,0,0.024666667,0.288666667,0.545333333,0.475666667,0.181333333,0.003666667,0,0,0.032,0.317333333,0.581,0.501666667,0.205,0.007666667,0,0,0.019333333,0.221,0.433,0.395666667,0.163,0.005666667,0,0,0.013,0.227666667,0.470333333,0.425333333,0.161666667,0.002333333,0,0,0.008,0.277333333,0.569,0.477,0.135666667,0,0,0,0.001333333,0.264666667,0.556333333,0.443,0.071666667,0,0,0,0,0.237666667,0.559666667,0.392666667,0.024666667,0,0,0,0,0.164333333,0.554,0.395,0.013666667,0,0
HL,y8,0,0,0.129,0.523333333,0.439333333,0.041333333,0,0,0,0,0.207333333,0.651,0.587666667,0.116,0,0,0,0.001666667,0.285333333,0.679,0.586666667,0.157333333,0,0,0,0.011333333,0.262,0.547333333,0.478333333,0.157,0.000666667,0,0,0.025333333,0.299333333,0.564333333,0.481333333,0.182333333,0.003666667,0,0,0.025666667,0.255666667,0.468666667,0.41,0.168666667,0.006666667,0,0,0.02,0.235333333,0.467666667,0.429333333,0.179333333,0.006333333,0,0,0.013,0.223,0.445,0.383,0.15,0.002333333,0,0,0.007666667,0.281,0.579333333,0.486,0.136,0,0,0,0.001,0.244666667,0.519666667,0.389333333,0.061666667,0,0,0,0,0.247,0.586666667,0.412666667,0.025666667,0,0,0,0,0.163666667,0.553,0.396333333,0.014,0,0
HL,y9,0,0,0.141666667,0.572,0.482,0.044333333,0,0,0,0,0.206,0.651,0.584666667,0.112666667,0,0,0,0.001333333,0.288,0.681333333,0.599,0.164333333,0,0,0,0.013333333,0.308333333,0.63,0.551,0.182333333,0.000666667,0,0,0.027666667,0.323,0.603,0.516,0.192333333,0.003666667,0,0,0.027,0.27,0.510666667,0.460666667,0.192666667,0.007,0,0,0.017,0.197333333,0.386666667,0.346333333,0.144,0.005333333,0,0,0.011666667,0.202666667,0.426333333,0.377666667,0.140666667,0.002,0,0,0.007333333,0.249333333,0.508333333,0.41,0.116,0,0,0,0.001333333,0.253666667,0.533333333,0.405333333,0.065333333,0,0,0,0,0.219666667,0.515333333,0.360666667,0.022333333,0,0,0,0,0.156666667,0.532,0.378,0.013,0,0
HL,y10,0,0,0.137666667,0.562333333,0.472666667,0.042333333,0,0,0,0,0.191333333,0.615666667,0.543666667,0.1,0,0,0,0.001333333,0.280666667,0.675333333,0.582333333,0.154666667,0,0,0,0.013333333,0.310666667,0.639666667,0.539666667,0.170333333,0.000666667,0,0,0.023,0.280333333,0.526333333,0.446333333,0.169,0.003333333,0,0,0.031666667,0.314,0.579,0.510333333,0.208,0.007666667,0,0,0.020666667,0.237333333,0.461333333,0.415,0.172666667,0.006,0,0,0.016,0.269,0.534,0.458666667,0.168666667,0.002666667,0,0,0.007,0.244666667,0.514333333,0.419333333,0.114,0,0,0,0.001333333,0.267,0.553333333,0.418666667,0.068666667,0,0,0,0,0.221333333,0.519666667,0.363,0.022666667,0,0,0,0,0.152666667,0.52,0.374333333,0.013,0,0
HL,y11,0,0,0.137666667,0.556,0.460666667,0.041666667,0,0,0,0,0.221666667,0.684666667,0.601333333,0.114333333,0,0,0,0.001666667,0.304666667,0.723333333,0.630333333,0.171666667,0,0,0,0.011333333,0.260333333,0.533666667,0.456333333,0.149333333,0.000666667,0,0,0.023666667,0.277,0.53,0.464333333,0.176666667,0.003666667,0,0,0.028,0.275666667,0.516,0.457333333,0.187333333,0.007,0,0,0.018666667,0.219,0.431,0.384333333,0.156666667,0.005666667,0,0,0.014333333,0.244666667,0.502333333,0.442,0.168666667,0.002333333,0,0,0.007333333,0.259666667,0.527,0.407666667,0.114,0,0,0,0.001,0.272333333,0.58,0.449666667,0.07,0,0,0,0,0.235666667,0.558666667,0.385,0.023666667,0,0,0,0,0.158,0.541333333,0.386,0.013333333,0,0
HL,y12,0,0,0.144,0.578,0.486666667,0.045666667,0,0,0,0,0.214,0.663333333,0.588,0.113333333,0,0,0,0.001666667,0.278,0.662,0.576333333,0.154666667,0,0,0,0.013333333,0.303666667,0.607333333,0.515333333,0.167333333,0.000666667,0,0,0.028,0.324666667,0.607666667,0.52,0.196333333,0.004,0,0,0.022666667,0.230666667,0.442,0.394666667,0.162,0.006333333,0,0,0.021333333,0.241,0.469,0.418,0.169,0.006,0,0,0.013333333,0.239666667,0.489333333,0.442666667,0.168333333,0.002333333,0,0,0.007666667,0.269333333,0.570333333,0.484333333,0.136333333,0,0,0,0.001333333,0.276,0.580666667,0.461666667,0.074333333,0,0,0,0,0.227,0.533666667,0.368666667,0.023,0,0,0,0,0.161,0.547333333,0.393,0.013333333,0,0
HL,y13,0,0,0.139,0.556,0.467333333,0.042333333,0,0,0,0,0.198,0.624333333,0.551666667,0.105333333,0,0,0,0.001333333,0.281,0.675,0.588666667,0.159666667,0,0,0,0.013666667,0.317333333,0.639333333,0.546666667,0.179666667,0.000666667,0,0,0.021666667,0.270333333,0.488666667,0.399666667,0.152,0.003,0,0,0.029666667,0.29,0.540333333,0.473333333,0.194333333,0.007333333,0,0,0.025333333,0.283,0.534333333,0.472333333,0.197666667,0.007333333,0,0,0.015333333,0.253333333,0.506,0.436333333,0.164333333,0.002666667,0,0,0.007333333,0.251,0.519333333,0.430666667,0.121,0,0,0,0.001333333,0.282,0.588666667,0.451,0.073,0,0,0,0,0.251666667,0.584333333,0.407,0.025666667,0,0,0,0,0.156666667,0.526666667,0.373333333,0.012333333,0,0
HL,y14,0,0,0.152333333,0.602,0.504,0.046666667,0,0,0,0,0.212333333,0.660333333,0.584666667,0.112333333,0,0,0,0.001,0.250333333,0.604333333,0.519666667,0.140666667,0,0,0,0.012666667,0.297,0.616,0.536,0.176,0.000666667,0,0,0.025333333,0.295333333,0.548,0.473333333,0.177333333,0.003333333,0,0,0.028333333,0.281666667,0.517333333,0.463333333,0.192333333,0.007333333,0,0,0.019666667,0.23,0.442333333,0.401333333,0.167333333,0.006,0,0,0.015333333,0.256,0.517333333,0.45,0.169666667,0.002666667,0,0,0.007333333,0.245666667,0.519,0.436333333,0.123666667,0,0,0,0.001333333,0.261,0.541333333,0.409666667,0.067666667,0,0,0,0,0.241,0.557666667,0.390666667,0.024333333,0,0,0,0,0.154666667,0.522333333,0.370333333,0.012666667,0,0
HL,y15,0,0,0.136333333,0.549666667,0.460333333,0.042666667,0,0,0,0,0.209666667,0.648333333,0.578,0.113666667,0,0,0,0.001666667,0.278666667,0.663333333,0.569666667,0.153666667,0,0,0,0.014,0.31,0.643666667,0.560666667,0.188,0.000666667,0,0,0.027333333,0.321333333,0.613,0.537,0.201,0.003666667,0,0,0.022666667,0.226,0.415,0.363333333,0.148666667,0.005666667,0,0,0.019,0.225666667,0.442333333,0.4,0.167333333,0.006,0,0,0.014,0.24,0.485666667,0.422333333,0.155,0.002333333,0,0,0.007666667,0.262666667,0.534333333,0.434666667,0.121,0,0,0,0.001333333,0.260666667,0.550333333,0.420333333,0.066,0,0,0,0,0.233,0.557333333,0.389,0.024,0,0,0,0,0.147666667,0.506666667,0.363333333,0.012666667,0,0
HL,y16,0,0,0.140666667,0.563,0.47,0.044,0,0,0,0,0.209666667,0.661666667,0.596,0.116,0,0,0,0.001666667,0.286333333,0.673333333,0.583333333,0.155333333,0,0,0,0.013333333,0.307,0.614,0.512333333,0.165,0.000666667,0,0,0.022666667,0.268333333,0.508333333,0.431666667,0.163333333,0.003333333,0,0,0.03,0.300333333,0.557666667,0.493666667,0.203333333,0.007666667,0,0,0.018333333,0.219666667,0.435666667,0.394333333,0.158,0.005666667,0,0,0.013,0.222666667,0.460666667,0.395,0.145,0.002,0,0,0.008,0.278333333,0.581666667,0.491666667,0.141,0,0,0,0.001333333,0.259333333,0.555,0.423333333,0.067666667,0,0,0,0,0.22,0.521,0.362333333,0.023,0,0,0,0,0.143333333,0.485333333,0.341666667,0.011666667,0,0
HL,y17,0,0,0.143333333,0.580333333,0.485666667,0.044,0,0,0,0,0.202666667,0.643333333,0.584666667,0.112666667,0,0,0,0.001666667,0.302666667,0.712333333,0.593333333,0.153666667,0,0,0,0.013333333,0.309666667,0.630666667,0.536666667,0.173333333,0.000666667,0,0,0.024666667,0.283333333,0.540666667,0.477666667,0.181333333,0.003666667,0,0,0.025666667,0.256,0.485,0.429666667,0.179333333,0.006666667,0,0,0.020666667,0.241,0.472333333,0.436333333,0.176,0.006,0,0,0.014333333,0.248333333,0.508,0.445666667,0.163666667,0.002333333,0,0,0.008,0.279666667,0.579666667,0.486666667,0.136333333,0,0,0,0.001333333,0.266333333,0.556333333,0.425,0.066666667,0,0,0,0,0.227666667,0.536333333,0.381,0.023333333,0,0,0,0,0.164,0.555,0.395,0.013666667,0,0
HL,y18,0,0,0.150666667,0.599,0.499,0.045666667,0,0,0,0,0.209666667,0.658666667,0.581333333,0.11,0,0,0,0.001333333,0.279,0.676,0.586333333,0.156,0,0,0,0.012333333,0.295333333,0.609666667,0.525,0.171666667,0.000666667,0,0,0.025,0.297333333,0.547,0.467,0.178333333,0.003333333,0,0,0.026,0.261,0.488333333,0.428333333,0.176666667,0.006666667,0,0,0.019,0.225333333,0.454333333,0.410666667,0.165333333,0.005666667,0,0,0.015333333,0.257666667,0.518,0.457,0.169333333,0.002666667,0,0,0.006,0.22,0.471,0.398666667,0.112,0,0,0,0.001,0.254333333,0.526333333,0.398666667,0.065,0,0,0,0,0.211666667,0.503333333,0.350666667,0.022,0,0,0,0,0.154333333,0.53,0.382,0.013333333,0,0
HL,y19,0,0,0.146666667,0.589666667,0.492,0.044,0,0,0,0,0.207666667,0.655666667,0.587,0.114,0,0,0,0.001666667,0.304333333,0.721666667,0.628333333,0.169333333,0,0,0,0.013666667,0.310666667,0.625,0.523333333,0.173666667,0.000666667,0,0,0.023,0.279,0.510333333,0.437,0.164333333,0.003,0,0,0.026333333,0.264,0.481333333,0.414,0.172,0.006666667,0,0,0.018,0.209333333,0.412666667,0.384,0.157666667,0.005666667,0,0,0.011333333,0.206333333,0.434666667,0.398666667,0.144,0.002,0,0,0.007,0.246666667,0.524333333,0.441333333,0.124,0,0,0,0.001,0.257,0.559666667,0.441,0.068666667,0,0,0,0,0.209333333,0.499333333,0.348666667,0.022333333,0,0,0,0,0.151666667,0.522,0.374333333,0.012666667,0,0
HL,y20,0,0,0.145333333,0.576333333,0.479666667,0.044,0,0,0,0,0.222666667,0.689333333,0.618,0.119666667,0,0,0,0.001666667,0.301666667,0.704333333,0.596333333,0.159666667,0,0,0,0.014333333,0.331,0.671666667,0.589,0.197,0.000666667,0,0,0.019333333,0.235333333,0.448333333,0.373333333,0.140666667,0.003,0,0,0.029,0.286666667,0.526,0.463,0.189666667,0.007,0,0,0.021,0.247,0.483,0.428,0.174,0.006,0,0,0.013666667,0.242,0.497666667,0.435,0.161333333,0.002333333,0,0,0.007,0.250666667,0.529333333,0.446,0.124333333,0,0,0,0.001333333,0.265333333,0.572666667,0.455333333,0.074,0,0,0,0,0.236666667,0.554666667,0.394333333,0.024666667,0,0,0,0,0.150333333,0.513333333,0.364333333,0.012333333,0,0
HL,y21,0,0,0.143666667,0.574333333,0.481666667,0.044333333,0,0,0,0,0.187666667,0.602666667,0.530666667,0.1,0,0,0,0.001333333,0.278,0.68,0.598,0.162333333,0,0,0,0.013,0.298666667,0.616333333,0.542333333,0.182333333,0.000666667,0,0,0.023333333,0.271666667,0.509,0.436333333,0.168666667,0.003333333,0,0,0.028,0.278333333,0.518333333,0.450333333,0.183,0.007,0,0,0.022333333,0.26,0.502333333,0.457666667,0.187333333,0.006666667,0,0,0.013,0.222,0.454666667,0.406333333,0.152,0.002333333,0,0,0.007,0.246666667,0.519,0.434666667,0.122666667,0,0,0,0.001,0.248333333,0.519666667,0.41,0.066,0,0,0,0,0.242333333,0.566,0.398,0.024333333,0,0,0,0,0.154666667,0.527,0.375333333,0.012666667,0,0
HL,y22,0,0,0.145666667,0.58,0.479666667,0.044,0,0,0,0,0.208333333,0.654666667,0.574666667,0.107333333,0,0,0,0.001333333,0.281,0.666,0.573666667,0.154,0,0,0,0.013,0.304666667,0.611,0.503333333,0.165,0.000666667,0,0,0.022333333,0.264333333,0.51,0.449333333,0.171,0.003333333,0,0,0.025,0.247,0.465333333,0.41,0.168666667,0.006333333,0,0,0.022,0.249666667,0.483666667,0.437,0.184333333,0.006333333,0,0,0.014666667,0.255666667,0.522666667,0.465,0.175666667,0.002666667,0,0,0.005333333,0.202666667,0.432,0.357,0.098666667,0,0,0,0.001333333,0.268666667,0.562333333,0.437333333,0.072,0,0,0,0,0.247333333,0.584,0.409333333,0.025666667,0,0,0,0,0.155,0.525,0.372,0.012666667,0,0
HL,y23,0,0,0.143333333,0.569333333,0.473,0.044333333,0,0,0,0,0.210666667,0.655333333,0.583666667,0.112666667,0,0,0,0.001666667,0.299666667,0.683666667,0.567,0.158,0,0,0,0.013,0.296666667,0.605333333,0.518,0.171666667,0.000666667,0,0,0.026333333,0.300666667,0.573,0.504666667,0.191666667,0.003666667,0,0,0.027,0.268333333,0.503,0.445666667,0.182666667,0.007,0,0,0.023333333,0.264333333,0.507666667,0.460333333,0.191666667,0.006666667,0,0,0.011333333,0.21,0.432,0.380333333,0.137,0.001666667,0,0,0.007,0.250666667,0.52,0.417333333,0.116333333,0,0,0,0.001,0.273,0.57,0.43,0.065666667,0,0,0,0,0.23,0.548666667,0.384333333,0.023666667,0,0,0,0,0.159666667,0.540333333,0.384666667,0.013,0,0
HL,y24,0,0,0.146333333,0.576333333,0.483333333,0.045666667,0,0,0,0,0.219666667,0.673,0.583,0.109,0,0,0,0.001666667,0.292333333,0.688333333,0.612333333,0.170333333,0,0,0,0.013,0.301666667,0.631333333,0.55,0.182,0.000666667,0,0,0.027,0.315333333,0.587,0.493666667,0.184666667,0.003666667,0,0,0.025333333,0.252333333,0.466333333,0.403333333,0.165666667,0.006333333,0,0,0.018666667,0.213333333,0.425666667,0.389,0.157666667,0.005666667,0,0,0.013333333,0.230333333,0.48,0.425333333,0.157,0.002333333,0,0,0.006666667,0.248,0.525,0.44,0.120666667,0,0,0,0.001333333,0.262666667,0.545666667,0.421666667,0.068333333,0,0,0,0,0.230333333,0.542333333,0.377333333,0.022666667,0,0,0,0,0.161666667,0.538,0.379666667,0.013333333,0,0
HL,y25,0,0,0.141333333,0.564333333,0.471333333,0.043666667,0,0,0,0,0.216666667,0.663333333,0.595666667,0.117333333,0,0,0,0.001666667,0.281333333,0.661666667,0.576666667,0.156333333,0,0,0,0.014,0.321,0.649333333,0.553666667,0.183666667,0.000666667,0,0,0.022,0.272,0.514666667,0.450333333,0.174,0.003333333,0,0,0.027,0.274,0.504666667,0.441666667,0.180333333,0.006666667,0,0,0.017333333,0.204,0.415333333,0.383,0.156,0.005333333,0,0,0.009666667,0.173333333,0.37,0.331,0.122,0.002,0,0,0.007666667,0.271,0.558,0.467,0.132333333,0,0,0,0.001333333,0.278333333,0.576,0.444,0.071333333,0,0,0,0,0.232666667,0.539,0.375,0.023333333,0,0,0,0,0.157333333,0.533,0.378,0.012666667,0,0
HL,y26,0,0,0.14,0.558333333,0.466,0.043333333,0,0,0,0,0.198666667,0.618333333,0.545,0.103666667,0,0,0,0.001666667,0.276666667,0.659666667,0.560666667,0.154,0,0,0,0.013,0.307666667,0.635,0.543333333,0.181,0.000666667,0,0,0.025333333,0.301,0.571,0.495,0.188,0.003666667,0,0,0.022666667,0.233,0.433,0.372666667,0.151,0.005666667,0,0,0.024,0.279,0.542333333,0.483666667,0.197333333,0.006666667,0,0,0.011333333,0.196,0.404,0.357,0.131,0.002,0,0,0.005,0.178,0.39,0.327666667,0.090333333,0,0,0,0.001,0.258666667,0.540666667,0.405333333,0.063333333,0,0,0,0,0.218,0.515666667,0.357,0.023,0,0,0,0,0.171,0.567333333,0.401,0.013333333,0,0
HN,y1,0,0,0.057666667,0.299,0.345333333,0.133,0,0,0,0,0.06,0.316333333,0.367666667,0.155,0.001,0,0,0,0.068666667,0.323333333,0.353333333,0.152666667,0.002666667,0,0,0,0.061,0.247,0.271333333,0.123333333,0.003666667,0,0,0.000333333,0.109333333,0.378,0.399,0.182666667,0.007666667,0,0,0.000666667,0.091,0.302333333,0.333666667,0.170666667,0.009333333,0,0,0.000333333,0.121666667,0.411333333,0.456,0.237,0.013666667,0,0,0,0.115,0.412,0.452666667,0.22,0.008666667,0,0,0,0.136333333,0.487,0.500333333,0.216666667,0.003666667,0,0,0,0.095,0.329,0.319333333,0.108666667,0,0,0,0,0.145333333,0.466333333,0.468,0.147333333,0,0,0,0,0.096333333,0.405666667,0.438333333,0.141666667,0,0
HN,y2,0,0,0.05,0.255,0.302666667,0.112333333,0,0,0,0,0.075666667,0.395666667,0.459666667,0.189333333,0.001333333,0,0,0,0.059333333,0.271666667,0.309,0.130666667,0.002,0,0,0,0.079,0.302333333,0.345333333,0.163666667,0.004666667,0,0,0.000333333,0.093,0.317666667,0.339666667,0.166,0.007,0,0,0.001,0.100666667,0.335333333,0.372,0.184,0.009666667,0,0,0.000333333,0.1,0.347666667,0.390666667,0.197666667,0.011333333,0,0,0,0.105333333,0.388,0.436666667,0.214666667,0.008,0,0,0,0.108666667,0.394333333,0.423333333,0.186,0.003,0,0,0,0.135666667,0.455,0.436333333,0.160666667,0.000333333,0,0,0,0.100666667,0.347666667,0.355666667,0.109333333,0,0,0,0,0.096333333,0.406666667,0.438666667,0.145333333,0,0
HN,y3,0,0,0.064666667,0.347666667,0.398333333,0.157333333,0,0,0,0,0.049333333,0.272,0.321666667,0.126,0.001,0,0,0,0.060666667,0.285,0.303,0.126666667,0.002333333,0,0,0,0.076333333,0.295,0.308333333,0.131,0.003666667,0,0,0.000333333,0.115666667,0.377333333,0.41,0.201666667,0.008,0,0,0.000666667,0.098333333,0.318666667,0.351333333,0.181666667,0.010333333,0,0,0.000333333,0.092333333,0.327666667,0.376,0.188333333,0.01,0,0,0,0.112333333,0.410666667,0.446666667,0.218,0.008666667,0,0,0,0.097,0.359666667,0.380333333,0.163333333,0.002666667,0,0,0,0.098333333,0.337,0.330333333,0.122333333,0,0,0,0,0.126,0.412,0.419333333,0.132333333,0,0,0,0,0.055,0.240666667,0.242,0.067666667,0,0
HN,y4,0,0,0.043666667,0.233666667,0.279666667,0.103666667,0,0,0,0,0.056,0.290333333,0.322,0.131666667,0.001,0,0,0,0.055666667,0.261333333,0.289333333,0.122,0.002333333,0,0,0,0.109,0.408,0.448333333,0.207333333,0.005666667,0,0,0.000333333,0.105,0.351666667,0.368,0.169333333,0.007,0,0,0.000666667,0.071666667,0.239333333,0.285666667,0.143,0.007666667,0,0,0.000333333,0.111333333,0.377666667,0.424,0.216,0.012,0,0,0,0.132,0.465,0.502333333,0.238333333,0.009333333,0,0,0,0.120666667,0.428333333,0.444666667,0.195333333,0.003,0,0,0,0.143666667,0.478,0.486333333,0.179666667,0,0,0,0,0.134333333,0.427666667,0.442666667,0.142666667,0,0,0,0,0.091333333,0.382666667,0.405,0.128,0,0
HN,y5,0,0,0.058333333,0.297333333,0.355333333,0.140333333,0,0,0,0,0.070666667,0.354,0.423333333,0.189333333,0.001333333,0,0,0,0.057333333,0.262333333,0.300666667,0.128666667,0.002333333,0,0,0,0.082333333,0.311333333,0.329333333,0.149,0.004,0,0,0.000333333,0.105333333,0.341333333,0.355,0.167,0.007,0,0,0.000666667,0.089666667,0.307666667,0.339666667,0.164333333,0.008666667,0,0,0.000333333,0.089666667,0.316333333,0.360666667,0.177,0.009666667,0,0,0,0.091666667,0.336333333,0.38,0.185666667,0.007333333,0,0,0,0.110666667,0.4,0.433,0.186,0.002666667,0,0,0,0.111666667,0.385666667,0.383333333,0.129333333,0,0,0,0,0.105,0.352,0.356,0.103333333,0,0,0,0,0.117,0.484333333,0.524,0.17,0,0
HN,y6,0,0,0.049,0.264333333,0.305333333,0.113666667,0,0,0,0,0.047666667,0.253666667,0.285666667,0.113666667,0.000666667,0,0,0,0.058666667,0.263,0.297666667,0.135,0.002666667,0,0,0,0.076,0.285666667,0.313333333,0.145,0.004,0,0,0.000333333,0.110666667,0.361333333,0.391666667,0.198333333,0.008333333,0,0,0.001,0.108,0.355333333,0.380333333,0.190333333,0.010666667,0,0,0.000333333,0.130333333,0.432666667,0.483,0.249666667,0.014,0,0,0,0.101333333,0.373666667,0.425333333,0.209,0.007666667,0,0,0,0.113666667,0.412333333,0.436,0.183666667,0.003,0,0,0,0.072,0.268666667,0.263,0.092,0,0,0,0,0.123,0.402,0.412,0.129,0,0,0,0,0.067666667,0.291333333,0.334333333,0.111666667,0,0
HN,y7,0,0,0.048333333,0.261,0.305666667,0.119333333,0,0,0,0,0.057,0.294333333,0.349,0.151333333,0.001333333,0,0,0,0.074333333,0.334333333,0.379333333,0.177,0.003,0,0,0,0.074666667,0.291666667,0.305,0.140666667,0.004,0,0,0.000333333,0.106,0.353666667,0.374,0.184666667,0.008,0,0,0.001,0.098333333,0.323,0.352,0.186333333,0.010333333,0,0,0.000333333,0.127333333,0.426666667,0.478333333,0.245,0.013666667,0,0,0,0.109666667,0.392,0.425666667,0.207333333,0.008333333,0,0,0,0.133,0.474666667,0.459333333,0.194,0.003,0,0,0,0.125333333,0.425333333,0.415666667,0.141333333,0,0,0,0,0.135666667,0.442,0.445333333,0.135333333,0,0,0,0,0.064,0.277,0.304,0.102666667,0,0
HN,y8,0,0,0.074666667,0.386666667,0.429666667,0.163,0,0,0,0,0.047333333,0.255666667,0.310333333,0.133333333,0.001,0,0,0,0.069666667,0.322,0.366,0.164666667,0.003,0,0,0,0.083,0.322666667,0.355,0.162333333,0.004,0,0,0.000333333,0.087333333,0.31,0.335,0.155666667,0.006333333,0,0,0.001,0.111,0.358666667,0.383,0.189666667,0.009666667,0,0,0.000333333,0.096333333,0.331,0.380666667,0.201666667,0.011666667,0,0,0,0.097666667,0.357666667,0.399,0.192,0.008,0,0,0,0.106333333,0.385,0.395,0.174333333,0.003,0,0,0,0.130666667,0.446,0.450333333,0.165333333,0,0,0,0,0.112333333,0.365,0.360333333,0.112,0,0,0,0,0.057333333,0.25,0.278333333,0.087,0,0
HN,y9,0,0,0.074,0.390333333,0.455,0.177333333,0,0,0,0,0.043666667,0.237333333,0.292666667,0.131333333,0.001,0,0,0,0.068333333,0.294666667,0.324333333,0.152,0.003,0,0,0,0.086666667,0.319333333,0.350666667,0.160333333,0.004333333,0,0,0.000333333,0.086,0.299,0.323666667,0.155666667,0.006333333,0,0,0.001,0.111333333,0.368333333,0.402,0.201666667,0.011333333,0,0,0.000333333,0.138666667,0.462,0.498,0.257666667,0.014666667,0,0,0,0.110666667,0.388333333,0.436,0.217333333,0.009,0,0,0,0.119333333,0.439333333,0.473,0.205333333,0.003,0,0,0,0.123,0.435,0.459333333,0.17,0,0,0,0,0.130333333,0.418,0.432,0.135,0,0,0,0,0.108,0.442666667,0.467666667,0.152333333,0,0
HN,y10,0,0,0.056333333,0.289,0.346333333,0.141,0,0,0,0,0.077,0.381666667,0.454333333,0.203333333,0.001666667,0,0,0,0.066666667,0.308,0.355,0.157,0.002666667,0,0,0,0.106666667,0.418,0.454666667,0.207333333,0.005666667,0,0,0.000666667,0.116333333,0.386333333,0.413666667,0.198666667,0.008,0,0,0.001,0.107,0.358666667,0.394666667,0.198,0.011,0,0,0.000333333,0.122333333,0.411666667,0.447333333,0.228,0.012666667,0,0,0,0.111666667,0.396666667,0.440666667,0.219,0.009,0,0,0,0.12,0.435,0.454333333,0.195,0.003,0,0,0,0.156666667,0.518666667,0.512333333,0.181,0,0,0,0,0.137,0.438,0.431,0.132333333,0,0,0,0,0.102,0.403333333,0.425,0.134,0,0
HN,y11,0,0,0.060666667,0.315333333,0.346,0.128,0,0,0,0,0.046666667,0.234666667,0.263,0.114333333,0.001,0,0,0,0.067,0.310333333,0.365333333,0.167666667,0.003,0,0,0,0.114333333,0.412333333,0.438666667,0.212,0.006,0,0,0.000333333,0.088333333,0.312333333,0.350666667,0.166,0.006666667,0,0,0.001,0.105,0.347666667,0.387333333,0.197,0.011,0,0,0.000333333,0.134333333,0.444,0.476333333,0.247333333,0.014666667,0,0,0,0.107,0.386,0.427666667,0.212666667,0.009,0,0,0,0.11,0.399666667,0.420666667,0.183666667,0.002666667,0,0,0,0.126666667,0.45,0.454,0.158,0,0,0,0,0.106666667,0.357666667,0.345333333,0.104666667,0,0,0,0,0.091,0.379333333,0.398333333,0.124333333,0,0
HN,y12,0,0,0.062666667,0.327666667,0.373,0.143666667,0,0,0,0,0.040333333,0.218666667,0.268333333,0.114333333,0.001,0,0,0,0.071333333,0.319,0.365333333,0.164333333,0.003,0,0,0,0.098,0.379333333,0.402333333,0.183666667,0.005,0,0,0.000666667,0.11,0.373,0.412,0.197333333,0.008,0,0,0.001,0.114,0.376333333,0.406,0.200333333,0.011,0,0,0.000333333,0.109333333,0.375,0.426333333,0.228333333,0.013333333,0,0,0,0.127333333,0.452333333,0.493666667,0.243333333,0.009666667,0,0,0,0.125333333,0.446333333,0.467,0.204333333,0.003,0,0,0,0.117333333,0.413333333,0.406,0.146333333,0,0,0,0,0.126666667,0.396666667,0.392333333,0.124,0,0,0,0,0.095333333,0.391666667,0.411333333,0.134666667,0,0
HN,y13,0,0,0.064,0.335,0.383333333,0.153333333,0,0,0,0,0.070666667,0.366333333,0.427,0.185,0.001333333,0,0,0,0.067,0.304,0.357,0.161333333,0.003,0,0,0,0.104333333,0.367333333,0.367,0.169666667,0.004666667,0,0,0.000333333,0.133666667,0.432333333,0.458666667,0.229333333,0.009,0,0,0.001,0.1,0.343666667,0.378666667,0.194333333,0.011,0,0,0.000333333,0.131333333,0.443666667,0.481666667,0.250333333,0.014,0,0,0,0.113333333,0.404666667,0.451666667,0.226666667,0.009333333,0,0,0,0.106666667,0.392,0.41,0.181,0.002666667,0,0,0,0.147666667,0.496666667,0.503333333,0.180333333,0,0,0,0,0.151,0.487666667,0.489,0.152666667,0,0,0,0,0.085,0.339333333,0.366,0.115333333,0,0
HN,y14,0,0,0.057333333,0.295666667,0.327333333,0.120666667,0,0,0,0,0.079666667,0.411666667,0.477666667,0.205,0.001666667,0,0,0,0.085666667,0.384,0.419333333,0.182666667,0.003333333,0,0,0,0.088,0.320666667,0.35,0.165666667,0.004666667,0,0,0.000333333,0.122333333,0.404666667,0.437333333,0.209333333,0.008666667,0,0,0.001,0.103333333,0.349,0.387666667,0.201,0.011666667,0,0,0.000333333,0.127333333,0.433,0.476666667,0.245666667,0.013666667,0,0,0,0.115,0.408,0.443,0.219666667,0.009,0,0,0,0.120333333,0.434666667,0.455666667,0.199666667,0.003,0,0,0,0.13,0.444666667,0.432,0.147666667,0,0,0,0,0.116,0.391666667,0.389666667,0.114333333,0,0,0,0,0.116333333,0.462333333,0.489666667,0.153,0,0
HN,y15,0,0,0.079,0.408333333,0.468,0.183666667,0,0,0,0,0.043666667,0.245,0.311,0.138666667,0.001,0,0,0,0.077333333,0.332,0.368666667,0.168,0.003333333,0,0,0,0.096666667,0.367666667,0.388666667,0.17,0.004666667,0,0,0.000333333,0.096,0.332666667,0.366,0.173,0.007,0,0,0.001,0.122,0.393666667,0.432,0.219666667,0.012333333,0,0,0.000333333,0.111666667,0.379,0.415666667,0.221666667,0.013,0,0,0,0.123666667,0.448,0.503333333,0.252666667,0.01,0,0,0,0.124666667,0.452,0.453666667,0.2,0.003,0,0,0,0.134666667,0.457,0.449,0.155666667,0,0,0,0,0.136333333,0.444,0.444,0.135,0,0,0,0,0.078,0.331666667,0.349,0.107666667,0,0
HN,y16,0,0,0.058,0.308,0.355,0.135,0,0,0,0,0.054,0.281333333,0.335,0.145,0.001333333,0,0,0,0.082666667,0.359666667,0.411,0.186666667,0.003333333,0,0,0,0.071333333,0.279,0.331333333,0.154333333,0.004333333,0,0,0.000333333,0.088333333,0.308,0.331666667,0.159333333,0.006333333,0,0,0.000666667,0.090333333,0.309,0.331,0.156666667,0.009333333,0,0,0.000333333,0.122,0.422333333,0.466333333,0.234333333,0.013,0,0,0,0.125666667,0.445666667,0.489666667,0.239333333,0.01,0,0,0,0.100333333,0.367333333,0.376,0.168333333,0.003,0,0,0,0.108666667,0.377333333,0.370666667,0.126333333,0,0,0,0,0.161666667,0.509333333,0.507,0.159333333,0,0,0,0,0.099333333,0.401333333,0.413,0.132,0,0
HN,y17,0,0,0.067,0.362333333,0.4,0.141333333,0,0,0,0,0.069666667,0.365,0.437,0.193666667,0.001333333,0,0,0,0.077,0.348,0.397333333,0.168666667,0.003333333,0,0,0,0.107666667,0.396,0.415333333,0.181333333,0.005,0,0,0.000666667,0.120333333,0.395,0.409333333,0.196333333,0.008333333,0,0,0.000666667,0.097333333,0.330666667,0.367333333,0.182666667,0.01,0,0,0.000333333,0.124666667,0.428666667,0.477333333,0.250333333,0.014666667,0,0,0,0.117333333,0.42,0.471666667,0.234,0.009666667,0,0,0,0.099,0.381333333,0.407666667,0.179333333,0.003,0,0,0,0.111,0.386666667,0.385666667,0.132666667,0,0,0,0,0.139666667,0.459333333,0.439,0.131666667,0,0,0,0,0.099,0.418333333,0.457,0.143333333,0,0
HN,y18,0,0,0.048333333,0.266,0.292,0.1,0,0,0,0,0.044666667,0.244,0.293,0.125666667,0.001,0,0,0,0.057333333,0.258333333,0.301,0.138333333,0.002666667,0,0,0,0.095666667,0.362,0.386666667,0.181333333,0.005,0,0,0.000333333,0.088,0.301333333,0.319,0.155666667,0.006333333,0,0,0.001,0.095666667,0.330666667,0.359,0.180333333,0.010333333,0,0,0.000333333,0.124333333,0.426333333,0.465,0.229333333,0.013333333,0,0,0,0.107666667,0.392666667,0.434333333,0.212333333,0.009,0,0,0,0.109666667,0.411333333,0.437666667,0.184333333,0.003,0,0,0,0.132,0.462333333,0.486,0.170666667,0,0,0,0,0.106333333,0.343666667,0.34,0.103333333,0,0,0,0,0.072,0.303333333,0.317333333,0.095666667,0,0
HN,y19,0,0,0.070666667,0.374,0.428333333,0.162666667,0,0,0,0,0.039666667,0.226,0.274,0.110333333,0.001,0,0,0,0.088,0.406,0.453333333,0.202,0.003666667,0,0,0,0.087,0.337,0.382333333,0.181333333,0.005,0,0,0.000333333,0.104,0.341333333,0.367333333,0.182,0.007333333,0,0,0.001,0.113666667,0.380333333,0.410666667,0.208333333,0.011333333,0,0,0.000333333,0.136,0.465666667,0.507666667,0.255,0.014666667,0,0,0,0.119666667,0.420666667,0.465,0.226333333,0.009,0,0,0,0.101333333,0.374666667,0.388,0.167666667,0.002666667,0,0,0,0.142,0.496,0.510333333,0.183,0,0,0,0,0.116,0.390666667,0.399666667,0.122333333,0,0,0,0,0.117666667,0.477,0.504333333,0.162333333,0,0
HN,y20,0,0,0.085666667,0.439333333,0.507,0.202333333,0,0,0,0,0.054333333,0.273333333,0.299666667,0.119333333,0.001,0,0,0,0.067,0.31,0.341,0.146333333,0.003,0,0,0,0.084333333,0.331,0.343666667,0.156,0.004333333,0,0,0.000333333,0.099666667,0.349,0.362333333,0.163666667,0.006666667,0,0,0.000666667,0.093666667,0.321333333,0.357,0.173666667,0.009666667,0,0,0.000333333,0.109,0.374,0.420333333,0.207333333,0.011666667,0,0,0,0.096333333,0.356,0.404333333,0.200333333,0.008,0,0,0,0.106,0.398333333,0.435,0.192333333,0.003,0,0,0,0.153,0.512333333,0.521333333,0.195333333,0,0,0,0,0.082333333,0.285666667,0.301333333,0.092666667,0,0,0,0,0.096333333,0.407333333,0.44,0.142333333,0,0
HN,y21,0,0,0.065333333,0.338333333,0.385666667,0.147666667,0,0,0,0,0.056666667,0.304666667,0.373,0.161333333,0.001,0,0,0,0.054,0.249666667,0.284333333,0.126666667,0.002333333,0,0,0,0.104666667,0.383666667,0.392666667,0.172,0.005,0,0,0.000333333,0.088,0.303,0.315333333,0.154,0.006333333,0,0,0.001,0.097,0.336,0.367666667,0.182,0.010333333,0,0,0.000333333,0.093666667,0.322333333,0.359333333,0.177333333,0.010666667,0,0,0,0.109666667,0.397666667,0.442666667,0.221333333,0.009333333,0,0,0,0.1,0.373666667,0.391333333,0.171333333,0.002666667,0,0,0,0.131333333,0.447666667,0.462333333,0.167,0,0,0,0,0.068666667,0.244,0.255333333,0.074,0,0,0,0,0.069666667,0.298333333,0.306,0.09,0,0
HN,y22,0,0,0.044333333,0.253,0.288333333,0.106666667,0,0,0,0,0.081333333,0.412,0.472,0.209,0.001666667,0,0,0,0.074666667,0.338,0.377666667,0.160666667,0.003,0,0,0,0.08,0.305666667,0.319666667,0.145333333,0.004333333,0,0,0.000333333,0.094333333,0.312666667,0.344,0.166666667,0.006666667,0,0,0.001,0.114333333,0.382666667,0.414333333,0.206,0.011666667,0,0,0.000333333,0.113,0.388,0.429666667,0.213333333,0.012,0,0,0,0.111333333,0.399,0.442,0.209333333,0.008333333,0,0,0,0.121666667,0.449333333,0.466666667,0.2,0.003,0,0,0,0.079333333,0.295333333,0.293333333,0.097333333,0,0,0,0,0.071333333,0.252666667,0.263333333,0.078333333,0,0,0,0,0.098,0.398,0.416666667,0.13,0,0
HN,y23,0,0,0.055333333,0.295666667,0.339,0.129666667,0,0,0,0,0.074333333,0.378333333,0.441,0.186333333,0.001666667,0,0,0,0.050333333,0.238,0.260333333,0.110666667,0.002,0,0,0,0.102666667,0.380333333,0.412,0.193666667,0.005333333,0,0,0.000666667,0.123,0.412,0.437666667,0.210333333,0.008666667,0,0,0.000666667,0.073,0.257,0.279333333,0.137333333,0.007666667,0,0,0.000333333,0.119333333,0.405333333,0.449333333,0.230666667,0.013,0,0,0,0.113666667,0.406333333,0.447333333,0.219,0.008666667,0,0,0,0.103,0.389666667,0.417333333,0.185333333,0.002666667,0,0,0,0.089333333,0.328666667,0.326333333,0.111333333,0,0,0,0,0.105333333,0.353,0.363666667,0.112666667,0,0,0,0,0.092333333,0.386666667,0.408,0.129666667,0,0
HN,y24,0,0,0.046,0.246,0.300666667,0.116333333,0,0,0,0,0.073333333,0.385,0.477,0.210666667,0.001333333,0,0,0,0.081333333,0.357,0.411666667,0.19,0.003333333,0,0,0,0.106333333,0.392333333,0.435333333,0.199666667,0.005333333,0,0,0.000333333,0.110666667,0.371666667,0.406333333,0.194333333,0.007666667,0,0,0.001,0.105666667,0.351,0.381333333,0.190333333,0.011,0,0,0.000333333,0.121,0.413666667,0.459,0.228666667,0.013,0,0,0,0.110333333,0.400666667,0.457666667,0.225666667,0.009,0,0,0,0.101666667,0.386666667,0.408333333,0.172666667,0.002666667,0,0,0,0.115333333,0.392333333,0.397666667,0.147666667,0,0,0,0,0.112333333,0.370666667,0.364666667,0.110333333,0,0,0,0,0.062333333,0.260333333,0.275,0.08,0,0
HN,y25,0,0,0.043,0.230666667,0.274333333,0.106333333,0,0,0,0,0.028,0.156,0.198666667,0.087333333,0.000666667,0,0,0,0.065,0.304666667,0.350333333,0.157666667,0.003,0,0,0,0.086,0.327,0.362,0.16,0.004333333,0,0,0.000333333,0.090666667,0.317666667,0.34,0.154333333,0.006333333,0,0,0.001,0.099666667,0.337333333,0.371,0.188333333,0.010333333,0,0,0.000333333,0.101666667,0.352,0.390666667,0.194,0.011333333,0,0,0,0.136,0.478666667,0.512333333,0.252333333,0.01,0,0,0,0.135333333,0.488333333,0.52,0.231333333,0.003333333,0,0,0,0.113,0.383,0.388,0.142666667,0,0,0,0,0.144333333,0.463666667,0.479666667,0.153333333,0,0,0,0,0.088333333,0.349666667,0.366333333,0.115333333,0,0
HN,y26,0,0,0.049333333,0.265666667,0.304333333,0.113666667,0,0,0,0,0.059333333,0.325,0.370333333,0.151666667,0.001333333,0,0,0,0.056333333,0.267333333,0.314666667,0.142333333,0.002666667,0,0,0,0.108666667,0.403666667,0.437,0.192333333,0.005,0,0,0.000333333,0.118,0.385666667,0.404,0.195333333,0.008,0,0,0.001,0.095333333,0.321333333,0.362666667,0.182,0.010333333,0,0,0.000333333,0.102666667,0.360666667,0.4,0.205,0.011666667,0,0,0,0.124,0.451333333,0.501666667,0.247,0.01,0,0,0,0.078666667,0.299666667,0.323333333,0.148,0.003,0,0,0,0.093666667,0.335666667,0.333,0.107,0,0,0,0,0.115666667,0.377,0.374666667,0.120333333,0,0,0,0,0.07,0.310666667,0.328666667,0.094666667,0,0
JL,y1,0,0,0.150666667,0.602666667,0.543333333,0.082333333,0,0,0,0,0.194666667,0.654333333,0.606333333,0.143333333,0,0,0,0.000333333,0.244333333,0.657666667,0.610666667,0.192666667,0,0,0,0.008666667,0.270333333,0.623333333,0.566333333,0.194666667,0.001,0,0,0.016333333,0.251666667,0.541,0.496666667,0.193,0.004,0,0,0.020666667,0.250666667,0.531333333,0.478333333,0.198333333,0.007,0,0,0.014333333,0.200666667,0.433333333,0.414666667,0.179333333,0.006666667,0,0,0.009666667,0.210333333,0.487666667,0.46,0.177,0.002666667,0,0,0.004333333,0.245,0.555,0.486666667,0.153666667,0,0,0,0.000333333,0.224,0.520333333,0.437333333,0.089333333,0,0,0,0,0.238,0.583333333,0.449,0.048,0,0,0,0,0.16,0.543,0.432666667,0.035666667,0,0
JL,y2,0,0,0.152,0.605666667,0.550333333,0.084,0,0,0,0,0.2,0.663666667,0.630333333,0.158,0,0,0,0.000333333,0.251333333,0.671666667,0.619,0.191,0,0,0,0.008333333,0.262,0.612666667,0.554666667,0.194333333,0.001,0,0,0.017333333,0.258333333,0.547,0.499333333,0.196666667,0.003666667,0,0,0.022,0.261,0.534666667,0.492,0.208333333,0.007,0,0,0.013333333,0.189333333,0.423666667,0.407,0.171,0.006333333,0,0,0.009666667,0.213666667,0.484666667,0.440666667,0.169666667,0.002666667,0,0,0.004333333,0.249666667,0.575333333,0.523333333,0.168666667,0,0,0,0.000333333,0.253333333,0.583333333,0.491,0.099,0,0,0,0,0.223333333,0.551666667,0.434,0.048333333,0,0,0,0,0.163666667,0.560333333,0.45,0.037,0,0
JL,y3,0,0,0.153666667,0.614333333,0.562333333,0.086333333,0,0,0,0,0.197333333,0.659666667,0.625333333,0.154,0,0,0,0.000666667,0.255666667,0.675666667,0.645333333,0.207666667,0,0,0,0.009666667,0.285666667,0.637666667,0.573,0.201333333,0.001,0,0,0.017333333,0.255666667,0.529666667,0.476666667,0.186,0.003666667,0,0,0.021,0.251,0.512333333,0.474666667,0.2,0.007333333,0,0,0.016666667,0.237,0.508333333,0.485333333,0.207333333,0.007333333,0,0,0.009,0.194666667,0.452333333,0.43,0.172,0.002666667,0,0,0.004,0.241,0.556666667,0.495333333,0.152,0,0,0,0.000333333,0.245333333,0.570666667,0.465666667,0.095,0,0,0,0,0.223333333,0.556,0.434,0.046,0,0,0,0,0.163666667,0.554333333,0.446333333,0.038,0,0
JL,y4,0,0,0.151,0.607333333,0.557333333,0.086333333,0,0,0,0,0.189333333,0.624,0.595,0.150666667,0,0,0,0.000333333,0.253,0.674333333,0.646333333,0.207,0,0,0,0.008,0.249,0.572333333,0.535,0.188333333,0.000666667,0,0,0.017333333,0.254666667,0.544666667,0.511333333,0.208666667,0.004,0,0,0.019666667,0.234,0.494666667,0.449666667,0.189666667,0.007,0,0,0.011666667,0.167666667,0.369333333,0.352,0.153,0.005333333,0,0,0.008,0.17,0.406,0.390333333,0.154666667,0.002333333,0,0,0.004,0.220666667,0.504333333,0.445666667,0.143333333,0,0,0,0.000333333,0.236333333,0.56,0.472333333,0.095,0,0,0,0,0.222333333,0.548666667,0.423333333,0.045333333,0,0,0,0,0.158666667,0.542666667,0.441,0.037333333,0,0
JL,y5,0,0,0.149,0.604666667,0.554,0.084666667,0,0,0,0,0.192,0.645666667,0.619666667,0.153,0,0,0,0.000333333,0.241,0.660333333,0.622666667,0.192666667,0,0,0,0.008333333,0.255666667,0.611333333,0.568333333,0.200333333,0.001,0,0,0.019333333,0.288666667,0.602333333,0.530666667,0.208,0.004,0,0,0.020333333,0.243333333,0.506333333,0.456666667,0.195333333,0.007,0,0,0.015,0.219333333,0.477666667,0.451666667,0.188666667,0.006666667,0,0,0.01,0.216333333,0.490666667,0.456333333,0.184,0.003,0,0,0.004333333,0.250333333,0.585,0.524333333,0.163666667,0,0,0,0.000333333,0.253,0.574333333,0.478666667,0.098333333,0,0,0,0,0.217666667,0.538,0.425333333,0.047,0,0,0,0,0.167666667,0.571666667,0.458666667,0.037666667,0,0
JL,y6,0,0,0.144666667,0.6,0.549666667,0.082666667,0,0,0,0,0.200666667,0.682333333,0.640333333,0.153333333,0,0,0,0.000333333,0.258666667,0.681,0.619666667,0.189666667,0,0,0,0.008666667,0.259666667,0.589333333,0.533666667,0.184,0.000666667,0,0,0.016333333,0.253333333,0.536666667,0.488333333,0.196333333,0.003666667,0,0,0.022,0.255333333,0.527,0.507333333,0.217666667,0.007666667,0,0,0.015333333,0.219333333,0.480666667,0.469666667,0.206,0.007333333,0,0,0.009666667,0.207333333,0.469,0.438333333,0.173,0.002666667,0,0,0.004,0.243,0.56,0.496666667,0.157666667,0,0,0,0.000333333,0.239666667,0.563333333,0.469333333,0.095,0,0,0,0,0.227,0.563,0.451666667,0.05,0,0,0,0,0.169666667,0.586,0.478333333,0.039333333,0,0
JL,y7,0,0,0.155,0.630333333,0.574,0.087,0,0,0,0,0.201,0.689,0.664666667,0.164,0,0,0,0.000333333,0.263333333,0.688333333,0.634666667,0.193,0,0,0,0.009666667,0.288,0.642666667,0.572333333,0.203,0.001,0,0,0.018,0.269666667,0.578,0.518333333,0.201333333,0.003666667,0,0,0.021,0.251666667,0.532333333,0.495,0.211333333,0.007666667,0,0,0.015333333,0.226333333,0.493666667,0.461,0.197666667,0.007,0,0,0.01,0.216,0.488666667,0.457666667,0.184333333,0.002666667,0,0,0.004333333,0.250666667,0.575,0.526666667,0.171,0,0,0,0.000333333,0.244,0.563,0.476333333,0.094333333,0,0,0,0,0.233666667,0.577333333,0.453333333,0.048333333,0,0,0,0,0.170333333,0.579333333,0.474333333,0.040333333,0,0
JL,y8,0,0,0.138666667,0.559333333,0.508,0.078333333,0,0,0,0,0.191666667,0.641666667,0.619666667,0.157333333,0,0,0,0.000333333,0.252,0.663,0.619,0.196,0,0,0,0.008,0.243,0.563333333,0.488666667,0.172,0.000666667,0,0,0.019666667,0.289666667,0.610333333,0.546,0.214666667,0.004,0,0,0.019666667,0.236333333,0.483,0.419,0.176666667,0.006666667,0,0,0.015666667,0.224333333,0.492,0.461,0.197666667,0.007,0,0,0.009333333,0.209666667,0.477333333,0.446,0.177333333,0.003,0,0,0.004333333,0.260333333,0.598666667,0.536,0.169666667,0,0,0,0.000333333,0.244,0.554,0.439,0.085,0,0,0,0,0.238333333,0.592333333,0.451,0.047666667,0,0,0,0,0.169333333,0.583333333,0.474333333,0.04,0,0
JL,y9,0,0,0.140666667,0.581333333,0.541666667,0.082333333,0,0,0,0,0.189333333,0.646333333,0.614,0.151,0,0,0,0.000333333,0.245,0.653,0.609333333,0.192333333,0,0,0,0.008333333,0.258,0.599,0.528333333,0.180333333,0.001,0,0,0.017333333,0.261,0.564666667,0.525666667,0.207666667,0.004,0,0,0.019666667,0.234666667,0.490333333,0.459333333,0.196666667,0.007,0,0,0.013666667,0.196666667,0.425,0.405333333,0.181333333,0.006333333,0,0,0.01,0.217333333,0.5,0.469333333,0.185333333,0.002666667,0,0,0.004333333,0.234,0.525666667,0.469,0.150333333,0,0,0,0.000333333,0.232,0.544,0.455333333,0.089666667,0,0,0,0,0.215333333,0.541,0.430666667,0.046333333,0,0,0,0,0.163666667,0.555,0.443,0.036666667,0,0
JL,y10,0,0,0.145333333,0.586666667,0.535,0.081333333,0,0,0,0,0.176666667,0.610333333,0.584666667,0.139666667,0,0,0,0.000333333,0.261666667,0.690666667,0.631666667,0.195,0,0,0,0.009,0.273666667,0.639333333,0.589,0.209,0.001,0,0,0.017333333,0.264333333,0.550333333,0.499333333,0.193,0.003666667,0,0,0.020333333,0.243333333,0.515,0.493,0.208666667,0.007,0,0,0.014333333,0.202333333,0.451,0.429666667,0.187,0.006666667,0,0,0.011,0.235,0.531333333,0.496333333,0.195666667,0.003,0,0,0.004,0.244666667,0.556666667,0.485666667,0.149333333,0,0,0,0.000333333,0.265666667,0.595666667,0.484666667,0.098333333,0,0,0,0,0.212,0.515,0.400666667,0.041666667,0,0,0,0,0.155666667,0.540666667,0.446,0.038,0,0
JL,y11,0,0,0.143333333,0.577,0.527,0.081333333,0,0,0,0,0.201666667,0.669333333,0.640333333,0.159666667,0,0,0,0.000666667,0.264333333,0.686666667,0.642,0.204,0,0,0,0.008666667,0.262333333,0.597,0.531666667,0.188333333,0.001,0,0,0.017,0.251,0.534333333,0.506333333,0.204333333,0.004,0,0,0.017,0.206333333,0.454,0.426,0.184,0.006333333,0,0,0.012666667,0.182333333,0.415333333,0.398666667,0.173666667,0.006333333,0,0,0.008333333,0.192,0.458,0.435666667,0.169333333,0.002666667,0,0,0.004,0.242333333,0.570666667,0.493666667,0.153333333,0,0,0,0.000333333,0.257,0.585666667,0.492666667,0.097,0,0,0,0,0.235,0.577,0.453333333,0.047333333,0,0,0,0,0.165,0.566333333,0.461333333,0.038666667,0,0
JL,y12,0,0,0.149333333,0.605333333,0.558,0.086,0,0,0,0,0.188666667,0.637666667,0.618333333,0.156333333,0,0,0,0.000333333,0.257333333,0.675,0.630333333,0.2,0,0,0,0.009,0.258333333,0.590666667,0.545,0.191,0.001,0,0,0.018333333,0.272666667,0.587666667,0.536666667,0.209666667,0.004,0,0,0.019333333,0.235666667,0.506333333,0.466333333,0.196,0.007,0,0,0.014666667,0.213333333,0.465,0.428333333,0.184,0.006666667,0,0,0.009333333,0.201333333,0.477333333,0.467666667,0.187,0.002666667,0,0,0.004,0.246,0.571666667,0.516333333,0.160666667,0,0,0,0.000333333,0.254666667,0.592,0.497,0.1,0,0,0,0,0.232,0.571333333,0.444666667,0.049,0,0,0,0,0.162666667,0.554666667,0.449,0.037333333,0,0
JL,y13,0,0,0.144666667,0.577666667,0.526333333,0.080666667,0,0,0,0,0.185,0.629,0.604666667,0.151,0,0,0,0.000333333,0.243666667,0.640666667,0.597,0.186,0,0,0,0.009,0.278333333,0.642,0.58,0.204666667,0.001,0,0,0.017333333,0.262,0.537,0.484666667,0.194,0.003666667,0,0,0.022666667,0.262,0.550333333,0.519,0.216333333,0.007333333,0,0,0.014666667,0.215666667,0.480333333,0.465666667,0.201,0.007,0,0,0.01,0.213333333,0.483666667,0.454666667,0.179333333,0.002666667,0,0,0.004,0.227666667,0.524,0.463333333,0.146666667,0,0,0,0.000333333,0.268,0.608,0.502333333,0.101333333,0,0,0,0,0.236666667,0.577666667,0.444666667,0.048,0,0,0,0,0.163,0.546666667,0.435,0.035333333,0,0
JL,y14,0,0,0.156333333,0.624333333,0.573,0.088333333,0,0,0,0,0.202,0.676,0.647333333,0.160666667,0,0,0,0.000333333,0.233,0.622666667,0.581666667,0.180666667,0,0,0,0.008,0.244333333,0.574,0.545333333,0.195333333,0.001,0,0,0.016666667,0.261,0.559666667,0.502,0.198666667,0.003666667,0,0,0.020666667,0.243333333,0.498,0.458333333,0.197333333,0.007,0,0,0.012666667,0.191666667,0.424333333,0.412666667,0.177333333,0.005666667,0,0,0.010333333,0.222666667,0.513,0.478333333,0.189,0.003,0,0,0.004333333,0.251666667,0.589666667,0.534333333,0.163333333,0,0,0,0.000333333,0.252,0.575333333,0.482,0.100333333,0,0,0,0,0.231,0.568333333,0.443666667,0.047333333,0,0,0,0,0.166666667,0.565666667,0.451666667,0.037666667,0,0
JL,y15,0,0,0.144666667,0.579666667,0.532333333,0.082666667,0,0,0,0,0.194,0.638333333,0.618,0.158666667,0,0,0,0.000666667,0.256666667,0.666666667,0.609,0.19,0,0,0,0.007666667,0.244333333,0.568333333,0.526333333,0.186666667,0.000666667,0,0,0.018666667,0.271666667,0.580333333,0.525,0.207666667,0.004,0,0,0.020666667,0.240333333,0.494666667,0.446666667,0.181333333,0.006666667,0,0,0.015,0.221666667,0.477666667,0.455333333,0.194666667,0.006666667,0,0,0.010666667,0.237,0.542666667,0.492666667,0.191,0.003,0,0,0.004333333,0.249666667,0.57,0.509,0.156666667,0,0,0,0.000333333,0.257333333,0.592,0.482,0.096,0,0,0,0,0.221333333,0.559666667,0.430666667,0.045,0,0,0,0,0.164,0.567666667,0.462,0.039,0,0
JL,y16,0,0,0.146333333,0.591666667,0.543666667,0.084333333,0,0,0,0,0.193333333,0.658,0.635,0.159333333,0,0,0,0.000333333,0.248666667,0.661666667,0.617333333,0.196,0,0,0,0.008,0.251333333,0.581333333,0.516333333,0.177,0.001,0,0,0.014333333,0.216666667,0.467666667,0.427666667,0.166,0.003,0,0,0.022,0.263666667,0.548,0.516333333,0.219666667,0.007666667,0,0,0.013,0.185333333,0.421,0.415666667,0.178,0.006333333,0,0,0.009,0.197,0.460666667,0.428666667,0.169333333,0.002666667,0,0,0.004,0.235666667,0.573,0.524,0.162333333,0,0,0,0.000333333,0.236,0.547,0.458333333,0.094333333,0,0,0,0,0.224666667,0.554,0.433,0.046666667,0,0,0,0,0.158666667,0.545666667,0.438,0.036,0,0
JL,y17,0,0,0.154333333,0.632,0.575,0.086,0,0,0,0,0.192,0.648,0.606,0.147,0,0,0,0.000666667,0.266333333,0.695,0.626,0.192,0,0,0,0.008333333,0.27,0.631,0.578666667,0.206333333,0.001,0,0,0.017,0.256333333,0.543333333,0.501,0.202,0.003666667,0,0,0.019666667,0.238666667,0.501,0.468,0.199333333,0.007333333,0,0,0.014333333,0.212333333,0.461666667,0.439333333,0.175,0.006,0,0,0.009333333,0.211,0.481,0.455,0.178333333,0.002666667,0,0,0.004333333,0.251,0.581,0.520333333,0.165666667,0,0,0,0.000333333,0.253,0.579333333,0.482666667,0.096333333,0,0,0,0,0.222333333,0.558,0.427333333,0.044666667,0,0,0,0,0.174,0.588,0.473333333,0.039333333,0,0
JL,y18,0,0,0.152,0.608333333,0.555,0.085333333,0,0,0,0,0.198,0.671333333,0.639,0.156,0,0,0,0.000333333,0.238,0.647333333,0.615,0.194333333,0,0,0,0.008333333,0.268,0.623333333,0.566333333,0.197666667,0.001,0,0,0.019,0.284666667,0.595333333,0.534333333,0.206666667,0.004,0,0,0.017666667,0.217,0.460333333,0.431666667,0.181666667,0.006333333,0,0,0.014666667,0.208,0.444,0.419333333,0.178666667,0.006333333,0,0,0.01,0.218,0.502666667,0.466333333,0.179666667,0.002666667,0,0,0.003666667,0.218666667,0.512,0.458,0.144333333,0,0,0,0.000333333,0.24,0.550666667,0.449666667,0.088,0,0,0,0,0.193333333,0.484666667,0.371,0.039,0,0,0,0,0.169333333,0.582333333,0.471,0.038666667,0,0
JL,y19,0,0,0.147333333,0.591,0.534333333,0.079666667,0,0,0,0,0.195666667,0.658333333,0.632666667,0.159333333,0,0,0,0.000666667,0.266333333,0.695333333,0.653,0.206,0,0,0,0.008666667,0.262666667,0.603,0.536,0.188666667,0.001,0,0,0.018,0.266,0.551333333,0.492,0.196333333,0.004,0,0,0.018333333,0.220666667,0.456333333,0.421666667,0.178333333,0.006333333,0,0,0.013,0.192333333,0.437,0.416,0.178333333,0.006333333,0,0,0.009333333,0.204,0.481,0.456666667,0.179666667,0.002666667,0,0,0.004,0.238666667,0.553,0.503333333,0.161666667,0,0,0,0.000333333,0.244666667,0.571,0.477,0.094333333,0,0,0,0,0.211666667,0.523666667,0.398666667,0.042333333,0,0,0,0,0.164,0.560666667,0.445666667,0.037,0,0
JL,y20,0,0,0.149333333,0.592,0.535,0.083333333,0,0,0,0,0.202666667,0.670666667,0.640666667,0.161,0,0,0,0.000333333,0.252666667,0.666,0.615333333,0.189666667,0,0,0,0.009333333,0.279333333,0.638,0.594666667,0.212666667,0.001,0,0,0.015333333,0.226666667,0.486333333,0.439666667,0.172666667,0.003333333,0,0,0.019666667,0.237666667,0.498,0.457,0.187,0.006666667,0,0,0.016,0.229,0.506,0.475333333,0.201333333,0.007,0,0,0.010333333,0.226,0.513333333,0.481,0.188333333,0.002666667,0,0,0.004,0.255,0.589666667,0.519,0.16,0,0,0,0.000333333,0.244333333,0.580333333,0.492666667,0.096333333,0,0,0,0,0.235,0.579666667,0.45,0.047333333,0,0,0,0,0.160666667,0.550666667,0.447,0.037,0,0
JL,y21,0,0,0.138666667,0.569666667,0.530333333,0.081,0,0,0,0,0.185333333,0.626666667,0.594333333,0.146333333,0,0,0,0.000333333,0.254,0.672,0.634666667,0.201,0,0,0,0.009,0.273333333,0.631,0.587,0.205333333,0.001,0,0,0.017,0.254333333,0.545333333,0.493,0.194,0.003666667,0,0,0.019666667,0.237,0.496,0.459,0.199,0.007,0,0,0.016333333,0.234333333,0.517,0.489,0.211333333,0.007333333,0,0,0.009,0.196,0.457666667,0.437333333,0.175,0.002666667,0,0,0.003666667,0.223333333,0.537333333,0.488333333,0.151666667,0,0,0,0.000333333,0.254,0.581333333,0.490666667,0.098333333,0,0,0,0,0.219,0.546,0.421333333,0.044333333,0,0,0,0,0.152666667,0.532,0.434666667,0.036666667,0,0
JL,y22,0,0,0.152666667,0.614666667,0.557,0.085333333,0,0,0,0,0.189666667,0.642,0.609666667,0.147,0,0,0,0.000333333,0.252333333,0.663666667,0.613666667,0.193,0,0,0,0.008333333,0.258666667,0.597333333,0.535666667,0.190333333,0.001,0,0,0.016333333,0.244333333,0.51,0.465,0.190666667,0.003666667,0,0,0.021,0.252666667,0.528666667,0.482666667,0.204,0.007,0,0,0.014666667,0.212666667,0.461,0.443333333,0.191666667,0.006666667,0,0,0.010333333,0.233666667,0.538,0.504333333,0.196,0.003,0,0,0.003,0.196,0.452666667,0.401,0.125,0,0,0,0.000333333,0.232666667,0.534666667,0.443333333,0.089,0,0,0,0,0.225333333,0.562666667,0.433666667,0.046666667,0,0,0,0,0.156666667,0.534333333,0.434666667,0.036,0,0
JL,y23,0,0,0.146333333,0.587666667,0.535666667,0.082666667,0,0,0,0,0.194333333,0.648333333,0.611666667,0.152333333,0,0,0,0.000666667,0.265,0.689333333,0.621,0.191666667,0,0,0,0.009666667,0.284333333,0.636666667,0.572333333,0.205,0.001,0,0,0.019,0.274,0.565666667,0.511,0.201666667,0.004,0,0,0.021666667,0.262333333,0.525666667,0.48,0.208,0.007666667,0,0,0.016,0.233,0.514333333,0.481333333,0.204,0.007,0,0,0.008666667,0.197,0.452,0.429333333,0.166,0.002333333,0,0,0.004333333,0.243333333,0.566,0.505666667,0.157,0,0,0,0.000333333,0.258666667,0.587333333,0.48,0.093,0,0,0,0,0.234333333,0.580666667,0.449666667,0.047666667,0,0,0,0,0.166,0.562666667,0.456666667,0.038333333,0,0
JL,y24,0,0,0.151,0.601,0.547333333,0.085,0,0,0,0,0.198,0.659666667,0.623666667,0.153,0,0,0,0.000333333,0.248333333,0.657333333,0.631666667,0.204,0,0,0,0.008666667,0.258333333,0.596666667,0.531666667,0.183333333,0.001,0,0,0.017666667,0.263333333,0.557333333,0.499,0.199,0.004,0,0,0.020666667,0.244,0.508333333,0.472666667,0.199333333,0.007,0,0,0.013,0.188,0.418333333,0.404666667,0.174666667,0.006,0,0,0.008333333,0.183,0.426333333,0.398333333,0.161,0.002666667,0,0,0.003666667,0.233333333,0.537666667,0.474666667,0.152666667,0,0,0,0.000333333,0.254666667,0.590666667,0.480666667,0.096333333,0,0,0,0,0.224333333,0.551,0.433,0.046333333,0,0,0,0,0.171666667,0.579666667,0.472333333,0.04,0,0
JL,y25,0,0,0.151,0.601,0.548666667,0.084333333,0,0,0,0,0.196,0.65,0.626333333,0.157666667,0,0,0,0.000333333,0.249,0.671666667,0.631666667,0.197,0,0,0,0.008666667,0.273333333,0.63,0.581666667,0.211,0.001,0,0,0.017333333,0.261,0.551,0.512666667,0.203666667,0.003666667,0,0,0.021,0.247,0.509333333,0.481,0.206666667,0.007333333,0,0,0.014333333,0.202,0.463666667,0.443666667,0.186666667,0.006333333,0,0,0.007666667,0.172,0.413,0.389,0.144333333,0.002333333,0,0,0.004,0.249666667,0.575,0.521,0.164666667,0,0,0,0.000333333,0.264,0.603333333,0.506333333,0.102,0,0,0,0,0.224,0.542,0.429,0.047333333,0,0,0,0,0.161333333,0.541666667,0.430333333,0.036333333,0,0
JL,y26,0,0,0.141333333,0.573,0.521666667,0.079666667,0,0,0,0,0.182333333,0.613666667,0.586666667,0.145,0,0,0,0.000333333,0.239666667,0.648,0.605,0.188666667,0,0,0,0.008,0.26,0.602333333,0.549666667,0.194666667,0.001,0,0,0.016,0.242333333,0.516,0.468333333,0.189333333,0.003666667,0,0,0.019666667,0.239333333,0.498666667,0.457666667,0.190333333,0.006666667,0,0,0.016666667,0.240666667,0.526333333,0.496666667,0.210333333,0.007333333,0,0,0.009333333,0.197,0.443,0.415666667,0.159666667,0.002666667,0,0,0.002666667,0.168666667,0.42,0.354333333,0.105,0,0,0,0.000333333,0.257,0.594666667,0.491666667,0.098666667,0,0,0,0,0.229333333,0.556666667,0.423666667,0.046666667,0,0,0,0,0.178333333,0.599666667,0.482333333,0.039666667,0,0
JS,y1,0,0,0.135666667,0.500333333,0.499,0.134666667,0,0,0,0,0.142,0.524666667,0.529,0.182333333,0,0,0,0,0.168333333,0.529,0.517333333,0.184333333,0.000333333,0,0,0.001333333,0.171333333,0.483666667,0.462666667,0.175333333,0.001,0,0,0.006666667,0.173666667,0.473,0.48,0.200666667,0.003333333,0,0,0.007666667,0.145666667,0.380333333,0.382,0.171,0.005333333,0,0,0.005666667,0.147333333,0.406,0.416,0.182666667,0.005333333,0,0,0.003,0.173666667,0.478333333,0.466,0.189,0.003,0,0,0.000333333,0.165,0.447,0.437333333,0.156333333,0.000333333,0,0,0,0.169333333,0.447333333,0.396666667,0.108333333,0,0,0,0,0.236,0.586,0.516,0.109333333,0,0,0,0,0.167666667,0.514,0.488,0.102333333,0,0
JS,y2,0,0,0.124,0.463666667,0.453666667,0.121666667,0,0,0,0,0.140333333,0.539666667,0.555,0.184333333,0,0,0,0,0.124,0.401,0.405666667,0.139333333,0,0,0,0.001666667,0.181666667,0.509666667,0.500666667,0.188333333,0.001333333,0,0,0.007333333,0.177,0.461666667,0.453,0.184666667,0.003333333,0,0,0.007333333,0.135,0.35,0.347333333,0.156,0.004666667,0,0,0.004666667,0.121666667,0.338666667,0.349666667,0.156333333,0.004666667,0,0,0.002666667,0.167,0.469666667,0.460666667,0.197666667,0.003333333,0,0,0.000333333,0.159,0.443666667,0.434333333,0.154,0.000333333,0,0,0,0.170666667,0.449666667,0.411,0.114,0,0,0,0,0.147666667,0.386,0.339,0.07,0,0,0,0,0.175333333,0.52,0.492666667,0.104333333,0,0
JS,y3,0,0,0.125,0.475333333,0.486333333,0.135,0,0,0,0,0.127666667,0.492,0.507666667,0.172333333,0,0,0,0,0.138666667,0.444,0.447666667,0.163666667,0,0,0,0.002,0.176,0.492666667,0.475333333,0.185,0.001333333,0,0,0.008,0.190333333,0.487333333,0.463,0.185666667,0.003333333,0,0,0.009333333,0.171666667,0.466333333,0.459,0.195666667,0.005666667,0,0,0.005333333,0.143,0.389333333,0.389333333,0.172333333,0.005,0,0,0.002333333,0.146333333,0.413333333,0.415333333,0.174333333,0.002666667,0,0,0.000333333,0.177666667,0.488,0.461666667,0.163,0.000333333,0,0,0,0.194333333,0.527,0.488666667,0.129666667,0,0,0,0,0.179666667,0.472,0.408,0.083666667,0,0,0,0,0.115333333,0.364,0.327666667,0.064666667,0,0
JS,y4,0,0,0.111666667,0.413,0.402333333,0.112333333,0,0,0,0,0.113666667,0.426333333,0.440666667,0.142666667,0,0,0,0,0.118,0.370333333,0.360666667,0.127333333,0,0,0,0.001666667,0.164666667,0.457333333,0.446666667,0.172,0.001333333,0,0,0.005666667,0.140333333,0.391666667,0.386666667,0.155666667,0.002666667,0,0,0.007666667,0.145666667,0.379666667,0.368666667,0.161666667,0.005,0,0,0.006,0.149333333,0.409666667,0.422,0.179333333,0.005,0,0,0.002333333,0.147,0.410666667,0.414333333,0.165333333,0.002666667,0,0,0.000333333,0.175666667,0.488,0.472333333,0.173666667,0.000333333,0,0,0,0.193333333,0.509333333,0.47,0.127333333,0,0,0,0,0.214,0.543333333,0.469666667,0.096666667,0,0,0,0,0.158,0.48,0.430666667,0.086333333,0,0
JS,y5,0,0,0.139333333,0.528333333,0.534,0.144333333,0,0,0,0,0.14,0.525,0.551666667,0.188,0,0,0,0,0.119666667,0.392,0.375333333,0.127666667,0,0,0,0.001666667,0.173,0.490333333,0.472666667,0.178666667,0.001333333,0,0,0.007,0.177,0.474,0.453,0.181333333,0.003,0,0,0.007,0.123333333,0.325,0.329,0.149,0.004333333,0,0,0.004666667,0.121,0.336666667,0.353666667,0.162333333,0.005,0,0,0.002,0.130666667,0.368,0.371333333,0.147333333,0.002666667,0,0,0.000333333,0.163333333,0.450333333,0.425666667,0.149666667,0.000333333,0,0,0,0.153333333,0.429,0.374333333,0.095,0,0,0,0,0.169333333,0.447333333,0.402,0.082666667,0,0,0,0,0.180333333,0.541,0.499666667,0.105666667,0,0
JS,y6,0,0,0.102,0.385333333,0.386333333,0.105,0,0,0,0,0.142333333,0.526,0.530666667,0.176666667,0,0,0,0,0.161666667,0.520333333,0.518,0.188333333,0.000333333,0,0,0.002,0.185,0.524,0.509333333,0.193666667,0.001333333,0,0,0.007333333,0.191,0.5,0.481333333,0.194666667,0.003,0,0,0.007666667,0.143,0.384666667,0.398666667,0.173,0.005,0,0,0.006333333,0.159333333,0.431666667,0.451333333,0.199666667,0.005666667,0,0,0.002666667,0.151333333,0.430666667,0.431333333,0.173,0.003,0,0,0.000333333,0.153,0.429666667,0.418333333,0.144666667,0.000333333,0,0,0,0.129333333,0.354666667,0.306666667,0.079333333,0,0,0,0,0.151333333,0.398666667,0.339666667,0.069666667,0,0,0,0,0.12,0.377333333,0.351,0.073,0,0
JS,y7,0,0,0.107666667,0.408333333,0.397666667,0.105333333,0,0,0,0,0.116333333,0.441666667,0.441,0.140666667,0,0,0,0,0.185333333,0.574333333,0.565,0.205,0.000333333,0,0,0.001333333,0.166666667,0.488,0.484333333,0.190666667,0.001333333,0,0,0.007,0.178,0.479666667,0.462,0.189,0.003333333,0,0,0.006666667,0.129666667,0.348,0.351333333,0.151666667,0.004666667,0,0,0.006333333,0.164333333,0.447,0.446,0.192,0.005333333,0,0,0.002333333,0.144666667,0.408666667,0.410666667,0.169333333,0.002666667,0,0,0.000333333,0.182,0.485333333,0.449333333,0.16,0.000333333,0,0,0,0.174,0.459666667,0.416333333,0.113,0,0,0,0,0.213666667,0.541333333,0.471333333,0.097333333,0,0,0,0,0.124666667,0.377333333,0.34,0.070333333,0,0
JS,y8,0,0,0.138666667,0.501666667,0.497666667,0.136666667,0,0,0,0,0.133666667,0.509,0.522333333,0.169666667,0,0,0,0,0.148333333,0.467666667,0.450666667,0.162333333,0,0,0,0.001,0.134666667,0.404666667,0.406666667,0.156666667,0.001,0,0,0.005333333,0.129666667,0.348,0.334666667,0.134,0.002333333,0,0,0.009,0.166666667,0.426333333,0.426333333,0.188666667,0.005333333,0,0,0.006,0.159666667,0.430666667,0.439,0.195333333,0.005666667,0,0,0.002,0.135666667,0.387,0.392333333,0.166333333,0.002666667,0,0,0.000333333,0.168333333,0.482,0.466666667,0.167,0.000333333,0,0,0,0.212,0.558333333,0.492666667,0.131333333,0,0,0,0,0.184666667,0.474333333,0.416666667,0.085,0,0,0,0,0.126333333,0.382666667,0.349666667,0.071,0,0
JS,y9,0,0,0.141666667,0.522,0.525333333,0.143333333,0,0,0,0,0.114,0.425333333,0.419,0.136333333,0,0,0,0,0.151,0.477333333,0.466,0.164333333,0.000333333,0,0,0.001333333,0.143,0.415333333,0.411,0.15,0.001,0,0,0.006333333,0.165,0.422666667,0.388666667,0.164666667,0.003,0,0,0.009666667,0.173,0.446,0.443666667,0.198333333,0.005666667,0,0,0.004666667,0.132,0.364,0.356333333,0.148333333,0.004,0,0,0.002333333,0.133666667,0.387666667,0.391,0.157333333,0.002666667,0,0,0.000333333,0.148333333,0.420333333,0.419333333,0.144666667,0.000333333,0,0,0,0.172,0.451,0.414666667,0.11,0,0,0,0,0.187666667,0.473333333,0.411333333,0.085,0,0,0,0,0.168333333,0.506333333,0.466333333,0.096333333,0,0
JS,y10,0,0,0.126666667,0.468333333,0.470666667,0.132666667,0,0,0,0,0.144666667,0.552333333,0.574333333,0.194666667,0,0,0,0,0.154666667,0.502333333,0.514666667,0.192333333,0,0,0,0.001666667,0.183333333,0.514666667,0.519333333,0.207333333,0.001333333,0,0,0.006666667,0.169,0.450666667,0.437333333,0.172,0.003,0,0,0.008333333,0.156666667,0.41,0.409333333,0.185333333,0.005333333,0,0,0.006666667,0.169666667,0.456,0.462666667,0.202333333,0.005666667,0,0,0.002666667,0.161,0.454,0.452333333,0.178666667,0.002666667,0,0,0.000333333,0.166666667,0.453666667,0.434666667,0.156666667,0.000333333,0,0,0,0.222333333,0.573333333,0.518666667,0.139,0,0,0,0,0.2,0.516666667,0.455666667,0.093666667,0,0,0,0,0.150333333,0.447,0.401666667,0.081,0,0
JS,y11,0,0,0.133,0.492666667,0.471666667,0.125,0,0,0,0,0.114333333,0.425666667,0.425666667,0.138,0,0,0,0,0.173,0.550333333,0.554333333,0.205333333,0.000333333,0,0,0.002,0.201333333,0.559333333,0.534666667,0.206333333,0.001333333,0,0,0.007333333,0.171666667,0.460333333,0.465666667,0.189666667,0.003,0,0,0.010333333,0.189333333,0.487666667,0.474333333,0.203666667,0.006,0,0,0.005666667,0.145666667,0.396666667,0.401666667,0.174333333,0.005,0,0,0.002,0.139333333,0.393,0.391666667,0.152333333,0.002333333,0,0,0.000333333,0.148666667,0.42,0.399,0.139666667,0.000333333,0,0,0,0.185333333,0.487,0.446666667,0.114666667,0,0,0,0,0.179,0.47,0.409333333,0.084666667,0,0,0,0,0.180666667,0.525333333,0.475666667,0.097333333,0,0
JS,y12,0,0,0.110333333,0.406,0.403333333,0.109666667,0,0,0,0,0.12,0.450666667,0.457333333,0.142333333,0,0,0,0,0.191,0.589333333,0.576333333,0.207,0.000333333,0,0,0.002,0.186,0.526,0.518333333,0.193666667,0.001333333,0,0,0.007333333,0.17,0.45,0.44,0.182666667,0.003333333,0,0,0.01,0.179666667,0.458666667,0.445,0.189333333,0.005333333,0,0,0.004666667,0.120333333,0.337,0.364,0.157333333,0.004333333,0,0,0.003,0.181,0.494,0.483333333,0.196333333,0.003,0,0,0.000333333,0.152666667,0.443333333,0.428333333,0.147333333,0.000333333,0,0,0,0.173333333,0.468,0.431,0.117666667,0,0,0,0,0.161333333,0.419666667,0.370666667,0.077333333,0,0,0,0,0.155,0.468,0.432666667,0.089333333,0,0
JS,y13,0,0,0.127333333,0.473666667,0.474666667,0.131,0,0,0,0,0.128333333,0.489333333,0.505,0.167333333,0,0,0,0,0.157666667,0.509666667,0.506,0.180333333,0.000333333,0,0,0.001666667,0.183333333,0.517333333,0.509333333,0.194666667,0.001333333,0,0,0.007666667,0.193,0.515333333,0.511666667,0.215666667,0.003666667,0,0,0.007,0.135333333,0.361666667,0.362666667,0.161,0.004666667,0,0,0.005,0.133666667,0.372333333,0.373333333,0.158666667,0.004666667,0,0,0.002333333,0.157666667,0.443666667,0.445,0.181333333,0.002666667,0,0,0.000333333,0.153666667,0.427333333,0.408,0.147666667,0.000333333,0,0,0,0.179333333,0.480666667,0.434333333,0.116666667,0,0,0,0,0.191333333,0.500666667,0.435666667,0.089,0,0,0,0,0.147333333,0.443,0.400333333,0.080333333,0,0
JS,y14,0,0,0.112666667,0.418,0.390666667,0.096333333,0,0,0,0,0.158333333,0.585,0.607666667,0.206,0,0,0,0,0.171666667,0.541,0.561333333,0.212666667,0,0,0,0.001666667,0.17,0.485666667,0.464,0.171666667,0.001333333,0,0,0.007666667,0.197,0.521,0.511333333,0.210666667,0.003333333,0,0,0.007,0.131,0.348666667,0.352666667,0.152666667,0.004333333,0,0,0.006333333,0.160666667,0.445666667,0.453666667,0.189666667,0.005,0,0,0.002333333,0.147,0.411333333,0.410666667,0.164666667,0.002666667,0,0,0.000333333,0.143,0.407333333,0.399666667,0.146333333,0.000333333,0,0,0,0.178333333,0.476666667,0.427333333,0.114,0,0,0,0,0.164666667,0.437,0.383,0.08,0,0,0,0,0.180666667,0.518,0.471333333,0.097666667,0,0
JS,y15,0,0,0.140333333,0.52,0.528,0.144,0,0,0,0,0.094333333,0.348333333,0.352,0.119,0,0,0,0,0.155333333,0.494666667,0.496666667,0.177666667,0.000333333,0,0,0.002,0.195,0.547666667,0.537666667,0.203,0.001333333,0,0,0.007666667,0.188333333,0.491666667,0.487333333,0.202,0.003333333,0,0,0.009333333,0.180666667,0.471333333,0.460333333,0.195333333,0.005333333,0,0,0.005666667,0.143,0.394,0.397333333,0.175333333,0.005,0,0,0.001666667,0.123333333,0.369,0.382666667,0.153666667,0.002333333,0,0,0.000333333,0.132,0.378333333,0.365333333,0.130666667,0.000333333,0,0,0,0.200666667,0.541333333,0.498,0.133333333,0,0,0,0,0.174333333,0.471666667,0.421666667,0.083666667,0,0,0,0,0.144,0.439333333,0.397666667,0.081666667,0,0
JS,y16,0,0,0.14,0.519333333,0.524,0.145,0,0,0,0,0.107333333,0.408333333,0.42,0.139,0,0,0,0,0.142666667,0.460666667,0.462,0.171333333,0.000333333,0,0,0.001666667,0.171,0.474666667,0.461,0.175,0.001333333,0,0,0.006333333,0.165333333,0.434666667,0.430666667,0.174666667,0.003,0,0,0.009,0.166666667,0.434666667,0.431,0.195666667,0.005666667,0,0,0.005,0.131333333,0.366,0.377666667,0.160333333,0.004666667,0,0,0.002666667,0.162666667,0.459333333,0.454333333,0.185,0.003,0,0,0.000333333,0.134666667,0.399333333,0.394666667,0.14,0.000333333,0,0,0,0.177333333,0.468666667,0.424333333,0.118333333,0,0,0,0,0.214666667,0.544666667,0.482666667,0.102333333,0,0,0,0,0.171333333,0.518,0.487666667,0.103666667,0,0
JS,y17,0,0,0.150666667,0.545666667,0.53,0.148,0,0,0,0,0.131666667,0.494333333,0.513333333,0.172,0,0,0,0,0.183666667,0.574333333,0.577666667,0.215666667,0.000333333,0,0,0.002,0.207666667,0.576,0.562333333,0.223,0.001333333,0,0,0.007333333,0.185666667,0.481333333,0.468333333,0.196666667,0.003333333,0,0,0.007333333,0.137,0.369333333,0.375333333,0.154666667,0.004333333,0,0,0.005,0.130333333,0.371333333,0.382666667,0.165666667,0.004666667,0,0,0.002,0.120666667,0.358,0.372333333,0.152,0.002333333,0,0,0.000333333,0.152666667,0.434666667,0.430666667,0.149666667,0.000333333,0,0,0,0.17,0.459333333,0.417666667,0.113666667,0,0,0,0,0.160333333,0.421,0.371666667,0.076333333,0,0,0,0,0.158333333,0.473666667,0.433,0.089,0,0
JS,y18,0,0,0.119,0.451,0.438,0.114,0,0,0,0,0.115,0.435666667,0.428333333,0.139666667,0,0,0,0,0.139666667,0.446,0.458666667,0.165,0,0,0,0.001666667,0.185666667,0.521333333,0.508666667,0.188666667,0.001333333,0,0,0.007333333,0.185,0.487666667,0.465,0.182333333,0.003,0,0,0.008,0.157666667,0.414333333,0.404333333,0.175666667,0.005,0,0,0.005666667,0.147,0.396666667,0.402666667,0.178333333,0.005,0,0,0.002333333,0.146,0.421,0.410333333,0.166,0.002666667,0,0,0.000333333,0.163666667,0.454666667,0.432666667,0.154666667,0.000333333,0,0,0,0.202666667,0.539333333,0.509333333,0.141,0,0,0,0,0.189666667,0.473333333,0.395666667,0.082,0,0,0,0,0.141666667,0.426,0.386666667,0.077333333,0,0
JS,y19,0,0,0.137666667,0.512333333,0.526666667,0.146666667,0,0,0,0,0.106666667,0.405333333,0.427666667,0.142,0,0,0,0,0.167666667,0.538666667,0.546666667,0.203,0.000333333,0,0,0.002,0.207,0.587,0.578666667,0.221,0.001333333,0,0,0.006333333,0.161666667,0.416333333,0.411,0.162666667,0.002666667,0,0,0.006666667,0.125,0.351666667,0.361,0.155,0.004666667,0,0,0.006,0.157333333,0.430333333,0.441333333,0.192333333,0.005333333,0,0,0.002666667,0.167,0.474666667,0.469333333,0.187333333,0.003,0,0,0.000333333,0.158333333,0.455333333,0.427666667,0.146666667,0.000333333,0,0,0,0.195333333,0.509666667,0.463,0.127333333,0,0,0,0,0.185666667,0.482666667,0.425666667,0.086,0,0,0,0,0.183333333,0.546666667,0.508333333,0.106,0,0
JS,y20,0,0,0.141,0.521333333,0.531333333,0.151666667,0,0,0,0,0.094666667,0.378333333,0.381666667,0.122666667,0,0,0,0,0.160333333,0.511,0.521,0.199,0.000333333,0,0,0.001333333,0.164333333,0.466333333,0.458333333,0.171666667,0.001,0,0,0.007666667,0.194333333,0.498666667,0.491666667,0.197666667,0.003333333,0,0,0.007333333,0.142333333,0.377,0.370666667,0.159,0.004666667,0,0,0.004666667,0.133,0.363333333,0.362666667,0.159333333,0.004666667,0,0,0.002,0.117,0.345666667,0.338666667,0.135333333,0.002333333,0,0,0.000333333,0.119,0.350333333,0.340333333,0.121,0.000333333,0,0,0,0.205,0.538333333,0.498,0.136,0,0,0,0,0.174666667,0.456666667,0.387666667,0.075,0,0,0,0,0.171333333,0.510666667,0.467666667,0.1,0,0
JS,y21,0,0,0.128666667,0.473333333,0.461333333,0.122,0,0,0,0,0.12,0.464,0.494666667,0.163333333,0,0,0,0,0.153666667,0.485333333,0.469,0.164,0,0,0,0.001666667,0.175666667,0.5,0.486333333,0.184,0.001333333,0,0,0.006666667,0.166,0.448,0.427,0.169333333,0.003,0,0,0.007333333,0.141333333,0.372333333,0.357666667,0.144666667,0.004,0,0,0.004333333,0.119666667,0.34,0.352666667,0.153,0.004333333,0,0,0.002333333,0.147666667,0.421,0.421,0.172666667,0.003,0,0,0.000333333,0.174,0.483666667,0.460666667,0.161,0.000333333,0,0,0,0.184,0.488666667,0.456333333,0.123666667,0,0,0,0,0.119,0.325666667,0.279,0.053666667,0,0,0,0,0.147333333,0.448333333,0.412,0.083333333,0,0
JS,y22,0,0,0.117333333,0.435666667,0.444666667,0.121666667,0,0,0,0,0.149,0.546333333,0.570333333,0.195333333,0,0,0,0,0.160333333,0.526666667,0.528666667,0.183666667,0.000333333,0,0,0.001333333,0.146666667,0.439666667,0.428666667,0.164,0.001,0,0,0.005666667,0.152666667,0.404333333,0.389,0.148,0.002333333,0,0,0.007,0.134,0.348666667,0.345666667,0.156666667,0.004666667,0,0,0.004666667,0.13,0.371666667,0.381,0.164666667,0.004666667,0,0,0.002666667,0.166666667,0.469666667,0.465333333,0.191,0.003,0,0,0.000333333,0.168666667,0.461,0.449,0.163333333,0.000333333,0,0,0,0.095333333,0.264333333,0.236333333,0.061333333,0,0,0,0,0.141,0.372333333,0.319,0.064333333,0,0,0,0,0.144333333,0.438333333,0.400666667,0.082,0,0
JS,y23,0,0,0.118,0.439333333,0.438666667,0.119,0,0,0,0,0.134666667,0.499666667,0.519666667,0.181333333,0,0,0,0,0.160666667,0.517,0.502666667,0.176,0,0,0,0.002,0.178666667,0.508666667,0.510666667,0.198,0.001333333,0,0,0.007333333,0.172666667,0.462333333,0.466666667,0.190333333,0.003333333,0,0,0.008333333,0.158333333,0.412333333,0.405333333,0.171333333,0.005,0,0,0.005666667,0.155,0.428666667,0.431666667,0.184666667,0.005,0,0,0.002,0.141,0.406666667,0.408,0.168333333,0.002333333,0,0,0.000333333,0.122666667,0.361,0.339666667,0.117,0,0,0,0,0.136,0.369333333,0.326666667,0.083666667,0,0,0,0,0.198333333,0.514,0.445666667,0.090666667,0,0,0,0,0.161333333,0.482333333,0.451666667,0.093,0,0
JS,y24,0,0,0.114666667,0.429666667,0.425666667,0.114333333,0,0,0,0,0.134666667,0.507,0.521666667,0.175333333,0,0,0,0,0.149333333,0.482666667,0.495666667,0.186,0.000333333,0,0,0.001666667,0.185333333,0.513333333,0.503,0.192333333,0.001333333,0,0,0.005666667,0.139666667,0.391333333,0.393333333,0.158333333,0.002666667,0,0,0.008666667,0.164,0.439,0.432,0.188666667,0.005666667,0,0,0.005333333,0.145666667,0.396333333,0.410333333,0.181,0.005,0,0,0.002333333,0.149666667,0.424666667,0.434333333,0.175,0.002666667,0,0,0.000333333,0.151333333,0.422,0.41,0.143333333,0.000333333,0,0,0,0.204666667,0.529,0.470666667,0.127,0,0,0,0,0.161333333,0.429666667,0.376333333,0.075666667,0,0,0,0,0.120333333,0.372333333,0.342333333,0.067333333,0,0
JS,y25,0,0,0.107333333,0.401,0.398,0.109333333,0,0,0,0,0.095666667,0.37,0.356333333,0.108,0,0,0,0,0.163333333,0.533333333,0.522,0.194666667,0.000333333,0,0,0.001333333,0.154333333,0.454666667,0.454,0.179333333,0.001,0,0,0.007333333,0.184666667,0.491666667,0.477666667,0.187,0.003,0,0,0.008666667,0.162666667,0.433666667,0.434333333,0.192333333,0.005333333,0,0,0.005333333,0.145333333,0.400333333,0.416,0.183666667,0.005333333,0,0,0.002333333,0.154666667,0.443,0.446333333,0.187333333,0.003,0,0,0.000333333,0.168,0.465333333,0.449666667,0.159666667,0.000333333,0,0,0,0.17,0.458666667,0.411,0.106333333,0,0,0,0,0.195333333,0.513666667,0.453333333,0.095,0,0,0,0,0.143333333,0.426,0.386,0.075666667,0,0
JS,y26,0,0,0.084666667,0.317666667,0.295666667,0.075333333,0,0,0,0,0.120666667,0.462,0.475333333,0.153666667,0,0,0,0,0.156666667,0.506333333,0.495,0.174666667,0,0,0,0.002,0.199,0.554333333,0.530333333,0.205333333,0.001333333,0,0,0.007,0.175,0.482333333,0.468,0.184,0.003,0,0,0.006666667,0.126,0.337333333,0.336,0.141666667,0.003666667,0,0,0.004,0.106,0.296666667,0.287666667,0.124333333,0.004,0,0,0.002,0.145333333,0.420666667,0.427666667,0.177333333,0.002666667,0,0,0.000333333,0.154,0.442,0.429333333,0.148333333,0.000333333,0,0,0,0.184,0.48,0.420333333,0.105333333,0,0,0,0,0.165666667,0.437666667,0.392,0.080666667,0,0,0,0,0.148333333,0.462666667,0.42,0.080666667,0,0
JX,y1,0,0,0.081,0.332,0.359666667,0.123,0,0,0,0,0.081333333,0.36,0.397666667,0.153666667,0.000333333,0,0,0,0.084666667,0.332333333,0.358333333,0.143333333,0.001,0,0,0,0.078333333,0.273333333,0.277666667,0.111,0.001666667,0,0,0.001333333,0.12,0.366,0.384333333,0.171,0.004333333,0,0,0.002,0.097666667,0.305,0.328,0.149333333,0.005666667,0,0,0.001333333,0.133666667,0.405,0.445666667,0.215333333,0.008666667,0,0,0.000333333,0.134666667,0.425333333,0.446,0.198333333,0.005,0,0,0,0.170333333,0.508333333,0.494,0.204666667,0.001666667,0,0,0,0.135333333,0.407666667,0.364666667,0.109333333,0,0,0,0,0.182,0.515666667,0.482666667,0.132333333,0,0,0,0,0.144666667,0.490666667,0.493666667,0.139666667,0,0
JX,y2,0,0,0.075,0.311333333,0.341333333,0.115666667,0,0,0,0,0.091,0.407333333,0.458,0.174666667,0.000333333,0,0,0,0.073333333,0.294666667,0.321666667,0.126,0.000666667,0,0,0,0.098,0.319,0.336666667,0.143666667,0.002333333,0,0,0.001333333,0.112666667,0.336666667,0.346333333,0.157,0.004333333,0,0,0.002333333,0.108333333,0.334333333,0.373666667,0.166,0.006,0,0,0.001333333,0.131666667,0.399333333,0.424333333,0.192333333,0.007666667,0,0,0.000333333,0.130333333,0.410666667,0.439,0.197,0.005,0,0,0,0.141666667,0.437333333,0.444666667,0.178666667,0.001333333,0,0,0,0.169,0.493,0.460333333,0.152333333,0,0,0,0,0.157,0.453333333,0.428,0.112333333,0,0,0,0,0.137,0.466333333,0.477666667,0.14,0,0
JX,y3,0,0,0.096666667,0.401333333,0.441666667,0.154666667,0,0,0,0,0.077333333,0.340666667,0.362333333,0.136666667,0.000333333,0,0,0,0.079333333,0.319666667,0.338333333,0.134666667,0.001,0,0,0,0.097,0.330333333,0.329,0.131666667,0.002,0,0,0.001666667,0.128,0.378,0.395,0.177333333,0.005,0,0,0.002333333,0.108,0.326666667,0.356,0.167666667,0.006,0,0,0.001,0.108,0.338333333,0.378666667,0.168666667,0.006,0,0,0,0.113333333,0.365666667,0.395666667,0.179666667,0.004333333,0,0,0,0.12,0.384666667,0.387,0.150666667,0.001,0,0,0,0.127,0.383,0.359666667,0.116333333,0,0,0,0,0.158,0.453666667,0.442,0.123666667,0,0,0,0,0.075333333,0.271333333,0.269,0.068333333,0,0
JX,y4,0,0,0.068,0.287,0.301,0.094666667,0,0,0,0,0.07,0.312666667,0.34,0.127666667,0.000333333,0,0,0,0.067666667,0.273333333,0.29,0.113666667,0.001,0,0,0,0.131666667,0.426333333,0.440333333,0.192666667,0.003,0,0,0.001666667,0.117333333,0.355333333,0.368333333,0.158666667,0.004,0,0,0.001666667,0.080666667,0.253333333,0.275333333,0.124,0.004333333,0,0,0.001333333,0.131,0.403666667,0.439666667,0.200666667,0.007666667,0,0,0.000333333,0.156666667,0.489,0.509,0.226,0.006,0,0,0,0.146,0.456666667,0.455333333,0.181333333,0.001333333,0,0,0,0.170333333,0.502666667,0.48,0.155666667,0,0,0,0,0.160666667,0.460333333,0.43,0.115,0,0,0,0,0.115333333,0.395666667,0.402666667,0.115666667,0,0
JX,y5,0,0,0.085666667,0.361333333,0.396,0.137,0,0,0,0,0.101666667,0.440666667,0.49,0.195666667,0.000333333,0,0,0,0.062333333,0.260333333,0.283333333,0.115,0.001,0,0,0,0.099666667,0.333666667,0.339333333,0.139666667,0.002,0,0,0.001666667,0.118333333,0.356,0.355,0.154333333,0.004,0,0,0.002,0.101666667,0.312666667,0.343666667,0.150666667,0.005333333,0,0,0.001,0.109333333,0.352333333,0.386333333,0.174666667,0.006333333,0,0,0.000333333,0.112,0.369333333,0.402,0.177,0.004333333,0,0,0,0.141,0.445333333,0.457,0.178666667,0.001,0,0,0,0.159333333,0.477666667,0.421333333,0.127,0,0,0,0,0.150666667,0.435666667,0.414333333,0.108,0,0,0,0,0.152666667,0.510666667,0.52,0.152666667,0,0
JX,y6,0,0,0.077333333,0.322666667,0.342,0.116333333,0,0,0,0,0.058333333,0.276,0.305666667,0.106333333,0,0,0,0,0.08,0.306333333,0.313666667,0.123666667,0.001,0,0,0,0.091,0.295333333,0.297333333,0.125,0.002,0,0,0.001666667,0.138,0.403666667,0.404666667,0.183,0.004666667,0,0,0.002333333,0.115666667,0.354,0.381,0.174333333,0.006666667,0,0,0.001666667,0.155666667,0.468333333,0.492,0.231,0.009,0,0,0.000333333,0.114333333,0.361333333,0.392,0.174333333,0.004333333,0,0,0,0.150666667,0.472666667,0.468333333,0.187333333,0.001333333,0,0,0,0.105,0.327333333,0.314666667,0.100333333,0,0,0,0,0.140666667,0.404333333,0.389333333,0.106333333,0,0,0,0,0.102666667,0.358,0.363333333,0.104333333,0,0
JX,y7,0,0,0.075333333,0.321,0.346,0.116666667,0,0,0,0,0.071,0.324,0.355333333,0.140333333,0.000333333,0,0,0,0.101333333,0.392666667,0.403333333,0.167333333,0.001333333,0,0,0,0.083333333,0.288,0.290333333,0.121666667,0.002,0,0,0.001666667,0.124666667,0.375333333,0.383333333,0.168666667,0.004666667,0,0,0.002,0.104,0.315,0.346666667,0.161666667,0.006333333,0,0,0.001666667,0.141333333,0.42,0.453,0.220666667,0.008666667,0,0,0.000333333,0.125,0.399666667,0.419666667,0.184,0.004666667,0,0,0,0.159,0.492,0.461,0.184,0.001333333,0,0,0,0.166666667,0.491,0.458333333,0.145,0,0,0,0,0.168,0.476666667,0.453666667,0.123666667,0,0,0,0,0.091666667,0.32,0.325666667,0.094666667,0,0
JX,y8,0,0,0.101333333,0.422333333,0.451333333,0.154,0,0,0,0,0.077666667,0.346,0.364333333,0.136,0.000333333,0,0,0,0.085666667,0.331666667,0.355666667,0.15,0.001333333,0,0,0,0.103333333,0.339,0.360333333,0.155,0.002333333,0,0,0.001333333,0.111,0.334,0.343,0.155333333,0.004333333,0,0,0.002333333,0.127,0.378333333,0.403333333,0.179666667,0.006333333,0,0,0.001333333,0.112,0.350666667,0.390666667,0.189333333,0.007333333,0,0,0.000333333,0.120666667,0.374,0.400333333,0.179,0.004666667,0,0,0,0.132,0.413333333,0.406333333,0.167,0.001333333,0,0,0,0.155333333,0.468333333,0.464333333,0.155666667,0,0,0,0,0.144,0.404666667,0.374333333,0.100666667,0,0,0,0,0.081,0.296,0.297333333,0.077666667,0,0
JX,y9,0,0,0.113,0.458,0.497333333,0.175,0,0,0,0,0.064666667,0.294,0.333,0.132666667,0.000333333,0,0,0,0.093333333,0.346333333,0.344333333,0.143,0.001333333,0,0,0,0.110333333,0.368333333,0.375333333,0.16,0.002666667,0,0,0.001333333,0.11,0.339333333,0.356666667,0.165,0.004333333,0,0,0.002333333,0.125,0.373333333,0.391666667,0.178333333,0.007,0,0,0.001666667,0.166333333,0.499,0.531666667,0.254666667,0.010333333,0,0,0.000333333,0.141666667,0.437,0.465666667,0.214666667,0.005333333,0,0,0,0.148333333,0.457333333,0.470333333,0.191666667,0.001333333,0,0,0,0.164333333,0.490666667,0.470333333,0.155,0,0,0,0,0.170666667,0.477333333,0.455666667,0.126666667,0,0,0,0,0.151666667,0.503,0.508,0.147333333,0,0
JX,y10,0,0,0.091,0.376333333,0.41,0.142666667,0,0,0,0,0.097,0.419333333,0.468333333,0.192666667,0.000333333,0,0,0,0.09,0.347333333,0.375333333,0.156333333,0.001333333,0,0,0,0.118333333,0.401333333,0.438333333,0.195666667,0.003,0,0,0.001666667,0.136333333,0.418333333,0.426333333,0.184666667,0.005,0,0,0.002333333,0.124666667,0.365333333,0.383666667,0.182,0.007,0,0,0.001666667,0.150333333,0.452333333,0.481,0.227,0.008666667,0,0,0.000333333,0.144666667,0.442,0.463333333,0.211,0.005666667,0,0,0,0.145666667,0.454666667,0.455666667,0.178333333,0.001,0,0,0,0.2,0.589666667,0.557333333,0.182,0,0,0,0,0.174,0.491333333,0.460333333,0.126,0,0,0,0,0.133,0.434333333,0.439666667,0.122333333,0,0
JX,y11,0,0,0.083333333,0.350333333,0.370333333,0.119333333,0,0,0,0,0.061,0.264666667,0.276333333,0.098,0.000333333,0,0,0,0.086666667,0.340666667,0.366666667,0.156666667,0.001333333,0,0,0,0.130333333,0.412666667,0.434,0.189333333,0.003,0,0,0.001,0.089,0.289,0.324666667,0.152666667,0.004,0,0,0.002333333,0.118,0.362,0.392333333,0.188,0.007,0,0,0.001666667,0.153666667,0.453,0.479333333,0.233,0.009333333,0,0,0.000333333,0.130333333,0.418,0.438333333,0.201666667,0.005666667,0,0,0,0.150666667,0.461333333,0.456333333,0.182333333,0.001333333,0,0,0,0.161666667,0.485,0.450333333,0.142,0,0,0,0,0.131333333,0.382,0.352666667,0.095333333,0,0,0,0,0.127333333,0.432,0.432333333,0.119333333,0,0
JX,y12,0,0,0.084666667,0.366,0.399,0.137333333,0,0,0,0,0.057666667,0.271,0.310333333,0.115333333,0.000333333,0,0,0,0.089666667,0.351,0.365,0.148,0.001333333,0,0,0,0.109666667,0.373333333,0.395666667,0.167,0.002666667,0,0,0.001333333,0.112666667,0.354333333,0.375666667,0.164666667,0.004333333,0,0,0.002333333,0.119333333,0.363,0.380333333,0.168,0.006666667,0,0,0.001333333,0.134333333,0.402333333,0.434,0.208666667,0.008333333,0,0,0.000333333,0.155666667,0.483,0.502333333,0.227666667,0.006,0,0,0,0.142333333,0.444666667,0.442333333,0.177,0.001333333,0,0,0,0.149333333,0.452,0.414,0.136666667,0,0,0,0,0.159666667,0.434333333,0.399333333,0.110666667,0,0,0,0,0.126,0.439666667,0.442,0.125666667,0,0
JX,y13,0,0,0.089333333,0.373333333,0.407333333,0.142333333,0,0,0,0,0.099333333,0.427,0.455,0.182333333,0.000333333,0,0,0,0.089333333,0.343,0.359666667,0.146333333,0.001333333,0,0,0,0.123,0.401333333,0.398,0.156666667,0.002333333,0,0,0.001666667,0.141333333,0.433666667,0.453666667,0.207666667,0.005333333,0,0,0.002333333,0.111333333,0.344333333,0.373666667,0.174,0.006333333,0,0,0.001666667,0.157,0.473,0.495333333,0.239,0.009666667,0,0,0.000333333,0.131333333,0.411,0.439666667,0.196666667,0.005,0,0,0,0.123333333,0.398333333,0.392,0.156333333,0.001,0,0,0,0.184333333,0.543666667,0.517666667,0.171666667,0,0,0,0,0.179666667,0.511,0.489666667,0.135,0,0,0,0,0.123666667,0.4,0.405,0.112666667,0,0
JX,y14,0,0,0.075333333,0.312666667,0.341333333,0.112,0,0,0,0,0.099666667,0.437666667,0.485333333,0.187666667,0.000333333,0,0,0,0.108333333,0.412333333,0.436,0.184666667,0.001333333,0,0,0,0.106,0.354333333,0.363,0.149666667,0.002333333,0,0,0.001666667,0.134666667,0.409666667,0.428,0.191,0.005,0,0,0.002,0.105333333,0.324333333,0.351666667,0.166666667,0.006333333,0,0,0.001666667,0.148,0.453,0.480333333,0.227333333,0.009,0,0,0.000333333,0.135,0.421,0.439,0.201,0.005333333,0,0,0,0.151,0.463333333,0.469666667,0.187,0.001333333,0,0,0,0.155,0.465333333,0.431333333,0.137333333,0,0,0,0,0.148333333,0.439,0.422,0.113,0,0,0,0,0.155,0.501666667,0.501666667,0.140333333,0,0
JX,y15,0,0,0.108,0.446,0.487333333,0.169333333,0,0,0,0,0.068666667,0.319,0.369,0.146333333,0.000333333,0,0,0,0.091,0.344,0.352666667,0.143666667,0.001333333,0,0,0,0.125333333,0.423666667,0.428666667,0.171666667,0.002666667,0,0,0.001333333,0.127,0.386,0.392333333,0.170666667,0.004333333,0,0,0.002666667,0.129666667,0.388666667,0.406,0.189333333,0.007,0,0,0.001333333,0.132333333,0.401666667,0.429333333,0.210666667,0.008333333,0,0,0.000333333,0.146333333,0.457666667,0.480333333,0.218333333,0.005333333,0,0,0,0.152666667,0.468,0.451333333,0.185333333,0.001333333,0,0,0,0.170333333,0.508333333,0.479333333,0.151333333,0,0,0,0,0.152,0.434333333,0.422,0.114666667,0,0,0,0,0.113666667,0.382666667,0.385333333,0.107333333,0,0
JX,y16,0,0,0.075333333,0.322666667,0.346333333,0.117,0,0,0,0,0.061666667,0.284,0.328333333,0.134333333,0.000333333,0,0,0,0.099666667,0.377,0.412,0.179,0.001666667,0,0,0,0.094,0.305333333,0.313666667,0.133666667,0.002333333,0,0,0.001333333,0.109,0.332,0.334333333,0.146666667,0.004,0,0,0.002,0.093333333,0.286333333,0.305333333,0.144,0.005333333,0,0,0.001333333,0.143666667,0.446666667,0.47,0.215,0.008333333,0,0,0.000333333,0.151,0.479333333,0.499,0.220333333,0.006,0,0,0,0.133,0.417,0.422333333,0.170666667,0.001333333,0,0,0,0.126333333,0.395,0.372,0.117,0,0,0,0,0.193,0.54,0.504333333,0.139333333,0,0,0,0,0.130666667,0.437333333,0.440666667,0.127,0,0
JX,y17,0,0,0.089666667,0.386333333,0.410666667,0.126666667,0,0,0,0,0.093333333,0.416666667,0.461,0.180666667,0.000333333,0,0,0,0.101,0.394,0.417,0.159666667,0.001333333,0,0,0.000333333,0.133,0.444666667,0.468,0.195,0.003,0,0,0.001666667,0.121666667,0.373,0.378666667,0.169,0.004666667,0,0,0.002333333,0.114666667,0.348666667,0.376,0.170666667,0.006333333,0,0,0.001333333,0.137333333,0.426333333,0.448,0.224666667,0.008666667,0,0,0.000333333,0.146666667,0.468333333,0.490666667,0.219,0.005666667,0,0,0,0.132,0.430333333,0.434333333,0.169,0.001333333,0,0,0,0.138333333,0.434666667,0.418333333,0.128,0,0,0,0,0.159666667,0.456,0.426333333,0.114,0,0,0,0,0.137666667,0.459,0.466666667,0.134666667,0,0
JX,y18,0,0,0.064,0.282,0.300333333,0.091666667,0,0,0,0,0.059666667,0.280666667,0.321333333,0.125,0.000333333,0,0,0,0.080666667,0.308,0.331333333,0.138333333,0.001333333,0,0,0,0.108,0.372,0.387,0.16,0.002333333,0,0,0.001333333,0.100333333,0.318333333,0.341666667,0.159333333,0.004,0,0,0.002,0.098333333,0.300333333,0.329333333,0.154666667,0.005666667,0,0,0.001666667,0.146666667,0.443,0.465666667,0.221,0.009,0,0,0.000333333,0.138,0.425666667,0.446,0.205333333,0.005333333,0,0,0,0.135333333,0.435,0.436666667,0.172333333,0.001333333,0,0,0,0.183666667,0.557333333,0.557,0.184,0,0,0,0,0.136666667,0.389,0.368,0.099,0,0,0,0,0.097,0.334,0.342333333,0.093,0,0
JX,y19,0,0,0.096666667,0.408333333,0.441333333,0.152,0,0,0,0,0.057,0.272,0.299666667,0.108333333,0.000333333,0,0,0,0.108,0.426666667,0.461,0.191,0.001333333,0,0,0,0.105666667,0.356333333,0.378666667,0.159666667,0.002666667,0,0,0.001333333,0.112,0.350333333,0.37,0.163333333,0.004333333,0,0,0.002333333,0.114333333,0.35,0.376666667,0.179333333,0.006666667,0,0,0.001666667,0.144666667,0.438666667,0.472333333,0.223333333,0.009,0,0,0.000333333,0.143333333,0.454,0.472666667,0.212,0.005666667,0,0,0,0.138333333,0.437,0.437333333,0.170333333,0.001333333,0,0,0,0.170333333,0.515333333,0.494,0.16,0,0,0,0,0.157333333,0.454333333,0.429666667,0.115666667,0,0,0,0,0.153,0.499666667,0.501333333,0.145666667,0,0
JX,y20,0,0,0.12,0.486666667,0.528333333,0.188666667,0,0,0,0,0.074,0.328,0.351666667,0.127666667,0.000333333,0,0,0,0.090333333,0.346333333,0.351333333,0.141333333,0.001333333,0,0,0,0.107333333,0.364,0.371666667,0.157,0.002333333,0,0,0.001,0.104666667,0.339,0.358666667,0.154333333,0.004,0,0,0.002,0.111,0.343666667,0.368333333,0.167,0.006333333,0,0,0.001333333,0.135333333,0.416666667,0.445333333,0.196,0.007,0,0,0.000333333,0.114666667,0.382666667,0.416,0.184,0.004666667,0,0,0,0.145666667,0.464666667,0.460666667,0.180333333,0.001333333,0,0,0,0.188333333,0.548333333,0.533333333,0.179,0,0,0,0,0.123333333,0.361666667,0.337666667,0.088333333,0,0,0,0,0.136333333,0.463666667,0.471333333,0.134333333,0,0
JX,y21,0,0,0.098666667,0.403666667,0.432,0.15,0,0,0,0,0.077666667,0.353,0.397,0.152666667,0.000333333,0,0,0,0.077333333,0.303333333,0.315333333,0.121,0.001,0,0,0,0.127,0.415,0.416666667,0.162666667,0.002666667,0,0,0.001,0.092,0.291666667,0.308,0.134,0.003333333,0,0,0.002,0.109,0.344,0.371333333,0.166,0.006,0,0,0.001,0.104333333,0.329666667,0.358,0.165333333,0.006333333,0,0,0.000333333,0.122666667,0.399,0.431333333,0.197,0.005333333,0,0,0,0.121666667,0.386333333,0.392666667,0.160333333,0.001333333,0,0,0,0.151,0.45,0.443,0.144666667,0,0,0,0,0.086333333,0.266666667,0.257333333,0.067,0,0,0,0,0.090333333,0.314666667,0.313,0.081666667,0,0
JX,y22,0,0,0.062333333,0.279333333,0.3,0.099,0,0,0,0,0.099333333,0.431,0.473666667,0.187666667,0.000333333,0,0,0,0.093333333,0.357333333,0.378,0.154333333,0.001333333,0,0,0,0.094,0.319,0.321666667,0.133666667,0.002,0,0,0.001333333,0.113,0.350666667,0.354333333,0.149,0.003666667,0,0,0.002333333,0.127666667,0.387666667,0.414,0.188666667,0.007,0,0,0.001333333,0.132666667,0.406333333,0.435666667,0.197666667,0.007333333,0,0,0.000333333,0.142,0.441333333,0.459333333,0.205333333,0.005333333,0,0,0,0.135666667,0.446666667,0.446333333,0.179,0.001333333,0,0,0,0.095333333,0.303666667,0.28,0.087666667,0,0,0,0,0.097,0.293333333,0.277666667,0.074333333,0,0,0,0,0.131666667,0.441333333,0.450333333,0.127,0,0
JX,y23,0,0,0.079,0.344666667,0.381666667,0.132333333,0,0,0,0,0.092666667,0.412666667,0.462333333,0.186333333,0.000333333,0,0,0,0.07,0.284,0.304,0.114,0.001,0,0,0,0.129,0.409666667,0.425666667,0.185,0.003,0,0,0.002,0.142,0.425333333,0.43,0.194,0.005333333,0,0,0.001333333,0.077,0.249333333,0.268333333,0.118666667,0.004333333,0,0,0.001333333,0.146666667,0.44,0.471,0.221666667,0.008666667,0,0,0.000333333,0.142,0.451666667,0.458666667,0.197666667,0.005,0,0,0,0.146666667,0.467333333,0.478333333,0.188666667,0.001333333,0,0,0,0.138333333,0.425,0.399,0.121,0,0,0,0,0.127333333,0.378333333,0.362,0.098,0,0,0,0,0.123666667,0.419,0.427,0.122666667,0,0
JX,y24,0,0,0.078,0.331666667,0.360333333,0.12,0,0,0,0,0.097,0.435,0.496333333,0.199666667,0.000333333,0,0,0,0.106666667,0.402333333,0.434,0.183666667,0.001666667,0,0,0,0.133333333,0.427333333,0.443333333,0.187666667,0.002666667,0,0,0.001666667,0.132333333,0.409,0.424,0.185,0.005,0,0,0.002333333,0.110333333,0.337,0.361666667,0.169333333,0.006666667,0,0,0.001333333,0.145666667,0.443666667,0.465666667,0.221333333,0.008333333,0,0,0.000333333,0.139,0.446666667,0.466,0.210666667,0.005666667,0,0,0,0.129,0.421,0.426333333,0.168666667,0.001333333,0,0,0,0.138,0.42,0.403333333,0.135666667,0,0,0,0,0.128,0.375333333,0.353,0.093666667,0,0,0,0,0.079666667,0.274666667,0.283,0.077,0,0
JX,y25,0,0,0.066,0.290333333,0.327666667,0.118,0,0,0,0,0.039,0.19,0.221,0.083666667,0,0,0,0,0.084666667,0.331,0.345333333,0.137333333,0.001333333,0,0,0,0.096,0.325666667,0.348,0.144,0.002,0,0,0.001333333,0.105333333,0.337333333,0.349,0.15,0.003666667,0,0,0.002,0.104666667,0.328333333,0.353,0.164666667,0.006333333,0,0,0.001,0.109333333,0.346,0.380333333,0.175666667,0.006666667,0,0,0.000333333,0.162,0.494666667,0.511,0.240333333,0.006333333,0,0,0,0.169666667,0.515666667,0.53,0.219666667,0.001333333,0,0,0,0.154,0.465333333,0.450333333,0.146666667,0,0,0,0,0.185,0.519666667,0.502333333,0.140666667,0,0,0,0,0.123666667,0.400333333,0.396333333,0.111666667,0,0
JX,y26,0,0,0.073333333,0.316,0.349666667,0.118,0,0,0,0,0.082,0.369666667,0.407333333,0.161333333,0.000333333,0,0,0,0.069333333,0.280666667,0.318,0.128,0.001,0,0,0,0.132,0.430333333,0.441,0.185666667,0.003,0,0,0.001333333,0.128333333,0.397666667,0.418666667,0.178333333,0.004666667,0,0,0.002,0.108333333,0.333333333,0.365666667,0.169666667,0.006,0,0,0.001333333,0.127,0.407,0.430666667,0.194,0.007333333,0,0,0.000333333,0.145,0.464333333,0.492333333,0.225,0.005666667,0,0,0,0.104,0.334666667,0.346,0.146333333,0.001333333,0,0,0,0.122666667,0.386333333,0.378,0.114666667,0,0,0,0,0.152333333,0.446666667,0.440333333,0.120333333,0,0,0,0,0.100666667,0.364333333,0.362333333,0.092,0,0
LN,y1,0,0,0.150333333,0.602666667,0.578,0.117666667,0,0,0,0,0.175666667,0.627666667,0.625333333,0.181,0,0,0,0,0.211,0.623333333,0.604333333,0.203,0,0,0,0.005333333,0.236666667,0.610333333,0.586333333,0.222333333,0.001333333,0,0,0.013,0.222,0.523333333,0.494,0.196666667,0.004333333,0,0,0.013666667,0.206,0.479666667,0.452666667,0.187,0.006666667,0,0,0.009,0.164333333,0.407666667,0.395666667,0.173666667,0.006666667,0,0,0.005333333,0.161,0.420333333,0.405,0.167666667,0.003,0,0,0.002,0.204333333,0.518666667,0.478666667,0.162,0.000333333,0,0,0,0.215333333,0.533333333,0.464666667,0.110666667,0,0,0,0,0.224,0.576333333,0.483333333,0.071333333,0,0,0,0,0.168666667,0.566666667,0.489,0.064333333,0,0
LN,y2,0,0,0.146,0.590333333,0.575,0.118666667,0,0,0,0,0.184666667,0.656666667,0.656333333,0.192,0,0,0,0,0.212,0.626333333,0.615666667,0.214,0,0,0,0.005333333,0.242333333,0.619,0.587,0.217666667,0.001333333,0,0,0.013333333,0.227333333,0.529333333,0.504666667,0.209,0.004333333,0,0,0.013666667,0.206,0.484,0.464,0.193,0.007333333,0,0,0.008666667,0.157333333,0.410333333,0.408666667,0.173666667,0.007,0,0,0.005333333,0.151333333,0.386333333,0.374,0.158,0.003,0,0,0.002,0.203666667,0.533333333,0.508666667,0.169333333,0.000333333,0,0,0,0.228333333,0.554666667,0.480333333,0.113333333,0,0,0,0,0.212333333,0.548,0.458666667,0.067333333,0,0,0,0,0.163,0.552666667,0.482333333,0.062333333,0,0
LN,y3,0,0,0.15,0.605666667,0.585,0.120333333,0,0,0,0,0.169666667,0.620666667,0.627333333,0.184666667,0,0,0,0,0.223333333,0.644333333,0.632333333,0.222333333,0,0,0,0.006,0.239666667,0.617,0.577666667,0.215666667,0.001333333,0,0,0.013333333,0.223,0.509,0.475666667,0.197666667,0.004333333,0,0,0.015666667,0.227,0.512333333,0.485666667,0.21,0.008,0,0,0.010666667,0.193333333,0.473333333,0.468,0.202333333,0.007666667,0,0,0.006333333,0.178666667,0.463666667,0.458333333,0.188666667,0.003333333,0,0,0.002,0.205666667,0.523,0.494,0.169666667,0.000333333,0,0,0,0.245666667,0.598666667,0.520333333,0.119666667,0,0,0,0,0.201,0.530333333,0.437666667,0.064666667,0,0,0,0,0.159333333,0.544,0.465,0.061,0,0
LN,y4,0,0,0.146333333,0.588666667,0.567,0.116,0,0,0,0,0.164333333,0.591666667,0.590666667,0.173,0,0,0,0,0.217666667,0.642666667,0.629666667,0.217,0,0,0,0.004333333,0.198,0.523333333,0.511666667,0.190666667,0.001,0,0,0.012,0.210333333,0.515666667,0.500333333,0.205,0.004333333,0,0,0.012666667,0.194333333,0.471,0.447,0.189,0.007,0,0,0.007333333,0.141,0.355333333,0.352333333,0.153666667,0.005666667,0,0,0.005666667,0.173,0.44,0.419666667,0.171333333,0.003,0,0,0.002,0.206,0.519,0.486666667,0.163666667,0.000333333,0,0,0,0.220666667,0.562,0.499666667,0.116333333,0,0,0,0,0.22,0.556333333,0.455666667,0.066333333,0,0,0,0,0.158333333,0.539,0.471666667,0.062333333,0,0
LN,y5,0,0,0.145666667,0.586666667,0.564,0.116333333,0,0,0,0,0.172666667,0.625,0.633,0.188,0,0,0,0,0.196333333,0.562333333,0.541333333,0.185666667,0,0,0,0.005,0.211,0.547333333,0.524666667,0.198333333,0.001333333,0,0,0.013666667,0.239,0.563333333,0.535333333,0.211333333,0.004333333,0,0,0.014,0.206,0.483666667,0.463666667,0.198666667,0.007333333,0,0,0.010333333,0.186666667,0.455666667,0.445,0.190333333,0.007333333,0,0,0.006333333,0.184,0.459666667,0.438,0.173333333,0.003333333,0,0,0.002,0.205333333,0.532,0.509333333,0.171333333,0.000333333,0,0,0,0.232666667,0.565666667,0.498666667,0.117333333,0,0,0,0,0.203666667,0.533666667,0.459333333,0.070666667,0,0,0,0,0.172,0.581333333,0.496333333,0.064333333,0,0
LN,y6,0,0,0.141333333,0.578,0.562,0.115,0,0,0,0,0.183,0.661,0.653333333,0.186333333,0,0,0,0,0.225666667,0.653666667,0.628333333,0.213333333,0,0,0,0.005333333,0.233666667,0.586333333,0.542,0.202333333,0.001333333,0,0,0.012333333,0.221,0.531666667,0.508,0.206,0.004333333,0,0,0.016333333,0.235666667,0.527666667,0.497,0.210333333,0.008,0,0,0.01,0.179333333,0.438,0.435,0.192,0.007333333,0,0,0.006,0.167,0.435666667,0.431,0.176,0.003333333,0,0,0.002,0.218333333,0.539666667,0.503,0.166333333,0.000333333,0,0,0,0.215333333,0.528,0.457666667,0.105666667,0,0,0,0,0.200666667,0.529333333,0.447,0.067,0,0,0,0,0.157333333,0.545,0.475,0.061666667,0,0
LN,y7,0,0,0.144,0.591,0.572666667,0.117333333,0,0,0,0,0.171333333,0.621,0.628,0.182333333,0,0,0,0.000333333,0.23,0.660666667,0.646,0.221,0,0,0,0.005666667,0.231666667,0.599,0.576,0.216333333,0.001333333,0,0,0.014,0.24,0.561,0.529,0.209,0.004333333,0,0,0.013333333,0.193666667,0.453333333,0.430666667,0.178666667,0.006333333,0,0,0.009333333,0.18,0.437,0.435333333,0.193666667,0.007666667,0,0,0.006333333,0.185666667,0.472666667,0.464666667,0.194666667,0.003333333,0,0,0.002333333,0.227,0.568,0.526666667,0.180666667,0.000333333,0,0,0,0.209666667,0.523666667,0.458333333,0.104666667,0,0,0,0,0.218,0.565,0.477333333,0.07,0,0,0,0,0.165,0.564666667,0.491,0.065,0,0
LN,y8,0,0,0.141,0.566666667,0.543,0.111,0,0,0,0,0.174666667,0.619666667,0.621333333,0.18,0,0,0,0,0.215333333,0.620666667,0.596,0.206333333,0,0,0,0.005333333,0.224333333,0.571,0.532,0.195666667,0.001333333,0,0,0.014,0.239666667,0.561666667,0.522666667,0.209333333,0.004333333,0,0,0.013333333,0.196,0.436666667,0.414,0.179333333,0.006333333,0,0,0.010666667,0.186,0.457,0.440333333,0.188333333,0.007333333,0,0,0.006666667,0.191333333,0.489666667,0.468666667,0.192333333,0.003333333,0,0,0.002,0.222666667,0.562333333,0.529333333,0.178333333,0.000333333,0,0,0,0.222666667,0.543,0.463,0.108,0,0,0,0,0.218333333,0.563333333,0.461666667,0.067,0,0,0,0,0.16,0.543666667,0.467666667,0.061333333,0,0
LN,y9,0,0,0.139,0.567,0.542,0.109666667,0,0,0,0,0.167333333,0.608,0.603666667,0.173333333,0,0,0,0,0.196666667,0.589,0.583666667,0.203333333,0,0,0,0.004666667,0.206666667,0.547666667,0.527666667,0.192333333,0.001333333,0,0,0.013333333,0.230333333,0.542333333,0.509666667,0.206666667,0.004,0,0,0.014,0.207666667,0.488666667,0.475666667,0.201666667,0.007333333,0,0,0.009666667,0.174333333,0.424,0.413666667,0.181333333,0.007,0,0,0.006666667,0.188333333,0.478666667,0.455333333,0.188666667,0.003333333,0,0,0.002,0.203666667,0.511333333,0.474,0.158333333,0.000333333,0,0,0,0.216333333,0.533333333,0.465666667,0.106666667,0,0,0,0,0.189,0.5,0.421,0.062333333,0,0,0,0,0.162,0.540333333,0.468666667,0.062,0,0
LN,y10,0,0,0.146333333,0.591666667,0.572,0.117,0,0,0,0,0.165666667,0.600666667,0.599666667,0.175666667,0,0,0,0,0.222666667,0.648666667,0.632666667,0.219666667,0,0,0,0.005333333,0.235333333,0.596333333,0.581666667,0.217666667,0.001333333,0,0,0.012666667,0.225666667,0.540333333,0.515333333,0.203333333,0.004,0,0,0.014,0.207,0.479333333,0.462333333,0.198,0.007333333,0,0,0.008666667,0.169333333,0.421333333,0.419,0.181666667,0.007,0,0,0.006333333,0.174,0.440666667,0.435666667,0.186,0.003333333,0,0,0.002,0.209666667,0.538666667,0.504333333,0.172333333,0.000333333,0,0,0,0.240666667,0.598,0.522333333,0.121333333,0,0,0,0,0.194,0.497333333,0.407333333,0.06,0,0,0,0,0.157,0.537,0.471,0.063,0,0
LN,y11,0,0,0.149,0.592333333,0.563,0.114666667,0,0,0,0,0.178333333,0.635666667,0.641,0.185666667,0,0,0,0,0.239666667,0.670666667,0.654333333,0.232333333,0,0,0,0.005666667,0.230333333,0.581333333,0.567,0.215333333,0.001333333,0,0,0.013,0.226333333,0.529666667,0.499666667,0.201333333,0.004333333,0,0,0.012,0.178,0.431,0.430333333,0.188333333,0.007333333,0,0,0.009333333,0.18,0.448,0.438333333,0.191,0.007,0,0,0.005333333,0.161,0.415333333,0.404333333,0.165333333,0.003,0,0,0.002,0.217,0.545333333,0.513666667,0.173666667,0.000333333,0,0,0,0.23,0.558333333,0.485,0.110666667,0,0,0,0,0.227333333,0.580333333,0.473,0.069,0,0,0,0,0.164666667,0.565,0.495,0.065,0,0
LN,y12,0,0,0.14,0.569666667,0.559333333,0.115333333,0,0,0,0,0.169666667,0.603333333,0.6,0.173666667,0,0,0,0,0.226333333,0.653333333,0.638666667,0.224666667,0,0,0,0.005333333,0.216666667,0.567,0.551,0.206333333,0.001333333,0,0,0.013,0.227,0.538,0.511333333,0.207,0.004333333,0,0,0.013333333,0.202,0.479666667,0.456333333,0.194666667,0.007333333,0,0,0.009333333,0.171,0.418,0.410333333,0.184,0.007,0,0,0.005333333,0.166333333,0.436333333,0.441666667,0.182666667,0.003333333,0,0,0.002,0.215666667,0.544666667,0.514,0.175333333,0.000333333,0,0,0,0.228,0.561,0.491333333,0.116,0,0,0,0,0.215333333,0.555666667,0.464666667,0.068,0,0,0,0,0.166,0.553333333,0.470333333,0.061,0,0
LN,y13,0,0,0.14,0.571333333,0.556333333,0.113,0,0,0,0,0.163666667,0.599,0.602,0.175,0,0,0,0,0.202666667,0.612,0.605666667,0.205,0,0,0,0.005666667,0.236666667,0.595333333,0.551,0.206666667,0.001333333,0,0,0.013,0.228333333,0.536333333,0.516,0.208666667,0.004333333,0,0,0.015,0.224666667,0.514666667,0.494333333,0.212333333,0.007666667,0,0,0.009333333,0.174,0.439,0.424333333,0.187333333,0.006666667,0,0,0.006,0.175666667,0.443666667,0.431,0.179666667,0.003333333,0,0,0.002,0.210666667,0.535666667,0.503333333,0.170333333,0.000333333,0,0,0,0.219333333,0.543,0.477333333,0.111,0,0,0,0,0.21,0.534666667,0.443666667,0.066333333,0,0,0,0,0.163333333,0.540666667,0.468,0.061666667,0,0
LN,y14,0,0,0.150333333,0.610666667,0.585666667,0.117666667,0,0,0,0,0.185333333,0.656333333,0.657333333,0.194666667,0,0,0,0,0.209333333,0.606333333,0.587333333,0.2,0,0,0,0.005,0.219666667,0.564333333,0.533333333,0.198333333,0.001333333,0,0,0.012333333,0.217333333,0.526,0.496666667,0.199333333,0.004333333,0,0,0.013,0.191333333,0.446,0.439,0.196333333,0.007333333,0,0,0.008666667,0.163,0.403,0.402,0.181333333,0.006666667,0,0,0.006666667,0.179666667,0.455,0.448,0.186,0.003666667,0,0,0.002,0.212333333,0.548333333,0.514333333,0.171333333,0.000333333,0,0,0,0.234666667,0.577666667,0.516,0.123666667,0,0,0,0,0.232333333,0.591,0.490666667,0.071333333,0,0,0,0,0.168,0.556,0.472666667,0.062333333,0,0
LN,y15,0,0,0.147,0.590666667,0.573666667,0.118666667,0,0,0,0,0.176,0.623333333,0.63,0.187,0,0,0,0.000333333,0.221,0.642666667,0.63,0.218333333,0,0,0,0.005,0.211333333,0.542333333,0.532,0.202,0.001333333,0,0,0.013,0.225333333,0.542,0.524666667,0.214333333,0.004333333,0,0,0.013666667,0.208,0.482333333,0.459,0.195666667,0.007666667,0,0,0.010333333,0.187,0.459,0.441333333,0.187333333,0.007,0,0,0.007333333,0.204,0.506666667,0.483333333,0.196333333,0.003666667,0,0,0.002,0.200666667,0.509,0.484,0.165333333,0.000333333,0,0,0,0.243666667,0.590333333,0.508333333,0.118,0,0,0,0,0.208333333,0.539,0.448,0.065666667,0,0,0,0,0.165666667,0.564,0.489666667,0.064,0,0
LN,y16,0,0,0.142333333,0.574333333,0.557,0.114,0,0,0,0,0.164333333,0.605,0.611666667,0.179,0,0,0,0,0.210666667,0.626,0.624,0.216666667,0,0,0,0.005,0.208666667,0.542666667,0.530666667,0.202,0.001333333,0,0,0.011333333,0.196,0.46,0.428,0.175333333,0.003666667,0,0,0.014333333,0.219,0.511,0.495666667,0.216333333,0.008,0,0,0.008333333,0.156666667,0.402,0.388666667,0.164666667,0.006,0,0,0.005333333,0.151,0.402,0.403333333,0.171333333,0.003333333,0,0,0.001666667,0.181333333,0.474,0.450666667,0.150333333,0.000333333,0,0,0,0.224,0.551666667,0.482333333,0.113,0,0,0,0,0.216666667,0.558666667,0.470333333,0.069666667,0,0,0,0,0.157,0.534666667,0.463666667,0.061666667,0,0
LN,y17,0,0,0.156333333,0.625,0.604666667,0.124333333,0,0,0,0,0.159666667,0.591333333,0.608666667,0.179,0,0,0,0,0.236666667,0.679333333,0.654666667,0.226,0,0,0,0.005333333,0.234,0.59,0.561333333,0.209333333,0.001333333,0,0,0.013666667,0.243333333,0.571666667,0.541,0.214,0.004333333,0,0,0.012333333,0.188,0.444666667,0.434,0.187,0.006666667,0,0,0.008666667,0.158,0.398666667,0.393666667,0.167333333,0.006333333,0,0,0.005333333,0.160666667,0.416666667,0.412666667,0.172,0.003333333,0,0,0.002,0.216,0.557,0.538666667,0.182666667,0.000333333,0,0,0,0.236333333,0.574333333,0.487666667,0.112,0,0,0,0,0.195,0.517,0.427,0.062333333,0,0,0,0,0.165333333,0.562,0.492,0.064333333,0,0
LN,y18,0,0,0.147333333,0.590333333,0.568333333,0.116333333,0,0,0,0,0.179333333,0.642,0.644666667,0.188333333,0,0,0,0,0.216666667,0.625333333,0.608666667,0.212666667,0,0,0,0.005,0.224666667,0.58,0.551666667,0.205333333,0.001333333,0,0,0.013666667,0.239,0.566,0.534666667,0.217333333,0.004333333,0,0,0.012333333,0.188666667,0.455333333,0.439,0.185666667,0.006666667,0,0,0.009333333,0.167666667,0.414,0.406333333,0.180333333,0.006666667,0,0,0.005666667,0.166666667,0.429,0.425666667,0.174333333,0.003,0,0,0.001666667,0.203666667,0.521,0.474,0.158333333,0.000333333,0,0,0,0.233,0.564666667,0.501666667,0.117333333,0,0,0,0,0.201,0.512333333,0.423666667,0.062666667,0,0,0,0,0.164666667,0.566,0.487333333,0.063,0,0
LN,y19,0,0,0.144,0.584666667,0.565,0.114666667,0,0,0,0,0.168666667,0.601666667,0.604666667,0.178333333,0,0,0,0,0.225,0.638666667,0.608333333,0.211333333,0,0,0,0.006,0.238,0.593,0.551333333,0.208333333,0.001333333,0,0,0.013666667,0.237333333,0.542,0.498333333,0.202666667,0.004333333,0,0,0.012333333,0.184333333,0.442333333,0.431,0.183666667,0.006666667,0,0,0.009,0.167333333,0.408333333,0.405666667,0.178,0.006333333,0,0,0.005666667,0.171,0.457666667,0.454333333,0.187666667,0.003333333,0,0,0.002,0.210666667,0.531333333,0.492,0.166333333,0.000333333,0,0,0,0.224333333,0.552666667,0.483,0.113,0,0,0,0,0.21,0.536666667,0.438,0.063333333,0,0,0,0,0.167666667,0.569333333,0.493,0.064666667,0,0
LN,y20,0,0,0.141666667,0.565666667,0.543,0.112,0,0,0,0,0.164666667,0.601,0.61,0.18,0,0,0,0,0.222,0.646666667,0.625666667,0.214,0,0,0,0.005666667,0.237333333,0.603666667,0.579,0.214,0.001333333,0,0,0.013,0.221333333,0.512666667,0.484333333,0.197666667,0.004333333,0,0,0.013333333,0.201666667,0.469,0.434,0.183666667,0.007,0,0,0.010666667,0.194666667,0.475333333,0.458,0.195333333,0.007333333,0,0,0.007,0.203,0.513333333,0.484333333,0.188666667,0.003666667,0,0,0.002,0.218,0.553666667,0.511,0.169666667,0.000333333,0,0,0,0.223,0.555333333,0.495666667,0.115666667,0,0,0,0,0.221,0.562666667,0.461666667,0.067,0,0,0,0,0.161666667,0.552333333,0.478,0.062666667,0,0
LN,y21,0,0,0.138333333,0.561,0.540333333,0.109333333,0,0,0,0,0.172333333,0.613333333,0.611666667,0.177,0,0,0,0,0.219,0.639333333,0.636333333,0.224333333,0,0,0,0.005666667,0.226666667,0.574,0.557333333,0.207333333,0.001333333,0,0,0.014,0.239,0.542,0.521,0.209666667,0.004333333,0,0,0.012666667,0.2,0.472,0.439666667,0.181333333,0.007,0,0,0.011,0.197666667,0.477666667,0.465333333,0.205333333,0.007666667,0,0,0.006,0.175666667,0.455666667,0.440666667,0.182333333,0.003333333,0,0,0.002,0.216,0.552,0.506333333,0.167333333,0.000333333,0,0,0,0.215333333,0.535,0.472,0.111333333,0,0,0,0,0.18,0.473,0.390666667,0.057333333,0,0,0,0,0.149666667,0.516333333,0.449666667,0.059,0,0
LN,y22,0,0,0.15,0.606333333,0.587666667,0.121666667,0,0,0,0,0.175333333,0.623,0.618,0.179666667,0,0,0,0,0.226666667,0.653333333,0.646333333,0.227666667,0,0,0,0.005333333,0.223,0.582333333,0.567666667,0.214666667,0.001333333,0,0,0.013,0.219666667,0.515333333,0.489666667,0.202666667,0.004333333,0,0,0.014,0.210333333,0.496,0.473333333,0.202666667,0.007333333,0,0,0.009333333,0.167333333,0.417666667,0.412,0.184666667,0.006666667,0,0,0.006333333,0.176333333,0.450666667,0.449666667,0.191333333,0.003333333,0,0,0.001666667,0.191666667,0.494666667,0.453,0.148666667,0.000333333,0,0,0,0.218,0.542666667,0.48,0.112,0,0,0,0,0.203333333,0.536333333,0.450333333,0.065333333,0,0,0,0,0.151,0.517,0.458333333,0.060666667,0,0
LN,y23,0,0,0.142666667,0.563,0.539,0.112,0,0,0,0,0.174,0.613666667,0.613666667,0.181,0,0,0,0,0.232666667,0.662333333,0.635333333,0.222,0,0,0,0.006,0.240333333,0.609333333,0.575333333,0.212666667,0.001666667,0,0,0.014,0.244333333,0.563666667,0.534666667,0.218,0.004666667,0,0,0.015666667,0.226,0.510333333,0.475333333,0.199,0.007333333,0,0,0.009333333,0.174,0.434333333,0.432666667,0.190333333,0.007,0,0,0.005,0.154666667,0.412,0.408666667,0.167333333,0.003,0,0,0.002,0.209333333,0.538666667,0.511333333,0.172666667,0.000333333,0,0,0,0.222,0.547,0.467666667,0.105,0,0,0,0,0.227333333,0.587,0.483666667,0.07,0,0,0,0,0.165333333,0.558666667,0.483333333,0.064,0,0
LN,y24,0,0,0.147333333,0.589,0.568,0.118333333,0,0,0,0,0.182,0.648333333,0.645,0.187,0,0,0,0,0.207333333,0.614666667,0.613333333,0.213,0,0,0,0.005333333,0.218333333,0.56,0.525,0.194,0.001333333,0,0,0.012666667,0.222333333,0.522,0.497333333,0.201333333,0.004,0,0,0.013,0.199,0.473333333,0.454666667,0.193333333,0.007333333,0,0,0.007333333,0.140666667,0.370333333,0.384,0.175333333,0.006333333,0,0,0.005666667,0.161333333,0.415666667,0.411666667,0.172,0.003333333,0,0,0.002,0.225,0.556333333,0.493666667,0.165,0.000333333,0,0,0,0.247333333,0.599666667,0.521666667,0.121666667,0,0,0,0,0.21,0.541666667,0.448,0.065666667,0,0,0,0,0.165333333,0.563333333,0.493,0.065666667,0,0
LN,y25,0,0,0.147666667,0.584666667,0.564333333,0.117,0,0,0,0,0.176333333,0.625,0.625666667,0.182333333,0,0,0,0,0.221666667,0.644333333,0.62,0.212,0,0,0,0.005,0.228,0.583,0.555666667,0.211,0.001333333,0,0,0.014,0.243,0.563,0.544,0.222,0.004666667,0,0,0.014666667,0.217,0.496333333,0.473,0.202333333,0.008,0,0,0.010333333,0.187333333,0.458,0.448666667,0.194333333,0.007333333,0,0,0.005333333,0.16,0.418,0.407,0.162666667,0.003,0,0,0.002,0.218333333,0.549333333,0.515333333,0.174,0.000333333,0,0,0,0.231666667,0.574666667,0.511666667,0.120666667,0,0,0,0,0.204333333,0.522666667,0.444666667,0.066,0,0,0,0,0.160333333,0.537,0.462,0.060666667,0,0
LN,y26,0,0,0.139666667,0.562333333,0.539,0.109,0,0,0,0,0.153333333,0.561333333,0.565333333,0.164666667,0,0,0,0,0.207666667,0.607666667,0.605,0.218333333,0,0,0,0.005666667,0.252,0.623333333,0.579666667,0.217666667,0.001333333,0,0,0.011,0.197666667,0.477,0.453333333,0.185666667,0.004,0,0,0.014333333,0.218666667,0.508333333,0.483666667,0.207666667,0.007666667,0,0,0.010666667,0.190666667,0.462333333,0.450666667,0.193333333,0.007333333,0,0,0.005333333,0.154333333,0.402,0.395,0.158666667,0.003,0,0,0.001666667,0.186,0.486,0.441,0.148666667,0.000333333,0,0,0,0.24,0.594666667,0.522,0.123666667,0,0,0,0,0.215666667,0.542,0.448,0.067666667,0,0,0,0,0.176666667,0.594666667,0.512666667,0.067,0,0
MD,y1,0,0,0.096333333,0.555666667,0.554333333,0.102,0,0,0,0,0.144,0.613333333,0.612333333,0.171,0,0,0,0,0.211333333,0.661333333,0.647666667,0.233333333,0.000333333,0,0,0.005666667,0.231666667,0.611,0.588,0.234333333,0.003666667,0,0,0.016,0.248333333,0.574666667,0.549333333,0.238,0.01,0,0,0.017333333,0.220333333,0.506666667,0.483333333,0.221666667,0.014666667,0,0,0.013,0.199333333,0.478333333,0.473333333,0.224666667,0.014333333,0,0,0.008,0.200666667,0.504333333,0.482,0.212,0.007333333,0,0,0.001666667,0.202,0.531,0.498333333,0.182666667,0.001,0,0,0,0.205666667,0.555333333,0.483666667,0.114666667,0,0,0,0,0.181,0.559,0.472666667,0.065666667,0,0,0,0,0.112,0.519333333,0.458666667,0.049666667,0,0
MD,y2,0,0,0.1,0.576333333,0.569666667,0.104,0,0,0,0,0.151666667,0.642333333,0.663,0.195,0,0,0,0,0.211666667,0.663333333,0.651,0.231333333,0.000333333,0,0,0.005333333,0.232333333,0.613666667,0.591666667,0.237666667,0.003666667,0,0,0.015333333,0.234666667,0.556,0.541333333,0.238333333,0.009666667,0,0,0.018333333,0.227666667,0.512666667,0.495,0.233666667,0.015333333,0,0,0.012,0.183666667,0.450333333,0.439333333,0.207,0.013333333,0,0,0.007333333,0.186666667,0.483333333,0.463,0.203,0.007,0,0,0.002,0.222666667,0.592,0.565666667,0.208,0.001,0,0,0,0.217666667,0.586,0.517333333,0.125333333,0,0,0,0,0.179333333,0.560333333,0.474333333,0.066,0,0,0,0,0.116666667,0.531666667,0.46,0.049666667,0,0
MD,y3,0,0,0.099666667,0.571,0.57,0.107666667,0,0,0,0,0.149333333,0.63,0.645333333,0.189,0,0,0,0,0.22,0.682333333,0.681666667,0.250666667,0.000333333,0,0,0.006,0.238666667,0.619333333,0.591333333,0.239,0.003666667,0,0,0.014666667,0.224333333,0.529333333,0.507666667,0.227333333,0.009666667,0,0,0.018666667,0.228333333,0.516666667,0.5,0.238333333,0.015666667,0,0,0.014666667,0.213,0.502666667,0.488666667,0.230666667,0.015,0,0,0.006666667,0.181,0.471666667,0.456666667,0.199666667,0.006666667,0,0,0.001666667,0.211333333,0.544666667,0.498666667,0.182,0.001,0,0,0,0.213333333,0.579,0.508,0.122,0,0,0,0,0.183,0.575333333,0.484666667,0.065666667,0,0,0,0,0.115,0.536,0.473,0.051,0,0
MD,y4,0,0,0.099333333,0.575,0.574666667,0.106333333,0,0,0,0,0.141333333,0.601666667,0.625666667,0.184,0,0,0,0,0.216666667,0.673333333,0.674666667,0.248666667,0.000333333,0,0,0.005333333,0.214666667,0.577333333,0.579333333,0.232333333,0.003333333,0,0,0.015333333,0.241333333,0.573666667,0.556666667,0.244666667,0.01,0,0,0.017,0.212333333,0.486,0.471333333,0.223,0.015,0,0,0.010333333,0.153333333,0.373666667,0.375,0.182,0.011666667,0,0,0.005666667,0.153,0.402,0.389666667,0.173666667,0.005666667,0,0,0.001666667,0.195,0.529666667,0.498333333,0.184333333,0.001,0,0,0,0.203333333,0.555666667,0.493666667,0.119333333,0,0,0,0,0.175,0.549666667,0.466333333,0.062333333,0,0,0,0,0.113666667,0.533,0.473666667,0.051,0,0
MD,y5,0,0,0.098333333,0.569,0.565,0.103333333,0,0,0,0,0.147666667,0.633666667,0.649,0.185666667,0,0,0,0,0.218333333,0.69,0.678666667,0.239,0.000333333,0,0,0.005666667,0.238,0.626,0.610333333,0.243666667,0.003666667,0,0,0.016,0.248,0.583333333,0.562,0.247666667,0.010333333,0,0,0.018666667,0.226666667,0.508666667,0.487666667,0.231,0.015666667,0,0,0.013333333,0.204666667,0.487333333,0.477333333,0.222,0.014,0,0,0.008666667,0.204666667,0.505666667,0.491,0.222666667,0.007666667,0,0,0.001666667,0.214666667,0.564,0.519,0.187,0.001,0,0,0,0.213,0.576333333,0.518333333,0.125666667,0,0,0,0,0.175666667,0.554333333,0.472,0.065333333,0,0,0,0,0.116,0.534,0.465666667,0.049666667,0,0
MD,y6,0,0,0.095,0.558333333,0.558,0.102333333,0,0,0,0,0.153,0.651333333,0.661,0.187,0,0,0,0,0.211333333,0.663333333,0.647333333,0.234666667,0.000333333,0,0,0.005,0.225333333,0.598666667,0.571333333,0.228666667,0.003333333,0,0,0.015,0.238666667,0.563,0.545,0.241333333,0.009666667,0,0,0.019,0.233,0.534666667,0.525666667,0.245666667,0.015666667,0,0,0.013333333,0.199333333,0.479333333,0.482333333,0.23,0.014666667,0,0,0.008,0.189666667,0.472333333,0.453666667,0.205333333,0.007333333,0,0,0.001666667,0.217666667,0.574,0.542333333,0.196,0.001,0,0,0,0.211333333,0.558,0.491666667,0.118666667,0,0,0,0,0.182666667,0.568666667,0.479333333,0.066333333,0,0,0,0,0.121,0.552666667,0.482666667,0.051333333,0,0
MD,y7,0,0,0.101666667,0.584666667,0.581666667,0.107,0,0,0,0,0.158666667,0.670666667,0.686333333,0.199666667,0,0,0,0,0.216,0.664666667,0.648333333,0.233666667,0.000333333,0,0,0.005666667,0.233333333,0.617666667,0.603,0.247,0.003666667,0,0,0.015666667,0.24,0.558333333,0.540666667,0.241,0.01,0,0,0.018666667,0.230333333,0.521666667,0.496666667,0.234666667,0.015333333,0,0,0.013666667,0.209333333,0.502,0.488,0.229666667,0.014333333,0,0,0.008333333,0.207333333,0.515666667,0.494666667,0.220333333,0.007666667,0,0,0.001666667,0.215,0.574666667,0.553,0.198666667,0.001,0,0,0,0.208,0.567666667,0.514,0.121666667,0,0,0,0,0.183333333,0.569333333,0.481333333,0.065333333,0,0,0,0,0.118666667,0.554,0.484333333,0.052,0,0
MD,y8,0,0,0.092333333,0.538666667,0.539,0.099666667,0,0,0,0,0.147666667,0.624333333,0.647333333,0.191,0,0,0,0,0.21,0.654333333,0.647666667,0.236,0.000333333,0,0,0.005666667,0.218,0.568333333,0.546333333,0.222,0.003333333,0,0,0.016,0.245666667,0.573,0.539666667,0.239333333,0.01,0,0,0.016666667,0.205,0.450333333,0.422666667,0.201666667,0.013333333,0,0,0.013666667,0.207666667,0.485666667,0.476,0.230666667,0.014666667,0,0,0.008333333,0.204333333,0.509666667,0.492666667,0.218666667,0.007666667,0,0,0.001666667,0.218666667,0.572666667,0.535,0.193,0.001,0,0,0,0.203333333,0.541333333,0.473333333,0.115,0,0,0,0,0.185666667,0.585,0.487666667,0.065333333,0,0,0,0,0.120333333,0.562,0.496,0.053,0,0
MD,y9,0,0,0.096,0.559666667,0.554666667,0.099666667,0,0,0,0,0.139333333,0.598333333,0.619,0.174666667,0,0,0,0,0.205,0.657333333,0.665333333,0.243,0.000333333,0,0,0.005666667,0.224,0.591,0.566333333,0.231,0.003666667,0,0,0.016,0.246666667,0.585,0.564333333,0.250666667,0.010333333,0,0,0.018333333,0.224,0.511,0.492333333,0.229333333,0.015,0,0,0.012333333,0.184333333,0.445666667,0.452,0.216333333,0.014,0,0,0.007666667,0.195666667,0.502,0.485666667,0.213333333,0.007333333,0,0,0.001666667,0.201666667,0.529666667,0.504666667,0.188333333,0.001,0,0,0,0.213666667,0.576666667,0.499666667,0.119666667,0,0,0,0,0.173333333,0.546,0.463666667,0.063333333,0,0,0,0,0.114666667,0.531333333,0.467333333,0.050333333,0,0
MD,y10,0,0,0.096,0.560333333,0.558333333,0.102,0,0,0,0,0.135666667,0.593666667,0.613666667,0.174333333,0,0,0,0,0.214666667,0.666333333,0.651333333,0.234333333,0.000333333,0,0,0.005333333,0.229,0.604666667,0.586333333,0.239333333,0.003333333,0,0,0.015,0.237,0.556333333,0.532333333,0.231333333,0.01,0,0,0.019333333,0.233666667,0.531,0.514333333,0.24,0.015666667,0,0,0.013333333,0.200333333,0.473666667,0.465333333,0.221666667,0.014,0,0,0.008666667,0.209666667,0.53,0.520333333,0.234,0.008,0,0,0.001666667,0.199666667,0.524666667,0.495333333,0.182333333,0.001,0,0,0,0.216333333,0.574666667,0.507333333,0.122666667,0,0,0,0,0.176,0.544666667,0.458333333,0.062333333,0,0,0,0,0.115,0.538333333,0.473666667,0.050666667,0,0
MD,y11,0,0,0.095333333,0.55,0.550333333,0.102,0,0,0,0,0.154333333,0.652333333,0.667,0.192,0,0,0,0,0.222666667,0.683666667,0.684,0.252333333,0.000333333,0,0,0.005333333,0.219666667,0.578666667,0.564,0.232666667,0.003333333,0,0,0.015666667,0.24,0.556333333,0.525333333,0.227666667,0.009333333,0,0,0.018,0.226,0.52,0.497666667,0.232,0.015,0,0,0.011333333,0.173666667,0.425666667,0.425666667,0.208666667,0.013666667,0,0,0.008,0.203,0.512333333,0.502666667,0.229666667,0.007666667,0,0,0.001666667,0.200666667,0.525333333,0.482333333,0.176333333,0.001,0,0,0,0.216333333,0.584333333,0.517,0.121333333,0,0,0,0,0.179,0.561,0.464,0.062666667,0,0,0,0,0.113666667,0.532,0.470666667,0.051,0,0
MD,y12,0,0,0.098,0.563333333,0.56,0.103333333,0,0,0,0,0.148666667,0.633333333,0.653,0.189666667,0,0,0,0,0.211333333,0.666,0.658666667,0.237666667,0.000333333,0,0,0.005666667,0.222666667,0.592333333,0.582666667,0.236333333,0.003666667,0,0,0.016666667,0.255,0.591666667,0.566333333,0.251,0.010333333,0,0,0.017666667,0.216666667,0.488666667,0.461,0.213,0.014333333,0,0,0.013,0.195,0.461,0.448,0.210333333,0.013666667,0,0,0.008333333,0.213,0.539,0.522,0.233333333,0.007666667,0,0,0.001666667,0.216333333,0.573666667,0.545,0.199333333,0.001,0,0,0,0.219333333,0.593333333,0.535333333,0.127666667,0,0,0,0,0.176666667,0.551,0.462333333,0.063,0,0,0,0,0.114666667,0.534,0.469333333,0.05,0,0
MD,y13,0,0,0.092333333,0.533666667,0.535,0.097666667,0,0,0,0,0.145666667,0.612,0.624,0.180666667,0,0,0,0,0.203,0.641333333,0.635333333,0.227333333,0.000333333,0,0,0.006,0.246333333,0.641,0.599,0.236666667,0.003666667,0,0,0.015,0.235,0.552666667,0.534333333,0.238666667,0.01,0,0,0.018666667,0.230333333,0.533,0.519666667,0.242666667,0.015666667,0,0,0.014,0.211333333,0.501666667,0.497,0.239666667,0.015333333,0,0,0.008666667,0.208666667,0.516333333,0.494333333,0.219666667,0.007666667,0,0,0.001666667,0.207666667,0.55,0.525666667,0.194,0.001,0,0,0,0.219333333,0.581,0.522333333,0.129666667,0,0,0,0,0.183666667,0.566333333,0.479,0.066,0,0,0,0,0.111666667,0.511666667,0.450333333,0.048,0,0
MD,y14,0,0,0.101,0.580333333,0.576333333,0.105666667,0,0,0,0,0.151666667,0.641333333,0.653333333,0.190333333,0,0,0,0,0.192333333,0.607666667,0.597333333,0.217333333,0.000333333,0,0,0.005333333,0.227,0.605,0.591666667,0.240333333,0.003333333,0,0,0.015333333,0.239333333,0.552,0.519,0.227,0.009333333,0,0,0.017,0.21,0.478,0.467666667,0.223,0.014333333,0,0,0.012333333,0.189666667,0.461,0.457,0.22,0.013666667,0,0,0.008666667,0.203,0.513333333,0.508333333,0.229,0.008,0,0,0.002,0.217,0.573,0.532333333,0.193333333,0.001,0,0,0,0.207666667,0.565333333,0.51,0.125666667,0,0,0,0,0.183,0.562333333,0.469666667,0.064666667,0,0,0,0,0.113666667,0.523666667,0.457666667,0.049333333,0,0
MD,y15,0,0,0.097333333,0.559333333,0.559,0.104333333,0,0,0,0,0.152,0.633333333,0.650333333,0.190333333,0,0,0,0,0.213,0.657666667,0.646333333,0.232666667,0.000333333,0,0,0.005666667,0.226666667,0.601666667,0.588666667,0.235333333,0.003333333,0,0,0.016333333,0.247,0.580666667,0.565666667,0.253333333,0.010333333,0,0,0.017333333,0.208666667,0.466333333,0.456,0.220333333,0.014666667,0,0,0.013666667,0.206,0.480666667,0.475666667,0.226666667,0.014333333,0,0,0.008333333,0.209333333,0.517666667,0.497,0.224666667,0.007666667,0,0,0.001666667,0.207333333,0.545666667,0.502666667,0.182333333,0.000666667,0,0,0,0.218,0.581,0.505666667,0.120666667,0,0,0,0,0.174666667,0.553333333,0.463666667,0.062666667,0,0,0,0,0.114333333,0.534666667,0.471,0.050666667,0,0
MD,y16,0,0,0.096666667,0.558333333,0.557333333,0.103333333,0,0,0,0,0.151666667,0.640666667,0.655333333,0.191,0,0,0,0,0.216666667,0.678333333,0.668,0.240666667,0.000333333,0,0,0.005666667,0.236666667,0.617333333,0.589666667,0.237,0.003666667,0,0,0.013,0.203,0.497,0.484,0.213333333,0.008666667,0,0,0.02,0.244333333,0.549333333,0.532333333,0.253,0.016666667,0,0,0.013,0.196333333,0.464,0.453666667,0.218333333,0.014333333,0,0,0.007666667,0.200333333,0.505,0.481666667,0.212333333,0.007333333,0,0,0.002,0.219333333,0.578333333,0.532666667,0.188666667,0.001,0,0,0,0.213666667,0.576666667,0.520333333,0.126333333,0,0,0,0,0.174666667,0.548,0.456,0.062666667,0,0,0,0,0.107333333,0.509,0.456666667,0.05,0,0
MD,y17,0,0,0.098666667,0.574333333,0.572666667,0.105,0,0,0,0,0.146333333,0.624,0.641666667,0.187,0,0,0,0,0.219333333,0.675666667,0.651333333,0.235,0.000333333,0,0,0.006,0.244333333,0.626666667,0.601,0.242,0.003666667,0,0,0.015666667,0.237666667,0.559,0.539333333,0.235666667,0.009666667,0,0,0.019,0.233666667,0.525333333,0.516666667,0.241,0.015666667,0,0,0.011666667,0.167,0.406,0.408333333,0.193666667,0.012666667,0,0,0.008666667,0.213333333,0.537666667,0.523666667,0.233,0.008,0,0,0.001666667,0.224,0.585666667,0.547,0.2,0.001,0,0,0,0.211666667,0.564,0.507,0.124666667,0,0,0,0,0.174333333,0.539666667,0.458666667,0.063,0,0,0,0,0.117666667,0.545,0.478666667,0.051333333,0,0
MD,y18,0,0,0.096333333,0.561333333,0.562333333,0.103333333,0,0,0,0,0.153333333,0.654,0.660666667,0.187333333,0,0,0,0,0.209666667,0.661333333,0.659,0.238,0.000333333,0,0,0.005333333,0.239666667,0.627333333,0.601,0.239666667,0.003333333,0,0,0.016333333,0.249,0.576333333,0.552666667,0.25,0.010333333,0,0,0.016333333,0.201333333,0.455666667,0.441666667,0.210666667,0.014333333,0,0,0.012666667,0.192,0.457333333,0.448,0.217333333,0.013666667,0,0,0.008333333,0.209666667,0.532,0.521333333,0.232666667,0.007666667,0,0,0.001666667,0.194,0.512333333,0.478666667,0.173333333,0.000666667,0,0,0,0.210333333,0.560666667,0.491333333,0.121,0,0,0,0,0.164,0.517333333,0.435333333,0.06,0,0,0,0,0.119333333,0.548333333,0.479333333,0.051333333,0,0
MD,y19,0,0,0.096666667,0.560333333,0.562666667,0.104333333,0,0,0,0,0.155333333,0.653666667,0.670333333,0.196,0,0,0,0,0.221,0.683,0.684,0.253,0.000333333,0,0,0.005666667,0.234333333,0.608333333,0.582333333,0.237666667,0.003666667,0,0,0.015,0.228666667,0.539333333,0.520333333,0.235666667,0.01,0,0,0.016666667,0.206333333,0.470333333,0.441333333,0.209666667,0.014,0,0,0.012333333,0.189333333,0.453,0.445,0.213333333,0.013666667,0,0,0.007,0.186333333,0.477666667,0.464,0.202666667,0.007,0,0,0.001666667,0.212333333,0.561333333,0.518666667,0.186333333,0.001,0,0,0,0.207666667,0.555333333,0.488666667,0.116666667,0,0,0,0,0.169,0.535333333,0.452333333,0.061666667,0,0,0,0,0.109333333,0.514333333,0.454333333,0.049,0,0
MD,y20,0,0,0.094666667,0.543333333,0.548,0.102,0,0,0,0,0.151666667,0.636333333,0.654666667,0.191333333,0,0,0,0,0.216666667,0.667,0.644,0.231,0.000333333,0,0,0.005666667,0.237666667,0.624333333,0.611,0.246666667,0.003666667,0,0,0.013666667,0.210333333,0.501666667,0.478666667,0.212666667,0.009333333,0,0,0.017666667,0.216666667,0.492333333,0.467666667,0.218333333,0.014333333,0,0,0.013666667,0.206333333,0.496,0.483333333,0.229666667,0.014333333,0,0,0.008,0.201333333,0.51,0.499,0.223333333,0.007666667,0,0,0.001666667,0.211666667,0.557,0.519666667,0.189666667,0.001,0,0,0,0.214333333,0.582666667,0.520666667,0.124666667,0,0,0,0,0.18,0.558666667,0.47,0.063,0,0,0,0,0.112333333,0.524333333,0.459,0.049,0,0
MD,y21,0,0,0.094666667,0.546,0.540666667,0.098666667,0,0,0,0,0.142666667,0.609333333,0.628666667,0.184333333,0,0,0,0,0.214666667,0.672333333,0.671333333,0.245,0.000333333,0,0,0.005666667,0.233,0.613333333,0.594333333,0.239,0.003666667,0,0,0.015333333,0.233666667,0.547333333,0.526333333,0.232666667,0.009666667,0,0,0.017333333,0.217333333,0.498,0.484333333,0.225,0.015,0,0,0.014333333,0.209333333,0.499333333,0.488333333,0.233,0.014333333,0,0,0.007666667,0.187333333,0.477666667,0.471,0.211666667,0.007333333,0,0,0.001666667,0.191666667,0.510666667,0.476,0.171333333,0.000666667,0,0,0,0.214,0.570333333,0.51,0.124333333,0,0,0,0,0.178,0.549,0.462,0.062333333,0,0,0,0,0.110333333,0.518666667,0.458,0.049,0,0
MD,y22,0,0,0.099,0.571333333,0.570333333,0.105,0,0,0,0,0.147333333,0.628666667,0.628,0.176,0,0,0,0,0.212666667,0.662,0.652,0.236,0.000333333,0,0,0.005333333,0.224333333,0.597333333,0.578,0.229333333,0.003333333,0,0,0.014666667,0.229,0.548,0.535333333,0.235666667,0.009666667,0,0,0.019333333,0.238666667,0.534333333,0.505333333,0.237333333,0.015333333,0,0,0.013666667,0.205666667,0.491,0.484333333,0.231,0.014666667,0,0,0.008666667,0.209,0.524,0.505666667,0.224666667,0.008,0,0,0.001333333,0.170333333,0.457,0.425,0.151333333,0.000666667,0,0,0,0.209333333,0.563,0.492,0.119666667,0,0,0,0,0.183333333,0.569666667,0.475666667,0.063333333,0,0,0,0,0.113,0.524,0.460666667,0.049,0,0
MD,y23,0,0,0.096333333,0.551666667,0.552,0.103,0,0,0,0,0.149666667,0.622333333,0.635,0.186,0,0,0,0,0.219666667,0.674,0.658333333,0.242666667,0.000333333,0,0,0.006,0.239333333,0.622333333,0.611333333,0.252333333,0.004,0,0,0.016,0.243666667,0.576,0.559,0.251666667,0.010666667,0,0,0.02,0.243,0.542,0.520333333,0.245666667,0.016,0,0,0.013666667,0.210666667,0.498666667,0.491,0.230333333,0.014333333,0,0,0.006,0.171666667,0.448666667,0.447333333,0.199333333,0.006333333,0,0,0.001666667,0.209333333,0.546333333,0.511,0.185666667,0.001,0,0,0,0.214666667,0.574,0.500333333,0.120333333,0,0,0,0,0.179333333,0.562333333,0.470333333,0.064,0,0,0,0,0.114333333,0.539333333,0.476666667,0.051,0,0
MD,y24,0,0,0.099333333,0.568666667,0.565,0.105,0,0,0,0,0.153,0.640333333,0.645333333,0.184666667,0,0,0,0,0.211333333,0.663666667,0.669333333,0.247666667,0.000333333,0,0,0.005666667,0.223666667,0.593,0.576333333,0.235333333,0.003666667,0,0,0.015333333,0.237666667,0.563333333,0.543666667,0.243333333,0.01,0,0,0.018333333,0.228,0.515,0.487666667,0.230666667,0.015,0,0,0.012,0.183,0.448666667,0.449666667,0.213333333,0.013666667,0,0,0.007,0.179666667,0.467,0.452333333,0.198666667,0.006666667,0,0,0.001666667,0.208666667,0.545666667,0.504666667,0.182333333,0.000666667,0,0,0,0.218333333,0.578666667,0.502666667,0.122333333,0,0,0,0,0.181333333,0.564,0.477,0.064333333,0,0,0,0,0.119333333,0.554666667,0.487666667,0.053,0,0
MD,y25,0,0,0.098666667,0.562333333,0.555,0.102666667,0,0,0,0,0.151666667,0.637333333,0.655666667,0.194333333,0,0,0,0,0.215666667,0.662,0.644333333,0.232,0.000333333,0,0,0.005666667,0.242,0.642,0.636333333,0.260666667,0.003666667,0,0,0.015333333,0.240666667,0.567,0.545333333,0.236,0.01,0,0,0.018333333,0.226,0.518666667,0.504,0.236666667,0.015333333,0,0,0.012666667,0.195666667,0.471,0.456333333,0.216,0.013666667,0,0,0.006,0.159333333,0.409333333,0.398333333,0.178333333,0.006333333,0,0,0.001666667,0.222,0.591,0.572333333,0.213,0.001,0,0,0,0.213666667,0.58,0.522333333,0.127,0,0,0,0,0.178,0.556333333,0.470333333,0.063666667,0,0,0,0,0.112666667,0.518333333,0.457666667,0.049333333,0,0
MD,y26,0,0,0.093666667,0.538666667,0.538,0.099,0,0,0,0,0.139333333,0.598666667,0.613666667,0.179333333,0,0,0,0,0.211333333,0.657,0.636,0.228666667,0.000333333,0,0,0.005333333,0.239,0.629,0.609333333,0.246333333,0.003333333,0,0,0.014666667,0.231666667,0.546666667,0.532,0.24,0.009666667,0,0,0.017666667,0.217333333,0.488666667,0.460666667,0.215,0.014,0,0,0.014666667,0.218333333,0.518,0.499,0.234,0.014333333,0,0,0.006666667,0.171666667,0.45,0.441,0.196333333,0.006666667,0,0,0.001,0.162333333,0.44,0.394666667,0.141,0.000666667,0,0,0,0.214,0.571666667,0.507333333,0.124333333,0,0,0,0,0.173666667,0.532666667,0.450333333,0.063,0,0,0,0,0.122666667,0.561,0.489666667,0.052333333,0,0
MX,y1,0,0,0.050333333,0.521666667,0.665666667,0.268333333,0.000666667,0,0,0,0.069333333,0.540666667,0.692333333,0.337,0.006666667,0,0,0,0.109,0.588,0.725333333,0.388,0.017333333,0,0,0.000333333,0.135,0.570333333,0.678,0.368666667,0.026333333,0,0,0.003333333,0.152666667,0.544333333,0.632333333,0.358333333,0.036666667,0,0,0.005333333,0.149,0.506333333,0.585666667,0.346333333,0.045333333,0,0,0.003,0.13,0.459,0.537666667,0.322,0.042333333,0,0,0.001,0.125,0.480666667,0.559,0.323666667,0.033,0,0,0,0.115,0.484666667,0.562,0.286333333,0.014,0,0,0,0.122,0.526666667,0.582666667,0.242,0.002666667,0,0,0,0.112666667,0.555666667,0.604666667,0.198666667,0,0,0,0,0.063666667,0.511,0.588666667,0.181666667,0,0
MX,y2,0,0,0.049333333,0.511333333,0.654,0.262,0.000666667,0,0,0,0.073333333,0.569333333,0.739666667,0.368,0.007333333,0,0,0,0.104666667,0.569666667,0.708,0.377333333,0.017,0,0,0.000333333,0.128,0.546666667,0.656333333,0.355666667,0.025,0,0,0.003333333,0.149333333,0.536,0.625333333,0.356,0.036666667,0,0,0.005,0.143,0.486666667,0.561,0.325666667,0.041333333,0,0,0.003,0.13,0.459,0.530333333,0.312333333,0.041666667,0,0,0.001,0.111666667,0.432333333,0.505333333,0.296666667,0.031333333,0,0,0,0.135,0.554666667,0.642666667,0.338,0.017333333,0,0,0,0.125,0.534,0.595,0.248,0.002666667,0,0,0,0.106666667,0.53,0.576,0.184,0,0,0,0,0.065666667,0.515666667,0.594333333,0.183333333,0,0
MX,y3,0,0,0.050666667,0.52,0.660333333,0.267333333,0.000666667,0,0,0,0.072,0.550666667,0.712333333,0.355,0.007666667,0,0,0,0.102666667,0.547333333,0.670666667,0.353,0.016333333,0,0,0.000333333,0.133333333,0.562,0.666,0.361333333,0.026,0,0,0.003333333,0.147333333,0.527,0.61,0.346,0.036,0,0,0.005,0.144666667,0.494333333,0.574666667,0.335333333,0.042666667,0,0,0.003333333,0.133333333,0.473333333,0.557,0.328666667,0.042333333,0,0,0.001,0.124666667,0.483666667,0.574666667,0.331,0.033333333,0,0,0,0.123,0.521,0.601333333,0.315,0.016333333,0,0,0,0.138333333,0.585333333,0.650333333,0.274666667,0.002666667,0,0,0,0.106,0.530666667,0.581,0.189333333,0,0,0,0,0.062666667,0.504333333,0.583333333,0.180333333,0,0
MX,y4,0,0,0.049333333,0.512,0.653,0.262,0.000666667,0,0,0,0.064,0.501666667,0.653,0.315666667,0.006333333,0,0,0,0.106,0.559666667,0.681333333,0.353,0.015666667,0,0,0.000333333,0.12,0.517333333,0.619333333,0.332333333,0.024,0,0,0.003333333,0.140333333,0.506333333,0.587666667,0.329666667,0.034,0,0,0.005,0.145666667,0.498666667,0.576333333,0.339,0.043,0,0,0.002666667,0.12,0.437333333,0.518666667,0.310666667,0.041666667,0,0,0.000666667,0.118,0.466333333,0.544666667,0.313333333,0.032333333,0,0,0,0.125333333,0.521333333,0.604666667,0.315333333,0.016,0,0,0,0.128666667,0.548333333,0.608666667,0.257666667,0.002666667,0,0,0,0.108,0.543333333,0.591333333,0.192333333,0,0,0,0,0.062666667,0.499333333,0.579,0.177,0,0
MX,y5,0,0,0.05,0.515,0.658,0.266,0.000666667,0,0,0,0.072,0.559666667,0.718,0.353333333,0.007,0,0,0,0.105666667,0.572333333,0.713666667,0.380333333,0.017,0,0,0.000666667,0.131,0.554666667,0.655666667,0.354333333,0.025333333,0,0,0.003333333,0.148,0.523333333,0.601333333,0.336,0.033666667,0,0,0.005,0.145,0.495666667,0.574333333,0.334,0.043,0,0,0.003,0.131666667,0.469666667,0.543333333,0.321666667,0.041666667,0,0,0.001,0.129,0.496,0.582,0.332666667,0.034,0,0,0,0.121,0.513,0.591,0.301333333,0.015,0,0,0,0.132333333,0.560666667,0.629333333,0.266333333,0.003,0,0,0,0.107333333,0.534333333,0.578333333,0.185666667,0,0,0,0,0.063666667,0.508,0.584666667,0.180333333,0,0
MX,y6,0,0,0.047333333,0.501,0.647,0.258666667,0.000666667,0,0,0,0.073333333,0.565333333,0.723666667,0.355,0.007,0,0,0,0.11,0.593333333,0.729666667,0.393333333,0.018,0,0,0.000333333,0.129666667,0.559,0.672,0.365666667,0.026,0,0,0.003,0.146,0.525333333,0.613666667,0.346333333,0.034666667,0,0,0.005333333,0.142333333,0.482,0.550666667,0.312,0.039,0,0,0.003,0.131666667,0.471,0.561666667,0.339333333,0.044666667,0,0,0.001,0.125333333,0.481,0.564,0.327333333,0.033666667,0,0,0,0.127333333,0.526,0.603,0.31,0.016,0,0,0,0.122,0.521,0.583,0.242666667,0.002666667,0,0,0,0.106666667,0.533666667,0.582,0.187666667,0,0,0,0,0.064666667,0.504333333,0.583333333,0.179333333,0,0
MX,y7,0,0,0.048666667,0.499666667,0.638666667,0.256666667,0.000666667,0,0,0,0.073,0.556333333,0.716666667,0.352333333,0.007,0,0,0,0.113666667,0.603,0.739333333,0.397333333,0.018666667,0,0,0.000333333,0.130666667,0.551666667,0.656,0.352333333,0.025333333,0,0,0.003333333,0.153666667,0.547,0.633666667,0.36,0.037,0,0,0.005,0.146666667,0.494666667,0.571666667,0.332333333,0.042333333,0,0,0.003333333,0.137333333,0.484666667,0.572,0.340666667,0.044666667,0,0,0.001,0.132,0.497666667,0.576333333,0.335333333,0.034666667,0,0,0,0.117333333,0.493666667,0.559333333,0.278666667,0.013666667,0,0,0,0.121333333,0.523333333,0.582333333,0.241333333,0.002666667,0,0,0,0.109,0.543666667,0.590666667,0.19,0,0,0,0,0.063,0.507666667,0.587333333,0.180666667,0,0
MX,y8,0,0,0.048,0.502333333,0.642666667,0.26,0.000666667,0,0,0,0.068,0.529666667,0.684333333,0.337666667,0.006666667,0,0,0,0.107666667,0.572333333,0.705666667,0.377666667,0.017333333,0,0,0.000333333,0.122333333,0.528,0.633,0.344,0.024666667,0,0,0.003333333,0.136666667,0.492666667,0.571,0.318666667,0.032333333,0,0,0.004666667,0.136,0.467333333,0.536,0.307666667,0.039333333,0,0,0.003,0.136666667,0.484,0.561333333,0.336666667,0.044333333,0,0,0.001,0.134666667,0.512333333,0.597333333,0.346,0.035333333,0,0,0,0.114666667,0.477333333,0.555666667,0.286333333,0.014,0,0,0,0.129,0.557333333,0.621333333,0.264333333,0.003,0,0,0,0.112,0.556333333,0.598333333,0.191333333,0,0,0,0,0.061666667,0.491,0.570333333,0.174333333,0,0
MX,y9,0,0,0.048666667,0.512666667,0.651333333,0.259666667,0.000666667,0,0,0,0.067666667,0.529,0.681666667,0.331666667,0.006666667,0,0,0,0.101666667,0.558,0.683333333,0.349666667,0.015666667,0,0,0.000333333,0.118,0.515,0.618666667,0.334,0.024,0,0,0.003333333,0.140666667,0.505666667,0.580666667,0.320333333,0.032,0,0,0.005,0.143666667,0.490333333,0.568666667,0.331,0.042666667,0,0,0.003,0.131666667,0.474,0.553333333,0.327333333,0.043333333,0,0,0.001,0.125666667,0.486333333,0.573,0.331333333,0.033666667,0,0,0,0.121,0.51,0.588,0.304,0.015333333,0,0,0,0.129,0.547,0.609333333,0.252,0.002666667,0,0,0,0.103666667,0.517333333,0.567666667,0.184,0,0,0,0,0.065333333,0.519333333,0.596,0.183333333,0,0
MX,y10,0,0,0.049,0.510333333,0.651333333,0.259,0.000666667,0,0,0,0.069,0.544,0.703,0.345666667,0.006666667,0,0,0,0.106,0.572666667,0.71,0.376333333,0.016666667,0,0,0.000333333,0.130333333,0.551,0.657666667,0.360666667,0.025666667,0,0,0.003333333,0.144,0.516333333,0.596333333,0.335333333,0.034,0,0,0.005,0.141333333,0.483666667,0.559333333,0.324666667,0.041,0,0,0.003,0.133666667,0.475666667,0.554,0.330666667,0.044333333,0,0,0.001,0.117333333,0.461666667,0.543,0.314,0.032666667,0,0,0,0.127,0.530666667,0.608666667,0.316333333,0.016666667,0,0,0,0.132666667,0.563333333,0.628666667,0.265666667,0.003,0,0,0,0.108666667,0.538333333,0.585,0.19,0,0,0,0,0.062,0.488333333,0.561666667,0.171333333,0,0
MX,y11,0,0,0.049666667,0.517333333,0.664,0.268666667,0.000666667,0,0,0,0.071333333,0.545666667,0.704666667,0.347,0.007333333,0,0,0,0.113,0.597333333,0.730666667,0.386333333,0.017,0,0,0.000333333,0.135,0.568,0.675,0.368666667,0.026666667,0,0,0.003333333,0.149,0.530333333,0.612666667,0.341,0.034333333,0,0,0.005333333,0.150333333,0.508666667,0.591333333,0.350666667,0.044666667,0,0,0.003,0.130666667,0.465333333,0.549333333,0.333,0.043666667,0,0,0.001,0.125333333,0.484333333,0.565,0.324666667,0.032666667,0,0,0,0.122,0.515666667,0.593333333,0.304333333,0.015,0,0,0,0.126,0.542,0.602666667,0.251,0.002666667,0,0,0,0.11,0.551,0.596666667,0.191666667,0,0,0,0,0.063666667,0.512,0.592333333,0.181666667,0,0
MX,y12,0,0,0.047333333,0.481,0.614666667,0.243666667,0.000666667,0,0,0,0.071,0.545666667,0.703333333,0.345,0.006666667,0,0,0,0.112666667,0.593666667,0.732,0.394,0.018333333,0,0,0.000333333,0.132333333,0.564,0.673333333,0.366333333,0.026333333,0,0,0.003333333,0.142666667,0.514333333,0.605666667,0.345333333,0.035,0,0,0.005,0.143666667,0.492333333,0.575,0.339,0.043,0,0,0.003,0.127333333,0.457333333,0.534666667,0.316,0.042333333,0,0,0.001,0.126333333,0.487,0.576333333,0.335,0.034,0,0,0,0.125,0.517,0.592333333,0.304666667,0.015333333,0,0,0,0.130666667,0.557666667,0.619666667,0.259333333,0.002666667,0,0,0,0.106666667,0.528666667,0.575,0.185333333,0,0,0,0,0.063,0.505333333,0.584333333,0.181,0,0
MX,y13,0,0,0.048333333,0.507,0.648666667,0.262666667,0.000666667,0,0,0,0.068333333,0.527666667,0.678333333,0.333333333,0.006666667,0,0,0,0.103,0.555,0.686333333,0.360333333,0.016333333,0,0,0.000333333,0.131666667,0.557,0.65,0.349,0.024666667,0,0,0.003333333,0.149333333,0.529333333,0.616666667,0.353666667,0.036333333,0,0,0.005,0.138,0.474,0.553,0.322333333,0.041,0,0,0.003333333,0.132333333,0.469333333,0.550666667,0.327,0.042666667,0,0,0.001,0.128,0.491666667,0.574333333,0.332,0.034,0,0,0,0.123666667,0.515666667,0.595333333,0.306666667,0.015333333,0,0,0,0.123666667,0.528666667,0.583,0.234666667,0.002333333,0,0,0,0.111,0.553666667,0.600666667,0.196333333,0,0,0,0,0.062333333,0.496,0.571666667,0.176333333,0,0
MX,y14,0,0,0.048333333,0.503,0.645333333,0.256666667,0.000666667,0,0,0,0.074,0.574666667,0.738,0.365333333,0.007333333,0,0,0,0.104333333,0.564333333,0.697666667,0.375333333,0.017,0,0,0.000333333,0.125666667,0.537,0.637666667,0.344666667,0.025,0,0,0.003333333,0.149,0.533333333,0.624333333,0.357666667,0.036333333,0,0,0.005,0.142333333,0.488,0.567333333,0.334,0.042333333,0,0,0.003,0.134,0.477666667,0.562,0.335,0.043666667,0,0,0.001,0.125333333,0.483,0.568333333,0.328,0.033666667,0,0,0,0.120333333,0.497,0.572,0.296333333,0.015666667,0,0,0,0.130666667,0.554333333,0.615,0.259,0.002666667,0,0,0,0.109333333,0.542666667,0.592666667,0.193666667,0,0,0,0,0.063666667,0.509666667,0.589,0.181333333,0,0
MX,y15,0,0,0.050333333,0.518333333,0.662666667,0.270333333,0.000666667,0,0,0,0.071333333,0.533,0.690333333,0.344,0.007333333,0,0,0,0.110333333,0.580333333,0.711,0.381,0.017666667,0,0,0.000333333,0.128333333,0.549,0.654333333,0.357333333,0.026,0,0,0.003333333,0.143666667,0.523,0.612666667,0.347666667,0.035333333,0,0,0.005333333,0.152666667,0.515333333,0.600666667,0.360666667,0.047333333,0,0,0.003333333,0.131666667,0.466333333,0.553,0.333666667,0.044333333,0,0,0.001,0.126,0.487,0.576,0.334666667,0.033666667,0,0,0,0.120333333,0.502,0.581,0.297,0.014333333,0,0,0,0.130666667,0.561,0.627333333,0.264333333,0.002666667,0,0,0,0.105666667,0.536,0.585333333,0.188666667,0,0,0,0,0.061333333,0.494,0.575333333,0.178666667,0,0
MX,y16,0,0,0.049333333,0.507333333,0.649333333,0.261333333,0.000666667,0,0,0,0.068666667,0.530333333,0.686333333,0.337,0.007,0,0,0,0.106666667,0.566333333,0.694666667,0.369333333,0.017,0,0,0.000333333,0.130333333,0.553666667,0.656333333,0.352333333,0.025,0,0,0.003,0.135666667,0.492666667,0.571333333,0.322666667,0.032666667,0,0,0.005333333,0.150666667,0.509,0.587333333,0.345333333,0.044333333,0,0,0.003,0.134666667,0.480333333,0.564333333,0.337,0.044333333,0,0,0.001,0.128,0.489333333,0.580666667,0.342333333,0.035333333,0,0,0,0.115333333,0.477333333,0.547333333,0.278,0.014,0,0,0,0.126,0.542333333,0.604666667,0.251666667,0.002666667,0,0,0,0.109666667,0.549,0.595666667,0.193,0,0,0,0,0.063666667,0.511666667,0.592333333,0.182333333,0,0
MX,y17,0,0,0.050333333,0.522666667,0.671,0.272,0.000666667,0,0,0,0.068666667,0.537666667,0.691666667,0.336,0.006666667,0,0,0,0.113666667,0.601666667,0.737666667,0.394333333,0.018,0,0,0.000333333,0.133,0.562333333,0.668333333,0.365333333,0.026,0,0,0.003333333,0.144666667,0.515666667,0.606,0.346333333,0.035333333,0,0,0.005333333,0.143666667,0.488666667,0.567,0.330666667,0.041666667,0,0,0.003,0.132666667,0.476333333,0.557,0.334666667,0.044333333,0,0,0.001,0.128333333,0.489666667,0.574666667,0.330666667,0.033333333,0,0,0,0.125,0.520333333,0.599333333,0.312,0.015666667,0,0,0,0.126666667,0.542333333,0.605666667,0.256333333,0.003,0,0,0,0.099333333,0.499,0.543666667,0.175666667,0,0,0,0,0.062666667,0.500666667,0.578333333,0.178,0,0
MX,y18,0,0,0.049666667,0.523,0.669666667,0.27,0.000666667,0,0,0,0.073,0.567333333,0.729666667,0.360333333,0.007,0,0,0,0.106666667,0.576666667,0.710666667,0.379666667,0.017333333,0,0,0.000333333,0.134333333,0.564666667,0.667666667,0.362666667,0.025666667,0,0,0.003333333,0.148666667,0.529,0.611333333,0.344333333,0.034666667,0,0,0.004666667,0.14,0.479,0.556666667,0.327666667,0.042,0,0,0.003,0.129,0.465333333,0.548,0.329,0.044,0,0,0.001,0.126666667,0.491333333,0.582333333,0.340333333,0.034666667,0,0,0,0.120333333,0.507666667,0.585,0.304666667,0.016,0,0,0,0.131666667,0.557666667,0.619333333,0.263333333,0.003,0,0,0,0.108333333,0.543,0.591666667,0.192,0,0,0,0,0.063666667,0.499333333,0.576666667,0.176,0,0
MX,y19,0,0,0.050333333,0.518,0.661,0.268,0.000666667,0,0,0,0.073666667,0.563333333,0.727333333,0.358333333,0.007333333,0,0,0,0.110333333,0.588,0.726,0.389333333,0.017666667,0,0,0.000333333,0.135,0.573,0.682333333,0.371333333,0.027,0,0,0.003333333,0.145666667,0.522666667,0.606666667,0.342666667,0.034666667,0,0,0.004666667,0.134,0.458666667,0.529,0.302666667,0.038666667,0,0,0.003,0.125333333,0.449,0.526666667,0.314333333,0.042333333,0,0,0.001,0.121333333,0.467333333,0.55,0.319333333,0.032666667,0,0,0,0.127333333,0.533,0.609,0.314333333,0.016,0,0,0,0.128333333,0.551333333,0.614,0.258333333,0.002666667,0,0,0,0.105333333,0.534333333,0.580666667,0.185666667,0,0,0,0,0.063666667,0.514666667,0.594666667,0.185,0,0
MX,y20,0,0,0.049333333,0.510666667,0.651333333,0.264666667,0.000666667,0,0,0,0.069333333,0.540666667,0.701,0.345,0.007,0,0,0,0.109333333,0.583666667,0.717333333,0.387,0.018,0,0,0.000333333,0.127,0.538,0.639333333,0.345333333,0.024666667,0,0,0.003,0.143666667,0.518333333,0.604666667,0.344,0.035666667,0,0,0.004666667,0.135333333,0.464666667,0.54,0.317333333,0.04,0,0,0.003,0.134333333,0.476666667,0.558333333,0.333666667,0.043333333,0,0,0.001,0.127666667,0.494,0.579333333,0.329666667,0.033,0,0,0,0.117333333,0.499666667,0.578666667,0.298,0.015,0,0,0,0.126333333,0.542666667,0.607,0.255666667,0.002666667,0,0,0,0.101666667,0.512666667,0.557,0.177666667,0,0,0,0,0.063666667,0.512,0.588333333,0.181666667,0,0
MX,y21,0,0,0.047333333,0.491666667,0.629,0.253333333,0.000666667,0,0,0,0.07,0.548333333,0.709333333,0.350333333,0.007,0,0,0,0.112333333,0.598,0.736666667,0.392666667,0.017333333,0,0,0.000333333,0.127333333,0.537,0.640666667,0.349,0.025,0,0,0.003333333,0.146333333,0.526666667,0.614,0.344666667,0.034666667,0,0,0.005,0.136666667,0.471333333,0.543333333,0.316333333,0.039666667,0,0,0.003333333,0.138,0.491,0.572,0.338333333,0.044333333,0,0,0.001,0.134333333,0.510666667,0.599333333,0.349333333,0.036,0,0,0,0.118333333,0.498333333,0.568666667,0.292,0.015,0,0,0,0.125,0.533666667,0.596666667,0.253666667,0.002666667,0,0,0,0.094666667,0.478333333,0.527333333,0.169,0,0,0,0,0.061666667,0.496,0.573333333,0.176666667,0,0
MX,y22,0,0,0.050333333,0.521,0.663666667,0.263666667,0.000666667,0,0,0,0.071333333,0.553333333,0.711,0.354,0.007333333,0,0,0,0.106666667,0.568333333,0.705,0.375,0.016333333,0,0,0.000333333,0.129666667,0.552,0.655666667,0.355666667,0.025333333,0,0,0.003,0.143,0.516,0.6,0.334333333,0.033,0,0,0.005,0.144,0.489333333,0.564333333,0.329666667,0.042666667,0,0,0.003,0.128,0.457,0.534666667,0.318,0.042,0,0,0.001,0.122333333,0.472666667,0.556666667,0.322,0.032666667,0,0,0,0.124,0.519666667,0.595333333,0.307,0.015666667,0,0,0,0.122333333,0.530666667,0.597333333,0.254,0.003,0,0,0,0.107,0.528666667,0.577333333,0.189333333,0,0,0,0,0.061666667,0.489666667,0.563666667,0.172333333,0,0
MX,y23,0,0,0.049333333,0.511333333,0.655333333,0.267,0.000666667,0,0,0,0.071,0.544666667,0.703666667,0.345,0.007,0,0,0,0.107666667,0.57,0.698666667,0.367666667,0.016666667,0,0,0.000666667,0.13,0.545333333,0.644666667,0.344,0.024333333,0,0,0.003333333,0.149666667,0.534,0.62,0.351,0.036333333,0,0,0.005333333,0.146,0.493333333,0.570666667,0.331333333,0.042333333,0,0,0.003,0.128,0.461333333,0.542333333,0.318666667,0.041333333,0,0,0.001,0.121666667,0.473333333,0.561,0.323333333,0.032666667,0,0,0,0.128666667,0.539666667,0.620666667,0.315,0.015333333,0,0,0,0.119666667,0.519666667,0.582666667,0.243333333,0.002666667,0,0,0,0.109333333,0.551,0.601333333,0.195333333,0,0,0,0,0.063666667,0.511333333,0.588333333,0.181333333,0,0
MX,y24,0,0,0.048333333,0.499333333,0.639333333,0.255666667,0.000666667,0,0,0,0.073333333,0.562666667,0.725666667,0.361333333,0.007333333,0,0,0,0.104333333,0.559666667,0.693,0.369,0.016666667,0,0,0.000333333,0.123333333,0.53,0.638,0.347666667,0.024666667,0,0,0.003333333,0.145333333,0.518666667,0.604,0.341333333,0.034666667,0,0,0.005333333,0.147,0.493,0.57,0.335,0.042666667,0,0,0.003,0.123,0.442666667,0.517666667,0.308666667,0.040666667,0,0,0.001,0.118,0.465666667,0.547666667,0.314666667,0.032,0,0,0,0.119,0.503,0.583333333,0.306666667,0.015666667,0,0,0,0.132333333,0.563666667,0.623666667,0.264333333,0.003,0,0,0,0.106666667,0.536666667,0.588,0.189,0,0,0,0,0.065,0.516,0.597666667,0.184,0,0
MX,y25,0,0,0.049,0.506666667,0.650333333,0.260333333,0.000666667,0,0,0,0.071,0.549666667,0.712333333,0.351333333,0.007,0,0,0,0.111666667,0.590333333,0.723333333,0.39,0.018333333,0,0,0.000333333,0.129,0.547,0.646333333,0.345,0.024,0,0,0.003333333,0.147,0.525,0.606666667,0.339,0.033666667,0,0,0.005,0.14,0.473,0.543,0.312666667,0.040333333,0,0,0.003333333,0.135333333,0.477666667,0.552666667,0.330666667,0.043666667,0,0,0.001,0.122666667,0.478666667,0.566,0.331333333,0.034333333,0,0,0,0.126666667,0.525666667,0.607,0.314666667,0.016,0,0,0,0.126666667,0.539,0.601666667,0.250666667,0.002666667,0,0,0,0.106333333,0.528333333,0.573,0.185,0,0,0,0,0.061666667,0.494333333,0.571,0.176666667,0,0
MX,y26,0,0,0.046666667,0.49,0.629,0.252333333,0.000666667,0,0,0,0.068333333,0.540666667,0.700666667,0.350666667,0.007,0,0,0,0.108,0.575666667,0.709,0.382666667,0.017666667,0,0,0.000333333,0.137,0.575666667,0.684,0.374666667,0.026666667,0,0,0.003,0.146,0.522,0.607,0.341,0.034666667,0,0,0.005,0.144666667,0.494,0.576666667,0.336,0.042333333,0,0,0.003,0.130666667,0.466333333,0.543333333,0.324666667,0.043,0,0,0.001,0.122333333,0.479333333,0.558,0.316333333,0.032666667,0,0,0,0.121,0.507333333,0.585666667,0.307333333,0.016,0,0,0,0.132333333,0.553666667,0.612666667,0.258333333,0.003,0,0,0,0.105333333,0.521,0.567666667,0.183333333,0,0,0,0,0.066333333,0.524333333,0.603666667,0.184666667,0,0
NX,y1,0,0,0.050666667,0.494666667,0.659666667,0.301,0.000333333,0,0,0,0.057,0.515,0.687,0.365666667,0.008333333,0,0,0,0.088333333,0.572333333,0.731333333,0.411,0.020333333,0,0,0,0.110333333,0.541333333,0.649333333,0.361333333,0.027333333,0,0,0.000333333,0.135333333,0.539666667,0.633666667,0.365666667,0.036666667,0,0,0.001,0.132666667,0.497333333,0.593333333,0.358333333,0.044333333,0,0,0.000333333,0.109,0.428,0.501666667,0.301333333,0.038333333,0,0,0,0.092,0.417333333,0.507,0.312333333,0.032666667,0,0,0,0.086666667,0.422,0.514333333,0.279666667,0.013666667,0,0,0,0.101333333,0.478333333,0.544,0.247,0.002333333,0,0,0,0.114666667,0.558666667,0.638333333,0.241,0,0,0,0,0.066666667,0.505,0.614,0.223666667,0,0
NX,y2,0,0,0.05,0.489333333,0.658666667,0.303333333,0.000333333,0,0,0,0.059,0.537666667,0.737333333,0.399333333,0.008666667,0,0,0,0.082333333,0.529,0.678,0.374,0.018,0,0,0,0.099666667,0.502,0.613333333,0.336666667,0.024333333,0,0,0.000333333,0.122666667,0.494333333,0.599666667,0.350333333,0.036,0,0,0.001,0.121,0.462333333,0.543333333,0.319333333,0.039,0,0,0.000333333,0.110666667,0.435666667,0.513,0.317333333,0.041,0,0,0,0.089,0.394666667,0.478666667,0.290666667,0.030666667,0,0,0,0.102333333,0.498666667,0.604,0.337333333,0.017333333,0,0,0,0.101666667,0.489666667,0.564,0.261333333,0.002333333,0,0,0,0.093333333,0.465333333,0.524333333,0.193,0,0,0,0,0.071333333,0.53,0.632333333,0.231333333,0,0
NX,y3,0,0,0.053333333,0.516666667,0.678333333,0.317,0.000333333,0,0,0,0.057666667,0.525,0.691666667,0.361,0.008666667,0,0,0,0.077,0.49,0.604666667,0.329333333,0.016666667,0,0,0,0.107,0.523666667,0.633666667,0.356666667,0.026333333,0,0,0.000333333,0.128333333,0.511333333,0.602333333,0.353666667,0.036333333,0,0,0.001,0.134,0.497,0.587333333,0.347,0.043,0,0,0.000333333,0.110666667,0.443666667,0.537333333,0.317666667,0.041333333,0,0,0,0.099666667,0.447,0.555,0.334333333,0.034,0,0,0,0.107333333,0.505,0.584,0.32,0.016666667,0,0,0,0.119666667,0.560666667,0.646666667,0.291333333,0.002333333,0,0,0,0.104,0.523333333,0.605666667,0.226666667,0,0,0,0,0.065666667,0.507,0.613666667,0.221333333,0,0
NX,y4,0,0,0.052666667,0.511666667,0.681666667,0.317,0.000333333,0,0,0,0.053666667,0.494666667,0.657333333,0.344666667,0.007666667,0,0,0,0.075666667,0.492333333,0.621,0.343666667,0.017333333,0,0,0,0.101333333,0.497666667,0.607333333,0.345666667,0.025666667,0,0,0.000333333,0.109333333,0.445333333,0.545333333,0.318,0.032666667,0,0,0.001,0.123333333,0.475666667,0.579333333,0.358666667,0.045,0,0,0.000333333,0.108333333,0.435666667,0.518333333,0.317666667,0.041,0,0,0,0.097,0.439666667,0.535,0.308666667,0.032666667,0,0,0,0.098,0.477333333,0.573,0.317333333,0.016666667,0,0,0,0.107,0.504333333,0.571666667,0.26,0.002333333,0,0,0,0.111666667,0.553666667,0.625333333,0.234,0,0,0,0,0.067,0.505333333,0.609666667,0.223666667,0,0
NX,y5,0,0,0.050666667,0.498,0.668,0.311,0.000333333,0,0,0,0.060333333,0.537,0.725,0.391333333,0.009,0,0,0,0.078666667,0.523333333,0.699,0.391666667,0.019,0,0,0,0.1,0.498,0.628666667,0.358333333,0.025666667,0,0,0.000333333,0.125333333,0.489333333,0.574,0.332,0.033,0,0,0.001,0.118333333,0.455,0.526333333,0.311,0.038666667,0,0,0.000333333,0.109,0.433333333,0.519666667,0.316333333,0.04,0,0,0,0.106,0.467,0.558,0.327,0.033666667,0,0,0,0.097666667,0.482666667,0.580666667,0.308,0.016666667,0,0,0,0.101333333,0.485333333,0.554,0.250333333,0.002,0,0,0,0.102,0.499333333,0.560333333,0.208333333,0,0,0,0,0.069333333,0.522666667,0.630333333,0.231666667,0,0
NX,y6,0,0,0.048333333,0.481,0.650333333,0.297,0.000333333,0,0,0,0.058666667,0.527,0.702,0.364,0.008,0,0,0,0.086666667,0.552333333,0.704,0.386,0.019,0,0,0,0.107333333,0.527,0.667333333,0.382333333,0.027666667,0,0,0.000333333,0.130666667,0.52,0.641,0.382666667,0.037666667,0,0,0.001,0.109666667,0.429,0.497333333,0.287,0.035333333,0,0,0.000333333,0.123333333,0.483666667,0.569666667,0.347,0.044,0,0,0,0.1,0.441333333,0.531666667,0.335,0.035333333,0,0,0,0.094,0.461666667,0.547666667,0.288333333,0.015666667,0,0,0,0.083333333,0.419,0.506666667,0.226333333,0.002,0,0,0,0.100333333,0.500666667,0.582333333,0.218333333,0,0,0,0,0.066333333,0.495666667,0.596666667,0.217,0,0
NX,y7,0,0,0.050666667,0.491,0.658333333,0.302666667,0.000333333,0,0,0,0.058666667,0.509333333,0.674333333,0.356,0.008,0,0,0,0.091333333,0.57,0.735666667,0.426333333,0.021666667,0,0,0,0.101333333,0.492,0.605666667,0.339333333,0.024666667,0,0,0.000333333,0.132333333,0.526,0.621666667,0.359666667,0.035666667,0,0,0.001,0.128666667,0.481666667,0.572,0.333333333,0.041,0,0,0.000333333,0.111333333,0.448666667,0.535,0.321333333,0.042666667,0,0,0,0.109333333,0.476666667,0.569666667,0.336333333,0.034666667,0,0,0,0.079333333,0.391,0.429666667,0.223,0.012666667,0,0,0,0.097,0.479,0.546,0.238666667,0.002,0,0,0,0.107666667,0.533,0.596,0.216333333,0,0,0,0,0.062,0.480666667,0.586666667,0.217,0,0
NX,y8,0,0,0.051,0.500666667,0.654333333,0.300666667,0.000333333,0,0,0,0.056,0.504666667,0.681,0.370333333,0.008333333,0,0,0,0.085,0.539,0.694333333,0.391666667,0.019333333,0,0,0,0.100666667,0.512,0.624333333,0.347666667,0.025333333,0,0,0.000333333,0.110333333,0.445666667,0.519666667,0.3,0.030333333,0,0,0.001,0.118666667,0.459,0.546333333,0.330666667,0.043333333,0,0,0.000333333,0.121666667,0.482,0.571,0.344,0.044,0,0,0,0.103,0.458,0.558666667,0.332666667,0.033333333,0,0,0,0.082666667,0.415333333,0.502666667,0.267333333,0.013333333,0,0,0,0.111666667,0.525666667,0.612666667,0.285,0.002666667,0,0,0,0.11,0.544333333,0.61,0.226666667,0,0,0,0,0.064,0.483,0.588333333,0.215,0,0
NX,y9,0,0,0.052666667,0.515,0.678,0.312,0.000333333,0,0,0,0.057,0.514333333,0.689333333,0.359333333,0.007666667,0,0,0,0.081333333,0.516333333,0.648666667,0.354333333,0.017666667,0,0,0,0.096333333,0.506666667,0.635333333,0.355666667,0.026,0,0,0.000333333,0.115666667,0.466,0.551333333,0.323,0.031666667,0,0,0.001,0.130666667,0.488333333,0.582,0.346666667,0.043333333,0,0,0.000333333,0.114666667,0.46,0.550666667,0.336333333,0.044333333,0,0,0,0.091666667,0.412666667,0.495666667,0.294333333,0.029666667,0,0,0,0.092333333,0.456666667,0.541,0.298666667,0.016,0,0,0,0.098666667,0.472333333,0.552333333,0.255333333,0.002,0,0,0,0.094333333,0.471666667,0.554333333,0.207666667,0,0,0,0,0.069,0.516666667,0.621666667,0.227333333,0,0
NX,y10,0,0,0.05,0.499666667,0.674,0.315333333,0.000333333,0,0,0,0.060666667,0.539333333,0.720333333,0.397,0.008666667,0,0,0,0.083666667,0.542,0.699333333,0.388333333,0.019,0,0,0,0.110333333,0.539666667,0.652,0.369666667,0.027666667,0,0,0.000333333,0.124,0.489,0.589,0.345,0.034666667,0,0,0.001,0.128666667,0.483333333,0.575,0.343333333,0.043,0,0,0.000333333,0.118,0.46,0.553,0.336333333,0.044666667,0,0,0,0.094,0.433333333,0.519666667,0.315666667,0.032666667,0,0,0,0.098666667,0.477,0.552333333,0.294,0.015666667,0,0,0,0.109666667,0.52,0.592,0.274666667,0.002666667,0,0,0,0.109333333,0.526333333,0.585333333,0.220333333,0,0,0,0,0.065,0.478666667,0.586,0.214333333,0,0
NX,y11,0,0,0.052333333,0.504666667,0.664666667,0.304333333,0.000333333,0,0,0,0.058,0.507666667,0.681666667,0.373666667,0.008666667,0,0,0,0.087333333,0.561333333,0.703,0.382333333,0.018666667,0,0,0,0.115333333,0.554333333,0.676333333,0.382666667,0.028666667,0,0,0.000333333,0.124333333,0.499666667,0.585666667,0.338333333,0.034,0,0,0.001,0.128,0.488,0.583333333,0.35,0.043,0,0,0.000333333,0.111,0.444,0.529666667,0.333333333,0.043333333,0,0,0,0.098,0.441,0.526333333,0.325666667,0.033,0,0,0,0.09,0.455,0.54,0.286,0.015,0,0,0,0.090666667,0.446,0.528,0.239666667,0.002,0,0,0,0.106666667,0.536,0.609666667,0.220333333,0,0,0,0,0.068,0.521666667,0.637,0.234666667,0,0
NX,y12,0,0,0.046,0.449666667,0.604333333,0.278333333,0.000333333,0,0,0,0.056333333,0.509333333,0.685333333,0.378,0.009,0,0,0,0.089333333,0.565333333,0.728,0.415333333,0.021333333,0,0,0,0.112333333,0.541,0.656333333,0.365666667,0.028,0,0,0.000333333,0.123333333,0.495,0.608,0.35,0.034,0,0,0.001,0.128,0.485666667,0.583333333,0.366333333,0.046333333,0,0,0.000333333,0.108333333,0.439,0.536333333,0.325333333,0.042666667,0,0,0,0.101666667,0.455,0.562,0.341,0.034333333,0,0,0,0.088666667,0.437333333,0.532333333,0.291666667,0.015333333,0,0,0,0.111,0.532333333,0.611333333,0.273333333,0.002333333,0,0,0,0.104,0.515,0.587,0.220666667,0,0,0,0,0.066333333,0.501,0.612666667,0.225666667,0,0
NX,y13,0,0,0.052,0.504333333,0.669333333,0.315333333,0.000333333,0,0,0,0.056666667,0.509333333,0.689666667,0.378333333,0.008333333,0,0,0,0.080333333,0.513,0.651333333,0.359666667,0.017666667,0,0,0,0.106666667,0.539,0.660666667,0.366666667,0.026333333,0,0,0.000333333,0.124666667,0.495,0.612666667,0.372,0.037,0,0,0.001,0.112333333,0.429666667,0.507666667,0.306,0.04,0,0,0.000333333,0.116666667,0.456666667,0.542,0.337333333,0.043,0,0,0,0.105333333,0.467333333,0.540333333,0.308333333,0.032333333,0,0,0,0.099333333,0.475,0.546666667,0.291333333,0.015,0,0,0,0.076333333,0.37,0.421666667,0.181333333,0.001,0,0,0,0.108,0.540666667,0.615666667,0.230666667,0,0,0,0,0.066666667,0.501,0.605666667,0.223,0,0
NX,y14,0,0,0.046666667,0.476333333,0.627,0.275666667,0.000333333,0,0,0,0.063,0.566,0.759666667,0.409333333,0.009,0,0,0,0.086666667,0.553333333,0.711,0.406666667,0.02,0,0,0,0.100333333,0.499666667,0.617666667,0.353333333,0.026333333,0,0,0.000333333,0.127666667,0.525333333,0.644666667,0.371666667,0.036666667,0,0,0.001,0.129,0.499333333,0.606,0.369,0.045333333,0,0,0.000333333,0.119666667,0.483333333,0.575,0.352666667,0.046,0,0,0,0.104666667,0.463,0.548,0.325,0.033666667,0,0,0,0.083,0.395,0.48,0.266,0.015333333,0,0,0,0.108666667,0.521666667,0.598333333,0.267333333,0.002333333,0,0,0,0.104333333,0.52,0.599,0.222666667,0,0,0,0,0.07,0.521666667,0.628333333,0.232666667,0,0
NX,y15,0,0,0.053333333,0.52,0.691,0.325333333,0.000333333,0,0,0,0.053333333,0.478,0.654666667,0.357,0.008333333,0,0,0,0.089666667,0.545333333,0.684333333,0.386666667,0.019666667,0,0,0,0.104666667,0.522333333,0.640333333,0.374666667,0.028,0,0,0.000333333,0.117,0.471,0.579,0.353666667,0.036333333,0,0,0.001,0.132666667,0.497333333,0.600333333,0.375333333,0.047666667,0,0,0.000333333,0.110666667,0.441333333,0.527,0.326666667,0.042666667,0,0,0,0.091,0.401666667,0.485666667,0.293,0.03,0,0,0,0.088333333,0.426,0.498666667,0.268,0.013333333,0,0,0,0.109,0.524,0.608,0.274333333,0.002333333,0,0,0,0.107,0.533666667,0.606,0.225666667,0,0,0,0,0.065666667,0.505666667,0.610333333,0.225,0,0
NX,y16,0,0,0.052,0.501666667,0.658,0.313333333,0.000333333,0,0,0,0.057333333,0.511,0.682333333,0.364,0.008333333,0,0,0,0.081666667,0.527,0.690666667,0.382333333,0.018333333,0,0,0,0.107333333,0.529333333,0.657333333,0.368666667,0.026,0,0,0.000333333,0.121666667,0.478,0.553,0.322333333,0.032666667,0,0,0.001,0.125333333,0.474333333,0.564,0.335666667,0.043333333,0,0,0.000333333,0.108666667,0.438,0.527333333,0.318,0.042,0,0,0,0.100666667,0.456666667,0.556333333,0.328333333,0.032666667,0,0,0,0.083666667,0.416,0.489,0.263,0.014666667,0,0,0,0.103333333,0.510333333,0.591333333,0.269666667,0.002333333,0,0,0,0.11,0.546333333,0.624333333,0.237666667,0,0,0,0,0.070666667,0.524666667,0.629333333,0.231,0,0
NX,y17,0,0,0.052333333,0.514666667,0.693333333,0.321333333,0.000333333,0,0,0,0.056333333,0.502333333,0.666,0.356333333,0.007666667,0,0,0,0.091333333,0.566666667,0.726,0.413333333,0.020666667,0,0,0,0.110333333,0.545,0.671666667,0.378666667,0.028,0,0,0.000333333,0.114666667,0.469666667,0.561666667,0.328,0.033333333,0,0,0.001,0.124,0.463,0.545,0.335333333,0.044,0,0,0.000333333,0.113333333,0.454,0.547333333,0.341333333,0.045666667,0,0,0,0.105,0.463,0.564333333,0.338666667,0.035,0,0,0,0.085666667,0.415,0.473,0.252333333,0.013666667,0,0,0,0.094,0.454333333,0.541666667,0.259,0.002333333,0,0,0,0.092,0.464,0.537,0.199,0,0,0,0,0.064,0.487333333,0.591666667,0.216,0,0
NX,y18,0,0,0.052,0.511666667,0.678666667,0.308,0.000333333,0,0,0,0.059333333,0.539,0.716,0.375333333,0.008333333,0,0,0,0.083,0.537666667,0.676,0.368333333,0.018666667,0,0,0,0.111333333,0.545666667,0.67,0.379333333,0.027666667,0,0,0.000333333,0.124,0.489666667,0.560333333,0.321666667,0.032666667,0,0,0.001,0.132666667,0.493666667,0.575,0.34,0.041333333,0,0,0.000333333,0.111666667,0.452,0.546333333,0.332333333,0.043333333,0,0,0,0.100666667,0.451,0.556666667,0.337,0.033333333,0,0,0,0.091666667,0.46,0.564333333,0.315333333,0.017,0,0,0,0.114333333,0.539333333,0.608666667,0.281666667,0.002666667,0,0,0,0.110333333,0.547333333,0.623666667,0.226666667,0,0,0,0,0.068333333,0.498333333,0.591,0.216666667,0,0
NX,y19,0,0,0.053333333,0.505666667,0.662333333,0.306666667,0.000333333,0,0,0,0.058666667,0.52,0.703,0.383,0.009,0,0,0,0.091666667,0.560333333,0.716666667,0.411333333,0.021,0,0,0,0.113333333,0.559333333,0.691,0.391,0.028666667,0,0,0.000333333,0.118666667,0.485666667,0.588333333,0.337666667,0.033,0,0,0.001,0.116,0.439,0.517666667,0.308666667,0.037666667,0,0,0.000333333,0.097666667,0.396,0.464666667,0.275,0.036666667,0,0,0,0.099666667,0.460666667,0.576,0.339,0.033333333,0,0,0,0.094333333,0.467333333,0.548666667,0.289333333,0.014666667,0,0,0,0.108333333,0.508,0.595,0.282,0.002333333,0,0,0,0.101333333,0.502666667,0.561,0.204666667,0,0,0,0,0.070333333,0.530333333,0.635,0.236666667,0,0
NX,y20,0,0,0.053666667,0.518666667,0.688666667,0.323,0.000333333,0,0,0,0.053666667,0.488,0.669333333,0.361,0.008666667,0,0,0,0.086666667,0.548,0.704666667,0.4,0.020333333,0,0,0,0.096333333,0.483333333,0.590333333,0.329666667,0.024,0,0,0.000333333,0.129666667,0.519666667,0.628666667,0.365,0.036666667,0,0,0.001,0.114333333,0.443666667,0.529,0.317666667,0.039666667,0,0,0.000333333,0.114666667,0.454,0.544,0.334666667,0.043333333,0,0,0,0.094666667,0.433666667,0.536666667,0.321333333,0.031,0,0,0,0.084333333,0.425,0.502,0.267,0.014333333,0,0,0,0.103,0.498333333,0.585666667,0.267666667,0.002333333,0,0,0,0.100666667,0.502,0.549,0.192333333,0,0,0,0,0.067666667,0.518,0.63,0.232333333,0,0
NX,y21,0,0,0.050333333,0.48,0.632333333,0.293,0.000333333,0,0,0,0.057,0.519333333,0.713333333,0.385,0.008666667,0,0,0,0.085,0.547333333,0.697,0.379,0.018333333,0,0,0,0.102333333,0.507,0.605,0.335666667,0.025,0,0,0.000333333,0.122,0.500666667,0.589333333,0.336,0.033333333,0,0,0.001,0.117,0.440333333,0.523,0.319666667,0.039333333,0,0,0.000333333,0.122666667,0.492666667,0.581,0.354333333,0.045333333,0,0,0,0.107,0.475,0.595,0.357333333,0.036333333,0,0,0,0.094666667,0.461666667,0.55,0.292333333,0.015333333,0,0,0,0.095666667,0.463,0.557,0.264666667,0.002333333,0,0,0,0.082,0.422666667,0.491,0.182333333,0,0,0,0,0.068,0.511333333,0.611333333,0.224333333,0,0
NX,y22,0,0,0.051666667,0.506666667,0.673666667,0.307666667,0.000333333,0,0,0,0.06,0.537,0.725,0.399333333,0.009,0,0,0,0.077333333,0.507333333,0.660666667,0.365666667,0.017666667,0,0,0,0.104,0.513,0.631666667,0.351666667,0.025666667,0,0,0.000333333,0.114666667,0.479666667,0.582666667,0.337666667,0.033,0,0,0.001,0.122333333,0.459666667,0.566333333,0.353333333,0.044,0,0,0.000333333,0.111333333,0.438666667,0.515666667,0.318666667,0.042333333,0,0,0,0.095,0.436333333,0.533333333,0.314333333,0.032333333,0,0,0,0.101666667,0.499333333,0.592666667,0.325666667,0.017,0,0,0,0.093,0.458333333,0.534333333,0.243333333,0.002333333,0,0,0,0.106,0.529666667,0.601666667,0.227,0,0,0,0,0.066333333,0.496666667,0.598333333,0.214666667,0,0
NX,y23,0,0,0.053666667,0.51,0.667333333,0.309,0.000333333,0,0,0,0.060333333,0.535333333,0.710333333,0.382,0.009,0,0,0,0.082,0.528666667,0.659,0.348333333,0.017666667,0,0,0,0.102666667,0.514666667,0.626666667,0.336666667,0.024666667,0,0,0.000333333,0.122666667,0.494333333,0.597,0.357333333,0.036666667,0,0,0.001,0.124666667,0.477666667,0.560666667,0.335,0.040666667,0,0,0.000333333,0.115333333,0.455666667,0.545,0.328666667,0.043,0,0,0,0.093,0.402333333,0.48,0.285,0.030666667,0,0,0,0.094666667,0.467,0.546333333,0.278333333,0.014,0,0,0,0.089333333,0.443333333,0.521,0.233333333,0.002,0,0,0,0.105,0.544,0.626333333,0.231,0,0,0,0,0.069,0.516666667,0.619,0.225333333,0,0
NX,y24,0,0,0.046666667,0.465333333,0.632666667,0.29,0.000333333,0,0,0,0.062333333,0.546666667,0.734,0.400333333,0.008666667,0,0,0,0.083666667,0.535,0.693666667,0.392,0.019333333,0,0,0,0.106,0.518666667,0.635333333,0.349333333,0.025,0,0,0.000333333,0.126,0.510333333,0.602,0.342333333,0.033666667,0,0,0.001,0.123,0.463666667,0.542333333,0.329333333,0.042,0,0,0.000333333,0.103333333,0.418666667,0.498666667,0.294666667,0.037333333,0,0,0,0.096666667,0.449666667,0.539666667,0.316,0.031,0,0,0,0.079333333,0.404666667,0.506,0.274666667,0.013666667,0,0,0,0.113,0.535666667,0.606,0.276666667,0.002666667,0,0,0,0.101,0.511,0.589666667,0.223333333,0,0,0,0,0.065333333,0.5,0.614333333,0.221,0,0
NX,y25,0,0,0.049333333,0.486666667,0.643333333,0.288333333,0.000333333,0,0,0,0.057,0.519,0.685333333,0.357333333,0.007666667,0,0,0,0.088666667,0.565666667,0.717,0.400333333,0.02,0,0,0,0.099333333,0.499666667,0.634,0.352666667,0.025333333,0,0,0.000333333,0.118666667,0.475666667,0.567666667,0.327666667,0.032666667,0,0,0.001,0.110333333,0.413,0.478333333,0.288666667,0.036333333,0,0,0.000333333,0.117,0.461,0.553,0.344333333,0.044333333,0,0,0,0.096666667,0.422333333,0.525333333,0.320333333,0.034,0,0,0,0.094,0.459666667,0.548333333,0.303666667,0.015666667,0,0,0,0.100333333,0.492333333,0.558333333,0.249333333,0.002333333,0,0,0,0.101333333,0.500666667,0.571666667,0.212666667,0,0,0,0,0.064333333,0.493,0.603,0.222,0,0
NX,y26,0,0,0.046,0.462,0.627,0.285666667,0.000333333,0,0,0,0.058666667,0.525,0.709666667,0.388666667,0.008666667,0,0,0,0.083666667,0.540333333,0.701,0.394,0.019333333,0,0,0,0.110333333,0.546333333,0.680333333,0.388333333,0.028,0,0,0.000333333,0.125666667,0.504333333,0.619666667,0.366333333,0.035666667,0,0,0.001,0.115666667,0.465,0.561333333,0.346666667,0.042666667,0,0,0.000333333,0.111333333,0.440333333,0.526333333,0.324666667,0.042666667,0,0,0,0.090333333,0.409333333,0.496666667,0.299333333,0.03,0,0,0,0.09,0.426666667,0.508333333,0.298333333,0.016666667,0,0,0,0.099666667,0.478333333,0.541666667,0.240666667,0.002,0,0,0,0.095666667,0.484333333,0.549333333,0.201666667,0,0,0,0,0.064666667,0.502,0.609666667,0.220666667,0,0
QH,y1,0,0,0.007,0.459333333,0.766,0.484666667,0.023333333,0,0,0,0.019666667,0.489,0.818666667,0.558666667,0.054666667,0,0,0,0.040666667,0.538,0.838333333,0.579,0.078333333,0,0,0,0.063,0.544333333,0.806,0.548333333,0.089,0,0,0,0.077,0.508666667,0.728666667,0.509333333,0.098,0,0,0,0.074333333,0.459,0.661333333,0.473333333,0.104,0,0,0,0.063666667,0.425,0.629666667,0.465333333,0.105,0,0,0,0.055333333,0.432,0.642666667,0.459,0.090333333,0,0,0,0.048,0.441,0.662666667,0.447666667,0.057666667,0,0,0,0.056333333,0.512333333,0.730666667,0.441666667,0.029,0,0,0,0.045,0.557333333,0.752,0.410666667,0.009333333,0,0,0,0.013,0.503333333,0.733333333,0.403666667,0.006666667,0
QH,y2,0,0,0.007,0.461,0.765333333,0.489666667,0.024,0,0,0,0.019666667,0.491333333,0.811333333,0.551,0.054,0,0,0,0.038333333,0.519,0.814333333,0.568333333,0.077,0,0,0,0.061666667,0.53,0.784,0.542,0.088333333,0,0,0,0.073333333,0.496,0.721666667,0.498333333,0.092333333,0,0,0,0.072666667,0.446,0.647333333,0.468666667,0.101333333,0,0,0,0.058333333,0.397666667,0.591333333,0.43,0.095333333,0,0,0,0.055333333,0.423666667,0.636666667,0.456666667,0.089666667,0,0,0,0.053333333,0.478666667,0.701,0.471,0.064,0,0,0,0.057,0.511333333,0.727333333,0.447,0.030333333,0,0,0,0.043,0.540666667,0.739,0.403,0.009333333,0,0,0,0.013666667,0.522666667,0.752666667,0.418666667,0.007,0
QH,y3,0,0,0.007333333,0.471666667,0.766,0.482333333,0.024,0,0,0,0.02,0.49,0.811333333,0.544666667,0.054333333,0,0,0,0.039333333,0.521,0.818,0.562333333,0.076333333,0,0,0,0.069,0.562666667,0.819,0.574,0.097333333,0,0,0,0.074666667,0.492333333,0.705666667,0.489,0.094,0,0,0,0.073,0.447333333,0.654333333,0.470333333,0.101666667,0,0,0,0.063,0.418666667,0.617,0.451,0.101,0,0,0,0.056,0.436666667,0.653,0.469,0.091333333,0,0,0,0.053,0.480333333,0.705666667,0.472666667,0.063,0,0,0,0.059666667,0.538,0.758333333,0.453333333,0.029333333,0,0,0,0.044333333,0.558,0.753666667,0.410666667,0.009333333,0,0,0,0.012666667,0.507,0.740333333,0.414333333,0.007,0
QH,y4,0,0,0.007333333,0.463,0.764,0.49,0.025333333,0,0,0,0.019333333,0.478666667,0.795666667,0.547,0.055333333,0,0,0,0.039333333,0.520333333,0.821666667,0.574666667,0.079666667,0,0,0,0.067666667,0.556666667,0.811333333,0.566666667,0.095,0,0,0,0.075,0.495,0.709,0.490333333,0.092333333,0,0,0,0.074333333,0.454333333,0.652333333,0.463666667,0.100666667,0,0,0,0.056,0.383666667,0.578,0.427333333,0.095666667,0,0,0,0.052,0.413,0.627333333,0.454666667,0.089,0,0,0,0.049666667,0.450666667,0.669333333,0.452,0.060666667,0,0,0,0.056666667,0.513333333,0.728666667,0.442666667,0.029,0,0,0,0.046,0.567333333,0.761666667,0.424333333,0.01,0,0,0,0.013333333,0.498333333,0.717,0.395666667,0.006666667,0
QH,y5,0,0,0.007,0.464333333,0.766666667,0.486666667,0.023666667,0,0,0,0.019,0.476666667,0.797666667,0.552666667,0.055333333,0,0,0,0.038333333,0.511666667,0.796,0.548,0.075333333,0,0,0,0.063333333,0.534,0.778333333,0.531333333,0.087,0,0,0,0.073333333,0.484,0.690333333,0.479,0.092,0,0,0,0.063,0.404,0.600666667,0.430333333,0.093333333,0,0,0,0.061,0.422333333,0.628,0.458,0.103,0,0,0,0.054666667,0.429,0.644333333,0.461666667,0.089,0,0,0,0.052,0.467333333,0.685666667,0.461666667,0.061666667,0,0,0,0.054333333,0.501333333,0.719666667,0.436333333,0.028333333,0,0,0,0.045666667,0.559666667,0.755,0.418333333,0.009666667,0,0,0,0.013666667,0.516666667,0.742666667,0.412,0.007,0
QH,y6,0,0,0.007,0.462333333,0.761,0.481333333,0.023666667,0,0,0,0.019333333,0.486,0.814666667,0.560666667,0.056,0,0,0,0.041333333,0.541333333,0.845333333,0.588333333,0.081333333,0,0,0,0.066333333,0.549666667,0.801,0.551,0.090666667,0,0,0,0.075333333,0.499333333,0.708333333,0.489666667,0.093666667,0,0,0,0.068,0.423,0.62,0.451,0.100333333,0,0,0,0.064666667,0.428333333,0.627,0.455333333,0.098333333,0,0,0,0.056,0.435,0.650333333,0.470333333,0.092666667,0,0,0,0.05,0.457666667,0.673333333,0.455,0.062,0,0,0,0.058,0.515666667,0.727666667,0.439666667,0.029666667,0,0,0,0.046333333,0.556,0.741666667,0.403,0.009333333,0,0,0,0.013,0.504333333,0.731333333,0.402333333,0.006666667,0
QH,y7,0,0,0.007,0.470333333,0.771,0.492333333,0.024666667,0,0,0,0.019333333,0.471,0.788,0.540333333,0.054666667,0,0,0,0.044333333,0.552666667,0.843333333,0.585,0.081333333,0,0,0,0.063333333,0.535,0.791666667,0.550333333,0.090666667,0,0,0,0.076333333,0.503666667,0.719,0.498,0.095,0,0,0,0.072666667,0.444666667,0.641333333,0.458333333,0.101333333,0,0,0,0.065,0.430333333,0.639,0.469,0.106333333,0,0,0,0.052666667,0.410666667,0.619666667,0.444,0.084333333,0,0,0,0.043333333,0.421666667,0.645,0.438666667,0.058,0,0,0,0.058333333,0.525,0.744,0.455,0.029666667,0,0,0,0.042333333,0.547,0.74,0.404,0.009,0,0,0,0.012,0.485666667,0.712666667,0.390333333,0.006666667,0
QH,y8,0,0,0.007,0.463666667,0.762,0.485666667,0.024,0,0,0,0.019333333,0.478333333,0.797333333,0.548333333,0.055333333,0,0,0,0.041333333,0.528666667,0.819666667,0.571333333,0.079666667,0,0,0,0.062,0.519333333,0.765333333,0.529666667,0.086666667,0,0,0,0.074,0.495666667,0.712333333,0.493333333,0.095,0,0,0,0.067666667,0.421333333,0.615,0.443333333,0.097333333,0,0,0,0.056666667,0.390333333,0.589333333,0.426666667,0.093666667,0,0,0,0.059666667,0.457,0.671666667,0.481,0.093,0,0,0,0.044333333,0.419666667,0.641666667,0.428,0.055666667,0,0,0,0.062666667,0.548333333,0.765,0.466333333,0.030666667,0,0,0,0.045,0.560666667,0.755333333,0.417333333,0.009666667,0,0,0,0.013,0.496,0.722,0.4,0.006666667,0
QH,y9,0,0,0.007,0.458333333,0.750333333,0.479666667,0.024,0,0,0,0.018666667,0.471333333,0.787666667,0.534333333,0.052333333,0,0,0,0.039333333,0.522666667,0.817666667,0.564,0.077333333,0,0,0,0.064333333,0.534,0.776333333,0.531666667,0.087333333,0,0,0,0.073333333,0.489666667,0.71,0.498666667,0.095333333,0,0,0,0.070666667,0.436,0.632666667,0.455,0.1,0,0,0,0.063333333,0.424,0.628666667,0.461666667,0.103333333,0,0,0,0.051,0.403333333,0.611,0.441333333,0.085666667,0,0,0,0.050333333,0.459,0.682666667,0.462666667,0.063333333,0,0,0,0.056,0.506666667,0.716666667,0.434666667,0.028333333,0,0,0,0.043666667,0.544666667,0.731666667,0.397333333,0.009333333,0,0,0,0.013,0.498666667,0.724333333,0.397,0.006333333,0
QH,y10,0,0,0.007333333,0.460333333,0.754,0.475,0.023,0,0,0,0.02,0.489666667,0.807333333,0.546333333,0.054,0,0,0,0.038333333,0.513666667,0.798666667,0.553333333,0.076333333,0,0,0,0.064666667,0.543,0.792666667,0.552,0.091,0,0,0,0.074333333,0.487333333,0.702333333,0.492333333,0.094,0,0,0,0.072,0.441333333,0.636333333,0.454333333,0.099333333,0,0,0,0.064333333,0.427333333,0.634,0.463666667,0.105,0,0,0,0.052,0.412333333,0.626,0.452,0.088,0,0,0,0.049333333,0.456,0.680333333,0.464666667,0.063666667,0,0,0,0.058,0.518666667,0.734,0.445666667,0.030333333,0,0,0,0.046666667,0.565333333,0.756666667,0.413333333,0.009333333,0,0,0,0.013666667,0.492333333,0.712,0.393,0.006333333,0
QH,y11,0,0,0.007,0.456666667,0.756,0.481333333,0.024333333,0,0,0,0.019666667,0.479,0.796666667,0.543,0.055,0,0,0,0.04,0.522333333,0.809333333,0.557666667,0.076333333,0,0,0,0.066333333,0.549333333,0.801666667,0.556,0.091666667,0,0,0,0.075666667,0.505333333,0.730666667,0.505666667,0.095,0,0,0,0.071666667,0.441333333,0.643666667,0.464666667,0.101666667,0,0,0,0.053333333,0.375333333,0.571666667,0.418333333,0.091333333,0,0,0,0.048333333,0.389,0.601333333,0.441666667,0.085666667,0,0,0,0.046666667,0.441333333,0.662666667,0.448,0.06,0,0,0,0.053666667,0.497333333,0.714666667,0.434,0.028333333,0,0,0,0.043333333,0.551666667,0.748666667,0.41,0.009333333,0,0,0,0.013,0.512,0.738666667,0.411666667,0.007,0
QH,y12,0,0,0.006666667,0.44,0.730666667,0.472,0.023666667,0,0,0,0.018333333,0.461666667,0.781,0.538333333,0.054,0,0,0,0.041666667,0.537666667,0.829,0.575,0.079333333,0,0,0,0.064,0.538,0.792333333,0.553333333,0.091333333,0,0,0,0.077333333,0.501333333,0.719666667,0.501666667,0.096,0,0,0,0.067666667,0.420333333,0.613,0.437333333,0.095666667,0,0,0,0.058666667,0.402333333,0.606333333,0.446333333,0.098333333,0,0,0,0.055333333,0.434333333,0.649,0.459,0.088333333,0,0,0,0.048666667,0.452,0.681,0.462,0.061333333,0,0,0,0.057333333,0.516333333,0.733,0.448333333,0.029333333,0,0,0,0.044666667,0.55,0.743333333,0.409333333,0.009666667,0,0,0,0.013,0.509333333,0.734,0.407,0.007,0
QH,y13,0,0,0.007,0.475333333,0.777666667,0.498,0.025,0,0,0,0.019666667,0.482666667,0.799666667,0.55,0.054666667,0,0,0,0.039666667,0.523666667,0.820333333,0.568666667,0.077666667,0,0,0,0.065,0.539,0.783333333,0.542666667,0.090666667,0,0,0,0.075333333,0.495666667,0.710333333,0.497333333,0.096,0,0,0,0.069666667,0.435666667,0.634,0.448666667,0.097,0,0,0,0.062666667,0.419666667,0.62,0.456333333,0.102666667,0,0,0,0.05,0.4,0.614666667,0.443666667,0.087,0,0,0,0.05,0.451666667,0.673666667,0.46,0.062,0,0,0,0.051333333,0.479666667,0.688666667,0.417666667,0.027333333,0,0,0,0.046,0.566,0.758666667,0.418,0.009666667,0,0,0,0.013,0.500333333,0.722,0.4,0.006666667,0
QH,y14,0,0,0.006,0.425333333,0.718,0.447666667,0.021333333,0,0,0,0.019333333,0.487,0.814666667,0.555333333,0.054333333,0,0,0,0.041666667,0.539,0.830333333,0.573666667,0.078333333,0,0,0,0.065666667,0.548333333,0.801333333,0.550666667,0.090333333,0,0,0,0.074666667,0.491333333,0.699,0.487333333,0.092666667,0,0,0,0.076,0.457666667,0.654333333,0.468666667,0.103666667,0,0,0,0.059,0.398,0.596666667,0.434,0.095333333,0,0,0,0.055,0.428666667,0.643,0.468666667,0.092666667,0,0,0,0.048333333,0.447333333,0.669666667,0.449,0.060666667,0,0,0,0.057666667,0.520333333,0.731666667,0.444666667,0.029666667,0,0,0,0.043333333,0.539666667,0.729333333,0.395,0.009333333,0,0,0,0.014,0.511333333,0.734,0.408,0.006666667,0
QH,y15,0,0,0.007,0.456,0.750333333,0.477666667,0.024,0,0,0,0.019,0.469666667,0.775,0.523,0.051666667,0,0,0,0.040666667,0.527666667,0.821666667,0.572333333,0.078333333,0,0,0,0.063,0.529333333,0.772666667,0.53,0.087,0,0,0,0.07,0.472666667,0.689333333,0.48,0.090666667,0,0,0,0.07,0.442666667,0.650333333,0.465666667,0.102,0,0,0,0.053,0.371666667,0.563333333,0.410333333,0.088666667,0,0,0,0.051,0.407333333,0.621,0.450333333,0.088,0,0,0,0.044,0.423333333,0.643,0.435666667,0.057,0,0,0,0.055666667,0.513,0.732,0.442,0.028333333,0,0,0,0.044333333,0.558666667,0.750333333,0.410333333,0.009333333,0,0,0,0.013,0.506666667,0.733,0.408333333,0.006666667,0
QH,y16,0,0,0.007,0.462666667,0.751333333,0.477333333,0.023666667,0,0,0,0.019666667,0.472666667,0.775333333,0.519,0.051333333,0,0,0,0.039666667,0.516333333,0.805666667,0.561333333,0.078,0,0,0,0.065,0.541666667,0.789666667,0.548666667,0.091666667,0,0,0,0.071666667,0.476666667,0.690666667,0.478333333,0.090333333,0,0,0,0.063,0.405666667,0.603666667,0.430333333,0.091,0,0,0,0.056333333,0.394333333,0.590333333,0.434666667,0.094666667,0,0,0,0.056666667,0.436666667,0.648666667,0.466333333,0.089666667,0,0,0,0.048333333,0.446333333,0.667333333,0.450666667,0.060666667,0,0,0,0.056666667,0.515333333,0.732666667,0.446333333,0.029666667,0,0,0,0.046333333,0.577666667,0.776333333,0.431,0.009666667,0,0,0,0.013666667,0.519333333,0.745333333,0.418666667,0.007,0
QH,y17,0,0,0.007,0.468,0.772,0.490666667,0.024333333,0,0,0,0.019,0.479333333,0.794333333,0.541,0.053,0,0,0,0.041333333,0.538333333,0.832666667,0.576333333,0.079333333,0,0,0,0.064333333,0.538666667,0.792,0.545666667,0.089666667,0,0,0,0.073666667,0.490666667,0.703666667,0.489,0.094,0,0,0,0.068666667,0.426333333,0.622666667,0.444,0.097,0,0,0,0.060333333,0.407333333,0.610666667,0.447333333,0.100666667,0,0,0,0.055333333,0.431,0.643666667,0.458666667,0.088666667,0,0,0,0.046,0.436666667,0.661666667,0.45,0.061,0,0,0,0.057666667,0.524666667,0.745333333,0.452,0.029666667,0,0,0,0.043666667,0.547333333,0.744666667,0.406,0.009333333,0,0,0,0.012666667,0.498,0.726666667,0.402666667,0.006666667,0
QH,y18,0,0,0.007,0.453,0.755333333,0.476666667,0.023,0,0,0,0.018333333,0.47,0.794666667,0.539666667,0.051666667,0,0,0,0.039333333,0.524,0.825,0.575666667,0.079,0,0,0,0.067,0.555,0.810666667,0.559333333,0.092,0,0,0,0.071,0.485666667,0.714666667,0.504666667,0.096,0,0,0,0.068,0.431333333,0.633333333,0.452,0.097,0,0,0,0.054666667,0.378333333,0.574666667,0.424333333,0.093666667,0,0,0,0.049333333,0.401666667,0.611,0.432666667,0.082333333,0,0,0,0.052666667,0.473,0.695666667,0.47,0.063666667,0,0,0,0.058666667,0.53,0.750333333,0.455333333,0.030333333,0,0,0,0.046333333,0.565333333,0.758666667,0.419,0.01,0,0,0,0.014,0.514333333,0.737,0.407333333,0.006666667,0
QH,y19,0,0,0.007,0.469,0.770333333,0.491333333,0.024666667,0,0,0,0.02,0.486666667,0.803666667,0.554,0.056,0,0,0,0.044,0.546333333,0.831333333,0.579,0.081,0,0,0,0.066333333,0.545333333,0.787333333,0.541666667,0.089333333,0,0,0,0.071333333,0.477666667,0.692666667,0.478666667,0.092,0,0,0,0.073666667,0.450666667,0.654,0.472,0.104333333,0,0,0,0.053,0.369333333,0.564333333,0.417666667,0.092,0,0,0,0.058666667,0.452666667,0.674666667,0.481333333,0.094,0,0,0,0.049,0.458,0.683666667,0.463,0.061333333,0,0,0,0.061,0.535333333,0.746333333,0.451666667,0.029333333,0,0,0,0.043,0.551,0.755666667,0.415,0.009333333,0,0,0,0.013333333,0.513333333,0.744,0.415666667,0.007,0
QH,y20,0,0,0.007333333,0.472,0.771333333,0.497,0.025333333,0,0,0,0.019333333,0.477333333,0.798666667,0.544666667,0.054333333,0,0,0,0.041333333,0.535,0.827333333,0.572666667,0.077666667,0,0,0,0.065333333,0.539333333,0.791,0.548333333,0.09,0,0,0,0.076333333,0.505666667,0.725666667,0.506,0.097,0,0,0,0.064333333,0.410333333,0.609,0.439333333,0.095333333,0,0,0,0.062,0.412,0.615,0.448333333,0.1,0,0,0,0.051666667,0.414333333,0.627666667,0.456666667,0.088,0,0,0,0.045,0.423333333,0.641666667,0.431333333,0.057666667,0,0,0,0.059666667,0.529666667,0.744,0.448333333,0.029,0,0,0,0.042666667,0.548333333,0.746,0.410666667,0.009333333,0,0,0,0.013,0.502666667,0.733333333,0.409,0.006666667,0
QH,y21,0,0,0.007,0.464,0.762,0.485333333,0.023666667,0,0,0,0.019333333,0.478,0.795333333,0.547666667,0.054666667,0,0,0,0.039666667,0.521666667,0.810666667,0.562666667,0.077,0,0,0,0.063333333,0.537333333,0.794,0.552666667,0.091,0,0,0,0.075333333,0.500666667,0.720333333,0.502666667,0.095666667,0,0,0,0.064,0.406333333,0.604666667,0.441666667,0.095,0,0,0,0.067666667,0.445333333,0.651333333,0.477,0.108,0,0,0,0.058,0.452,0.672666667,0.48,0.093,0,0,0,0.043333333,0.411333333,0.625,0.424666667,0.057,0,0,0,0.06,0.529666667,0.741333333,0.451,0.03,0,0,0,0.043333333,0.539,0.726,0.394,0.008666667,0,0,0,0.013333333,0.512666667,0.735666667,0.406,0.006333333,0
QH,y22,0,0,0.007333333,0.468333333,0.761666667,0.479666667,0.023333333,0,0,0,0.019666667,0.493333333,0.812666667,0.555666667,0.055333333,0,0,0,0.040333333,0.523333333,0.808666667,0.564,0.076333333,0,0,0,0.063333333,0.532333333,0.780333333,0.537333333,0.087,0,0,0,0.074333333,0.493666667,0.711333333,0.492666667,0.094333333,0,0,0,0.073666667,0.449,0.65,0.469333333,0.103666667,0,0,0,0.06,0.401666667,0.595666667,0.438333333,0.099,0,0,0,0.052333333,0.410333333,0.623,0.437,0.082,0,0,0,0.045666667,0.432333333,0.651,0.438,0.058,0,0,0,0.055333333,0.506333333,0.723333333,0.437333333,0.029333333,0,0,0,0.044,0.545666667,0.740666667,0.407,0.009333333,0,0,0,0.013333333,0.495,0.714333333,0.399666667,0.006666667,0
QH,y23,0,0,0.007,0.457333333,0.754,0.481666667,0.024,0,0,0,0.019666667,0.467333333,0.777333333,0.534666667,0.054666667,0,0,0,0.040666667,0.526333333,0.825666667,0.573,0.078333333,0,0,0,0.062666667,0.530666667,0.783666667,0.542333333,0.089,0,0,0,0.078666667,0.511,0.728333333,0.505666667,0.096333333,0,0,0,0.067666667,0.428333333,0.623666667,0.450666667,0.099,0,0,0,0.062333333,0.414,0.613333333,0.445,0.097,0,0,0,0.047333333,0.381,0.589333333,0.428666667,0.082,0,0,0,0.043666667,0.416,0.632,0.433333333,0.057,0,0,0,0.053,0.493666667,0.709,0.430333333,0.027666667,0,0,0,0.043333333,0.554,0.752666667,0.411333333,0.009,0,0,0,0.013,0.504333333,0.728666667,0.407666667,0.006666667,0
QH,y24,0,0,0.007,0.457,0.748333333,0.473333333,0.023333333,0,0,0,0.02,0.482,0.793,0.541333333,0.054333333,0,0,0,0.041,0.523333333,0.807333333,0.558666667,0.076666667,0,0,0,0.064,0.533333333,0.784333333,0.546333333,0.091,0,0,0,0.073666667,0.488333333,0.704,0.494333333,0.096,0,0,0,0.062666667,0.401,0.596666667,0.430666667,0.091333333,0,0,0,0.055,0.380666667,0.575666667,0.426,0.094333333,0,0,0,0.047,0.388666667,0.598666667,0.431,0.081666667,0,0,0,0.042666667,0.413333333,0.629,0.424,0.054666667,0,0,0,0.06,0.541,0.762333333,0.46,0.03,0,0,0,0.043,0.542,0.738666667,0.399666667,0.009,0,0,0,0.012666667,0.503666667,0.740666667,0.412333333,0.006666667,0
QH,y25,0,0,0.007,0.453,0.758333333,0.482666667,0.024,0,0,0,0.018666667,0.476,0.798666667,0.545,0.053333333,0,0,0,0.041,0.535333333,0.837666667,0.582333333,0.079333333,0,0,0,0.062666667,0.531,0.787333333,0.546,0.09,0,0,0,0.072333333,0.487,0.703666667,0.489,0.093666667,0,0,0,0.064333333,0.412,0.613333333,0.445333333,0.094,0,0,0,0.060333333,0.409,0.611,0.452,0.101,0,0,0,0.053333333,0.418333333,0.635,0.457666667,0.089,0,0,0,0.046666667,0.439333333,0.657,0.445333333,0.059333333,0,0,0,0.054,0.499,0.720333333,0.439333333,0.028333333,0,0,0,0.042333333,0.535,0.730666667,0.401333333,0.009,0,0,0,0.013,0.513,0.74,0.414,0.007,0
QH,y26,0,0,0.006666667,0.449,0.743666667,0.47,0.023333333,0,0,0,0.02,0.496,0.817,0.564666667,0.057333333,0,0,0,0.038333333,0.511666667,0.8,0.557666667,0.077666667,0,0,0,0.063333333,0.534333333,0.784,0.545666667,0.091,0,0,0,0.076,0.499333333,0.719666667,0.503,0.095333333,0,0,0,0.066,0.418333333,0.612666667,0.437,0.095333333,0,0,0,0.056,0.383666667,0.580333333,0.43,0.095,0,0,0,0.052666667,0.414,0.629666667,0.464333333,0.091666667,0,0,0,0.048,0.447666667,0.670333333,0.462333333,0.062666667,0,0,0,0.058333333,0.524666667,0.735,0.455,0.031333333,0,0,0,0.043333333,0.536666667,0.721666667,0.396666667,0.009333333,0,0,0,0.012666667,0.491666667,0.713666667,0.394333333,0.006666667,0
SC,y1,0,0,0.035666667,0.510333333,0.759333333,0.451666667,0.016666667,0,0,0,0.041,0.512666667,0.789666667,0.506666667,0.037333333,0,0,0,0.055333333,0.536666667,0.814666667,0.538333333,0.054,0,0,0,0.080666667,0.561333333,0.792333333,0.516333333,0.060333333,0,0,0,0.076333333,0.464,0.634333333,0.409333333,0.055,0,0,0,0.056333333,0.357,0.530666667,0.350666667,0.054333333,0,0,0,0.055666667,0.365333333,0.524666667,0.333333333,0.051333333,0,0,0,0.054666667,0.381333333,0.554333333,0.348,0.045666667,0,0,0,0.052666667,0.399,0.584333333,0.350666667,0.031,0,0,0,0.067333333,0.464666667,0.644666667,0.361666667,0.014666667,0,0,0,0.074666667,0.494,0.645,0.328333333,0.003666667,0,0,0,0.047333333,0.490666667,0.700666667,0.373,0.003,0
SC,y2,0,0,0.034666667,0.500666667,0.768666667,0.464,0.016666667,0,0,0,0.041666667,0.525666667,0.808666667,0.532666667,0.039333333,0,0,0,0.057,0.551333333,0.810333333,0.531,0.053,0,0,0,0.082333333,0.561666667,0.775,0.505,0.060333333,0,0,0,0.072,0.452333333,0.631666667,0.401,0.052333333,0,0,0,0.069666667,0.406,0.573,0.367666667,0.056,0,0,0,0.049666667,0.339,0.510666667,0.315,0.048,0,0,0,0.059666667,0.409333333,0.583,0.365,0.048666667,0,0,0,0.052333333,0.401,0.585,0.36,0.032333333,0,0,0,0.065,0.448333333,0.615333333,0.348666667,0.014333333,0,0,0,0.073,0.486666667,0.654666667,0.338333333,0.003666667,0,0,0,0.049,0.514,0.722333333,0.382,0.003,0
SC,y3,0,0,0.035333333,0.504333333,0.761,0.458666667,0.017,0,0,0,0.040333333,0.499333333,0.793333333,0.515333333,0.038333333,0,0,0,0.056,0.539,0.808666667,0.532,0.053333333,0,0,0,0.087,0.577666667,0.791,0.513666667,0.061,0,0,0,0.079,0.476666667,0.653,0.413,0.055333333,0,0,0,0.062666667,0.388666667,0.564666667,0.355,0.052,0,0,0,0.059666667,0.379666667,0.549333333,0.350666667,0.055666667,0,0,0,0.059333333,0.405666667,0.579,0.369,0.048333333,0,0,0,0.056666667,0.418,0.589,0.351333333,0.031,0,0,0,0.074,0.507666667,0.684333333,0.380333333,0.015,0,0,0,0.081666667,0.533,0.708,0.364666667,0.003666667,0,0,0,0.050333333,0.517,0.72,0.378666667,0.003333333,0
SC,y4,0,0,0.034666667,0.502,0.767333333,0.466666667,0.017333333,0,0,0,0.042333333,0.519666667,0.803333333,0.527666667,0.04,0,0,0,0.059333333,0.555333333,0.821,0.539,0.054,0,0,0,0.087333333,0.578,0.790333333,0.511,0.061,0,0,0,0.082333333,0.490666667,0.671,0.425666667,0.055666667,0,0,0,0.060666667,0.371333333,0.529,0.34,0.052333333,0,0,0,0.047666667,0.324,0.487333333,0.312,0.048,0,0,0,0.045333333,0.343,0.515,0.316666667,0.041,0,0,0,0.056666667,0.409,0.575,0.354,0.031666667,0,0,0,0.062,0.438333333,0.61,0.342333333,0.013666667,0,0,0,0.079333333,0.512666667,0.681666667,0.349,0.003666667,0,0,0,0.051333333,0.527666667,0.727333333,0.382,0.003,0
SC,y5,0,0,0.035666667,0.507666667,0.771,0.476333333,0.017666667,0,0,0,0.042333333,0.515666667,0.785666667,0.514666667,0.038333333,0,0,0,0.061666667,0.565666667,0.813333333,0.534,0.054,0,0,0,0.077666667,0.529666667,0.734333333,0.471666667,0.055333333,0,0,0,0.068666667,0.429,0.604,0.382666667,0.049666667,0,0,0,0.055,0.35,0.510666667,0.320333333,0.047,0,0,0,0.054666667,0.378666667,0.550333333,0.337666667,0.052333333,0,0,0,0.050333333,0.366333333,0.544666667,0.335666667,0.044,0,0,0,0.057,0.424666667,0.597666667,0.358333333,0.032,0,0,0,0.059333333,0.428333333,0.609333333,0.339,0.013333333,0,0,0,0.082666667,0.526,0.683,0.346,0.003666667,0,0,0,0.050333333,0.520666667,0.716666667,0.374,0.003,0
SC,y6,0,0,0.034,0.490333333,0.754,0.456,0.016333333,0,0,0,0.041,0.521666667,0.815,0.535666667,0.039666667,0,0,0,0.059333333,0.563666667,0.830333333,0.545333333,0.055333333,0,0,0,0.075666667,0.532,0.750666667,0.477333333,0.054333333,0,0,0,0.077333333,0.467333333,0.638666667,0.404,0.056,0,0,0,0.064,0.389333333,0.558666667,0.349,0.051666667,0,0,0,0.057666667,0.373,0.544333333,0.347666667,0.053666667,0,0,0,0.046,0.345,0.517333333,0.324,0.041666667,0,0,0,0.052,0.395,0.581666667,0.348,0.030333333,0,0,0,0.074,0.495,0.671333333,0.373666667,0.015333333,0,0,0,0.084,0.533666667,0.691666667,0.347666667,0.003666667,0,0,0,0.053333333,0.529666667,0.727666667,0.383,0.003,0
SC,y7,0,0,0.035333333,0.503666667,0.760666667,0.464666667,0.018,0,0,0,0.042,0.514666667,0.787333333,0.515,0.039666667,0,0,0,0.061,0.563,0.819,0.535,0.054666667,0,0,0,0.080333333,0.550666667,0.769666667,0.490666667,0.057333333,0,0,0,0.077,0.464666667,0.634333333,0.392333333,0.052666667,0,0,0,0.059666667,0.366666667,0.530666667,0.336666667,0.051333333,0,0,0,0.068666667,0.415333333,0.578,0.369,0.059,0,0,0,0.049666667,0.362333333,0.546,0.345333333,0.045666667,0,0,0,0.044333333,0.366333333,0.558,0.323666667,0.027666667,0,0,0,0.069,0.471666667,0.643666667,0.361,0.013666667,0,0,0,0.083,0.538,0.694333333,0.351666667,0.003666667,0,0,0,0.052,0.522666667,0.720666667,0.380333333,0.003,0
SC,y8,0,0,0.034,0.494,0.75,0.451666667,0.016666667,0,0,0,0.042333333,0.526333333,0.812666667,0.536666667,0.040666667,0,0,0,0.061333333,0.566666667,0.816,0.532,0.053333333,0,0,0,0.084,0.554666667,0.751666667,0.476,0.054666667,0,0,0,0.080333333,0.477666667,0.646666667,0.4,0.052666667,0,0,0,0.065,0.400666667,0.580333333,0.357666667,0.054333333,0,0,0,0.055333333,0.352666667,0.519,0.349,0.056333333,0,0,0,0.059666667,0.417,0.595666667,0.380333333,0.052333333,0,0,0,0.061,0.432333333,0.608666667,0.378666667,0.034,0,0,0,0.076,0.502666667,0.666,0.366333333,0.014333333,0,0,0,0.080666667,0.524333333,0.686333333,0.349333333,0.003666667,0,0,0,0.051666667,0.520333333,0.721333333,0.379666667,0.003,0
SC,y9,0,0,0.034666667,0.498,0.757666667,0.460333333,0.017,0,0,0,0.043333333,0.525,0.802,0.527666667,0.039666667,0,0,0,0.063,0.575666667,0.818333333,0.536666667,0.054666667,0,0,0,0.081666667,0.549666667,0.744333333,0.467333333,0.053333333,0,0,0,0.076333333,0.468666667,0.644333333,0.406,0.054,0,0,0,0.055666667,0.348,0.510666667,0.330333333,0.05,0,0,0,0.059,0.380333333,0.553,0.346,0.052333333,0,0,0,0.048333333,0.358666667,0.532,0.318666667,0.039333333,0,0,0,0.051,0.384666667,0.550333333,0.331,0.029333333,0,0,0,0.064666667,0.448333333,0.615666667,0.346666667,0.014,0,0,0,0.086,0.545333333,0.712666667,0.367,0.004,0,0,0,0.049333333,0.506,0.710666667,0.376333333,0.003,0
SC,y10,0,0,0.035666667,0.507,0.764,0.458,0.016666667,0,0,0,0.044666667,0.544,0.813333333,0.526333333,0.038666667,0,0,0,0.053666667,0.522666667,0.775666667,0.508666667,0.051,0,0,0,0.081,0.555,0.768333333,0.492,0.057333333,0,0,0,0.075666667,0.461,0.636666667,0.412333333,0.055,0,0,0,0.056,0.350666667,0.517333333,0.330666667,0.049333333,0,0,0,0.054666667,0.360666667,0.529,0.342333333,0.053333333,0,0,0,0.053333333,0.386666667,0.563,0.345333333,0.047,0,0,0,0.051,0.395,0.581666667,0.341666667,0.03,0,0,0,0.067666667,0.463666667,0.628333333,0.346666667,0.013666667,0,0,0,0.092666667,0.571,0.721,0.357,0.003666667,0,0,0,0.053,0.516666667,0.717666667,0.373,0.003,0
SC,y11,0,0,0.034333333,0.498333333,0.756,0.458333333,0.017333333,0,0,0,0.04,0.506,0.795333333,0.522,0.039333333,0,0,0,0.056333333,0.539666667,0.801333333,0.525333333,0.052666667,0,0,0,0.079,0.55,0.771666667,0.498333333,0.058666667,0,0,0,0.082666667,0.501333333,0.700666667,0.441333333,0.057333333,0,0,0,0.058,0.373,0.553666667,0.359,0.055666667,0,0,0,0.050666667,0.351333333,0.525,0.324,0.048,0,0,0,0.041,0.326,0.504666667,0.308,0.04,0,0,0,0.055333333,0.415,0.603,0.370666667,0.032333333,0,0,0,0.063333333,0.45,0.615,0.340333333,0.013333333,0,0,0,0.081,0.530333333,0.704,0.360333333,0.003666667,0,0,0,0.048,0.497,0.703,0.377666667,0.003,0
SC,y12,0,0,0.035,0.487666667,0.748333333,0.465333333,0.017333333,0,0,0,0.039333333,0.488333333,0.76,0.492333333,0.036666667,0,0,0,0.059666667,0.561666667,0.824,0.54,0.055,0,0,0,0.083333333,0.563,0.774,0.492333333,0.058,0,0,0,0.083,0.483666667,0.656666667,0.42,0.056666667,0,0,0,0.056666667,0.356,0.538333333,0.356333333,0.054666667,0,0,0,0.065,0.409666667,0.581,0.362,0.056333333,0,0,0,0.064333333,0.435666667,0.615,0.379333333,0.050333333,0,0,0,0.057333333,0.420666667,0.601666667,0.365,0.031,0,0,0,0.070333333,0.484333333,0.658,0.360666667,0.014,0,0,0,0.089333333,0.547,0.676666667,0.334,0.003666667,0,0,0,0.052,0.519666667,0.715333333,0.377333333,0.003,0
SC,y13,0,0,0.033,0.486,0.748666667,0.458,0.017333333,0,0,0,0.043333333,0.532,0.814,0.529,0.039333333,0,0,0,0.062,0.567333333,0.816666667,0.537666667,0.055666667,0,0,0,0.079,0.531,0.727666667,0.453333333,0.052333333,0,0,0,0.074333333,0.452666667,0.621333333,0.400666667,0.052666667,0,0,0,0.069,0.406,0.583333333,0.376333333,0.056666667,0,0,0,0.053333333,0.352666667,0.52,0.334,0.051,0,0,0,0.053,0.388666667,0.576666667,0.361666667,0.047,0,0,0,0.054666667,0.4,0.562333333,0.342333333,0.03,0,0,0,0.065333333,0.456666667,0.632,0.360333333,0.014,0,0,0,0.076666667,0.502,0.677333333,0.348333333,0.003666667,0,0,0,0.051333333,0.503333333,0.705,0.377,0.003,0
SC,y14,0,0,0.032666667,0.465666667,0.724666667,0.444666667,0.016,0,0,0,0.041666667,0.522,0.815,0.539,0.04,0,0,0,0.057333333,0.546666667,0.801333333,0.524,0.052,0,0,0,0.080666667,0.555,0.765333333,0.491,0.057666667,0,0,0,0.076333333,0.469333333,0.653333333,0.41,0.055,0,0,0,0.069333333,0.403333333,0.569,0.366333333,0.056666667,0,0,0,0.059666667,0.378,0.548,0.358333333,0.056,0,0,0,0.048666667,0.356,0.522,0.329333333,0.043333333,0,0,0,0.052,0.405333333,0.598666667,0.351666667,0.029666667,0,0,0,0.072333333,0.478666667,0.642666667,0.353666667,0.014666667,0,0,0,0.081333333,0.518,0.682333333,0.356333333,0.003666667,0,0,0,0.053,0.519666667,0.698333333,0.367,0.003,0
SC,y15,0,0,0.032333333,0.472,0.712666667,0.429666667,0.016666667,0,0,0,0.044333333,0.522666667,0.789666667,0.522333333,0.039666667,0,0,0,0.062333333,0.566666667,0.813333333,0.529666667,0.054333333,0,0,0,0.076,0.525666667,0.724333333,0.457333333,0.053333333,0,0,0,0.078333333,0.467,0.634333333,0.406,0.054333333,0,0,0,0.058,0.366,0.549,0.34,0.051,0,0,0,0.046666667,0.319333333,0.482666667,0.304333333,0.044666667,0,0,0,0.049,0.349,0.525,0.334666667,0.042666667,0,0,0,0.06,0.436,0.619333333,0.371,0.033,0,0,0,0.062666667,0.447333333,0.622333333,0.352,0.014,0,0,0,0.083,0.534,0.703333333,0.361,0.003666667,0,0,0,0.052333333,0.53,0.731333333,0.382666667,0.003,0
SC,y16,0,0,0.037333333,0.518,0.775666667,0.479,0.017666667,0,0,0,0.044,0.533666667,0.809,0.530666667,0.04,0,0,0,0.058333333,0.536333333,0.783333333,0.514666667,0.052,0,0,0,0.076,0.520333333,0.728666667,0.477333333,0.056333333,0,0,0,0.076,0.464,0.651,0.418666667,0.055666667,0,0,0,0.053666667,0.353333333,0.532666667,0.334666667,0.050333333,0,0,0,0.052,0.353666667,0.524,0.329666667,0.048333333,0,0,0,0.052,0.378333333,0.556,0.348333333,0.044333333,0,0,0,0.050333333,0.383,0.569333333,0.344333333,0.030333333,0,0,0,0.067333333,0.459,0.624333333,0.350333333,0.014333333,0,0,0,0.081,0.525,0.693666667,0.353333333,0.003666667,0,0,0,0.051333333,0.526666667,0.729,0.386,0.003,0
SC,y17,0,0,0.032333333,0.479666667,0.745666667,0.456333333,0.016666667,0,0,0,0.043,0.530333333,0.823333333,0.553,0.042666667,0,0,0,0.055333333,0.533666667,0.791666667,0.522666667,0.053,0,0,0,0.078,0.548,0.778666667,0.509,0.060666667,0,0,0,0.085,0.499,0.682333333,0.443333333,0.061666667,0,0,0,0.065,0.393333333,0.564666667,0.37,0.056333333,0,0,0,0.052333333,0.351,0.521333333,0.336,0.052333333,0,0,0,0.062666667,0.428,0.612333333,0.394,0.052666667,0,0,0,0.055,0.408333333,0.588,0.36,0.032,0,0,0,0.068666667,0.475333333,0.653,0.366333333,0.014666667,0,0,0,0.090666667,0.572333333,0.739666667,0.376333333,0.004,0,0,0,0.045666667,0.466666667,0.671666667,0.359333333,0.003,0
SC,y18,0,0,0.034,0.495666667,0.766,0.468,0.017333333,0,0,0,0.042333333,0.530333333,0.811666667,0.535,0.04,0,0,0,0.057333333,0.550666667,0.816333333,0.534333333,0.053333333,0,0,0,0.081333333,0.561333333,0.782333333,0.508666667,0.059333333,0,0,0,0.084333333,0.503333333,0.684,0.450333333,0.062666667,0,0,0,0.048666667,0.327333333,0.512,0.331,0.049666667,0,0,0,0.042666667,0.311333333,0.489,0.305333333,0.045666667,0,0,0,0.055666667,0.4,0.578666667,0.369666667,0.048333333,0,0,0,0.048666667,0.373666667,0.553333333,0.330666667,0.029,0,0,0,0.065333333,0.455,0.639333333,0.36,0.014333333,0,0,0,0.096666667,0.587333333,0.736666667,0.375666667,0.004,0,0,0,0.055,0.543333333,0.735333333,0.385333333,0.003,0
SC,y19,0,0,0.036666667,0.520666667,0.781333333,0.477333333,0.018,0,0,0,0.044,0.529333333,0.813333333,0.544,0.042333333,0,0,0,0.061333333,0.565333333,0.808333333,0.513,0.050333333,0,0,0,0.079666667,0.549666667,0.768333333,0.491,0.057333333,0,0,0,0.075333333,0.466666667,0.655,0.417333333,0.055666667,0,0,0,0.070333333,0.409333333,0.573666667,0.369333333,0.055333333,0,0,0,0.048666667,0.340333333,0.507,0.316333333,0.046333333,0,0,0,0.067666667,0.456333333,0.637333333,0.404666667,0.054666667,0,0,0,0.048666667,0.373,0.548,0.335,0.029333333,0,0,0,0.072333333,0.49,0.658,0.362333333,0.014,0,0,0,0.087,0.563,0.74,0.380666667,0.003666667,0,0,0,0.05,0.507666667,0.712333333,0.377333333,0.003,0
SC,y20,0,0,0.035333333,0.501333333,0.768666667,0.474666667,0.018,0,0,0,0.043,0.532333333,0.82,0.542333333,0.041666667,0,0,0,0.058666667,0.556333333,0.815666667,0.530666667,0.053333333,0,0,0,0.082666667,0.563,0.784666667,0.507333333,0.059,0,0,0,0.077,0.473333333,0.662,0.419333333,0.056,0,0,0,0.056333333,0.342666667,0.510333333,0.338666667,0.050666667,0,0,0,0.056,0.367333333,0.531666667,0.342,0.053333333,0,0,0,0.043666667,0.319666667,0.490666667,0.313333333,0.040333333,0,0,0,0.049333333,0.385333333,0.573,0.343333333,0.028333333,0,0,0,0.079666667,0.520333333,0.688,0.384,0.015666667,0,0,0,0.078333333,0.518,0.692,0.354666667,0.003666667,0,0,0,0.048666667,0.496,0.698333333,0.370666667,0.003,0
SC,y21,0,0,0.035333333,0.512333333,0.775,0.473,0.017333333,0,0,0,0.044,0.537666667,0.816,0.533,0.04,0,0,0,0.062,0.567333333,0.815,0.533333333,0.054333333,0,0,0,0.078,0.539666667,0.742333333,0.470666667,0.053333333,0,0,0,0.081666667,0.487333333,0.673333333,0.434666667,0.059333333,0,0,0,0.064,0.384666667,0.564333333,0.364333333,0.054333333,0,0,0,0.066666667,0.406666667,0.565666667,0.378333333,0.061666667,0,0,0,0.049,0.360333333,0.539666667,0.344333333,0.045333333,0,0,0,0.043,0.355666667,0.551666667,0.330333333,0.028333333,0,0,0,0.076333333,0.502333333,0.663,0.367,0.014666667,0,0,0,0.090333333,0.553333333,0.690666667,0.345666667,0.003666667,0,0,0,0.048333333,0.487666667,0.679333333,0.354,0.003,0
SC,y22,0,0,0.035666667,0.516333333,0.781666667,0.469333333,0.016666667,0,0,0,0.038,0.490666667,0.774333333,0.516,0.039,0,0,0,0.059333333,0.562,0.826666667,0.547,0.054666667,0,0,0,0.074,0.526,0.744666667,0.474,0.053666667,0,0,0,0.082333333,0.487333333,0.664666667,0.424666667,0.057333333,0,0,0,0.066333333,0.392333333,0.564333333,0.365,0.056666667,0,0,0,0.052333333,0.345333333,0.508333333,0.325333333,0.050666667,0,0,0,0.067666667,0.461333333,0.642333333,0.405,0.054333333,0,0,0,0.043333333,0.339666667,0.514666667,0.315333333,0.027333333,0,0,0,0.069,0.471333333,0.650666667,0.367333333,0.014333333,0,0,0,0.084,0.529333333,0.687,0.353,0.003666667,0,0,0,0.05,0.503333333,0.693333333,0.364333333,0.003,0
SC,y23,0,0,0.035666667,0.503333333,0.766666667,0.468666667,0.017666667,0,0,0,0.041333333,0.507333333,0.774333333,0.502333333,0.038333333,0,0,0,0.059333333,0.559666667,0.815,0.530666667,0.053333333,0,0,0,0.077,0.528666667,0.733666667,0.467666667,0.055,0,0,0,0.083333333,0.497333333,0.68,0.437666667,0.06,0,0,0,0.058666667,0.355666667,0.534333333,0.356666667,0.055,0,0,0,0.059,0.377,0.549,0.356333333,0.057,0,0,0,0.053,0.380333333,0.560333333,0.350666667,0.045666667,0,0,0,0.047666667,0.379666667,0.575333333,0.346666667,0.028666667,0,0,0,0.061666667,0.439333333,0.612333333,0.347666667,0.013333333,0,0,0,0.08,0.525333333,0.706,0.363333333,0.003666667,0,0,0,0.048666667,0.495666667,0.699666667,0.376333333,0.003,0
SC,y24,0,0,0.034333333,0.500333333,0.755666667,0.461,0.017333333,0,0,0,0.040666667,0.506333333,0.796666667,0.525,0.039333333,0,0,0,0.059666667,0.562666667,0.825,0.533666667,0.053666667,0,0,0,0.083,0.564666667,0.787333333,0.508,0.06,0,0,0,0.076333333,0.468333333,0.654666667,0.414333333,0.054666667,0,0,0,0.057666667,0.363,0.528666667,0.338,0.051,0,0,0,0.049,0.336666667,0.510333333,0.326,0.048333333,0,0,0,0.051333333,0.382333333,0.562666667,0.355666667,0.047666667,0,0,0,0.046333333,0.364,0.541333333,0.326,0.027,0,0,0,0.065666667,0.466,0.649666667,0.364,0.014,0,0,0,0.088666667,0.56,0.722666667,0.369333333,0.003666667,0,0,0,0.053,0.534333333,0.739,0.391666667,0.003,0
SC,y25,0,0,0.035666667,0.510666667,0.777,0.482,0.017666667,0,0,0,0.042,0.520666667,0.803666667,0.533333333,0.04,0,0,0,0.059666667,0.563,0.819,0.539666667,0.055333333,0,0,0,0.083,0.565,0.786,0.508333333,0.060666667,0,0,0,0.072666667,0.447666667,0.632,0.413333333,0.056,0,0,0,0.067666667,0.4,0.581,0.381,0.057,0,0,0,0.05,0.333666667,0.492,0.314,0.048,0,0,0,0.06,0.411333333,0.584333333,0.377333333,0.051333333,0,0,0,0.047333333,0.377666667,0.558,0.328333333,0.028333333,0,0,0,0.065,0.455666667,0.638666667,0.357,0.013666667,0,0,0,0.075666667,0.497666667,0.677666667,0.35,0.003666667,0,0,0,0.051,0.515666667,0.713666667,0.375333333,0.003,0
SC,y26,0,0,0.035666667,0.510333333,0.767,0.462,0.017,0,0,0,0.041,0.513333333,0.794,0.521333333,0.039333333,0,0,0,0.059666667,0.562666667,0.812666667,0.529,0.054666667,0,0,0,0.078,0.550333333,0.761333333,0.477,0.054333333,0,0,0,0.078333333,0.476333333,0.651,0.411666667,0.055333333,0,0,0,0.061666667,0.380666667,0.56,0.356333333,0.052333333,0,0,0,0.044333333,0.313333333,0.474,0.301666667,0.044666667,0,0,0,0.053666667,0.384333333,0.556,0.359333333,0.048666667,0,0,0,0.042,0.334,0.517333333,0.317666667,0.028333333,0,0,0,0.055666667,0.408,0.585333333,0.340333333,0.013666667,0,0,0,0.085333333,0.536666667,0.682,0.351333333,0.003666667,0,0,0,0.052,0.515666667,0.702333333,0.369666667,0.003,0
SD,y1,0,0,0.128,0.566,0.587333333,0.163,0,0,0,0,0.142333333,0.583666667,0.614666667,0.213666667,0,0,0,0,0.169666667,0.566,0.587333333,0.232333333,0.000666667,0,0,0.001666667,0.195666667,0.579,0.593666667,0.244666667,0.003,0,0,0.008,0.197666667,0.533333333,0.529333333,0.229333333,0.006333333,0,0,0.009333333,0.174666667,0.479333333,0.481333333,0.217333333,0.009666667,0,0,0.005666667,0.14,0.399,0.419666667,0.199,0.009333333,0,0,0.002,0.129,0.390333333,0.423666667,0.189333333,0.004666667,0,0,0.000333333,0.153333333,0.447,0.439,0.161,0.000666667,0,0,0,0.182333333,0.509333333,0.484666667,0.137333333,0,0,0,0,0.209666667,0.588,0.537,0.114333333,0,0,0,0,0.146666667,0.541666667,0.522,0.106,0,0
SD,y2,0,0,0.12,0.530333333,0.544666667,0.147,0,0,0,0,0.148333333,0.603,0.646,0.228,0,0,0,0,0.158,0.552,0.574333333,0.214,0.000666667,0,0,0.001333333,0.186333333,0.554,0.545666667,0.218666667,0.002666667,0,0,0.008666667,0.201666667,0.545333333,0.542,0.235,0.006666667,0,0,0.008666667,0.162,0.448333333,0.447666667,0.197,0.008666667,0,0,0.005333333,0.131,0.383,0.408666667,0.192666667,0.009,0,0,0.002333333,0.129333333,0.389666667,0.413,0.186,0.004666667,0,0,0.000333333,0.158,0.458,0.444,0.166333333,0.000666667,0,0,0,0.180333333,0.507666667,0.460333333,0.129,0,0,0,0,0.164666667,0.459666667,0.419666667,0.084666667,0,0,0,0,0.145666667,0.521666667,0.496,0.101333333,0,0
SD,y3,0,0,0.122333333,0.536666667,0.559666667,0.16,0,0,0,0,0.140666667,0.575,0.62,0.219333333,0,0,0,0,0.173,0.591666667,0.604333333,0.237333333,0.000666667,0,0,0.002,0.193,0.559333333,0.570333333,0.24,0.003,0,0,0.008,0.183666667,0.504,0.502,0.219666667,0.006333333,0,0,0.011333333,0.200666667,0.526333333,0.528333333,0.238666667,0.010666667,0,0,0.006333333,0.162,0.452,0.472333333,0.222,0.01,0,0,0.002666667,0.158333333,0.468,0.494,0.224666667,0.005666667,0,0,0.000333333,0.176,0.511666667,0.499333333,0.185666667,0.001,0,0,0,0.216,0.591666667,0.554666667,0.159,0,0,0,0,0.17,0.482666667,0.439333333,0.092,0,0,0,0,0.124333333,0.461666667,0.437666667,0.089,0,0
SD,y4,0,0,0.114,0.504333333,0.518666667,0.146,0,0,0,0,0.120666667,0.499,0.532333333,0.187333333,0,0,0,0,0.152666667,0.517,0.519333333,0.197666667,0.000666667,0,0,0.001333333,0.161333333,0.497,0.516,0.212333333,0.002666667,0,0,0.006666667,0.158333333,0.444,0.447,0.193333333,0.005333333,0,0,0.009,0.17,0.459,0.468666667,0.218,0.01,0,0,0.005333333,0.132666667,0.393333333,0.42,0.196666667,0.008666667,0,0,0.002,0.126333333,0.386,0.412,0.184,0.004333333,0,0,0.000333333,0.183,0.539,0.539666667,0.204333333,0.001,0,0,0,0.192,0.539666667,0.497333333,0.139333333,0,0,0,0,0.188,0.523333333,0.474666667,0.101666667,0,0,0,0,0.136666667,0.502666667,0.481666667,0.097666667,0,0
SD,y5,0,0,0.123666667,0.549,0.568666667,0.158333333,0,0,0,0,0.136,0.551666667,0.583,0.209666667,0,0,0,0,0.147333333,0.512,0.517666667,0.191,0.000666667,0,0,0.001666667,0.176333333,0.520666667,0.531,0.223666667,0.003,0,0,0.008,0.188,0.512333333,0.515333333,0.223,0.006,0,0,0.008333333,0.158333333,0.441,0.469666667,0.222333333,0.01,0,0,0.006333333,0.156,0.433333333,0.444333333,0.204,0.009333333,0,0,0.002666667,0.150333333,0.444666667,0.456,0.203333333,0.005333333,0,0,0.000333333,0.158666667,0.461,0.464333333,0.175666667,0.000666667,0,0,0,0.163,0.466666667,0.438666667,0.120333333,0,0,0,0,0.172333333,0.495666667,0.448666667,0.092666667,0,0,0,0,0.147666667,0.539666667,0.510333333,0.103666667,0,0
SD,y6,0,0,0.100333333,0.452666667,0.468333333,0.13,0,0,0,0,0.137,0.558666667,0.596666667,0.213,0,0,0,0,0.184666667,0.62,0.637666667,0.244666667,0.000666667,0,0,0.002,0.2,0.576333333,0.572666667,0.234,0.003,0,0,0.007666667,0.191666667,0.510333333,0.506,0.22,0.006,0,0,0.009333333,0.170333333,0.459,0.466,0.215666667,0.009666667,0,0,0.005666667,0.142,0.408666667,0.434,0.205666667,0.009333333,0,0,0.002666667,0.143333333,0.430666667,0.45,0.194666667,0.005,0,0,0.000333333,0.168666667,0.481666667,0.468,0.175666667,0.000666667,0,0,0,0.146666667,0.416333333,0.362,0.096333333,0,0,0,0,0.162333333,0.459333333,0.413333333,0.084666667,0,0,0,0,0.124333333,0.465666667,0.439333333,0.086,0,0
SD,y7,0,0,0.098666667,0.45,0.467333333,0.129333333,0,0,0,0,0.122333333,0.508,0.539,0.187333333,0,0,0,0,0.182,0.604666667,0.632333333,0.251,0.000666667,0,0,0.001666667,0.185,0.542666667,0.551666667,0.226666667,0.003,0,0,0.008666667,0.206,0.552666667,0.542666667,0.229333333,0.006333333,0,0,0.009333333,0.173,0.47,0.476666667,0.217333333,0.009333333,0,0,0.006,0.139,0.392333333,0.431666667,0.206666667,0.009666667,0,0,0.002333333,0.151666667,0.449666667,0.465333333,0.204,0.005333333,0,0,0.000333333,0.163666667,0.486666667,0.479,0.177666667,0.000666667,0,0,0,0.166,0.470666667,0.44,0.122,0,0,0,0,0.188666667,0.525666667,0.472333333,0.099666667,0,0,0,0,0.127333333,0.474333333,0.441333333,0.088333333,0,0
SD,y8,0,0,0.116333333,0.506333333,0.522,0.149333333,0,0,0,0,0.141666667,0.570333333,0.600666667,0.211,0,0,0,0,0.172,0.566333333,0.574333333,0.225666667,0.000666667,0,0,0.001333333,0.176666667,0.522,0.533333333,0.224333333,0.002666667,0,0,0.007,0.165666667,0.451333333,0.439666667,0.181333333,0.005333333,0,0,0.009333333,0.176333333,0.472666667,0.474333333,0.213666667,0.009666667,0,0,0.006666667,0.156333333,0.440333333,0.462666667,0.219666667,0.01,0,0,0.002666667,0.162333333,0.47,0.478666667,0.211,0.005666667,0,0,0.000333333,0.173666667,0.511666667,0.508,0.189666667,0.001,0,0,0,0.190666667,0.530666667,0.497666667,0.141666667,0,0,0,0,0.194,0.541,0.492,0.103666667,0,0,0,0,0.118333333,0.444,0.419666667,0.084666667,0,0
SD,y9,0,0,0.125,0.545666667,0.557666667,0.154333333,0,0,0,0,0.124666667,0.509666667,0.536,0.183,0,0,0,0,0.156333333,0.539333333,0.532666667,0.197,0.000666667,0,0,0.001333333,0.174666667,0.523666667,0.524,0.209,0.002666667,0,0,0.007666667,0.182333333,0.497666667,0.494333333,0.218,0.006,0,0,0.009666667,0.183666667,0.493333333,0.495333333,0.226,0.01,0,0,0.005,0.129,0.372333333,0.382333333,0.171,0.007333333,0,0,0.002,0.120333333,0.373333333,0.389333333,0.166666667,0.004333333,0,0,0.000333333,0.140666667,0.417333333,0.418333333,0.152333333,0.000666667,0,0,0,0.173333333,0.479666667,0.431,0.115333333,0,0,0,0,0.163333333,0.456666667,0.400666667,0.079333333,0,0,0,0,0.135,0.503666667,0.477,0.095,0,0
SD,y10,0,0,0.12,0.531666667,0.547333333,0.153,0,0,0,0,0.141333333,0.566,0.606666667,0.219,0,0,0,0,0.164666667,0.559333333,0.570666667,0.220333333,0.000666667,0,0,0.001666667,0.192333333,0.565333333,0.571,0.238333333,0.003,0,0,0.007333333,0.179333333,0.494,0.488666667,0.212666667,0.006,0,0,0.009,0.167666667,0.458333333,0.469666667,0.216333333,0.009333333,0,0,0.005666667,0.136,0.397,0.428666667,0.199,0.009,0,0,0.002,0.119333333,0.364666667,0.386,0.17,0.004333333,0,0,0.000333333,0.164333333,0.487333333,0.499666667,0.198333333,0.001,0,0,0,0.201666667,0.554333333,0.518,0.149,0,0,0,0,0.187333333,0.515,0.460666667,0.096,0,0,0,0,0.128,0.469333333,0.441333333,0.087333333,0,0
SD,y11,0,0,0.126666667,0.559666667,0.572666667,0.158666667,0,0,0,0,0.130333333,0.533,0.559333333,0.191,0,0,0,0,0.183333333,0.592333333,0.605666667,0.240333333,0.000666667,0,0,0.002,0.199666667,0.567666667,0.583666667,0.248333333,0.003,0,0,0.008333333,0.195333333,0.523333333,0.522333333,0.228,0.006333333,0,0,0.01,0.187,0.502,0.504,0.227333333,0.01,0,0,0.005666667,0.14,0.403666667,0.427333333,0.200666667,0.009333333,0,0,0.002,0.132666667,0.397333333,0.416666667,0.187333333,0.004666667,0,0,0.000333333,0.151333333,0.445333333,0.446666667,0.172,0.000666667,0,0,0,0.180666667,0.516,0.468666667,0.121,0,0,0,0,0.192333333,0.542333333,0.49,0.102666667,0,0,0,0,0.146333333,0.527333333,0.497,0.101333333,0,0
SD,y12,0,0,0.105666667,0.476333333,0.492,0.133666667,0,0,0,0,0.135,0.546666667,0.569666667,0.196666667,0,0,0,0,0.181333333,0.600333333,0.628666667,0.254666667,0.000666667,0,0,0.002,0.199333333,0.584666667,0.583666667,0.232,0.003,0,0,0.007666667,0.186666667,0.506333333,0.500333333,0.221,0.006333333,0,0,0.009666667,0.183333333,0.49,0.51,0.238,0.010666667,0,0,0.005,0.127333333,0.369,0.407333333,0.2,0.009,0,0,0.002333333,0.145666667,0.438666667,0.462333333,0.206333333,0.005,0,0,0.000333333,0.158333333,0.463666667,0.459,0.172333333,0.000666667,0,0,0,0.191333333,0.544,0.506333333,0.139666667,0,0,0,0,0.179333333,0.498666667,0.443666667,0.092333333,0,0,0,0,0.135,0.498333333,0.471,0.093666667,0,0
SD,y13,0,0,0.124,0.547666667,0.571,0.159333333,0,0,0,0,0.129,0.530333333,0.571,0.200333333,0,0,0,0,0.162333333,0.554666667,0.558,0.206666667,0.000666667,0,0,0.001666667,0.196333333,0.566333333,0.573,0.239666667,0.003,0,0,0.008,0.198,0.537666667,0.543,0.240333333,0.006666667,0,0,0.008666667,0.164333333,0.447,0.459333333,0.211,0.009666667,0,0,0.005333333,0.138333333,0.406666667,0.424666667,0.194666667,0.009,0,0,0.002,0.129666667,0.397333333,0.420666667,0.187,0.004666667,0,0,0.000333333,0.152,0.447666667,0.449666667,0.171,0.000666667,0,0,0,0.152666667,0.435,0.413666667,0.113333333,0,0,0,0,0.198,0.552333333,0.498333333,0.103666667,0,0,0,0,0.134,0.493666667,0.467666667,0.093666667,0,0
SD,y14,0,0,0.109666667,0.488666667,0.495333333,0.132666667,0,0,0,0,0.149333333,0.599333333,0.639333333,0.229333333,0,0,0,0,0.174,0.589666667,0.624333333,0.249,0.000666667,0,0,0.001666667,0.18,0.535333333,0.541333333,0.217,0.002666667,0,0,0.007666667,0.193,0.527,0.526333333,0.225666667,0.006,0,0,0.009,0.17,0.468333333,0.473333333,0.214666667,0.009666667,0,0,0.004666667,0.119333333,0.352333333,0.382666667,0.179666667,0.007666667,0,0,0.002333333,0.141,0.427,0.443666667,0.197333333,0.005,0,0,0.000333333,0.156666667,0.469,0.467666667,0.178,0.001,0,0,0,0.182,0.523666667,0.483333333,0.132333333,0,0,0,0,0.189,0.525,0.475333333,0.099666667,0,0,0,0,0.149,0.531333333,0.497333333,0.101,0,0
SD,y15,0,0,0.131,0.564333333,0.582,0.164,0,0,0,0,0.115666667,0.481666667,0.517666667,0.18,0,0,0,0,0.167,0.556333333,0.586333333,0.236666667,0.000666667,0,0,0.001666667,0.196,0.569333333,0.580666667,0.242333333,0.003,0,0,0.007666667,0.179666667,0.490666667,0.498666667,0.216333333,0.006,0,0,0.01,0.190333333,0.511,0.520666667,0.237333333,0.010666667,0,0,0.005666667,0.145666667,0.421,0.442,0.208333333,0.009333333,0,0,0.002333333,0.141,0.416,0.429,0.188,0.005,0,0,0.000333333,0.145333333,0.427666667,0.424333333,0.162,0.000666667,0,0,0,0.206333333,0.572,0.537333333,0.151666667,0,0,0,0,0.176,0.501666667,0.446333333,0.088,0,0,0,0,0.133,0.493333333,0.464,0.093,0,0
SD,y16,0,0,0.117666667,0.525333333,0.551,0.155,0,0,0,0,0.114,0.477333333,0.518,0.18,0,0,0,0,0.160666667,0.566333333,0.586333333,0.223,0.000666667,0,0,0.001666667,0.185666667,0.551333333,0.569333333,0.230333333,0.003,0,0,0.007666667,0.185333333,0.499,0.499333333,0.214,0.006,0,0,0.009333333,0.182333333,0.486333333,0.492666667,0.229,0.010333333,0,0,0.006,0.148,0.419,0.430666667,0.204333333,0.009333333,0,0,0.002,0.113666667,0.353666667,0.384666667,0.17,0.004333333,0,0,0.000333333,0.144,0.432666667,0.412,0.149333333,0.000666667,0,0,0,0.190666667,0.548,0.518,0.144333333,0,0,0,0,0.208333333,0.581666667,0.529,0.112,0,0,0,0,0.15,0.548,0.520666667,0.106333333,0,0
SD,y17,0,0,0.130333333,0.572333333,0.585666667,0.163333333,0,0,0,0,0.133,0.545,0.569666667,0.197,0,0,0,0,0.193,0.638,0.657,0.257333333,0.000666667,0,0,0.001666667,0.204666667,0.59,0.6,0.249666667,0.003333333,0,0,0.007666667,0.182666667,0.494,0.493333333,0.213,0.006,0,0,0.009333333,0.178333333,0.479,0.483333333,0.221,0.009666667,0,0,0.005666667,0.141,0.405,0.424,0.195666667,0.009,0,0,0.001666667,0.115,0.359666667,0.374333333,0.164666667,0.004333333,0,0,0.000333333,0.141666667,0.424666667,0.423666667,0.158,0.000666667,0,0,0,0.178666667,0.506333333,0.471666667,0.131333333,0,0,0,0,0.159666667,0.442,0.386333333,0.077,0,0,0,0,0.127666667,0.478666667,0.448333333,0.089,0,0
SD,y18,0,0,0.115666667,0.514,0.522333333,0.139666667,0,0,0,0,0.137666667,0.565,0.593,0.208666667,0,0,0,0,0.153666667,0.539333333,0.570333333,0.221,0.000666667,0,0,0.001666667,0.190666667,0.556666667,0.558333333,0.226,0.002666667,0,0,0.008333333,0.204666667,0.545666667,0.530666667,0.225333333,0.006,0,0,0.009666667,0.182666667,0.495333333,0.497,0.224333333,0.01,0,0,0.005666667,0.142666667,0.406,0.426,0.200333333,0.009,0,0,0.002,0.131333333,0.399,0.408333333,0.176333333,0.004666667,0,0,0.000333333,0.162,0.475666667,0.465666667,0.176,0.001,0,0,0,0.203,0.56,0.529333333,0.153,0,0,0,0,0.186,0.513,0.454,0.094666667,0,0,0,0,0.134333333,0.485333333,0.444666667,0.087333333,0,0
SD,y19,0,0,0.120333333,0.536333333,0.563666667,0.156333333,0,0,0,0,0.122,0.510333333,0.551666667,0.189333333,0,0,0,0,0.174333333,0.582,0.606,0.240333333,0.000666667,0,0,0.002,0.203333333,0.579333333,0.581333333,0.246333333,0.003,0,0,0.007,0.174,0.480666667,0.483333333,0.208666667,0.005666667,0,0,0.008333333,0.162666667,0.457,0.469666667,0.213666667,0.009666667,0,0,0.004666667,0.115,0.345,0.377666667,0.176666667,0.007666667,0,0,0.002333333,0.16,0.483666667,0.505666667,0.220333333,0.005333333,0,0,0.000333333,0.162333333,0.486,0.472333333,0.173666667,0.001,0,0,0,0.212666667,0.584333333,0.543,0.155,0,0,0,0,0.177333333,0.500333333,0.452,0.092,0,0,0,0,0.151666667,0.552666667,0.523666667,0.107,0,0
SD,y20,0,0,0.12,0.531333333,0.556333333,0.158666667,0,0,0,0,0.115,0.497333333,0.539666667,0.184333333,0,0,0,0,0.167333333,0.577666667,0.601,0.233666667,0.000666667,0,0,0.001666667,0.176333333,0.529666667,0.528666667,0.213,0.002666667,0,0,0.008666667,0.209666667,0.552333333,0.547666667,0.237333333,0.006333333,0,0,0.008,0.157666667,0.427,0.417666667,0.189,0.009,0,0,0.006333333,0.161,0.453,0.459,0.21,0.009666667,0,0,0.002333333,0.145666667,0.441,0.458333333,0.200333333,0.005,0,0,0.000333333,0.142,0.424333333,0.404666667,0.147,0.000666667,0,0,0,0.190666667,0.529,0.497333333,0.139666667,0,0,0,0,0.169,0.476333333,0.428333333,0.087333333,0,0,0,0,0.135333333,0.507,0.484333333,0.100333333,0,0
SD,y21,0,0,0.117333333,0.520333333,0.531,0.142333333,0,0,0,0,0.134,0.547333333,0.590666667,0.205333333,0,0,0,0,0.174333333,0.585,0.604666667,0.236333333,0.000666667,0,0,0.002,0.182666667,0.526666667,0.533666667,0.219666667,0.003,0,0,0.007666667,0.182333333,0.501666667,0.503,0.221666667,0.006333333,0,0,0.009666667,0.182,0.483,0.467,0.204333333,0.009,0,0,0.006,0.151,0.430333333,0.448,0.206666667,0.009333333,0,0,0.002333333,0.140666667,0.439333333,0.454333333,0.193333333,0.004666667,0,0,0.000333333,0.166666667,0.491,0.460666667,0.165666667,0.000666667,0,0,0,0.183,0.521333333,0.488333333,0.133333333,0,0,0,0,0.131,0.378666667,0.330666667,0.064666667,0,0,0,0,0.132666667,0.493333333,0.468666667,0.094,0,0
SD,y22,0,0,0.118,0.526,0.549,0.151333333,0,0,0,0,0.137333333,0.563,0.606666667,0.217,0,0,0,0,0.183666667,0.614333333,0.632666667,0.243,0.000666667,0,0,0.001666667,0.178666667,0.525,0.535666667,0.226666667,0.002666667,0,0,0.007333333,0.177666667,0.472666667,0.459,0.195,0.005333333,0,0,0.009,0.174,0.463666667,0.465666667,0.213333333,0.009333333,0,0,0.005333333,0.137666667,0.396666667,0.416,0.195666667,0.008666667,0,0,0.002333333,0.129666667,0.401333333,0.426,0.184666667,0.004666667,0,0,0.000333333,0.180666667,0.526666667,0.521333333,0.194666667,0.001,0,0,0,0.143666667,0.417666667,0.383333333,0.104,0,0,0,0,0.165333333,0.463666667,0.42,0.086333333,0,0,0,0,0.127,0.462666667,0.437333333,0.087,0,0
SD,y23,0,0,0.112,0.494333333,0.513666667,0.143666667,0,0,0,0,0.14,0.557666667,0.588,0.206666667,0,0,0,0,0.170666667,0.575333333,0.590666667,0.226333333,0.000666667,0,0,0.002,0.202,0.566,0.538333333,0.213,0.002666667,0,0,0.008333333,0.200333333,0.540333333,0.541,0.238333333,0.006666667,0,0,0.009333333,0.180666667,0.486333333,0.485,0.219,0.009666667,0,0,0.005333333,0.138333333,0.402333333,0.42,0.186666667,0.008333333,0,0,0.002,0.127666667,0.390666667,0.418,0.184666667,0.004666667,0,0,0.000333333,0.159,0.475666667,0.467666667,0.170333333,0.000666667,0,0,0,0.153333333,0.444333333,0.402,0.102666667,0,0,0,0,0.202333333,0.566666667,0.510333333,0.104666667,0,0,0,0,0.143,0.530333333,0.503666667,0.101666667,0,0
SD,y24,0,0,0.115666667,0.509666667,0.53,0.143333333,0,0,0,0,0.137666667,0.564333333,0.604333333,0.218,0,0,0,0,0.157,0.537333333,0.568666667,0.226666667,0.000666667,0,0,0.001666667,0.186333333,0.533666667,0.534666667,0.218666667,0.002666667,0,0,0.007,0.168,0.464666667,0.475333333,0.207666667,0.005666667,0,0,0.009,0.174,0.471333333,0.482333333,0.220333333,0.01,0,0,0.005333333,0.139666667,0.407,0.426,0.201,0.009333333,0,0,0.002333333,0.138,0.422,0.448,0.196,0.005,0,0,0.000333333,0.155,0.458,0.454666667,0.164,0.000666667,0,0,0,0.209,0.578333333,0.536,0.154333333,0,0,0,0,0.171,0.494333333,0.442333333,0.089666667,0,0,0,0,0.129333333,0.478,0.442,0.088333333,0,0
SD,y25,0,0,0.122666667,0.537,0.548,0.149333333,0,0,0,0,0.125333333,0.508666667,0.530333333,0.174666667,0,0,0,0,0.177,0.595333333,0.624333333,0.253,0.000666667,0,0,0.001333333,0.171666667,0.513666667,0.514,0.214333333,0.002666667,0,0,0.008,0.198333333,0.539666667,0.538666667,0.232,0.006333333,0,0,0.009333333,0.178333333,0.487666667,0.497,0.224,0.009666667,0,0,0.006333333,0.159666667,0.444333333,0.461,0.213,0.009666667,0,0,0.002,0.128,0.39,0.415666667,0.181333333,0.004333333,0,0,0.000333333,0.173,0.508,0.5,0.186333333,0.001,0,0,0,0.179666667,0.507333333,0.466333333,0.126666667,0,0,0,0,0.179,0.516,0.472666667,0.099333333,0,0,0,0,0.130333333,0.483333333,0.459,0.091333333,0,0
SD,y26,0,0,0.105,0.465666667,0.467666667,0.123,0,0,0,0,0.119,0.493666667,0.525333333,0.177,0,0,0,0,0.170333333,0.573333333,0.595666667,0.238333333,0.000666667,0,0,0.002,0.199,0.577666667,0.580666667,0.244333333,0.003,0,0,0.007666667,0.183333333,0.502666667,0.508666667,0.223666667,0.006333333,0,0,0.008666667,0.165,0.442666667,0.441,0.196666667,0.009,0,0,0.005333333,0.136666667,0.393333333,0.4,0.187,0.009,0,0,0.002,0.115666667,0.355333333,0.367666667,0.166,0.004333333,0,0,0.000333333,0.181333333,0.527,0.512,0.192,0.001,0,0,0,0.183,0.503333333,0.464333333,0.128666667,0,0,0,0,0.171333333,0.475333333,0.427333333,0.087666667,0,0,0,0,0.138333333,0.504666667,0.472,0.093333333,0,0
SH,y1,0,0,0.137666667,0.479333333,0.452666667,0.115,0,0,0,0,0.159333333,0.516666667,0.486,0.156,0,0,0,0,0.171333333,0.505666667,0.487,0.166666667,0,0,0,0.001666667,0.161,0.439666667,0.404333333,0.144,0.000333333,0,0,0.007666667,0.172,0.444666667,0.453333333,0.179666667,0.001666667,0,0,0.007,0.132666667,0.333666667,0.318666667,0.136,0.002666667,0,0,0.007333333,0.166666667,0.420666667,0.424333333,0.180666667,0.003666667,0,0,0.004,0.198333333,0.517333333,0.499333333,0.188666667,0.001666667,0,0,0.001,0.195333333,0.472333333,0.436666667,0.150333333,0,0,0,0,0.182,0.424666667,0.358666667,0.093666667,0,0,0,0,0.246666667,0.589,0.49,0.094333333,0,0,0,0,0.175333333,0.490333333,0.455,0.089333333,0,0
SH,y2,0,0,0.125,0.428,0.408,0.105333333,0,0,0,0,0.138666667,0.496,0.493333333,0.151,0,0,0,0,0.125333333,0.369666667,0.374,0.126333333,0,0,0,0.002333333,0.181,0.477,0.466333333,0.172333333,0.000666667,0,0,0.008333333,0.184666667,0.449,0.444666667,0.180333333,0.001666667,0,0,0.008333333,0.135333333,0.334333333,0.334333333,0.143333333,0.002666667,0,0,0.006333333,0.148333333,0.388666667,0.376,0.149666667,0.002666667,0,0,0.004,0.188,0.500333333,0.473666667,0.194,0.002,0,0,0.001,0.185,0.485,0.474666667,0.167666667,0,0,0,0,0.181666667,0.44,0.397333333,0.104,0,0,0,0,0.165,0.426333333,0.352666667,0.068333333,0,0,0,0,0.177333333,0.500333333,0.468,0.094333333,0,0
SH,y3,0,0,0.124666667,0.442,0.438,0.113,0,0,0,0,0.134333333,0.479666667,0.487333333,0.16,0,0,0,0,0.132333333,0.391666667,0.400666667,0.139666667,0,0,0,0.002666667,0.175333333,0.470666667,0.451,0.174,0.000666667,0,0,0.01,0.21,0.499,0.467666667,0.179333333,0.001666667,0,0,0.009333333,0.166666667,0.419333333,0.416333333,0.167666667,0.003,0,0,0.006,0.150666667,0.400333333,0.388333333,0.166,0.003,0,0,0.003,0.152,0.401333333,0.386333333,0.154,0.001333333,0,0,0.001,0.178666667,0.439666667,0.406333333,0.145666667,0,0,0,0,0.204,0.509666667,0.461333333,0.118333333,0,0,0,0,0.186333333,0.448333333,0.382,0.075333333,0,0,0,0,0.118666667,0.341333333,0.295666667,0.053666667,0,0
SH,y4,0,0,0.112666667,0.388,0.352333333,0.091,0,0,0,0,0.128,0.433,0.428333333,0.135333333,0,0,0,0,0.117,0.349,0.339333333,0.114333333,0,0,0,0.002666667,0.178333333,0.474,0.453,0.160666667,0.000666667,0,0,0.007,0.147666667,0.390666667,0.400666667,0.157666667,0.001666667,0,0,0.008333333,0.146333333,0.346666667,0.34,0.144333333,0.002666667,0,0,0.007666667,0.175333333,0.450666667,0.449,0.182,0.003333333,0,0,0.003666667,0.191,0.496,0.471666667,0.172666667,0.001666667,0,0,0.001,0.174,0.450666667,0.422,0.140666667,0,0,0,0,0.190333333,0.462333333,0.407666667,0.104,0,0,0,0,0.218666667,0.533,0.435333333,0.082,0,0,0,0,0.162333333,0.477333333,0.397333333,0.071333333,0,0
SH,y5,0,0,0.138,0.484,0.476666667,0.125,0,0,0,0,0.156333333,0.513,0.534666667,0.177,0,0,0,0,0.105333333,0.344,0.343333333,0.11,0,0,0,0.002333333,0.184,0.476333333,0.46,0.155666667,0.000333333,0,0,0.008666667,0.193,0.478666667,0.468333333,0.177,0.001666667,0,0,0.006333333,0.108333333,0.282333333,0.290666667,0.126333333,0.002333333,0,0,0.005,0.119666667,0.318,0.336666667,0.142333333,0.002666667,0,0,0.003333333,0.156,0.414666667,0.395,0.145333333,0.001333333,0,0,0.000666667,0.168333333,0.439666667,0.434666667,0.139666667,0,0,0,0,0.189333333,0.463,0.401666667,0.100666667,0,0,0,0,0.179333333,0.435,0.354,0.068333333,0,0,0,0,0.190666667,0.53,0.471333333,0.095,0,0
SH,y6,0,0,0.104333333,0.365666667,0.339333333,0.080666667,0,0,0,0,0.140333333,0.485333333,0.469333333,0.139666667,0,0,0,0,0.160666667,0.467333333,0.460666667,0.159,0,0,0,0.002666667,0.182666667,0.499333333,0.488,0.171666667,0.000666667,0,0,0.009333333,0.204666667,0.514333333,0.485333333,0.182666667,0.001666667,0,0,0.008,0.148666667,0.380666667,0.388333333,0.159,0.003,0,0,0.007666667,0.179333333,0.467666667,0.468666667,0.194666667,0.003666667,0,0,0.003666667,0.163,0.432333333,0.440333333,0.176333333,0.001666667,0,0,0.001,0.176666667,0.454333333,0.429333333,0.132666667,0,0,0,0,0.159333333,0.403,0.321333333,0.081,0,0,0,0,0.146666667,0.366666667,0.304,0.058666667,0,0,0,0,0.138,0.385333333,0.319333333,0.061666667,0,0
SH,y7,0,0,0.117333333,0.405333333,0.399333333,0.103333333,0,0,0,0,0.121333333,0.397666667,0.398,0.126333333,0,0,0,0,0.192333333,0.563666667,0.550666667,0.189666667,0,0,0,0.002666667,0.182,0.496333333,0.476333333,0.167333333,0.000333333,0,0,0.007666667,0.165333333,0.422,0.421333333,0.169333333,0.001666667,0,0,0.007333333,0.131333333,0.318333333,0.309666667,0.127666667,0.002333333,0,0,0.008,0.181666667,0.467,0.467,0.198333333,0.003666667,0,0,0.003333333,0.160333333,0.423,0.416666667,0.162666667,0.001333333,0,0,0.001,0.183666667,0.463,0.427,0.142333333,0,0,0,0,0.198666667,0.476,0.437333333,0.112333333,0,0,0,0,0.215666667,0.518333333,0.432333333,0.084666667,0,0,0,0,0.133333333,0.367666667,0.321,0.063666667,0,0
SH,y8,0,0,0.150666667,0.503333333,0.477666667,0.124666667,0,0,0,0,0.136,0.476666667,0.488666667,0.155333333,0,0,0,0,0.165666667,0.463666667,0.439333333,0.147666667,0,0,0,0.001666667,0.129333333,0.360333333,0.351666667,0.128333333,0.000333333,0,0,0.006333333,0.123666667,0.330333333,0.338333333,0.129666667,0.001333333,0,0,0.009666667,0.169666667,0.413,0.410666667,0.171666667,0.003,0,0,0.006333333,0.150333333,0.385,0.390666667,0.175666667,0.003333333,0,0,0.003,0.149,0.379333333,0.387666667,0.157,0.001333333,0,0,0.001,0.176,0.474333333,0.449,0.146333333,0,0,0,0,0.216,0.532,0.457666667,0.117333333,0,0,0,0,0.185333333,0.439333333,0.372,0.071333333,0,0,0,0,0.133666667,0.364,0.323666667,0.061666667,0,0
SH,y9,0,0,0.153666667,0.509,0.496,0.129666667,0,0,0,0,0.12,0.428333333,0.421333333,0.131,0,0,0,0,0.152666667,0.460333333,0.472333333,0.166333333,0,0,0,0.002,0.156,0.437333333,0.424333333,0.144,0.000333333,0,0,0.007666667,0.169333333,0.423666667,0.403333333,0.163,0.001666667,0,0,0.01,0.177666667,0.428333333,0.404333333,0.177,0.003333333,0,0,0.007333333,0.171666667,0.473,0.474666667,0.185666667,0.003,0,0,0.003666667,0.175,0.459333333,0.451333333,0.183333333,0.001666667,0,0,0.001,0.186333333,0.467666667,0.449,0.146666667,0,0,0,0,0.196,0.482,0.433666667,0.113333333,0,0,0,0,0.201333333,0.485333333,0.416,0.080666667,0,0,0,0,0.175333333,0.487333333,0.43,0.086666667,0,0
SH,y10,0,0,0.128333333,0.440666667,0.427666667,0.111666667,0,0,0,0,0.149,0.528666667,0.539333333,0.175333333,0,0,0,0,0.153,0.466333333,0.462666667,0.170333333,0,0,0,0.002333333,0.193333333,0.506666667,0.498666667,0.184666667,0.000666667,0,0,0.008333333,0.185,0.487333333,0.462,0.175333333,0.001666667,0,0,0.009666667,0.157666667,0.388,0.383333333,0.166666667,0.003,0,0,0.008666667,0.197,0.492666667,0.500666667,0.212666667,0.004,0,0,0.004,0.195333333,0.524,0.518,0.200666667,0.002,0,0,0.001,0.173333333,0.437666667,0.386333333,0.128,0,0,0,0,0.239333333,0.552333333,0.475666667,0.124333333,0,0,0,0,0.204333333,0.497,0.430666667,0.087333333,0,0,0,0,0.157333333,0.434666667,0.368666667,0.072,0,0
SH,y11,0,0,0.132333333,0.458333333,0.412333333,0.102333333,0,0,0,0,0.112666667,0.391666667,0.385666667,0.116666667,0,0,0,0,0.173333333,0.518666667,0.527333333,0.185,0,0,0,0.002666667,0.205,0.563333333,0.538333333,0.197333333,0.000666667,0,0,0.007666667,0.167333333,0.422333333,0.436,0.172666667,0.001666667,0,0,0.010666667,0.197333333,0.488666667,0.480333333,0.2,0.003666667,0,0,0.007333333,0.174666667,0.443,0.428,0.172,0.003333333,0,0,0.003333333,0.156666667,0.437333333,0.436666667,0.166333333,0.001666667,0,0,0.001,0.193,0.495666667,0.466,0.152333333,0,0,0,0,0.200333333,0.481,0.429666667,0.110333333,0,0,0,0,0.180333333,0.443666667,0.379333333,0.073333333,0,0,0,0,0.189,0.509,0.454,0.086333333,0,0
SH,y12,0,0,0.117,0.405666667,0.379333333,0.094666667,0,0,0,0,0.115666667,0.414666667,0.425,0.134,0,0,0,0,0.194333333,0.555,0.534333333,0.177666667,0,0,0,0.002666667,0.193666667,0.518,0.507,0.177666667,0.000666667,0,0,0.008333333,0.170333333,0.444333333,0.416333333,0.154333333,0.001666667,0,0,0.009666667,0.179666667,0.450666667,0.411666667,0.162666667,0.003,0,0,0.006666667,0.152666667,0.399666667,0.414333333,0.168666667,0.003,0,0,0.004333333,0.200333333,0.517666667,0.509666667,0.208333333,0.002,0,0,0.000666667,0.165666667,0.413666667,0.388666667,0.123666667,0,0,0,0,0.195,0.472333333,0.427,0.110333333,0,0,0,0,0.181,0.438666667,0.37,0.070666667,0,0,0,0,0.161333333,0.465666667,0.407666667,0.078333333,0,0
SH,y13,0,0,0.123666667,0.421333333,0.412333333,0.108666667,0,0,0,0,0.144,0.509333333,0.520333333,0.170666667,0,0,0,0,0.172,0.493666667,0.475,0.158,0,0,0,0.002333333,0.186,0.489333333,0.474666667,0.177666667,0.000666667,0,0,0.009333333,0.201,0.495,0.472333333,0.195,0.002,0,0,0.007,0.137,0.352,0.356,0.147333333,0.002666667,0,0,0.007333333,0.171333333,0.451333333,0.445,0.175666667,0.003333333,0,0,0.003666667,0.187333333,0.483333333,0.491666667,0.196333333,0.001666667,0,0,0.000666667,0.152666667,0.403333333,0.393666667,0.129666667,0,0,0,0,0.216,0.506,0.448333333,0.112,0,0,0,0,0.194,0.468,0.391666667,0.078,0,0,0,0,0.151666667,0.420333333,0.368,0.070666667,0,0
SH,y14,0,0,0.107333333,0.379333333,0.345,0.076333333,0,0,0,0,0.160333333,0.541,0.538666667,0.177666667,0,0,0,0,0.181333333,0.524333333,0.534333333,0.196,0,0,0,0.002333333,0.165,0.467333333,0.466,0.165,0.000333333,0,0,0.009333333,0.204333333,0.514,0.5,0.194333333,0.002,0,0,0.007333333,0.14,0.358666667,0.356333333,0.143333333,0.002333333,0,0,0.008666667,0.196,0.499666667,0.502666667,0.208333333,0.004,0,0,0.003333333,0.172,0.452,0.443,0.170333333,0.001666667,0,0,0.001,0.164666667,0.434333333,0.411333333,0.135,0,0,0,0,0.181666667,0.461,0.412333333,0.105666667,0,0,0,0,0.157666667,0.387,0.327333333,0.061333333,0,0,0,0,0.192333333,0.522333333,0.462,0.088,0,0
SH,y15,0,0,0.134333333,0.458333333,0.456,0.117333333,0,0,0,0,0.095666667,0.343666667,0.325666667,0.104333333,0,0,0,0,0.159333333,0.47,0.465,0.164666667,0,0,0,0.003,0.205,0.545333333,0.528666667,0.201,0.000666667,0,0,0.01,0.211333333,0.537333333,0.519666667,0.204333333,0.002,0,0,0.010333333,0.18,0.455,0.446,0.181333333,0.003,0,0,0.007333333,0.164,0.404,0.383666667,0.159,0.003,0,0,0.003,0.158666667,0.424333333,0.419666667,0.156333333,0.001333333,0,0,0.001,0.173,0.452,0.422333333,0.140666667,0,0,0,0,0.204333333,0.498,0.456,0.117,0,0,0,0,0.166333333,0.426333333,0.373666667,0.071666667,0,0,0,0,0.169333333,0.470333333,0.401666667,0.075333333,0,0
SH,y16,0,0,0.144333333,0.498,0.485,0.127,0,0,0,0,0.108,0.372,0.382,0.127666667,0,0,0,0,0.15,0.443333333,0.436666667,0.152,0,0,0,0.002666667,0.175333333,0.456666667,0.422666667,0.148,0.000333333,0,0,0.007,0.166666667,0.448333333,0.438666667,0.167666667,0.001666667,0,0,0.009,0.157666667,0.382666667,0.374333333,0.166,0.003,0,0,0.006,0.137,0.358,0.354666667,0.152333333,0.003,0,0,0.004,0.199333333,0.519,0.506333333,0.201666667,0.002,0,0,0.001,0.159,0.414666667,0.388333333,0.136333333,0,0,0,0,0.179333333,0.424,0.371666667,0.093333333,0,0,0,0,0.213,0.513666667,0.429333333,0.085,0,0,0,0,0.172333333,0.489333333,0.453666667,0.09,0,0
SH,y17,0,0,0.149,0.507666667,0.455,0.112,0,0,0,0,0.141333333,0.468666667,0.473333333,0.153333333,0,0,0,0,0.187,0.562666667,0.561333333,0.193666667,0,0,0,0.003,0.219333333,0.566333333,0.54,0.205,0.000666667,0,0,0.008666667,0.187,0.473666667,0.452,0.176666667,0.001666667,0,0,0.007,0.135666667,0.355333333,0.346666667,0.142666667,0.002333333,0,0,0.007333333,0.176,0.451666667,0.443666667,0.178666667,0.003,0,0,0.003333333,0.157,0.419,0.413333333,0.156,0.001666667,0,0,0.001,0.190666667,0.496666667,0.457333333,0.162,0,0,0,0,0.174666667,0.421333333,0.376,0.102,0,0,0,0,0.178333333,0.434,0.363,0.07,0,0,0,0,0.172666667,0.479,0.416666667,0.078333333,0,0
SH,y18,0,0,0.112666667,0.395,0.362333333,0.092666667,0,0,0,0,0.116,0.400333333,0.379,0.113,0,0,0,0,0.139,0.417333333,0.435333333,0.157666667,0,0,0,0.002333333,0.189666667,0.515666667,0.503,0.178666667,0.000333333,0,0,0.007666667,0.178666667,0.458333333,0.457,0.178333333,0.001666667,0,0,0.007666667,0.145,0.356666667,0.358,0.149,0.002666667,0,0,0.007333333,0.169666667,0.432666667,0.432,0.182666667,0.003333333,0,0,0.003666667,0.172,0.470333333,0.456,0.173666667,0.001666667,0,0,0.001,0.170333333,0.437666667,0.403333333,0.138333333,0,0,0,0,0.226,0.546666667,0.503,0.132,0,0,0,0,0.199333333,0.472333333,0.374,0.071666667,0,0,0,0,0.15,0.405,0.363666667,0.068,0,0
SH,y19,0,0,0.144666667,0.48,0.463666667,0.122333333,0,0,0,0,0.101,0.348333333,0.377,0.121,0,0,0,0,0.171,0.509,0.513,0.18,0,0,0,0.002666667,0.205333333,0.547666667,0.548666667,0.205666667,0.000666667,0,0,0.008,0.168333333,0.408333333,0.41,0.164,0.001666667,0,0,0.005666667,0.103,0.287333333,0.306,0.123333333,0.002333333,0,0,0.008666667,0.197333333,0.507666667,0.513666667,0.214666667,0.004,0,0,0.004,0.19,0.495666667,0.481666667,0.188333333,0.001666667,0,0,0.001,0.181333333,0.456333333,0.440666667,0.147333333,0,0,0,0,0.196,0.453333333,0.387,0.099666667,0,0,0,0,0.214666667,0.505333333,0.418,0.080333333,0,0,0,0,0.204666667,0.548333333,0.485,0.094333333,0,0
SH,y20,0,0,0.151,0.522333333,0.522,0.139333333,0,0,0,0,0.095666667,0.335,0.332,0.105,0,0,0,0,0.175333333,0.507,0.514666667,0.181333333,0,0,0,0.002,0.160666667,0.435,0.453,0.169333333,0.000333333,0,0,0.008666667,0.191,0.477666667,0.465666667,0.181666667,0.001666667,0,0,0.007,0.136333333,0.350666667,0.345,0.149333333,0.002666667,0,0,0.006333333,0.146333333,0.379666667,0.368666667,0.151666667,0.003,0,0,0.002666667,0.128333333,0.345666667,0.336666667,0.131333333,0.001333333,0,0,0.000666667,0.132666667,0.365666667,0.374,0.130666667,0,0,0,0,0.223333333,0.541,0.490333333,0.129666667,0,0,0,0,0.175333333,0.449666667,0.375,0.071333333,0,0,0,0,0.184666667,0.509666667,0.457666667,0.092333333,0,0
SH,y21,0,0,0.132333333,0.468,0.444333333,0.107,0,0,0,0,0.118333333,0.428666667,0.439,0.141666667,0,0,0,0,0.161,0.469,0.473666667,0.161333333,0,0,0,0.002666667,0.167,0.486,0.493666667,0.176,0.000666667,0,0,0.008,0.168,0.428333333,0.418333333,0.166,0.001666667,0,0,0.006666667,0.125333333,0.319333333,0.332666667,0.13,0.002333333,0,0,0.006,0.144,0.365333333,0.366666667,0.16,0.003,0,0,0.003666667,0.166333333,0.436,0.431,0.167,0.001666667,0,0,0.001,0.183666667,0.468333333,0.435666667,0.146666667,0,0,0,0,0.188,0.450333333,0.415,0.109333333,0,0,0,0,0.120333333,0.315,0.267,0.048333333,0,0,0,0,0.150333333,0.422333333,0.386,0.072333333,0,0
SH,y22,0,0,0.113,0.383,0.376,0.104666667,0,0,0,0,0.163,0.543333333,0.552333333,0.174666667,0,0,0,0,0.172,0.506666667,0.502333333,0.168333333,0,0,0,0.001666667,0.138333333,0.413,0.422666667,0.153,0.000333333,0,0,0.007333333,0.165,0.404333333,0.376333333,0.138666667,0.001333333,0,0,0.006666667,0.125,0.325666667,0.305333333,0.125,0.002333333,0,0,0.006333333,0.162666667,0.429666667,0.423666667,0.172,0.003,0,0,0.003666667,0.187,0.491333333,0.483333333,0.195,0.002,0,0,0.001,0.17,0.448666667,0.426666667,0.143333333,0,0,0,0,0.117,0.309666667,0.272,0.064666667,0,0,0,0,0.146666667,0.369666667,0.306,0.056666667,0,0,0,0,0.141,0.4,0.348333333,0.068,0,0
SH,y23,0,0,0.123,0.430333333,0.39,0.101,0,0,0,0,0.144666667,0.485666667,0.500333333,0.162333333,0,0,0,0,0.151666667,0.457,0.453666667,0.154666667,0,0,0,0.002666667,0.181666667,0.491,0.493,0.187666667,0.000666667,0,0,0.009333333,0.188333333,0.464,0.459333333,0.185666667,0.002,0,0,0.007333333,0.134,0.346666667,0.347,0.136333333,0.002666667,0,0,0.008,0.196,0.510666667,0.487666667,0.198,0.003333333,0,0,0.003333333,0.164666667,0.445333333,0.445,0.176,0.001666667,0,0,0.000666667,0.144333333,0.389333333,0.361666667,0.114333333,0,0,0,0,0.146666667,0.368333333,0.342333333,0.076666667,0,0,0,0,0.173333333,0.431666667,0.366333333,0.07,0,0,0,0,0.172666667,0.475333333,0.409333333,0.079333333,0,0
SH,y24,0,0,0.111666667,0.385333333,0.363333333,0.091666667,0,0,0,0,0.142666667,0.481,0.484666667,0.147666667,0,0,0,0,0.152333333,0.468,0.470333333,0.166,0,0,0,0.003,0.211333333,0.532,0.504333333,0.178666667,0.000666667,0,0,0.007,0.154,0.403,0.409666667,0.154,0.001333333,0,0,0.009,0.164,0.404666667,0.399333333,0.169,0.003,0,0,0.007,0.171333333,0.433666667,0.425666667,0.187,0.003333333,0,0,0.003333333,0.169333333,0.445333333,0.455333333,0.185333333,0.001666667,0,0,0.001,0.161666667,0.417,0.398666667,0.134333333,0,0,0,0,0.198666667,0.494666667,0.415333333,0.106333333,0,0,0,0,0.169333333,0.42,0.346666667,0.066,0,0,0,0,0.118,0.340666667,0.294666667,0.056333333,0,0
SH,y25,0,0,0.102666667,0.368666667,0.357,0.088666667,0,0,0,0,0.095,0.322,0.298666667,0.086666667,0,0,0,0,0.157,0.481666667,0.472,0.169,0,0,0,0.002,0.164333333,0.452333333,0.443,0.163333333,0.000333333,0,0,0.009,0.194333333,0.491666667,0.473333333,0.178,0.001666667,0,0,0.008333333,0.153333333,0.396,0.404666667,0.164666667,0.003,0,0,0.006,0.143,0.369,0.386,0.171333333,0.003333333,0,0,0.003666667,0.179666667,0.485666667,0.467666667,0.181333333,0.001666667,0,0,0.000666667,0.172666667,0.443,0.415666667,0.144,0,0,0,0,0.194666667,0.468,0.388666667,0.091333333,0,0,0,0,0.203666667,0.489666667,0.423333333,0.082666667,0,0,0,0,0.152,0.407333333,0.350333333,0.065666667,0,0
SH,y26,0,0,0.094,0.334666667,0.294333333,0.068,0,0,0,0,0.135666667,0.467,0.465666667,0.138333333,0,0,0,0,0.151333333,0.468333333,0.483666667,0.161333333,0,0,0,0.002666667,0.206,0.571,0.538,0.19,0.000666667,0,0,0.007666667,0.175,0.451333333,0.438,0.169666667,0.001666667,0,0,0.006333333,0.122,0.304,0.318666667,0.131333333,0.002333333,0,0,0.005,0.122,0.317666667,0.315333333,0.114333333,0.002333333,0,0,0.003666667,0.179333333,0.48,0.494,0.204666667,0.001666667,0,0,0.001,0.149666667,0.402666667,0.388333333,0.126333333,0,0,0,0,0.198333333,0.474666667,0.410333333,0.096333333,0,0,0,0,0.183666667,0.429,0.369666667,0.074,0,0,0,0,0.170666667,0.470666667,0.383666667,0.067333333,0,0
SN,y1,0,0,0.063333333,0.494333333,0.617666667,0.263,0,0,0,0,0.07,0.520333333,0.642,0.310333333,0.004333333,0,0,0,0.098,0.548,0.675333333,0.354333333,0.012666667,0,0,0,0.13,0.55,0.620666667,0.315333333,0.018333333,0,0,0.000666667,0.143333333,0.523333333,0.590333333,0.315666667,0.025333333,0,0,0.001666667,0.139333333,0.485333333,0.556,0.318,0.033,0,0,0.000666667,0.113,0.415,0.477666667,0.276333333,0.029666667,0,0,0,0.097333333,0.405666667,0.487,0.278333333,0.023,0,0,0,0.098666667,0.421666667,0.483333333,0.248333333,0.009,0,0,0,0.103666667,0.434666667,0.464,0.197333333,0.001,0,0,0,0.126333333,0.558666667,0.600666667,0.204,0,0,0,0,0.085666667,0.49,0.559666667,0.184,0,0
SN,y2,0,0,0.06,0.479666667,0.607666667,0.26,0,0,0,0,0.069666667,0.528666667,0.679333333,0.342666667,0.004666667,0,0,0,0.091333333,0.51,0.626333333,0.327333333,0.011666667,0,0,0,0.112666667,0.484666667,0.538333333,0.282,0.017,0,0,0.000666667,0.128333333,0.469666667,0.536666667,0.296666667,0.024666667,0,0,0.001666667,0.115,0.412333333,0.468333333,0.258333333,0.027666667,0,0,0.000666667,0.110666667,0.408,0.477333333,0.28,0.029666667,0,0,0,0.091666667,0.377666667,0.446666667,0.257666667,0.022,0,0,0,0.107,0.460666667,0.512,0.262333333,0.010333333,0,0,0,0.111333333,0.466333333,0.508,0.210333333,0.001,0,0,0,0.094666667,0.434333333,0.470666667,0.153333333,0,0,0,0,0.092333333,0.522666667,0.599666667,0.200333333,0,0
SN,y3,0,0,0.064333333,0.505666667,0.639333333,0.272666667,0,0,0,0,0.064333333,0.486333333,0.611,0.296333333,0.004333333,0,0,0,0.083,0.455333333,0.522,0.262,0.009666667,0,0,0,0.115,0.501333333,0.579,0.306333333,0.018,0,0,0.000666667,0.135666667,0.503666667,0.571333333,0.310666667,0.026,0,0,0.002,0.144333333,0.498,0.567,0.316,0.033,0,0,0.000666667,0.114,0.422666667,0.493,0.284333333,0.03,0,0,0,0.113333333,0.453333333,0.526333333,0.295333333,0.024333333,0,0,0,0.114666667,0.479666667,0.539,0.272333333,0.010333333,0,0,0,0.132666667,0.541666667,0.594333333,0.25,0.001,0,0,0,0.110333333,0.496,0.536666667,0.181666667,0,0,0,0,0.080333333,0.469333333,0.545666667,0.179666667,0,0
SN,y4,0,0,0.060666667,0.485333333,0.623,0.270333333,0,0,0,0,0.061,0.464,0.586333333,0.288,0.004,0,0,0,0.085,0.464,0.551,0.279666667,0.010666667,0,0,0,0.112333333,0.493,0.572,0.296333333,0.017,0,0,0.000666667,0.114333333,0.417666667,0.469666667,0.261666667,0.022666667,0,0,0.001666667,0.131333333,0.456666667,0.527,0.306666667,0.033333333,0,0,0.000666667,0.107,0.398333333,0.470333333,0.280333333,0.030333333,0,0,0,0.102,0.416666667,0.491666667,0.273,0.023,0,0,0,0.111666667,0.471,0.539666667,0.279333333,0.011,0,0,0,0.111666667,0.476666667,0.512333333,0.213333333,0.001,0,0,0,0.119666667,0.537,0.581333333,0.197,0,0,0,0,0.084666667,0.487333333,0.564666667,0.188666667,0,0
SN,y5,0,0,0.062,0.491666667,0.620666667,0.264666667,0,0,0,0,0.07,0.528333333,0.680333333,0.343666667,0.004666667,0,0,0,0.084333333,0.484,0.600333333,0.310333333,0.011333333,0,0,0,0.109666667,0.482333333,0.563333333,0.301,0.017,0,0,0.000666667,0.133333333,0.478,0.534333333,0.292,0.024,0,0,0.001666667,0.118,0.434333333,0.481666667,0.263,0.028333333,0,0,0.000666667,0.109,0.405,0.464666667,0.266333333,0.028333333,0,0,0,0.116333333,0.475666667,0.544666667,0.301666667,0.025666667,0,0,0,0.102333333,0.430666667,0.478666667,0.240333333,0.009333333,0,0,0,0.105333333,0.442,0.477666667,0.192333333,0.000666667,0,0,0,0.103333333,0.459333333,0.485666667,0.161333333,0,0,0,0,0.089,0.508333333,0.587,0.198,0,0
SN,y6,0,0,0.057666667,0.462333333,0.591333333,0.251333333,0,0,0,0,0.068333333,0.515666667,0.650666667,0.311333333,0.004333333,0,0,0,0.101,0.545666667,0.657,0.331666667,0.012,0,0,0,0.126333333,0.537666667,0.621333333,0.333333333,0.019333333,0,0,0.000666667,0.141333333,0.506,0.579666667,0.324666667,0.026333333,0,0,0.001666667,0.114,0.401,0.456,0.263,0.027,0,0,0.000666667,0.116333333,0.426666667,0.503,0.297,0.032333333,0,0,0,0.099,0.397333333,0.464333333,0.265666667,0.023,0,0,0,0.108,0.462333333,0.506666667,0.256666667,0.010333333,0,0,0,0.08,0.350666667,0.382666667,0.156333333,0.000666667,0,0,0,0.103666667,0.460333333,0.498666667,0.170666667,0,0,0,0,0.082666667,0.468666667,0.54,0.180666667,0,0
SN,y7,0,0,0.059333333,0.467666667,0.591666667,0.253,0,0,0,0,0.067,0.490666667,0.609666667,0.299,0.004,0,0,0,0.104,0.558666667,0.687333333,0.366666667,0.013666667,0,0,0,0.110333333,0.478666667,0.546333333,0.287666667,0.016333333,0,0,0.000666667,0.139333333,0.515666667,0.590666667,0.315666667,0.026,0,0,0.001666667,0.132333333,0.452,0.510333333,0.284666667,0.029,0,0,0.000666667,0.121333333,0.445666667,0.509333333,0.293,0.031333333,0,0,0,0.109666667,0.441666667,0.515666667,0.292333333,0.024333333,0,0,0,0.073666667,0.323,0.362,0.174333333,0.007333333,0,0,0,0.089333333,0.396333333,0.427666667,0.181,0.000666667,0,0,0,0.114,0.517333333,0.547333333,0.180666667,0,0,0,0,0.074666667,0.444,0.517666667,0.172666667,0,0
SN,y8,0,0,0.062333333,0.490333333,0.610333333,0.255333333,0,0,0,0,0.062666667,0.472333333,0.603,0.297666667,0.004,0,0,0,0.093,0.506666667,0.626333333,0.328333333,0.012666667,0,0,0,0.108,0.477333333,0.569333333,0.298333333,0.017333333,0,0,0.000666667,0.115333333,0.426333333,0.474333333,0.253,0.022333333,0,0,0.001666667,0.125666667,0.446666667,0.512,0.289666667,0.030666667,0,0,0.000666667,0.126333333,0.465333333,0.555,0.320333333,0.034,0,0,0,0.114,0.452666667,0.518,0.290333333,0.023,0,0,0,0.099,0.424666667,0.484666667,0.242,0.009,0,0,0,0.127,0.512333333,0.561,0.236666667,0.001333333,0,0,0,0.116,0.526333333,0.564666667,0.189,0,0,0,0,0.081333333,0.466333333,0.527666667,0.176333333,0,0
SN,y9,0,0,0.065,0.510666667,0.639,0.274,0,0,0,0,0.061666667,0.477333333,0.614,0.296333333,0.004,0,0,0,0.086666667,0.485666667,0.586,0.295333333,0.011,0,0,0,0.104333333,0.460333333,0.539666667,0.288666667,0.017666667,0,0,0.000666667,0.118666667,0.438333333,0.506666667,0.278,0.023333333,0,0,0.001666667,0.14,0.482333333,0.537666667,0.299333333,0.030666667,0,0,0.000666667,0.113333333,0.419,0.479333333,0.274333333,0.030333333,0,0,0,0.09,0.374,0.441333333,0.247333333,0.021333333,0,0,0,0.095666667,0.413666667,0.464,0.236,0.009333333,0,0,0,0.097333333,0.409666667,0.459,0.197333333,0.000666667,0,0,0,0.097,0.444,0.481666667,0.162,0,0,0,0,0.088333333,0.501666667,0.572333333,0.190666667,0,0
SN,y10,0,0,0.058,0.473333333,0.609,0.262,0,0,0,0,0.070666667,0.525333333,0.668,0.336666667,0.004666667,0,0,0,0.089,0.508333333,0.635666667,0.326666667,0.011666667,0,0,0,0.126333333,0.541,0.623666667,0.328,0.018666667,0,0,0.000666667,0.134333333,0.481666667,0.543,0.300333333,0.025,0,0,0.001666667,0.134,0.458333333,0.521333333,0.299666667,0.031666667,0,0,0.000666667,0.119666667,0.436333333,0.506666667,0.290666667,0.031333333,0,0,0,0.092,0.379333333,0.444333333,0.257,0.022333333,0,0,0,0.104,0.443666667,0.499666667,0.251333333,0.01,0,0,0,0.114666667,0.485,0.528333333,0.223333333,0.001,0,0,0,0.111333333,0.496,0.526666667,0.177,0,0,0,0,0.079,0.447666667,0.523333333,0.174666667,0,0
SN,y11,0,0,0.063333333,0.497,0.622666667,0.260666667,0,0,0,0,0.067,0.494,0.625,0.303666667,0.004666667,0,0,0,0.097333333,0.539,0.651666667,0.337333333,0.012333333,0,0,0,0.131666667,0.544666667,0.628666667,0.336,0.019666667,0,0,0.000666667,0.132666667,0.480333333,0.542333333,0.289,0.024,0,0,0.001666667,0.134666667,0.472666667,0.545,0.316,0.032666667,0,0,0.000666667,0.110666667,0.414333333,0.490333333,0.287,0.032333333,0,0,0,0.099,0.408,0.470666667,0.264333333,0.022666667,0,0,0,0.101333333,0.431,0.480333333,0.243,0.01,0,0,0,0.093333333,0.393,0.436,0.187666667,0.000666667,0,0,0,0.113,0.515,0.553,0.180666667,0,0,0,0,0.089,0.509333333,0.589333333,0.199666667,0,0
SN,y12,0,0,0.055333333,0.439,0.556333333,0.236,0,0,0,0,0.063666667,0.479333333,0.627,0.318333333,0.004666667,0,0,0,0.099666667,0.546666667,0.679,0.364666667,0.013333333,0,0,0,0.125666667,0.53,0.621333333,0.326,0.019,0,0,0.000666667,0.133,0.479333333,0.558,0.309333333,0.025,0,0,0.001666667,0.135666667,0.476,0.548666667,0.318,0.033,0,0,0.000666667,0.114,0.425333333,0.506333333,0.302666667,0.031333333,0,0,0,0.1,0.415,0.498,0.285333333,0.023666667,0,0,0,0.087,0.387,0.441,0.229,0.009,0,0,0,0.115,0.49,0.534333333,0.226,0.001,0,0,0,0.111333333,0.493,0.529666667,0.181,0,0,0,0,0.084666667,0.480333333,0.557333333,0.187333333,0,0
SN,y13,0,0,0.063,0.497333333,0.627333333,0.269333333,0,0,0,0,0.066333333,0.496333333,0.628666667,0.315666667,0.004333333,0,0,0,0.089,0.495333333,0.593,0.306333333,0.011333333,0,0,0,0.124333333,0.536,0.631,0.336333333,0.019,0,0,0.000666667,0.139666667,0.501666667,0.573666667,0.325333333,0.027333333,0,0,0.001666667,0.121333333,0.42,0.467,0.260333333,0.027333333,0,0,0.000666667,0.108333333,0.403,0.472333333,0.276,0.029666667,0,0,0,0.115333333,0.47,0.542333333,0.296333333,0.025,0,0,0,0.106666667,0.458,0.520333333,0.260666667,0.009666667,0,0,0,0.082666667,0.35,0.381,0.154,0.000333333,0,0,0,0.114666667,0.519666667,0.566333333,0.19,0,0,0,0,0.084,0.472666667,0.547,0.182,0,0
SN,y14,0,0,0.056,0.461666667,0.579,0.231333333,0,0,0,0,0.073333333,0.549,0.706666667,0.35,0.004666667,0,0,0,0.1,0.540333333,0.658,0.345333333,0.012333333,0,0,0,0.116666667,0.496666667,0.569333333,0.296333333,0.017666667,0,0,0.000666667,0.139666667,0.506666667,0.595,0.332333333,0.027,0,0,0.001666667,0.133333333,0.466333333,0.541666667,0.313,0.033,0,0,0.000666667,0.121333333,0.458,0.525,0.298333333,0.032666667,0,0,0,0.111333333,0.455,0.531333333,0.295333333,0.024333333,0,0,0,0.091333333,0.390333333,0.443,0.221666667,0.009333333,0,0,0,0.115666667,0.484666667,0.525666667,0.219333333,0.001,0,0,0,0.108333333,0.491333333,0.534333333,0.179666667,0,0,0,0,0.091333333,0.52,0.599333333,0.202333333,0,0
SN,y15,0,0,0.065,0.514333333,0.657333333,0.288333333,0,0,0,0,0.060333333,0.454333333,0.570666667,0.279,0.004,0,0,0,0.099333333,0.535333333,0.645333333,0.332666667,0.012333333,0,0,0,0.12,0.517666667,0.599333333,0.319333333,0.019333333,0,0,0.000666667,0.121333333,0.444,0.51,0.288666667,0.024666667,0,0,0.002,0.140333333,0.491666667,0.565333333,0.329333333,0.035333333,0,0,0.000666667,0.116666667,0.428333333,0.493666667,0.283666667,0.031666667,0,0,0,0.094666667,0.384,0.447333333,0.243,0.02,0,0,0,0.094,0.417,0.469333333,0.227666667,0.008333333,0,0,0,0.117666667,0.497666667,0.547333333,0.228,0.001,0,0,0,0.114666667,0.512333333,0.549333333,0.185,0,0,0,0,0.084,0.488666667,0.559,0.188333333,0,0
SN,y16,0,0,0.063666667,0.504,0.635666667,0.273666667,0,0,0,0,0.063333333,0.483,0.63,0.321333333,0.004666667,0,0,0,0.091666667,0.495333333,0.62,0.328,0.012,0,0,0,0.117,0.509333333,0.602666667,0.320333333,0.018333333,0,0,0.000666667,0.123666667,0.459666667,0.507,0.276,0.023,0,0,0.001666667,0.133666667,0.463333333,0.525,0.297666667,0.031,0,0,0.000666667,0.105333333,0.402333333,0.478333333,0.277666667,0.030333333,0,0,0,0.101333333,0.410333333,0.473333333,0.27,0.022,0,0,0,0.095333333,0.417,0.468,0.239666667,0.009,0,0,0,0.111,0.466666667,0.509666667,0.212666667,0.001,0,0,0,0.122333333,0.541666667,0.579333333,0.198666667,0,0,0,0,0.093666667,0.526666667,0.597666667,0.2,0,0
SN,y17,0,0,0.063333333,0.501333333,0.640333333,0.271666667,0,0,0,0,0.063666667,0.486666667,0.615333333,0.304333333,0.004,0,0,0,0.106333333,0.564666667,0.685,0.361666667,0.013,0,0,0,0.127666667,0.541666667,0.628,0.336333333,0.02,0,0,0.000666667,0.124666667,0.459,0.535333333,0.287333333,0.024,0,0,0.001666667,0.133666667,0.471333333,0.516666667,0.289,0.031666667,0,0,0.000666667,0.113666667,0.425,0.485,0.284666667,0.030333333,0,0,0,0.103666667,0.422,0.490666667,0.276333333,0.023,0,0,0,0.089333333,0.381333333,0.404666667,0.205666667,0.008333333,0,0,0,0.106,0.444,0.475666667,0.205666667,0.001,0,0,0,0.09,0.412,0.445,0.145333333,0,0,0,0,0.080333333,0.459,0.521333333,0.173,0,0
SN,y18,0,0,0.062333333,0.496,0.628333333,0.263,0,0,0,0,0.067,0.513333333,0.647666667,0.313333333,0.004,0,0,0,0.088666667,0.496333333,0.603,0.305333333,0.011333333,0,0,0,0.123666667,0.542333333,0.640333333,0.340666667,0.019666667,0,0,0.000666667,0.127,0.471333333,0.528666667,0.280666667,0.023,0,0,0.001666667,0.137666667,0.482666667,0.547666667,0.308,0.031333333,0,0,0.000666667,0.11,0.409,0.484333333,0.285666667,0.031333333,0,0,0,0.098333333,0.414333333,0.487,0.278,0.023,0,0,0,0.102333333,0.438,0.487,0.254333333,0.010333333,0,0,0,0.120333333,0.509,0.553333333,0.230333333,0.001,0,0,0,0.111,0.502333333,0.555333333,0.187666667,0,0,0,0,0.088,0.493666667,0.556333333,0.182,0,0
SN,y19,0,0,0.066666667,0.515666667,0.640333333,0.268666667,0,0,0,0,0.064666667,0.485666667,0.627666667,0.315333333,0.004666667,0,0,0,0.103,0.554333333,0.682,0.362666667,0.013666667,0,0,0,0.122,0.528333333,0.629666667,0.340333333,0.020333333,0,0,0.000666667,0.115666667,0.432,0.509333333,0.281666667,0.023,0,0,0.001666667,0.127,0.454,0.505,0.282,0.029,0,0,0.000333333,0.090333333,0.362,0.435666667,0.251333333,0.026333333,0,0,0,0.112333333,0.461333333,0.539,0.304,0.025333333,0,0,0,0.100333333,0.440666667,0.498333333,0.248333333,0.009333333,0,0,0,0.125,0.525,0.568666667,0.24,0.001,0,0,0,0.103,0.472666667,0.501333333,0.163333333,0,0,0,0,0.092333333,0.522,0.599666667,0.203333333,0,0
SN,y20,0,0,0.065333333,0.513666667,0.648333333,0.279,0,0,0,0,0.061,0.458666667,0.576333333,0.281,0.004,0,0,0,0.099333333,0.529333333,0.643666667,0.336666667,0.012333333,0,0,0,0.102,0.448333333,0.522,0.273666667,0.016,0,0,0.000666667,0.137333333,0.503666667,0.578,0.318666667,0.026666667,0,0,0.001666667,0.126666667,0.451,0.504666667,0.287666667,0.030333333,0,0,0.000666667,0.123333333,0.459,0.529,0.300666667,0.032,0,0,0,0.104333333,0.432,0.506333333,0.284,0.023333333,0,0,0,0.080333333,0.362333333,0.411,0.207,0.008333333,0,0,0,0.108666667,0.466,0.519666667,0.218666667,0.001,0,0,0,0.098,0.454666667,0.479666667,0.154333333,0,0,0,0,0.086666667,0.496333333,0.575,0.194666667,0,0
SN,y21,0,0,0.060333333,0.47,0.585666667,0.251666667,0,0,0,0,0.065,0.496333333,0.644666667,0.324666667,0.004333333,0,0,0,0.089333333,0.496,0.601,0.306666667,0.010666667,0,0,0,0.116333333,0.502,0.581333333,0.299,0.017333333,0,0,0.000666667,0.132666667,0.491,0.555,0.298,0.024666667,0,0,0.001666667,0.116333333,0.408333333,0.46,0.266333333,0.028333333,0,0,0.000666667,0.130666667,0.489333333,0.562666667,0.325,0.034,0,0,0,0.116,0.466,0.542666667,0.308666667,0.024333333,0,0,0,0.100333333,0.434333333,0.483,0.242333333,0.009666667,0,0,0,0.106,0.446666667,0.495666667,0.213,0.001,0,0,0,0.076,0.355666667,0.388666667,0.125333333,0,0,0,0,0.086333333,0.49,0.563333333,0.189333333,0,0
SN,y22,0,0,0.062333333,0.498,0.630666667,0.268,0,0,0,0,0.071333333,0.528666667,0.679,0.343333333,0.005,0,0,0,0.088666667,0.496,0.621333333,0.322666667,0.011666667,0,0,0,0.117333333,0.503666667,0.582666667,0.294333333,0.017,0,0,0.000666667,0.118666667,0.450666667,0.523333333,0.284333333,0.023666667,0,0,0.001666667,0.132,0.46,0.524666667,0.303666667,0.032333333,0,0,0.000666667,0.112666667,0.422666667,0.489,0.276,0.03,0,0,0,0.099,0.417,0.500666667,0.280666667,0.022666667,0,0,0,0.102333333,0.458,0.508666667,0.263,0.010666667,0,0,0,0.091333333,0.391,0.427333333,0.18,0.001,0,0,0,0.104333333,0.479333333,0.520333333,0.173666667,0,0,0,0,0.083666667,0.473,0.543333333,0.180333333,0,0
SN,y23,0,0,0.062,0.49,0.607,0.258666667,0,0,0,0,0.069333333,0.51,0.661666667,0.335,0.005,0,0,0,0.089666667,0.498,0.592333333,0.291666667,0.010666667,0,0,0,0.111333333,0.484666667,0.564,0.301666667,0.017666667,0,0,0.000666667,0.135,0.488333333,0.547,0.299,0.025666667,0,0,0.001666667,0.132,0.462,0.523333333,0.292333333,0.029333333,0,0,0.000666667,0.120333333,0.445,0.519666667,0.297,0.031333333,0,0,0,0.103333333,0.405,0.463666667,0.254333333,0.022,0,0,0,0.095,0.421333333,0.469666667,0.233666667,0.008666667,0,0,0,0.085,0.368666667,0.394333333,0.167333333,0.000666667,0,0,0,0.108666667,0.501666667,0.559,0.187,0,0,0,0,0.089666667,0.51,0.587333333,0.196666667,0,0
SN,y24,0,0,0.055,0.445666667,0.585333333,0.250333333,0,0,0,0,0.072666667,0.536,0.687,0.349333333,0.004666667,0,0,0,0.094666667,0.514,0.622,0.325666667,0.012,0,0,0,0.116,0.504333333,0.592666667,0.311,0.017333333,0,0,0.000666667,0.123,0.462333333,0.521666667,0.283666667,0.024333333,0,0,0.001666667,0.129333333,0.455,0.514,0.292,0.031,0,0,0.000666667,0.097333333,0.377666667,0.445333333,0.258,0.026666667,0,0,0,0.107666667,0.452,0.526333333,0.289333333,0.022666667,0,0,0,0.084333333,0.372666667,0.442,0.228333333,0.009,0,0,0,0.124666667,0.518,0.562666667,0.236,0.001,0,0,0,0.107666667,0.483333333,0.528,0.180333333,0,0,0,0,0.082666667,0.476,0.555666667,0.185333333,0,0
SN,y25,0,0,0.06,0.473333333,0.602333333,0.249,0,0,0,0,0.061333333,0.482,0.609,0.297,0.004,0,0,0,0.096333333,0.527666667,0.659666667,0.347,0.013,0,0,0,0.108666667,0.478333333,0.561666667,0.299,0.017666667,0,0,0.000666667,0.127,0.465,0.523666667,0.277,0.023333333,0,0,0.001666667,0.116666667,0.410666667,0.454333333,0.251,0.026666667,0,0,0.000666667,0.116,0.428,0.495,0.289,0.031,0,0,0,0.104,0.422666667,0.496666667,0.278333333,0.023666667,0,0,0,0.099,0.425,0.47,0.235,0.009333333,0,0,0,0.098,0.418666667,0.458666667,0.187666667,0.001,0,0,0,0.108333333,0.482333333,0.507333333,0.169333333,0,0,0,0,0.083333333,0.478,0.551,0.185,0,0
SN,y26,0,0,0.053666667,0.433333333,0.545333333,0.233,0,0,0,0,0.067666667,0.502666667,0.649333333,0.330666667,0.004666667,0,0,0,0.095333333,0.527333333,0.638333333,0.331666667,0.012,0,0,0,0.123333333,0.526,0.620666667,0.334333333,0.019666667,0,0,0.000666667,0.139,0.506,0.576333333,0.316333333,0.026333333,0,0,0.001333333,0.108666667,0.396666667,0.480666667,0.29,0.031333333,0,0,0.000666667,0.106666667,0.392666667,0.454333333,0.265666667,0.03,0,0,0,0.088,0.368,0.438,0.239,0.019666667,0,0,0,0.105,0.447,0.496666667,0.249666667,0.010333333,0,0,0,0.099666667,0.425666667,0.464333333,0.184666667,0.000666667,0,0,0,0.099666667,0.456,0.489,0.159666667,0,0,0,0,0.081333333,0.474333333,0.550333333,0.182666667,0,0
SX,y1,0,0,0.083666667,0.575666667,0.661,0.232333333,0,0,0,0,0.099666667,0.583,0.671666667,0.286666667,0.000666667,0,0,0,0.134666667,0.584,0.672333333,0.318666667,0.005333333,0,0,0.000333333,0.17,0.601666667,0.653,0.307666667,0.011333333,0,0,0.003666667,0.175,0.553666667,0.588,0.294,0.018666667,0,0,0.006,0.164666667,0.505333333,0.538,0.275333333,0.023,0,0,0.003333333,0.137,0.440333333,0.478666667,0.251666667,0.021666667,0,0,0.000333333,0.123666667,0.433666667,0.467,0.239666667,0.014666667,0,0,0,0.117666667,0.426666667,0.457666667,0.205333333,0.003666667,0,0,0,0.144333333,0.507,0.500666667,0.173333333,0,0,0,0,0.157666667,0.596,0.597,0.164666667,0,0,0,0,0.103,0.535666667,0.563333333,0.147333333,0,0
SX,y2,0,0,0.08,0.544,0.628,0.22,0,0,0,0,0.103,0.595,0.703666667,0.309666667,0.000666667,0,0,0,0.127333333,0.569,0.639333333,0.29,0.004666667,0,0,0,0.152333333,0.541666667,0.576333333,0.273,0.010333333,0,0,0.003333333,0.169333333,0.534,0.567666667,0.278333333,0.017666667,0,0,0.005666667,0.149,0.459,0.491,0.251333333,0.021333333,0,0,0.003,0.120666667,0.404333333,0.463333333,0.242333333,0.020666667,0,0,0.000333333,0.101666667,0.371666667,0.403666667,0.207333333,0.012666667,0,0,0,0.145,0.520666667,0.544,0.242333333,0.005333333,0,0,0,0.141,0.496333333,0.505666667,0.182666667,0,0,0,0,0.128666667,0.504333333,0.509333333,0.136333333,0,0,0,0,0.107333333,0.554666667,0.59,0.156,0,0
SX,y3,0,0,0.081333333,0.556,0.649,0.231666667,0,0,0,0,0.096333333,0.555333333,0.644333333,0.283666667,0.000666667,0,0,0,0.116333333,0.515,0.565,0.256,0.004666667,0,0,0.000333333,0.153,0.539,0.580333333,0.28,0.010666667,0,0,0.003666667,0.17,0.532,0.562666667,0.283,0.018333333,0,0,0.006,0.166333333,0.508333333,0.545666667,0.272333333,0.022666667,0,0,0.003333333,0.143666667,0.463,0.508,0.267333333,0.024,0,0,0.000333333,0.143333333,0.492666667,0.543,0.274666667,0.016333333,0,0,0,0.141333333,0.505,0.526333333,0.237,0.005,0,0,0,0.177666667,0.605666667,0.622666667,0.226333333,0,0,0,0,0.134,0.512666667,0.504333333,0.135666667,0,0,0,0,0.097333333,0.517666667,0.547,0.143,0,0
SX,y4,0,0,0.079,0.547666667,0.634666667,0.222666667,0,0,0,0,0.089,0.524666667,0.605,0.254666667,0.000666667,0,0,0,0.118666667,0.526,0.575333333,0.264666667,0.004666667,0,0,0,0.140666667,0.515,0.569,0.262,0.009666667,0,0,0.003333333,0.150666667,0.476666667,0.504666667,0.248333333,0.015666667,0,0,0.006,0.160333333,0.494333333,0.533,0.279,0.023,0,0,0.003,0.130333333,0.430333333,0.469,0.248333333,0.021333333,0,0,0.000333333,0.134666667,0.468,0.504666667,0.255333333,0.016,0,0,0,0.15,0.529333333,0.554333333,0.248333333,0.005333333,0,0,0,0.143666667,0.506666667,0.526333333,0.187,0,0,0,0,0.146666667,0.565333333,0.577333333,0.158,0,0,0,0,0.101,0.535333333,0.572333333,0.151666667,0,0
SX,y5,0,0,0.081,0.551,0.635666667,0.224,0,0,0,0,0.098666667,0.579,0.693666667,0.308666667,0.000666667,0,0,0,0.121333333,0.544,0.607666667,0.275,0.005,0,0,0.000333333,0.155666667,0.56,0.605333333,0.287666667,0.010666667,0,0,0.003333333,0.165,0.523666667,0.557666667,0.277333333,0.017333333,0,0,0.005666667,0.159333333,0.488,0.514666667,0.262333333,0.022333333,0,0,0.003,0.133,0.428,0.464333333,0.237333333,0.02,0,0,0.000333333,0.139666667,0.483333333,0.524666667,0.266333333,0.016666667,0,0,0,0.127666667,0.460666667,0.481,0.211666667,0.004666667,0,0,0,0.153666667,0.530333333,0.531666667,0.184666667,0,0,0,0,0.138,0.528,0.516,0.136666667,0,0,0,0,0.106333333,0.547666667,0.578,0.152333333,0,0
SX,y6,0,0,0.076,0.528,0.613666667,0.218333333,0,0,0,0,0.1,0.59,0.693,0.297333333,0.000666667,0,0,0,0.136333333,0.595333333,0.679333333,0.319333333,0.005666667,0,0,0,0.158333333,0.57,0.631333333,0.305333333,0.011333333,0,0,0.003333333,0.173333333,0.546333333,0.584,0.290333333,0.017666667,0,0,0.005333333,0.146,0.450666667,0.485666667,0.251666667,0.021333333,0,0,0.003,0.129666667,0.425333333,0.482333333,0.257666667,0.022,0,0,0.000333333,0.126333333,0.449666667,0.493333333,0.247666667,0.014666667,0,0,0,0.144,0.508333333,0.531333333,0.243333333,0.005333333,0,0,0,0.123333333,0.441333333,0.443,0.153,0,0,0,0,0.132333333,0.505666667,0.505333333,0.133666667,0,0,0,0,0.101333333,0.519,0.542333333,0.142,0,0
SX,y7,0,0,0.075666667,0.524,0.608,0.216666667,0,0,0,0,0.094,0.554333333,0.656666667,0.284333333,0.000666667,0,0,0,0.144333333,0.627333333,0.708333333,0.332,0.006,0,0,0,0.151666667,0.536333333,0.584333333,0.274333333,0.01,0,0,0.003666667,0.174666667,0.557333333,0.610333333,0.304333333,0.019,0,0,0.006,0.163,0.497333333,0.519333333,0.264333333,0.022,0,0,0.003333333,0.142666667,0.467666667,0.507,0.265333333,0.022666667,0,0,0.000333333,0.134333333,0.463,0.505333333,0.250333333,0.015333333,0,0,0,0.118333333,0.431333333,0.445,0.196333333,0.004333333,0,0,0,0.124666667,0.443,0.450666667,0.159666667,0,0,0,0,0.138333333,0.547333333,0.548333333,0.148,0,0,0,0,0.094666667,0.503666667,0.533,0.139333333,0,0
SX,y8,0,0,0.076666667,0.532333333,0.620666667,0.219,0,0,0,0,0.093,0.542,0.632333333,0.267666667,0.000666667,0,0,0,0.130333333,0.568666667,0.659666667,0.315333333,0.005666667,0,0,0,0.14,0.513333333,0.573,0.281333333,0.010333333,0,0,0.003333333,0.153,0.487666667,0.500333333,0.241,0.015,0,0,0.005,0.138666667,0.432333333,0.471,0.236,0.019333333,0,0,0.003333333,0.145333333,0.471333333,0.499,0.263,0.022666667,0,0,0.000666667,0.146,0.489333333,0.518,0.260666667,0.015333333,0,0,0,0.130666667,0.465,0.48,0.210666667,0.004333333,0,0,0,0.161666667,0.552666667,0.555,0.198666667,0,0,0,0,0.146333333,0.569333333,0.57,0.155666667,0,0,0,0,0.096333333,0.505,0.534666667,0.137666667,0,0
SX,y9,0,0,0.082,0.562,0.651666667,0.228,0,0,0,0,0.085333333,0.525666667,0.633333333,0.273,0.000666667,0,0,0,0.118666667,0.531,0.589333333,0.273,0.005,0,0,0.000333333,0.138333333,0.496333333,0.531,0.248333333,0.009666667,0,0,0.003,0.153,0.486333333,0.506,0.252,0.015666667,0,0,0.006,0.161333333,0.490666667,0.515333333,0.262666667,0.022,0,0,0.003,0.128666667,0.427,0.465666667,0.245,0.021,0,0,0.000333333,0.117333333,0.415,0.472333333,0.249,0.015333333,0,0,0,0.123666667,0.451,0.468,0.207666667,0.004333333,0,0,0,0.139333333,0.482,0.496333333,0.181666667,0,0,0,0,0.129333333,0.503666667,0.503,0.133333333,0,0,0,0,0.106,0.554666667,0.589333333,0.155,0,0
SX,y10,0,0,0.077333333,0.530333333,0.615,0.216666667,0,0,0,0,0.098666667,0.571333333,0.677333333,0.297333333,0.000666667,0,0,0,0.128333333,0.566333333,0.649666667,0.301666667,0.005,0,0,0.000333333,0.164333333,0.574333333,0.626333333,0.297,0.010666667,0,0,0.003,0.158666667,0.509666667,0.546666667,0.267,0.016666667,0,0,0.006,0.16,0.478,0.508333333,0.265333333,0.022,0,0,0.003333333,0.138,0.443333333,0.475333333,0.244,0.021,0,0,0.000333333,0.1,0.361666667,0.406666667,0.212,0.013,0,0,0,0.147666667,0.526666667,0.546333333,0.246666667,0.005333333,0,0,0,0.162333333,0.552,0.557333333,0.202,0,0,0,0,0.140666667,0.541333333,0.536666667,0.143666667,0,0,0,0,0.096333333,0.494333333,0.520333333,0.136,0,0
SX,y11,0,0,0.080333333,0.551666667,0.643,0.226,0,0,0,0,0.095666667,0.552333333,0.647666667,0.277,0.000666667,0,0,0,0.135666667,0.599333333,0.691333333,0.333666667,0.006,0,0,0.000333333,0.170666667,0.595333333,0.648666667,0.309333333,0.011666667,0,0,0.003333333,0.163333333,0.519,0.563,0.281333333,0.017,0,0,0.006,0.166666667,0.499666667,0.537,0.287333333,0.025,0,0,0.003,0.137333333,0.451333333,0.497,0.270333333,0.023333333,0,0,0.000333333,0.132666667,0.462333333,0.498666667,0.246333333,0.014333333,0,0,0,0.132,0.477,0.498666667,0.221,0.005,0,0,0,0.141,0.489333333,0.490666667,0.172666667,0,0,0,0,0.145,0.563333333,0.568333333,0.156,0,0,0,0,0.106666667,0.552,0.584333333,0.155333333,0,0
SX,y12,0,0,0.071666667,0.498333333,0.567,0.190666667,0,0,0,0,0.094,0.551,0.659666667,0.296333333,0.000666667,0,0,0,0.141,0.607666667,0.701,0.338666667,0.006,0,0,0.000333333,0.167,0.583,0.641666667,0.31,0.011666667,0,0,0.003333333,0.155,0.489666667,0.522,0.262666667,0.016666667,0,0,0.006,0.162666667,0.499333333,0.531666667,0.275,0.022666667,0,0,0.003,0.128,0.439666667,0.504333333,0.267333333,0.022666667,0,0,0.000333333,0.122,0.426333333,0.465,0.233333333,0.014333333,0,0,0,0.135666667,0.490666667,0.515333333,0.228666667,0.004666667,0,0,0,0.150333333,0.528666667,0.54,0.192333333,0,0,0,0,0.141666667,0.539333333,0.531666667,0.144333333,0,0,0,0,0.099666667,0.516333333,0.548333333,0.145,0,0
SX,y13,0,0,0.08,0.552,0.642333333,0.227666667,0,0,0,0,0.093333333,0.545333333,0.641666667,0.278333333,0.000666667,0,0,0,0.127333333,0.553,0.623,0.291,0.005,0,0,0.000333333,0.164,0.577,0.621333333,0.298666667,0.011,0,0,0.003666667,0.175666667,0.546666667,0.592,0.294,0.018,0,0,0.005333333,0.152,0.463666667,0.488666667,0.247333333,0.020333333,0,0,0.003333333,0.140333333,0.458,0.497,0.255,0.021666667,0,0,0.000333333,0.135,0.472333333,0.526,0.267333333,0.017,0,0,0,0.142,0.502666667,0.526,0.239666667,0.005,0,0,0,0.119666667,0.433,0.438,0.154,0,0,0,0,0.144333333,0.558,0.561,0.154333333,0,0,0,0,0.101666667,0.524333333,0.553333333,0.143,0,0
SX,y14,0,0,0.072333333,0.502333333,0.583666667,0.200666667,0,0,0,0,0.104,0.601666667,0.711,0.313333333,0.000666667,0,0,0,0.131333333,0.58,0.663,0.314666667,0.005333333,0,0,0,0.146,0.525666667,0.568666667,0.264666667,0.01,0,0,0.003666667,0.175,0.544333333,0.583666667,0.293333333,0.018,0,0,0.005666667,0.155,0.478,0.507333333,0.257333333,0.021666667,0,0,0.003333333,0.149,0.483,0.524666667,0.281333333,0.024333333,0,0,0.000333333,0.134333333,0.475,0.516666667,0.259666667,0.015333333,0,0,0,0.134333333,0.477333333,0.497333333,0.215666667,0.005,0,0,0,0.157,0.541,0.544,0.191666667,0,0,0,0,0.144,0.551333333,0.548,0.15,0,0,0,0,0.105333333,0.546666667,0.589,0.156333333,0,0
SX,y15,0,0,0.083333333,0.561,0.650666667,0.235666667,0,0,0,0,0.089,0.514666667,0.596666667,0.255333333,0.000666667,0,0,0,0.133666667,0.584,0.661333333,0.308,0.005666667,0,0,0.000333333,0.160666667,0.566666667,0.618,0.297666667,0.011,0,0,0.003333333,0.159,0.503333333,0.532333333,0.260666667,0.016666667,0,0,0.006333333,0.173333333,0.524,0.573333333,0.302333333,0.025333333,0,0,0.003,0.142333333,0.457,0.497333333,0.265333333,0.023,0,0,0.000333333,0.124,0.438666667,0.481,0.243666667,0.014666667,0,0,0,0.126,0.465666667,0.508,0.228333333,0.004333333,0,0,0,0.155333333,0.545333333,0.559666667,0.202666667,0,0,0,0,0.139666667,0.545666667,0.544666667,0.146,0,0,0,0,0.101333333,0.521666667,0.550333333,0.147666667,0,0
SX,y16,0,0,0.080333333,0.547666667,0.639,0.225333333,0,0,0,0,0.090666667,0.535666667,0.639,0.271666667,0.000666667,0,0,0,0.127,0.553333333,0.625666667,0.295666667,0.005333333,0,0,0.000333333,0.155333333,0.552333333,0.601666667,0.294666667,0.011,0,0,0.003333333,0.162333333,0.502,0.532333333,0.263,0.016,0,0,0.006333333,0.172,0.515666667,0.544,0.281666667,0.023666667,0,0,0.003,0.136333333,0.451333333,0.500666667,0.267333333,0.022666667,0,0,0.000333333,0.122333333,0.428333333,0.469333333,0.241,0.014333333,0,0,0,0.119,0.441333333,0.462666667,0.212,0.004333333,0,0,0,0.151666667,0.53,0.536,0.187666667,0,0,0,0,0.151,0.578333333,0.58,0.156333333,0,0,0,0,0.107666667,0.553,0.585,0.154,0,0
SX,y17,0,0,0.082666667,0.560666667,0.654666667,0.232,0,0,0,0,0.090333333,0.536,0.638666667,0.271333333,0.000666667,0,0,0,0.147,0.637333333,0.720666667,0.342333333,0.006,0,0,0.000333333,0.167,0.593,0.648666667,0.307,0.011333333,0,0,0.003333333,0.164,0.515333333,0.546,0.276666667,0.017333333,0,0,0.006,0.163333333,0.502333333,0.536666667,0.274333333,0.023,0,0,0.003,0.144666667,0.465,0.494666667,0.251666667,0.022,0,0,0.000333333,0.129333333,0.454333333,0.492666667,0.242333333,0.014,0,0,0,0.131666667,0.472333333,0.485333333,0.214666667,0.004333333,0,0,0,0.142333333,0.504333333,0.51,0.182333333,0,0,0,0,0.105333333,0.426666667,0.429,0.115333333,0,0,0,0,0.099,0.520666667,0.548666667,0.143,0,0
SX,y18,0,0,0.078333333,0.542333333,0.634333333,0.223,0,0,0,0,0.098666667,0.581333333,0.685333333,0.297,0.000666667,0,0,0,0.124666667,0.552666667,0.622666667,0.295333333,0.005333333,0,0,0.000333333,0.163,0.576,0.627333333,0.302,0.011,0,0,0.003333333,0.166,0.528666667,0.571666667,0.284666667,0.017333333,0,0,0.005666667,0.159333333,0.490666667,0.529,0.274,0.022333333,0,0,0.003,0.129333333,0.425333333,0.471333333,0.25,0.021333333,0,0,0.000333333,0.121,0.427666667,0.481,0.252333333,0.015333333,0,0,0,0.133666667,0.477666667,0.496666667,0.224333333,0.005,0,0,0,0.162333333,0.557666667,0.567666667,0.203333333,0,0,0,0,0.140333333,0.541666667,0.552333333,0.154333333,0,0,0,0,0.100333333,0.52,0.552,0.142333333,0,0
SX,y19,0,0,0.084333333,0.568333333,0.651666667,0.228666667,0,0,0,0,0.092666667,0.539666667,0.649333333,0.287333333,0.000666667,0,0,0,0.136333333,0.595,0.690666667,0.327,0.005666667,0,0,0.000333333,0.162,0.568,0.633,0.311666667,0.011666667,0,0,0.003333333,0.157333333,0.501333333,0.541,0.273333333,0.016666667,0,0,0.005,0.143,0.454333333,0.495333333,0.255333333,0.021,0,0,0.002666667,0.114333333,0.381666667,0.432,0.232333333,0.02,0,0,0.000333333,0.133666667,0.473,0.516,0.258,0.015,0,0,0,0.137333333,0.499333333,0.519666667,0.229666667,0.004666667,0,0,0,0.160666667,0.562333333,0.583333333,0.211666667,0,0,0,0,0.133,0.535,0.549333333,0.148,0,0,0,0,0.107333333,0.553,0.584,0.156,0,0
SX,y20,0,0,0.081666667,0.552,0.641333333,0.229,0,0,0,0,0.089333333,0.529,0.604666667,0.253333333,0.000666667,0,0,0,0.133333333,0.585,0.667666667,0.316333333,0.005333333,0,0,0.000333333,0.141333333,0.505,0.543333333,0.259666667,0.01,0,0,0.003666667,0.172666667,0.548,0.589,0.294333333,0.018666667,0,0,0.005666667,0.15,0.456333333,0.485,0.261,0.022,0,0,0.003,0.142333333,0.457333333,0.495,0.259666667,0.021666667,0,0,0.000333333,0.135666667,0.466,0.511333333,0.260333333,0.015333333,0,0,0,0.113333333,0.425333333,0.447333333,0.2,0.004333333,0,0,0,0.144666667,0.515,0.529,0.192,0,0,0,0,0.124,0.495333333,0.496333333,0.133666667,0,0,0,0,0.102333333,0.533666667,0.567333333,0.149333333,0,0
SX,y21,0,0,0.076,0.519,0.604666667,0.212,0,0,0,0,0.093666667,0.550333333,0.655333333,0.292,0.000666667,0,0,0,0.132,0.586666667,0.67,0.314333333,0.005333333,0,0,0.000333333,0.154666667,0.550333333,0.599333333,0.284,0.010666667,0,0,0.003333333,0.164333333,0.520333333,0.56,0.282333333,0.017,0,0,0.005333333,0.147,0.449333333,0.479333333,0.245333333,0.021,0,0,0.003333333,0.149333333,0.486,0.526333333,0.274666667,0.023666667,0,0,0.000333333,0.147333333,0.499666667,0.535333333,0.270666667,0.016333333,0,0,0,0.131666667,0.472,0.482333333,0.212,0.004333333,0,0,0,0.139333333,0.485666667,0.501,0.178333333,0,0,0,0,0.104666667,0.421333333,0.42,0.111,0,0,0,0,0.103,0.532333333,0.558666667,0.144666667,0,0
SX,y22,0,0,0.081,0.556,0.643333333,0.224333333,0,0,0,0,0.101666667,0.583333333,0.678666667,0.292666667,0.000666667,0,0,0,0.126666667,0.562666667,0.655666667,0.314,0.005333333,0,0,0.000333333,0.155333333,0.556,0.603666667,0.280666667,0.010333333,0,0,0.003333333,0.155333333,0.501,0.544,0.272666667,0.017,0,0,0.005666667,0.159666667,0.490333333,0.512666667,0.26,0.021666667,0,0,0.002666667,0.121,0.408,0.454666667,0.239666667,0.02,0,0,0.000333333,0.112,0.407,0.455,0.235,0.014333333,0,0,0,0.145,0.515333333,0.532333333,0.238666667,0.005333333,0,0,0,0.128,0.452,0.458333333,0.164333333,0,0,0,0,0.133,0.519,0.517333333,0.138333333,0,0,0,0,0.095666667,0.493333333,0.522666667,0.138666667,0,0
SX,y23,0,0,0.077333333,0.531666667,0.627333333,0.224333333,0,0,0,0,0.096333333,0.556,0.660666667,0.291333333,0.000666667,0,0,0,0.129666667,0.572,0.633,0.289666667,0.005,0,0,0.000333333,0.145666667,0.515333333,0.578333333,0.283333333,0.011,0,0,0.003666667,0.170333333,0.534333333,0.568,0.282,0.017666667,0,0,0.005666667,0.156666667,0.485666667,0.518666667,0.274,0.022666667,0,0,0.003,0.127666667,0.417666667,0.469333333,0.241,0.020333333,0,0,0.000333333,0.129333333,0.453333333,0.489333333,0.24,0.014,0,0,0,0.139333333,0.508,0.550666667,0.245,0.004666667,0,0,0,0.12,0.431,0.431666667,0.152,0,0,0,0,0.144666667,0.558,0.563333333,0.155666667,0,0,0,0,0.104,0.539333333,0.571333333,0.151,0,0
SX,y24,0,0,0.074333333,0.508333333,0.593333333,0.209666667,0,0,0,0,0.101,0.585666667,0.693,0.304333333,0.000666667,0,0,0,0.127333333,0.564,0.637,0.296,0.005333333,0,0,0,0.148666667,0.524666667,0.586666667,0.286333333,0.010666667,0,0,0.003,0.152,0.487,0.524666667,0.265,0.016666667,0,0,0.005666667,0.157333333,0.490666667,0.521,0.264666667,0.022333333,0,0,0.002666667,0.114,0.394333333,0.448666667,0.233666667,0.019666667,0,0,0.000333333,0.124,0.444,0.489666667,0.245,0.014666667,0,0,0,0.121333333,0.43,0.443,0.201333333,0.004333333,0,0,0,0.163,0.57,0.587,0.213333333,0,0,0,0,0.137,0.528666667,0.523333333,0.140333333,0,0,0,0,0.101666667,0.526333333,0.555,0.145333333,0,0
SX,y25,0,0,0.078,0.533333333,0.615666667,0.216666667,0,0,0,0,0.089,0.531333333,0.636666667,0.283333333,0.000666667,0,0,0,0.137666667,0.599333333,0.685333333,0.323666667,0.005666667,0,0,0.000333333,0.143,0.517,0.568,0.27,0.01,0,0,0.003333333,0.172666667,0.544666667,0.589,0.298333333,0.018,0,0,0.005666667,0.158666667,0.493333333,0.515,0.255333333,0.020666667,0,0,0.003333333,0.140666667,0.463,0.491333333,0.260666667,0.022,0,0,0.000333333,0.129666667,0.448666667,0.493,0.252333333,0.015,0,0,0,0.142666667,0.497333333,0.521,0.236,0.005,0,0,0,0.136333333,0.486666667,0.492,0.174333333,0,0,0,0,0.136,0.526,0.512666667,0.137,0,0,0,0,0.099,0.510333333,0.539666667,0.141666667,0,0
SX,y26,0,0,0.071333333,0.494,0.562666667,0.196666667,0,0,0,0,0.093333333,0.544333333,0.642,0.285,0.000666667,0,0,0,0.133333333,0.582,0.658,0.313,0.005333333,0,0,0.000333333,0.167666667,0.586,0.633666667,0.303333333,0.011333333,0,0,0.003333333,0.170333333,0.537333333,0.576,0.286,0.017333333,0,0,0.005666667,0.149,0.458,0.491333333,0.255333333,0.022,0,0,0.002666667,0.127,0.427,0.464,0.248666667,0.020666667,0,0,0.000333333,0.115666667,0.420666667,0.460666667,0.228,0.013333333,0,0,0,0.146666667,0.529333333,0.553666667,0.251333333,0.005333333,0,0,0,0.150666667,0.529333333,0.542333333,0.191333333,0,0,0,0,0.128666667,0.499,0.500666667,0.135333333,0,0,0,0,0.102333333,0.538333333,0.571333333,0.148333333,0,0
TJ,y1,0,0,0.107666667,0.563,0.599,0.162333333,0,0,0,0,0.133666667,0.591333333,0.646333333,0.231333333,0,0,0,0,0.164,0.591,0.636,0.258,0.001,0,0,0.001666667,0.191666667,0.593666667,0.603,0.256,0.004333333,0,0,0.008333333,0.183,0.511333333,0.531,0.235333333,0.008666667,0,0,0.009666667,0.167333333,0.453666667,0.468,0.217,0.012,0,0,0.006666667,0.147666667,0.418,0.434,0.209666667,0.011666667,0,0,0.002333333,0.135,0.420333333,0.439,0.205333333,0.006666667,0,0,0,0.147333333,0.44,0.433666667,0.160333333,0.001,0,0,0,0.173333333,0.52,0.498,0.144666667,0,0,0,0,0.193333333,0.578,0.528666667,0.108333333,0,0,0,0,0.127,0.543,0.529,0.101666667,0,0
TJ,y2,0,0,0.108,0.56,0.584333333,0.16,0,0,0,0,0.142,0.622333333,0.680666667,0.243,0,0,0,0,0.168666667,0.602,0.632333333,0.244666667,0.000666667,0,0,0.001333333,0.193666667,0.570666667,0.574666667,0.244666667,0.004,0,0,0.008666667,0.201666667,0.560333333,0.566,0.253666667,0.009333333,0,0,0.009333333,0.162666667,0.444333333,0.464,0.215,0.011666667,0,0,0.006666667,0.149,0.414666667,0.454,0.217,0.012,0,0,0.001333333,0.096,0.307666667,0.356333333,0.172666667,0.005666667,0,0,0.000333333,0.156666667,0.471333333,0.486,0.193,0.001333333,0,0,0,0.164,0.489,0.465,0.131666667,0,0,0,0,0.173,0.532666667,0.485666667,0.099,0,0,0,0,0.125,0.533,0.515,0.099666667,0,0
TJ,y3,0,0,0.114,0.593333333,0.633666667,0.179,0,0,0,0,0.133,0.580333333,0.628333333,0.226,0,0,0,0,0.165333333,0.592333333,0.626666667,0.252666667,0.001,0,0,0.001666667,0.192,0.572666667,0.599,0.254,0.004,0,0,0.008,0.179333333,0.505,0.523666667,0.245,0.008666667,0,0,0.011,0.195333333,0.527,0.534666667,0.251666667,0.013666667,0,0,0.007666667,0.166333333,0.456666667,0.494666667,0.243333333,0.013333333,0,0,0.002666667,0.161333333,0.472,0.492,0.225,0.007,0,0,0.000333333,0.171,0.508333333,0.497333333,0.194333333,0.001333333,0,0,0,0.206666667,0.589333333,0.565,0.167666667,0,0,0,0,0.157,0.503333333,0.455333333,0.091666667,0,0,0,0,0.117,0.498,0.476,0.092,0,0
TJ,y4,0,0,0.098333333,0.519333333,0.561333333,0.154666667,0,0,0,0,0.119666667,0.531666667,0.577666667,0.202666667,0,0,0,0,0.158,0.569333333,0.593,0.234333333,0.000666667,0,0,0.001333333,0.165666667,0.502,0.513666667,0.214333333,0.003333333,0,0,0.008,0.179,0.507333333,0.493333333,0.214666667,0.008333333,0,0,0.01,0.177333333,0.49,0.492,0.23,0.012333333,0,0,0.005333333,0.122666667,0.375,0.401666667,0.201,0.011333333,0,0,0.002333333,0.149666667,0.438333333,0.471333333,0.219,0.006666667,0,0,0.000333333,0.169,0.495,0.495333333,0.196666667,0.001,0,0,0,0.178333333,0.513,0.474333333,0.135,0,0,0,0,0.175333333,0.533333333,0.477666667,0.095666667,0,0,0,0,0.118666667,0.513333333,0.508666667,0.099,0,0
TJ,y5,0,0,0.106666667,0.549,0.584666667,0.164666667,0,0,0,0,0.129666667,0.58,0.643,0.235,0,0,0,0,0.146333333,0.533666667,0.559,0.216666667,0.000666667,0,0,0.001333333,0.166,0.519666667,0.549333333,0.231333333,0.004,0,0,0.008333333,0.184333333,0.518666667,0.528666667,0.234333333,0.008333333,0,0,0.009666667,0.172,0.495666667,0.508666667,0.243666667,0.013,0,0,0.006666667,0.152333333,0.451,0.475333333,0.218666667,0.012,0,0,0.002666667,0.151,0.448666667,0.465,0.213666667,0.006666667,0,0,0.000333333,0.163,0.483666667,0.470333333,0.179666667,0.001333333,0,0,0,0.189666667,0.546666667,0.513,0.146666667,0,0,0,0,0.17,0.516333333,0.489333333,0.102333333,0,0,0,0,0.128,0.544333333,0.509,0.098666667,0,0
TJ,y6,0,0,0.096333333,0.515333333,0.541333333,0.150333333,0,0,0,0,0.134333333,0.591333333,0.641,0.229333333,0,0,0,0,0.172333333,0.612333333,0.643,0.258333333,0.001,0,0,0.001333333,0.191333333,0.56,0.567333333,0.249333333,0.004,0,0,0.008,0.188333333,0.526666667,0.524666667,0.234666667,0.008666667,0,0,0.010666667,0.184333333,0.497333333,0.496666667,0.231333333,0.013333333,0,0,0.006666667,0.157666667,0.434666667,0.454333333,0.233,0.013333333,0,0,0.002333333,0.134,0.421333333,0.458333333,0.207666667,0.006666667,0,0,0.000333333,0.183333333,0.535,0.521,0.201,0.001333333,0,0,0,0.159333333,0.451,0.421333333,0.115666667,0,0,0,0,0.167666667,0.513333333,0.462333333,0.091333333,0,0,0,0,0.116333333,0.497666667,0.481666667,0.089666667,0,0
TJ,y7,0,0,0.090333333,0.486,0.515333333,0.141,0,0,0,0,0.121333333,0.532666667,0.577666667,0.209,0,0,0,0,0.178666667,0.628666667,0.666,0.268,0.001,0,0,0.001333333,0.171333333,0.546,0.587,0.245666667,0.004,0,0,0.009333333,0.205,0.548,0.536,0.245,0.009333333,0,0,0.009333333,0.163333333,0.442333333,0.470666667,0.226333333,0.011333333,0,0,0.006666667,0.148333333,0.422666667,0.442333333,0.225333333,0.012666667,0,0,0.002666667,0.156666667,0.485666667,0.508333333,0.226333333,0.007333333,0,0,0.000333333,0.167,0.514333333,0.535,0.205,0.001333333,0,0,0,0.167,0.487666667,0.447333333,0.125333333,0,0,0,0,0.170333333,0.522666667,0.476333333,0.097,0,0,0,0,0.116,0.505,0.493333333,0.095666667,0,0
TJ,y8,0,0,0.100666667,0.522666667,0.555333333,0.154333333,0,0,0,0,0.132666667,0.571666667,0.623,0.226666667,0,0,0,0,0.165,0.587333333,0.623666667,0.255333333,0.001,0,0,0.001333333,0.171,0.51,0.556666667,0.243333333,0.003666667,0,0,0.008333333,0.179333333,0.495666667,0.509,0.227,0.008333333,0,0,0.008666667,0.156666667,0.416333333,0.431,0.198666667,0.011,0,0,0.006666667,0.150333333,0.433333333,0.453,0.222333333,0.013333333,0,0,0.002666667,0.162,0.484,0.485333333,0.222333333,0.007333333,0,0,0.000333333,0.166,0.495,0.500333333,0.193,0.001,0,0,0,0.189666667,0.556333333,0.534666667,0.151,0,0,0,0,0.178333333,0.544666667,0.51,0.104666667,0,0,0,0,0.108666667,0.466666667,0.455333333,0.088,0,0
TJ,y9,0,0,0.101666667,0.545,0.583333333,0.157,0,0,0,0,0.119,0.528666667,0.57,0.205666667,0,0,0,0,0.147333333,0.537333333,0.566666667,0.220333333,0.000666667,0,0,0.001333333,0.16,0.519333333,0.531666667,0.227,0.003666667,0,0,0.008,0.181333333,0.510333333,0.516,0.23,0.008,0,0,0.010666667,0.187333333,0.502333333,0.518,0.232333333,0.012666667,0,0,0.006666667,0.148,0.402333333,0.425666667,0.208666667,0.011666667,0,0,0.002333333,0.142333333,0.412,0.425666667,0.196,0.007,0,0,0.000333333,0.156,0.475,0.475,0.178666667,0.001333333,0,0,0,0.18,0.518,0.483333333,0.134333333,0,0,0,0,0.157,0.487666667,0.458,0.09,0,0,0,0,0.118333333,0.516,0.495333333,0.098,0,0
TJ,y10,0,0,0.105,0.546,0.585666667,0.162,0,0,0,0,0.131666667,0.574,0.621,0.223,0,0,0,0,0.165666667,0.589666667,0.625,0.255333333,0.000666667,0,0,0.001333333,0.193,0.566666667,0.588333333,0.250333333,0.003666667,0,0,0.007666667,0.187,0.517333333,0.518666667,0.226333333,0.008333333,0,0,0.008666667,0.158666667,0.452,0.471666667,0.222,0.012,0,0,0.006333333,0.144666667,0.419333333,0.447333333,0.220666667,0.011666667,0,0,0.002333333,0.130666667,0.408,0.443666667,0.200666667,0.007,0,0,0.000333333,0.175,0.521333333,0.522666667,0.207333333,0.001333333,0,0,0,0.194333333,0.562,0.542,0.156666667,0,0,0,0,0.173333333,0.521333333,0.483666667,0.100333333,0,0,0,0,0.111666667,0.478,0.465,0.089666667,0,0
TJ,y11,0,0,0.106333333,0.548333333,0.586666667,0.164666667,0,0,0,0,0.127666667,0.559333333,0.599666667,0.214,0,0,0,0,0.184666667,0.639333333,0.669333333,0.274,0.001,0,0,0.001666667,0.192,0.566333333,0.610333333,0.263666667,0.004333333,0,0,0.008666667,0.191666667,0.511333333,0.504666667,0.229,0.008666667,0,0,0.010333333,0.180333333,0.493666667,0.513,0.245,0.012666667,0,0,0.006666667,0.149333333,0.44,0.476333333,0.232666667,0.013,0,0,0.002333333,0.134,0.406333333,0.445333333,0.213,0.006666667,0,0,0.000333333,0.182,0.539666667,0.531666667,0.208333333,0.001333333,0,0,0,0.179333333,0.526666667,0.498666667,0.139666667,0,0,0,0,0.181,0.552333333,0.511,0.105333333,0,0,0,0,0.122666667,0.536,0.524,0.102333333,0,0
TJ,y12,0,0,0.094,0.495,0.529666667,0.141333333,0,0,0,0,0.124666667,0.553666667,0.598333333,0.213666667,0,0,0,0,0.175666667,0.617666667,0.655666667,0.272333333,0.001,0,0,0.001666667,0.190333333,0.575333333,0.589333333,0.257,0.004,0,0,0.007666667,0.177666667,0.497,0.497333333,0.228333333,0.008333333,0,0,0.009666667,0.173,0.477,0.491666667,0.234333333,0.012666667,0,0,0.006333333,0.14,0.421666667,0.452333333,0.219333333,0.012,0,0,0.002,0.138333333,0.42,0.449666667,0.207666667,0.006,0,0,0.000333333,0.157333333,0.502333333,0.516,0.211666667,0.001333333,0,0,0,0.186,0.534333333,0.497333333,0.144,0,0,0,0,0.169,0.521666667,0.480666667,0.100666667,0,0,0,0,0.124,0.522,0.492666667,0.093333333,0,0
TJ,y13,0,0,0.107333333,0.553666667,0.579333333,0.157333333,0,0,0,0,0.127,0.555666667,0.598666667,0.207,0,0,0,0,0.159666667,0.563,0.590333333,0.233333333,0.000666667,0,0,0.001666667,0.197,0.583666667,0.592333333,0.257666667,0.004,0,0,0.008666667,0.197,0.552333333,0.562333333,0.250666667,0.009333333,0,0,0.009666667,0.17,0.466,0.461333333,0.216666667,0.012333333,0,0,0.006666667,0.151666667,0.440333333,0.474,0.229666667,0.013333333,0,0,0.002333333,0.15,0.455333333,0.472666667,0.22,0.007333333,0,0,0.000333333,0.162666667,0.489333333,0.483666667,0.19,0.001333333,0,0,0,0.159,0.483,0.468,0.13,0,0,0,0,0.173,0.542333333,0.504,0.103666667,0,0,0,0,0.119666667,0.508666667,0.498,0.096666667,0,0
TJ,y14,0,0,0.104666667,0.546333333,0.567666667,0.152333333,0,0,0,0,0.137333333,0.613,0.678,0.246,0,0,0,0,0.170666667,0.601,0.608666667,0.240666667,0.000666667,0,0,0.001333333,0.172333333,0.512666667,0.545666667,0.247666667,0.004,0,0,0.008333333,0.185666667,0.503666667,0.526666667,0.237666667,0.008666667,0,0,0.01,0.174666667,0.473,0.465333333,0.213666667,0.011666667,0,0,0.006666667,0.151,0.417666667,0.442,0.217666667,0.012,0,0,0.002666667,0.142666667,0.424333333,0.452,0.209666667,0.007,0,0,0.000333333,0.170333333,0.516,0.486666667,0.182666667,0.001333333,0,0,0,0.187,0.548,0.518666667,0.153,0,0,0,0,0.179666667,0.546333333,0.497,0.099333333,0,0,0,0,0.125666667,0.530333333,0.514,0.102333333,0,0
TJ,y15,0,0,0.109333333,0.564,0.599666667,0.165,0,0,0,0,0.119666667,0.538666667,0.604666667,0.211333333,0,0,0,0,0.173333333,0.606,0.641,0.261333333,0.001,0,0,0.001333333,0.183666667,0.555333333,0.580333333,0.248,0.004,0,0,0.008333333,0.192333333,0.548,0.526666667,0.229666667,0.008666667,0,0,0.011,0.193666667,0.515,0.521333333,0.245333333,0.013666667,0,0,0.006666667,0.157,0.444666667,0.471,0.22,0.011666667,0,0,0.002333333,0.140666667,0.420333333,0.460333333,0.215333333,0.006666667,0,0,0,0.148,0.456666667,0.475666667,0.191666667,0.001,0,0,0,0.189,0.556666667,0.542,0.155666667,0,0,0,0,0.158666667,0.505333333,0.468333333,0.095333333,0,0,0,0,0.126333333,0.540333333,0.506333333,0.097666667,0,0
TJ,y16,0,0,0.102,0.537333333,0.585666667,0.166,0,0,0,0,0.121666667,0.541666667,0.576,0.205333333,0,0,0,0,0.165333333,0.591,0.609333333,0.238,0.000666667,0,0,0.001666667,0.18,0.556,0.591333333,0.246,0.004,0,0,0.008,0.181333333,0.504666667,0.51,0.235333333,0.008666667,0,0,0.010333333,0.186,0.489333333,0.508333333,0.247333333,0.014,0,0,0.006333333,0.147,0.420333333,0.432,0.208333333,0.011333333,0,0,0.002,0.124333333,0.404333333,0.436666667,0.200333333,0.006333333,0,0,0.000333333,0.154,0.452666667,0.470666667,0.186333333,0.001,0,0,0,0.177,0.508333333,0.480666667,0.143,0,0,0,0,0.19,0.576666667,0.531333333,0.109666667,0,0,0,0,0.126333333,0.548333333,0.541666667,0.104666667,0,0
TJ,y17,0,0,0.111333333,0.581666667,0.616666667,0.171333333,0,0,0,0,0.123666667,0.545,0.603333333,0.22,0,0,0,0,0.184,0.641333333,0.684333333,0.276333333,0.001,0,0,0.001666667,0.191666667,0.578,0.593666667,0.256333333,0.004,0,0,0.009,0.199333333,0.547,0.533333333,0.231,0.008333333,0,0,0.01,0.176666667,0.489,0.498666667,0.234333333,0.013,0,0,0.006666667,0.151,0.441,0.446333333,0.211,0.011333333,0,0,0.002333333,0.135333333,0.438,0.460666667,0.213333333,0.007,0,0,0,0.165666667,0.508666667,0.503,0.194,0.001,0,0,0,0.176333333,0.525666667,0.504666667,0.146333333,0,0,0,0,0.149666667,0.461333333,0.411,0.081666667,0,0,0,0,0.117666667,0.510666667,0.497666667,0.095333333,0,0
TJ,y18,0,0,0.095,0.506,0.539333333,0.147666667,0,0,0,0,0.135,0.599,0.663666667,0.241,0,0,0,0,0.165333333,0.616,0.650666667,0.265666667,0.001,0,0,0.001333333,0.185,0.558333333,0.590333333,0.244666667,0.004,0,0,0.008,0.19,0.536333333,0.529333333,0.235333333,0.008666667,0,0,0.01,0.173,0.474,0.493666667,0.232333333,0.012333333,0,0,0.006,0.137333333,0.403,0.422,0.212666667,0.011666667,0,0,0.002,0.136333333,0.417,0.419666667,0.195333333,0.006333333,0,0,0.000333333,0.166333333,0.501,0.503,0.197,0.001,0,0,0,0.198666667,0.564666667,0.533666667,0.157333333,0,0,0,0,0.172666667,0.522666667,0.473333333,0.096333333,0,0,0,0,0.120333333,0.500666667,0.476333333,0.092,0,0
TJ,y19,0,0,0.101,0.536,0.566666667,0.158333333,0,0,0,0,0.113,0.512333333,0.583666667,0.217,0,0,0,0,0.172,0.595,0.623666667,0.263,0.001,0,0,0.001666667,0.192,0.586333333,0.598,0.25,0.004333333,0,0,0.008666667,0.186666667,0.505666667,0.495,0.227333333,0.009,0,0,0.008333333,0.156333333,0.435,0.440333333,0.197,0.010666667,0,0,0.005666667,0.134666667,0.397,0.424333333,0.198,0.011666667,0,0,0.002333333,0.146333333,0.459666667,0.48,0.221666667,0.007333333,0,0,0.000333333,0.157,0.499333333,0.495666667,0.187666667,0.001333333,0,0,0,0.187333333,0.551666667,0.524333333,0.151666667,0,0,0,0,0.169,0.520333333,0.483333333,0.099333333,0,0,0,0,0.128333333,0.546333333,0.530666667,0.103666667,0,0
TJ,y20,0,0,0.101333333,0.535,0.579666667,0.161666667,0,0,0,0,0.114,0.526333333,0.589666667,0.21,0,0,0,0,0.164333333,0.579666667,0.618,0.259666667,0.001,0,0,0.001333333,0.177666667,0.536,0.565,0.233,0.003666667,0,0,0.008666667,0.192333333,0.533333333,0.546,0.249,0.009333333,0,0,0.01,0.173,0.469333333,0.471333333,0.215333333,0.011666667,0,0,0.006666667,0.154666667,0.438666667,0.456333333,0.216,0.011666667,0,0,0.002666667,0.154333333,0.465666667,0.489,0.224333333,0.007,0,0,0.000333333,0.147666667,0.447666667,0.456333333,0.179,0.001,0,0,0,0.172333333,0.513666667,0.487,0.141333333,0,0,0,0,0.169666667,0.519,0.472666667,0.096333333,0,0,0,0,0.126333333,0.541333333,0.519,0.1,0,0
TJ,y21,0,0,0.102,0.539333333,0.561666667,0.151666667,0,0,0,0,0.132666667,0.578333333,0.614,0.216333333,0,0,0,0,0.174333333,0.608333333,0.646,0.272,0.001,0,0,0.001666667,0.184333333,0.546666667,0.571666667,0.242,0.004,0,0,0.008333333,0.186666667,0.521666667,0.538333333,0.243,0.009,0,0,0.009666667,0.168333333,0.458666667,0.458666667,0.216666667,0.011666667,0,0,0.007,0.153333333,0.436333333,0.477666667,0.227666667,0.011666667,0,0,0.002333333,0.150666667,0.464333333,0.482666667,0.216666667,0.006666667,0,0,0,0.162333333,0.484666667,0.460666667,0.176666667,0.001,0,0,0,0.159666667,0.482,0.458333333,0.134666667,0,0,0,0,0.123,0.389,0.353,0.071,0,0,0,0,0.115666667,0.508666667,0.495333333,0.095333333,0,0
TJ,y22,0,0,0.105,0.564333333,0.605666667,0.168,0,0,0,0,0.133,0.584666667,0.642666667,0.233,0,0,0,0,0.179,0.620666667,0.653666667,0.267,0.001,0,0,0.001333333,0.181666667,0.566,0.601666667,0.259,0.004,0,0,0.008,0.180333333,0.508333333,0.517666667,0.226,0.008333333,0,0,0.01,0.18,0.477,0.476666667,0.225666667,0.012,0,0,0.006333333,0.140666667,0.410333333,0.430666667,0.203,0.011333333,0,0,0.002,0.126,0.392333333,0.421666667,0.198,0.006333333,0,0,0.000333333,0.170333333,0.511666667,0.532,0.203666667,0.001333333,0,0,0,0.170666667,0.486,0.439,0.127,0,0,0,0,0.167666667,0.514333333,0.470666667,0.094333333,0,0,0,0,0.113,0.493666667,0.490333333,0.094666667,0,0
TJ,y23,0,0,0.095333333,0.508,0.557,0.154666667,0,0,0,0,0.133,0.573333333,0.624,0.226,0,0,0,0,0.159,0.576666667,0.619666667,0.254333333,0.001,0,0,0.001666667,0.192333333,0.560333333,0.564,0.235,0.004,0,0,0.009,0.204666667,0.561,0.573666667,0.255666667,0.009,0,0,0.01,0.171666667,0.475333333,0.492666667,0.237,0.012333333,0,0,0.006,0.14,0.399333333,0.418333333,0.197333333,0.011333333,0,0,0.002,0.134333333,0.427333333,0.447333333,0.198666667,0.006,0,0,0.000333333,0.177,0.537666667,0.536,0.207,0.001333333,0,0,0,0.149666667,0.435666667,0.390666667,0.110666667,0,0,0,0,0.188666667,0.573333333,0.519333333,0.103,0,0,0,0,0.125,0.539333333,0.511333333,0.100666667,0,0
TJ,y24,0,0,0.104333333,0.546333333,0.579333333,0.157333333,0,0,0,0,0.133333333,0.596333333,0.658333333,0.235,0,0,0,0,0.155,0.562,0.61,0.249666667,0.001,0,0,0.001666667,0.179333333,0.519666667,0.537666667,0.233333333,0.004,0,0,0.008,0.174666667,0.482666667,0.515,0.222666667,0.008,0,0,0.01,0.172,0.477333333,0.486666667,0.226,0.012666667,0,0,0.005333333,0.127333333,0.390333333,0.417666667,0.205666667,0.011333333,0,0,0.002333333,0.137,0.417666667,0.447333333,0.206666667,0.006333333,0,0,0.000333333,0.165666667,0.501,0.494333333,0.191,0.001333333,0,0,0,0.197,0.561,0.543,0.162,0,0,0,0,0.168,0.528333333,0.465333333,0.092333333,0,0,0,0,0.121666667,0.528333333,0.513666667,0.099,0,0
TJ,y25,0,0,0.103,0.548,0.586,0.161,0,0,0,0,0.122,0.543,0.591666667,0.214,0,0,0,0,0.176,0.619666667,0.653666667,0.265333333,0.001,0,0,0.001333333,0.173333333,0.537,0.550333333,0.235333333,0.003666667,0,0,0.009,0.202333333,0.556666667,0.566666667,0.251,0.009,0,0,0.01,0.170666667,0.466666667,0.503333333,0.249,0.013666667,0,0,0.006333333,0.149333333,0.440666667,0.472666667,0.224,0.011666667,0,0,0.002333333,0.137666667,0.417333333,0.431666667,0.199666667,0.006333333,0,0,0.000333333,0.176,0.537333333,0.542,0.205333333,0.001333333,0,0,0,0.177666667,0.51,0.468333333,0.133666667,0,0,0,0,0.159333333,0.505666667,0.477666667,0.099,0,0,0,0,0.119,0.511666667,0.497333333,0.094333333,0,0
TJ,y26,0,0,0.097666667,0.514333333,0.541,0.145666667,0,0,0,0,0.116333333,0.509,0.545333333,0.196333333,0,0,0,0,0.167666667,0.599666667,0.639666667,0.255666667,0.001,0,0,0.001666667,0.196666667,0.611333333,0.615666667,0.267333333,0.004333333,0,0,0.008,0.180666667,0.510333333,0.516,0.225,0.008333333,0,0,0.01,0.174333333,0.492333333,0.497333333,0.227333333,0.012333333,0,0,0.006,0.139333333,0.402333333,0.435666667,0.204,0.011666667,0,0,0.002333333,0.129666667,0.396,0.399666667,0.184333333,0.006,0,0,0.000333333,0.164,0.496,0.502333333,0.204666667,0.001333333,0,0,0,0.195333333,0.562333333,0.536,0.156,0,0,0,0,0.166666667,0.508,0.474333333,0.098,0,0,0,0,0.132666667,0.553,0.528,0.102333333,0,0
XJ,y1,0,0,0,0.262,0.672,0.540333333,0.06,0,0,0,0.000666667,0.293,0.700666667,0.589,0.109,0,0,0,0.007,0.354333333,0.734333333,0.624,0.150333333,0,0,0,0.021,0.376333333,0.71,0.596666667,0.164,0,0,0,0.033666667,0.369666667,0.662,0.556333333,0.175333333,0,0,0,0.037333333,0.350666667,0.622666667,0.528666667,0.181666667,0,0,0,0.030333333,0.325,0.592333333,0.507666667,0.176333333,0,0,0,0.023333333,0.333,0.622333333,0.536,0.171,0,0,0,0.014666667,0.327666667,0.621333333,0.502,0.113666667,0,0,0,0.01,0.353,0.644333333,0.484333333,0.066333333,0,0,0,0.002333333,0.378666667,0.677333333,0.471666667,0.037333333,0,0,0,0,0.293,0.638666667,0.451666667,0.031666667,0
XJ,y2,0,0,0,0.259,0.664666667,0.53,0.058333333,0,0,0,0.000666667,0.297666667,0.709,0.600666667,0.112666667,0,0,0,0.006666667,0.328666667,0.690333333,0.583,0.137333333,0,0,0,0.019666667,0.359666667,0.687666667,0.576,0.159666667,0,0,0,0.032666667,0.356666667,0.644,0.537,0.164,0,0,0,0.036666667,0.344666667,0.616333333,0.527666667,0.181333333,0,0,0,0.027666667,0.303,0.564666667,0.484666667,0.168333333,0,0,0,0.022666667,0.325666667,0.614,0.528666667,0.167666667,0,0,0,0.016666667,0.359666667,0.668666667,0.547666667,0.129666667,0,0,0,0.010333333,0.364666667,0.662666667,0.499333333,0.07,0,0,0,0.002,0.351,0.641666667,0.446666667,0.036,0,0,0,0,0.304,0.650333333,0.460333333,0.032333333,0
XJ,y3,0,0,0,0.260666667,0.661,0.530666667,0.059666667,0,0,0,0.000666667,0.309333333,0.726666667,0.618333333,0.119666667,0,0,0,0.007,0.343666667,0.712,0.605666667,0.146666667,0,0,0,0.022333333,0.39,0.723333333,0.61,0.174,0,0,0,0.034,0.365333333,0.654666667,0.548333333,0.173666667,0,0,0,0.036333333,0.344666667,0.614333333,0.518666667,0.176333333,0,0,0,0.03,0.326,0.598666667,0.520666667,0.183333333,0,0,0,0.022,0.32,0.606666667,0.525333333,0.166333333,0,0,0,0.016,0.355666667,0.666,0.548,0.129666667,0,0,0,0.011,0.384,0.688666667,0.515666667,0.071,0,0,0,0.002,0.361666667,0.659666667,0.459333333,0.036,0,0,0,0,0.294333333,0.642666667,0.456,0.031666667,0
XJ,y4,0,0,0,0.255333333,0.656,0.524333333,0.058,0,0,0,0.000666667,0.284333333,0.681666667,0.580333333,0.109,0,0,0,0.006666667,0.338,0.707333333,0.596,0.144,0,0,0,0.021,0.372,0.698333333,0.588666667,0.167333333,0,0,0,0.033333333,0.36,0.647666667,0.545,0.172333333,0,0,0,0.035333333,0.334666667,0.603333333,0.511333333,0.173,0,0,0,0.03,0.322333333,0.592666667,0.510666667,0.177333333,0,0,0,0.021333333,0.313666667,0.593,0.507,0.156666667,0,0,0,0.015333333,0.342333333,0.646666667,0.530666667,0.123333333,0,0,0,0.010333333,0.366666667,0.664666667,0.500333333,0.069333333,0,0,0,0.002,0.371,0.666,0.465,0.037,0,0,0,0,0.276333333,0.607,0.432333333,0.030666667,0
XJ,y5,0,0,0,0.251333333,0.647666667,0.518666667,0.057333333,0,0,0,0.000666667,0.295666667,0.702,0.598333333,0.113,0,0,0,0.006666667,0.337333333,0.709666667,0.603,0.144666667,0,0,0,0.021,0.372666667,0.703333333,0.591333333,0.165666667,0,0,0,0.032666667,0.360333333,0.649,0.546666667,0.172,0,0,0,0.037333333,0.351333333,0.627666667,0.535,0.184666667,0,0,0,0.028333333,0.308,0.572333333,0.493333333,0.169,0,0,0,0.022,0.32,0.606666667,0.522333333,0.163333333,0,0,0,0.015666667,0.348333333,0.653,0.534,0.126333333,0,0,0,0.010666667,0.37,0.666333333,0.498666667,0.068666667,0,0,0,0.002,0.353666667,0.644,0.448333333,0.035666667,0,0,0,0,0.291,0.632333333,0.449666667,0.032,0
XJ,y6,0,0,0,0.256333333,0.655666667,0.524,0.058,0,0,0,0.000666667,0.301,0.717,0.608,0.115333333,0,0,0,0.007,0.364333333,0.748333333,0.639666667,0.156666667,0,0,0,0.021,0.375,0.700333333,0.589666667,0.165333333,0,0,0,0.033333333,0.366,0.656,0.548333333,0.172666667,0,0,0,0.035,0.334,0.602,0.515,0.178666667,0,0,0,0.028,0.294333333,0.549666667,0.482666667,0.165,0,0,0,0.023,0.327,0.616333333,0.531666667,0.167666667,0,0,0,0.016,0.344666667,0.647,0.531666667,0.126,0,0,0,0.010333333,0.360333333,0.658,0.495,0.069666667,0,0,0,0.002,0.356333333,0.651,0.452333333,0.036333333,0,0,0,0,0.282666667,0.614333333,0.435666667,0.030666667,0
XJ,y7,0,0,0,0.256333333,0.656333333,0.529,0.060333333,0,0,0,0.000666667,0.294666667,0.7,0.593666667,0.114,0,0,0,0.007666667,0.372,0.752666667,0.642,0.158333333,0,0,0,0.021333333,0.376333333,0.705666667,0.595,0.168666667,0,0,0,0.035333333,0.373333333,0.665333333,0.556666667,0.175333333,0,0,0,0.036,0.338666667,0.606333333,0.515,0.175666667,0,0,0,0.030333333,0.323,0.590666667,0.512333333,0.178333333,0,0,0,0.021333333,0.311666667,0.594333333,0.509333333,0.159,0,0,0,0.014666667,0.334666667,0.638333333,0.517333333,0.118333333,0,0,0,0.01,0.365,0.661,0.497333333,0.069,0,0,0,0.002,0.358666667,0.648333333,0.447333333,0.034666667,0,0,0,0,0.284333333,0.625666667,0.441666667,0.030666667,0
XJ,y8,0,0,0,0.252,0.643666667,0.514,0.057666667,0,0,0,0.000666667,0.295,0.699,0.594,0.112333333,0,0,0,0.007,0.350666667,0.724,0.622,0.152333333,0,0,0,0.019666667,0.360666667,0.681333333,0.575333333,0.161333333,0,0,0,0.033666667,0.367,0.658,0.55,0.173,0,0,0,0.036,0.341,0.611,0.519333333,0.175666667,0,0,0,0.027666667,0.299333333,0.561,0.484,0.164333333,0,0,0,0.022,0.319333333,0.607666667,0.523666667,0.164,0,0,0,0.015,0.336666667,0.639333333,0.521,0.119,0,0,0,0.010666667,0.372333333,0.673,0.508,0.070666667,0,0,0,0.002,0.362333333,0.652666667,0.454333333,0.036333333,0,0,0,0,0.279666667,0.616666667,0.435333333,0.030333333,0
XJ,y9,0,0,0,0.256666667,0.657,0.528333333,0.058,0,0,0,0.000666667,0.277666667,0.668666667,0.564333333,0.103666667,0,0,0,0.006666667,0.341666667,0.712666667,0.601333333,0.144,0,0,0,0.019666667,0.356,0.680666667,0.572333333,0.158666667,0,0,0,0.033,0.363,0.650666667,0.544,0.171333333,0,0,0,0.035666667,0.340666667,0.611333333,0.520333333,0.178,0,0,0,0.031333333,0.335666667,0.610333333,0.526333333,0.185666667,0,0,0,0.022666667,0.326333333,0.611,0.522333333,0.164,0,0,0,0.015333333,0.337666667,0.636666667,0.517,0.120333333,0,0,0,0.010333333,0.373666667,0.677,0.507333333,0.069666667,0,0,0,0.002,0.351333333,0.638666667,0.444,0.035,0,0,0,0,0.292333333,0.636666667,0.451333333,0.031,0
XJ,y10,0,0,0,0.248666667,0.642,0.512333333,0.055666667,0,0,0,0.000333333,0.287666667,0.689666667,0.585,0.108666667,0,0,0,0.006333333,0.331333333,0.694666667,0.589666667,0.142666667,0,0,0,0.021,0.376666667,0.703666667,0.595333333,0.167333333,0,0,0,0.033333333,0.365,0.657666667,0.552333333,0.175333333,0,0,0,0.037,0.347,0.621666667,0.529666667,0.181333333,0,0,0,0.031,0.33,0.607,0.527666667,0.183333333,0,0,0,0.022666667,0.326,0.615666667,0.525666667,0.165333333,0,0,0,0.016333333,0.352333333,0.657,0.537333333,0.127,0,0,0,0.011,0.373666667,0.676333333,0.508666667,0.071,0,0,0,0.002,0.359333333,0.647,0.449333333,0.036,0,0,0,0,0.280333333,0.61,0.432,0.030333333,0
XJ,y11,0,0,0,0.257333333,0.656333333,0.526,0.058666667,0,0,0,0.000666667,0.291,0.695333333,0.591333333,0.111666667,0,0,0,0.007,0.342333333,0.711333333,0.606333333,0.146,0,0,0,0.022,0.381666667,0.711666667,0.598666667,0.169333333,0,0,0,0.033333333,0.360666667,0.649,0.540666667,0.168666667,0,0,0,0.037,0.347333333,0.622,0.529666667,0.18,0,0,0,0.029,0.316,0.585666667,0.507666667,0.175333333,0,0,0,0.021333333,0.314666667,0.598333333,0.511666667,0.158,0,0,0,0.015333333,0.349666667,0.655333333,0.533666667,0.124,0,0,0,0.010333333,0.369,0.671666667,0.505666667,0.069333333,0,0,0,0.002,0.361,0.653666667,0.452666667,0.036,0,0,0,0,0.294666667,0.642333333,0.457,0.032,0
XJ,y12,0,0,0,0.244,0.634,0.507666667,0.056,0,0,0,0.000666667,0.276333333,0.664333333,0.564666667,0.105666667,0,0,0,0.007333333,0.362333333,0.741666667,0.630666667,0.154333333,0,0,0,0.021666667,0.380333333,0.709,0.593666667,0.167333333,0,0,0,0.034,0.364333333,0.655666667,0.553,0.176666667,0,0,0,0.036333333,0.341666667,0.614333333,0.521666667,0.177666667,0,0,0,0.029333333,0.316,0.587333333,0.511666667,0.177666667,0,0,0,0.023,0.328,0.616666667,0.533666667,0.168,0,0,0,0.015666667,0.348666667,0.657333333,0.538333333,0.125,0,0,0,0.010333333,0.364,0.659333333,0.493666667,0.068333333,0,0,0,0.002,0.35,0.634333333,0.441666667,0.035,0,0,0,0,0.290333333,0.632666667,0.451,0.031666667,0
XJ,y13,0,0,0,0.263666667,0.668666667,0.536333333,0.060333333,0,0,0,0.000666667,0.287,0.683333333,0.581333333,0.109333333,0,0,0,0.006666667,0.349333333,0.725666667,0.617333333,0.149333333,0,0,0,0.021333333,0.38,0.707333333,0.594,0.169,0,0,0,0.033666667,0.368,0.657666667,0.553333333,0.177333333,0,0,0,0.037333333,0.35,0.622,0.528666667,0.18,0,0,0,0.029,0.314666667,0.582666667,0.506,0.176,0,0,0,0.022666667,0.324333333,0.611666667,0.526333333,0.165666667,0,0,0,0.015333333,0.344333333,0.649,0.533666667,0.125666667,0,0,0,0.010333333,0.367,0.669666667,0.503,0.068333333,0,0,0,0.002,0.377,0.673666667,0.470666667,0.037666667,0,0,0,0,0.287666667,0.626,0.445,0.031333333,0
XJ,y14,0,0,0,0.253333333,0.649666667,0.510666667,0.055,0,0,0,0.000666667,0.302,0.719333333,0.609,0.113333333,0,0,0,0.007,0.352,0.723,0.614333333,0.150666667,0,0,0,0.021666667,0.383666667,0.717333333,0.602333333,0.169666667,0,0,0,0.032666667,0.359333333,0.648,0.542333333,0.168666667,0,0,0,0.037666667,0.35,0.621333333,0.525666667,0.179666667,0,0,0,0.029666667,0.317333333,0.585,0.508666667,0.175333333,0,0,0,0.023333333,0.335333333,0.627333333,0.539333333,0.173,0,0,0,0.015666667,0.349666667,0.656666667,0.535666667,0.126333333,0,0,0,0.010666667,0.370333333,0.667,0.503333333,0.071,0,0,0,0.002,0.357333333,0.648,0.449333333,0.035333333,0,0,0,0,0.290666667,0.627,0.445,0.031,0
XJ,y15,0,0,0,0.254666667,0.649333333,0.521,0.058,0,0,0,0.000666667,0.288333333,0.685333333,0.581333333,0.110666667,0,0,0,0.007333333,0.351333333,0.722,0.614,0.149666667,0,0,0,0.021,0.37,0.695,0.586666667,0.164666667,0,0,0,0.035666667,0.378333333,0.674666667,0.567666667,0.181333333,0,0,0,0.037333333,0.351333333,0.629666667,0.538,0.185,0,0,0,0.030333333,0.328,0.602666667,0.521666667,0.181666667,0,0,0,0.023666667,0.340666667,0.636333333,0.546,0.173,0,0,0,0.015,0.340333333,0.641666667,0.522,0.119333333,0,0,0,0.010333333,0.371,0.672333333,0.504333333,0.068,0,0,0,0.002,0.354333333,0.644333333,0.449666667,0.035333333,0,0,0,0,0.288,0.629,0.448666667,0.032,0
XJ,y16,0,0,0,0.251333333,0.640666667,0.512333333,0.057666667,0,0,0,0.000666667,0.282333333,0.681,0.568,0.103333333,0,0,0,0.007,0.341333333,0.709,0.603,0.146,0,0,0,0.021666667,0.380333333,0.712,0.599333333,0.169333333,0,0,0,0.032,0.349,0.634333333,0.533,0.165666667,0,0,0,0.035333333,0.333333333,0.601666667,0.508333333,0.17,0,0,0,0.028666667,0.309,0.577333333,0.501666667,0.170666667,0,0,0,0.022333333,0.315666667,0.598,0.518666667,0.163,0,0,0,0.015,0.333,0.628,0.512333333,0.119333333,0,0,0,0.010333333,0.357666667,0.652666667,0.489333333,0.067333333,0,0,0,0.002,0.370333333,0.665,0.465,0.037,0,0,0,0,0.299,0.642666667,0.455666667,0.032333333,0
XJ,y17,0,0,0,0.273,0.691,0.551333333,0.061333333,0,0,0,0.000666667,0.284666667,0.678,0.575666667,0.108666667,0,0,0,0.007333333,0.357333333,0.737666667,0.628,0.152333333,0,0,0,0.021333333,0.377666667,0.707,0.597,0.168666667,0,0,0,0.033333333,0.364,0.651666667,0.545333333,0.171333333,0,0,0,0.035666667,0.339333333,0.607,0.513666667,0.175,0,0,0,0.03,0.319333333,0.592666667,0.517666667,0.179,0,0,0,0.022666667,0.324333333,0.611666667,0.523333333,0.166,0,0,0,0.015666667,0.343666667,0.645,0.526666667,0.122,0,0,0,0.010666667,0.374666667,0.676666667,0.508666667,0.070666667,0,0,0,0.002,0.342666667,0.626,0.434666667,0.034,0,0,0,0,0.289,0.631333333,0.448666667,0.031333333,0
XJ,y18,0,0,0,0.263666667,0.675333333,0.535666667,0.058333333,0,0,0,0.000666667,0.290666667,0.699,0.587333333,0.108,0,0,0,0.007,0.348,0.724333333,0.615333333,0.147333333,0,0,0,0.021666667,0.385333333,0.716333333,0.6,0.168,0,0,0,0.033333333,0.364666667,0.66,0.553666667,0.172666667,0,0,0,0.035333333,0.334666667,0.603,0.510333333,0.172,0,0,0,0.029666667,0.316666667,0.585333333,0.502,0.171666667,0,0,0,0.022,0.314666667,0.598,0.516666667,0.161,0,0,0,0.016333333,0.349666667,0.655666667,0.538333333,0.127666667,0,0,0,0.011,0.382,0.685333333,0.514666667,0.073,0,0,0,0.002333333,0.370666667,0.668333333,0.467,0.037666667,0,0,0,0,0.287333333,0.621333333,0.438333333,0.030666667,0
XJ,y19,0,0,0,0.261333333,0.664333333,0.535333333,0.060333333,0,0,0,0.000666667,0.297,0.705333333,0.600333333,0.115,0,0,0,0.007333333,0.357,0.727,0.622333333,0.153,0,0,0,0.022,0.384333333,0.713,0.598666667,0.169666667,0,0,0,0.034,0.360333333,0.646,0.540333333,0.169666667,0,0,0,0.036,0.341333333,0.609333333,0.521,0.18,0,0,0,0.03,0.325,0.596,0.513,0.179333333,0,0,0,0.022333333,0.319,0.601333333,0.519333333,0.163666667,0,0,0,0.016,0.356666667,0.665666667,0.542333333,0.126333333,0,0,0,0.010333333,0.377666667,0.677,0.509333333,0.071,0,0,0,0.002,0.364,0.659333333,0.458,0.035666667,0,0,0,0,0.293,0.636333333,0.452333333,0.031666667,0
XJ,y20,0,0,0,0.260666667,0.661333333,0.532333333,0.059666667,0,0,0,0.000666667,0.297666667,0.708333333,0.601,0.114666667,0,0,0,0.007,0.351333333,0.725666667,0.617,0.148666667,0,0,0,0.021333333,0.378333333,0.712,0.601333333,0.17,0,0,0,0.035,0.381333333,0.679666667,0.571,0.182333333,0,0,0,0.035666667,0.338666667,0.607666667,0.515333333,0.175666667,0,0,0,0.030333333,0.325666667,0.598333333,0.517,0.180666667,0,0,0,0.023,0.329,0.614666667,0.527333333,0.165666667,0,0,0,0.015333333,0.345,0.650333333,0.532,0.123333333,0,0,0,0.010333333,0.366333333,0.662666667,0.495333333,0.067666667,0,0,0,0.002,0.354666667,0.644333333,0.449333333,0.035333333,0,0,0,0,0.295333333,0.643333333,0.457666667,0.032,0
XJ,y21,0,0,0,0.25,0.641,0.510333333,0.056,0,0,0,0.000666667,0.288333333,0.688666667,0.581333333,0.107666667,0,0,0,0.007,0.350666667,0.724,0.616,0.150333333,0,0,0,0.021,0.372,0.699333333,0.589333333,0.165333333,0,0,0,0.032333333,0.358333333,0.647333333,0.543333333,0.170666667,0,0,0,0.034333333,0.333333333,0.599,0.507,0.172666667,0,0,0,0.031666667,0.337666667,0.613333333,0.529333333,0.186666667,0,0,0,0.022666667,0.327,0.615,0.529666667,0.165666667,0,0,0,0.014333333,0.332666667,0.635333333,0.517,0.119,0,0,0,0.010666667,0.373333333,0.674333333,0.509666667,0.072,0,0,0,0.002,0.342333333,0.626333333,0.438333333,0.035333333,0,0,0,0,0.289666667,0.627,0.445666667,0.031333333,0
XJ,y22,0,0,0,0.252666667,0.649,0.518666667,0.057,0,0,0,0.000666667,0.301,0.716,0.611666667,0.117333333,0,0,0,0.006666667,0.347333333,0.716333333,0.607,0.146666667,0,0,0,0.020666667,0.367,0.691666667,0.58,0.161,0,0,0,0.033,0.358333333,0.648666667,0.547333333,0.173,0,0,0,0.037,0.347666667,0.619666667,0.525333333,0.18,0,0,0,0.03,0.320333333,0.589666667,0.510333333,0.178666667,0,0,0,0.019,0.28,0.548333333,0.471,0.145,0,0,0,0.014666667,0.332,0.629666667,0.510666667,0.117666667,0,0,0,0.010333333,0.363666667,0.660666667,0.500333333,0.071,0,0,0,0.002,0.361,0.655333333,0.455333333,0.036,0,0,0,0,0.280666667,0.609,0.433333333,0.030666667,0
XJ,y23,0,0,0,0.255333333,0.651333333,0.519,0.057333333,0,0,0,0.000666667,0.288666667,0.683333333,0.577666667,0.109666667,0,0,0,0.007333333,0.345666667,0.717333333,0.608333333,0.145666667,0,0,0,0.02,0.354666667,0.671333333,0.561333333,0.155666667,0,0,0,0.035,0.375666667,0.670333333,0.564333333,0.181666667,0,0,0,0.035,0.331,0.596333333,0.504333333,0.170333333,0,0,0,0.028333333,0.305,0.572333333,0.495333333,0.170666667,0,0,0,0.021,0.309666667,0.593666667,0.506,0.157666667,0,0,0,0.015333333,0.347,0.654333333,0.534,0.123,0,0,0,0.01,0.366333333,0.665,0.499,0.068666667,0,0,0,0.002,0.362333333,0.657333333,0.456666667,0.036,0,0,0,0,0.287,0.624666667,0.442333333,0.031,0
XJ,y24,0,0,0,0.258333333,0.660666667,0.530333333,0.059333333,0,0,0,0.000666667,0.297,0.703666667,0.599,0.115,0,0,0,0.006666667,0.341666667,0.704,0.598666667,0.146,0,0,0,0.021,0.372666667,0.697333333,0.586333333,0.164666667,0,0,0,0.034,0.368,0.662,0.556333333,0.176333333,0,0,0,0.034,0.328,0.592,0.503,0.171,0,0,0,0.029666667,0.318666667,0.583333333,0.505,0.176,0,0,0,0.020333333,0.305333333,0.584,0.500333333,0.157333333,0,0,0,0.015,0.338666667,0.642666667,0.527333333,0.121333333,0,0,0,0.010666667,0.385666667,0.691,0.52,0.072666667,0,0,0,0.002,0.342333333,0.63,0.436666667,0.033666667,0,0,0,0,0.295,0.640333333,0.454333333,0.032,0
XJ,y25,0,0,0,0.246666667,0.636,0.509333333,0.055666667,0,0,0,0.000666667,0.291,0.697,0.591666667,0.111333333,0,0,0,0.007333333,0.358333333,0.735666667,0.629,0.153666667,0,0,0,0.02,0.358666667,0.679666667,0.570666667,0.158333333,0,0,0,0.033333333,0.364333333,0.659,0.554666667,0.176,0,0,0,0.035333333,0.336666667,0.603333333,0.510666667,0.171666667,0,0,0,0.030333333,0.331,0.605,0.521333333,0.182,0,0,0,0.022333333,0.318,0.601,0.516,0.162333333,0,0,0,0.015,0.339333333,0.641333333,0.525333333,0.122666667,0,0,0,0.010333333,0.364333333,0.662,0.497,0.068,0,0,0,0.002,0.354333333,0.644333333,0.447666667,0.034666667,0,0,0,0,0.293333333,0.635333333,0.452666667,0.031666667,0
XJ,y26,0,0,0,0.249333333,0.642,0.512,0.056333333,0,0,0,0.000666667,0.3,0.711666667,0.608666667,0.115666667,0,0,0,0.007,0.352666667,0.730333333,0.621,0.150666667,0,0,0,0.021666667,0.380333333,0.709,0.598,0.167666667,0,0,0,0.033333333,0.362,0.65,0.544333333,0.171333333,0,0,0,0.037333333,0.350666667,0.627,0.533666667,0.182,0,0,0,0.03,0.323333333,0.594,0.513333333,0.179,0,0,0,0.023,0.333666667,0.621,0.533,0.17,0,0,0,0.015333333,0.347,0.649666667,0.533666667,0.126,0,0,0,0.011,0.380333333,0.684333333,0.515666667,0.072,0,0,0,0.002,0.365,0.655666667,0.453,0.035666667,0,0,0,0,0.292,0.636333333,0.448666667,0.030666667,0
XZ,y1,0,0,0.000666667,0.396666667,0.810666667,0.609333333,0.077,0,0,0,0.003,0.409666667,0.83,0.646333333,0.120666667,0,0,0,0.011333333,0.455666667,0.845666667,0.660333333,0.149,0,0,0,0.026333333,0.477666667,0.823,0.638333333,0.157666667,0,0,0,0.038,0.455,0.772333333,0.614666667,0.172666667,0,0,0,0.036666667,0.404666667,0.708666667,0.573333333,0.175,0,0,0,0.026666667,0.352,0.657666667,0.547333333,0.165333333,0,0,0,0.02,0.341,0.654333333,0.536333333,0.143333333,0,0,0,0.018,0.388666667,0.725333333,0.569666667,0.122666667,0,0,0,0.020666667,0.483666667,0.799333333,0.565,0.077666667,0,0,0,0.011,0.502666667,0.801666667,0.546666667,0.050333333,0,0,0,0.002,0.449666667,0.793666667,0.544666667,0.049,0
XZ,y2,0,0,0.000666667,0.395333333,0.802333333,0.606666667,0.077666667,0,0,0,0.003,0.409333333,0.822666667,0.64,0.121,0,0,0,0.011333333,0.45,0.834,0.650333333,0.149666667,0,0,0,0.026666667,0.479,0.824666667,0.639333333,0.160333333,0,0,0,0.036333333,0.450333333,0.769333333,0.600333333,0.165666667,0,0,0,0.035333333,0.396333333,0.699666667,0.565,0.168,0,0,0,0.023333333,0.331666667,0.636333333,0.529333333,0.155666667,0,0,0,0.020666667,0.343,0.66,0.538333333,0.140666667,0,0,0,0.018,0.387,0.726,0.573,0.122666667,0,0,0,0.02,0.467,0.788,0.562,0.078,0,0,0,0.010666667,0.505,0.81,0.558,0.052666667,0,0,0,0.002333333,0.461333333,0.807333333,0.579666667,0.053666667,0
XZ,y3,0,0,0.001,0.396666667,0.801333333,0.615,0.079333333,0,0,0,0.003,0.415333333,0.829666667,0.649,0.126,0,0,0,0.011333333,0.452333333,0.831666667,0.643,0.145,0,0,0,0.027,0.476333333,0.838666667,0.654,0.160666667,0,0,0,0.035333333,0.442,0.768,0.608,0.166333333,0,0,0,0.032666667,0.382,0.697333333,0.569666667,0.169,0,0,0,0.028666667,0.372,0.675,0.56,0.171666667,0,0,0,0.022333333,0.376666667,0.691666667,0.564666667,0.156,0,0,0,0.017666667,0.387,0.724666667,0.565666667,0.119,0,0,0,0.018666667,0.448666667,0.811,0.591333333,0.079666667,0,0,0,0.010333333,0.496333333,0.832,0.580666667,0.053333333,0,0,0,0.002333333,0.447333333,0.815333333,0.591666667,0.054,0
XZ,y4,0,0,0.000666667,0.404,0.833,0.648666667,0.084,0,0,0,0.003,0.417333333,0.85,0.676,0.130333333,0,0,0,0.011666667,0.464333333,0.869,0.690666667,0.158666667,0,0,0,0.027,0.480666667,0.847666667,0.668,0.168333333,0,0,0,0.038333333,0.457,0.771666667,0.604,0.168666667,0,0,0,0.033333333,0.383333333,0.684333333,0.554666667,0.165666667,0,0,0,0.023333333,0.329666667,0.634,0.527666667,0.156666667,0,0,0,0.017,0.311,0.629,0.523,0.139666667,0,0,0,0.018333333,0.39,0.722333333,0.568666667,0.122666667,0,0,0,0.018,0.444333333,0.779333333,0.571666667,0.079,0,0,0,0.011,0.505,0.822333333,0.577,0.054666667,0,0,0,0.002333333,0.444666667,0.787333333,0.556333333,0.051333333,0
XZ,y5,0,0,0.001,0.393333333,0.800333333,0.607333333,0.077333333,0,0,0,0.003,0.410666667,0.828333333,0.662333333,0.128666667,0,0,0,0.012,0.458,0.837,0.663333333,0.154333333,0,0,0,0.027666667,0.481666667,0.823333333,0.640666667,0.163666667,0,0,0,0.035,0.435333333,0.750666667,0.592666667,0.164333333,0,0,0,0.033333333,0.382333333,0.685666667,0.562,0.168,0,0,0,0.025666667,0.347666667,0.654666667,0.544333333,0.160666667,0,0,0,0.018,0.323333333,0.641,0.526333333,0.137666667,0,0,0,0.017666667,0.383666667,0.724,0.569666667,0.122333333,0,0,0,0.019,0.458,0.788333333,0.565666667,0.077333333,0,0,0,0.010666667,0.506666667,0.823,0.567666667,0.052,0,0,0,0.002333333,0.446666667,0.797333333,0.563,0.050666667,0
XZ,y6,0,0,0.000666667,0.395666667,0.803,0.602333333,0.076,0,0,0,0.003,0.416666667,0.838666667,0.653666667,0.124666667,0,0,0,0.011666667,0.463333333,0.853,0.671666667,0.152666667,0,0,0,0.025666667,0.472,0.825333333,0.639,0.157333333,0,0,0,0.035666667,0.440666667,0.759333333,0.602,0.165333333,0,0,0,0.034,0.385333333,0.684333333,0.558,0.165,0,0,0,0.022,0.309333333,0.621,0.514333333,0.141333333,0,0,0,0.018,0.325666667,0.657666667,0.544333333,0.145666667,0,0,0,0.018,0.387,0.727666667,0.570666667,0.123666667,0,0,0,0.021333333,0.486666667,0.802,0.567,0.079333333,0,0,0,0.011333333,0.512333333,0.803,0.539333333,0.049666667,0,0,0,0.002333333,0.455,0.794333333,0.563333333,0.052,0
XZ,y7,0,0,0.000666667,0.399333333,0.806333333,0.619666667,0.080666667,0,0,0,0.003,0.414666667,0.827333333,0.659333333,0.129333333,0,0,0,0.012,0.459333333,0.841666667,0.647666667,0.144,0,0,0,0.026333333,0.472333333,0.824666667,0.640333333,0.159,0,0,0,0.035,0.436333333,0.759666667,0.599333333,0.164666667,0,0,0,0.031666667,0.371,0.68,0.566,0.168333333,0,0,0,0.026333333,0.341666667,0.645333333,0.535,0.154333333,0,0,0,0.018,0.324333333,0.648666667,0.537,0.142,0,0,0,0.018333333,0.406666667,0.746,0.580333333,0.124666667,0,0,0,0.02,0.476666667,0.79,0.552666667,0.074666667,0,0,0,0.011,0.516333333,0.809666667,0.556333333,0.051,0,0,0,0.002333333,0.444333333,0.774333333,0.533666667,0.049333333,0
XZ,y8,0,0,0.000666667,0.395333333,0.806,0.62,0.079,0,0,0,0.003,0.413333333,0.830666667,0.66,0.126666667,0,0,0,0.012,0.463666667,0.857666667,0.674333333,0.157333333,0,0,0,0.026,0.467333333,0.807666667,0.620666667,0.154,0,0,0,0.037333333,0.451666667,0.766666667,0.598333333,0.164333333,0,0,0,0.033333333,0.388333333,0.699666667,0.572,0.170333333,0,0,0,0.021333333,0.305666667,0.617,0.519333333,0.152,0,0,0,0.019333333,0.338,0.661666667,0.541,0.14,0,0,0,0.017,0.376333333,0.72,0.571666667,0.120666667,0,0,0,0.019666667,0.467,0.813,0.587666667,0.080666667,0,0,0,0.010666667,0.504,0.819,0.560333333,0.050666667,0,0,0,0.002333333,0.449,0.789,0.550666667,0.049333333,0
XZ,y9,0,0,0.001,0.395666667,0.803333333,0.627333333,0.081,0,0,0,0.003,0.409333333,0.821,0.636,0.120333333,0,0,0,0.011666667,0.459666667,0.843333333,0.660666667,0.152333333,0,0,0,0.026333333,0.472333333,0.802,0.615666667,0.154333333,0,0,0,0.036666667,0.453333333,0.775,0.609666667,0.169333333,0,0,0,0.032333333,0.380333333,0.687333333,0.566,0.17,0,0,0,0.025666667,0.345333333,0.650333333,0.539666667,0.160666667,0,0,0,0.018333333,0.328666667,0.647666667,0.530333333,0.141666667,0,0,0,0.016666667,0.366333333,0.702333333,0.552666667,0.117666667,0,0,0,0.021,0.484666667,0.797333333,0.563666667,0.078333333,0,0,0,0.011333333,0.516666667,0.808666667,0.553666667,0.051333333,0,0,0,0.002333333,0.444666667,0.779666667,0.539,0.048333333,0
XZ,y10,0,0,0.000666667,0.387666667,0.791,0.586333333,0.073666667,0,0,0,0.003,0.418333333,0.838666667,0.661,0.126666667,0,0,0,0.011333333,0.456,0.842333333,0.665333333,0.152333333,0,0,0,0.025333333,0.460666667,0.803666667,0.621666667,0.151333333,0,0,0,0.036333333,0.447333333,0.764333333,0.602,0.167666667,0,0,0,0.032,0.375,0.679,0.560666667,0.168,0,0,0,0.024,0.329333333,0.641333333,0.538,0.158333333,0,0,0,0.018666667,0.331666667,0.655,0.544666667,0.145,0,0,0,0.019666667,0.413,0.754,0.589333333,0.130666667,0,0,0,0.020333333,0.473,0.792,0.564333333,0.078333333,0,0,0,0.011333333,0.51,0.807,0.539333333,0.048666667,0,0,0,0.002333333,0.45,0.788,0.553666667,0.05,0
XZ,y11,0,0,0.000666667,0.390666667,0.792333333,0.6,0.077,0,0,0,0.003,0.413,0.825,0.640666667,0.123666667,0,0,0,0.011666667,0.453,0.841333333,0.660333333,0.151333333,0,0,0,0.026,0.472,0.820333333,0.640666667,0.159333333,0,0,0,0.037,0.455333333,0.787,0.622333333,0.172666667,0,0,0,0.034666667,0.397,0.708333333,0.582666667,0.177333333,0,0,0,0.023666667,0.329666667,0.635666667,0.530666667,0.154666667,0,0,0,0.017666667,0.32,0.642,0.529666667,0.141333333,0,0,0,0.018333333,0.392333333,0.728,0.573,0.124,0,0,0,0.019666667,0.467666667,0.798,0.575333333,0.079333333,0,0,0,0.010666667,0.512,0.820333333,0.550333333,0.049333333,0,0,0,0.002333333,0.450333333,0.792666667,0.558333333,0.051,0
XZ,y12,0,0,0.001,0.393333333,0.796333333,0.625,0.082666667,0,0,0,0.003,0.405,0.816666667,0.650333333,0.126666667,0,0,0,0.011666667,0.458333333,0.849333333,0.657666667,0.148,0,0,0,0.027,0.477666667,0.828666667,0.642666667,0.160333333,0,0,0,0.035666667,0.440333333,0.758333333,0.595,0.164666667,0,0,0,0.033,0.384,0.697,0.575333333,0.174,0,0,0,0.026333333,0.348,0.647,0.532333333,0.157333333,0,0,0,0.019,0.329,0.649333333,0.527,0.132666667,0,0,0,0.018333333,0.393,0.734,0.573666667,0.122666667,0,0,0,0.019333333,0.463333333,0.797,0.569,0.078,0,0,0,0.010666667,0.498333333,0.821,0.562,0.052,0,0,0,0.002333333,0.451333333,0.794666667,0.566333333,0.052333333,0
XZ,y13,0,0,0.000666667,0.402333333,0.813666667,0.631,0.082333333,0,0,0,0.003,0.401,0.815333333,0.635666667,0.119333333,0,0,0,0.012,0.463333333,0.862333333,0.687666667,0.159333333,0,0,0,0.026666667,0.471333333,0.811666667,0.622,0.154666667,0,0,0,0.035666667,0.437,0.753333333,0.597333333,0.165,0,0,0,0.036333333,0.405,0.712,0.579666667,0.176,0,0,0,0.024333333,0.332666667,0.631333333,0.528,0.157666667,0,0,0,0.018,0.320333333,0.636333333,0.520333333,0.135666667,0,0,0,0.017333333,0.373666667,0.706666667,0.559333333,0.120333333,0,0,0,0.020666667,0.477666667,0.795,0.578,0.081666667,0,0,0,0.011,0.503333333,0.805333333,0.551,0.051,0,0,0,0.002333333,0.447,0.783333333,0.553666667,0.051,0
XZ,y14,0,0,0.000666667,0.381666667,0.765,0.573,0.072666667,0,0,0,0.003,0.419333333,0.841,0.671666667,0.131,0,0,0,0.011,0.448,0.83,0.634333333,0.142,0,0,0,0.026,0.476,0.826666667,0.637333333,0.157666667,0,0,0,0.033,0.423333333,0.748,0.596333333,0.164,0,0,0,0.033333333,0.373666667,0.675666667,0.557666667,0.166,0,0,0,0.024,0.327333333,0.63,0.524,0.154333333,0,0,0,0.019,0.329,0.643,0.527666667,0.141333333,0,0,0,0.018,0.386,0.726333333,0.577666667,0.126666667,0,0,0,0.020666667,0.474333333,0.798,0.567333333,0.079666667,0,0,0,0.011333333,0.513333333,0.811666667,0.561,0.052333333,0,0,0,0.002333333,0.450333333,0.792,0.564666667,0.051333333,0
XZ,y15,0,0,0.000666667,0.391333333,0.795333333,0.607666667,0.079,0,0,0,0.003,0.409666667,0.812,0.641,0.125666667,0,0,0,0.011666667,0.453333333,0.831666667,0.645,0.145666667,0,0,0,0.027333333,0.479666667,0.826333333,0.646,0.164333333,0,0,0,0.035666667,0.438333333,0.751,0.586333333,0.161333333,0,0,0,0.034666667,0.402,0.718333333,0.586333333,0.178,0,0,0,0.025666667,0.346,0.648,0.533666667,0.159,0,0,0,0.019,0.342,0.661,0.549666667,0.151666667,0,0,0,0.019,0.404666667,0.736333333,0.574333333,0.122,0,0,0,0.019,0.462333333,0.795666667,0.578333333,0.079,0,0,0,0.011,0.51,0.810333333,0.56,0.052,0,0,0,0.002333333,0.448,0.791666667,0.554666667,0.051,0
XZ,y16,0,0,0.000666667,0.396333333,0.803333333,0.626333333,0.080666667,0,0,0,0.003,0.414,0.824666667,0.636666667,0.122,0,0,0,0.011666667,0.453333333,0.836666667,0.660333333,0.151666667,0,0,0,0.026333333,0.471666667,0.802333333,0.614,0.151333333,0,0,0,0.036,0.441333333,0.750333333,0.581666667,0.159,0,0,0,0.034666667,0.398,0.703333333,0.571666667,0.172,0,0,0,0.024666667,0.336333333,0.632333333,0.518333333,0.152,0,0,0,0.017666667,0.312,0.621666667,0.505,0.127333333,0,0,0,0.016333333,0.363333333,0.694333333,0.545666667,0.115,0,0,0,0.019333333,0.468,0.798666667,0.571666667,0.078,0,0,0,0.011,0.503333333,0.809333333,0.558333333,0.051333333,0,0,0,0.002333333,0.451666667,0.794,0.563333333,0.051,0
XZ,y17,0,0,0.000666667,0.395333333,0.8,0.604,0.076333333,0,0,0,0.003,0.415666667,0.824333333,0.646333333,0.125333333,0,0,0,0.011666667,0.458,0.843333333,0.662666667,0.152666667,0,0,0,0.026666667,0.475333333,0.826666667,0.645666667,0.161333333,0,0,0,0.036333333,0.445666667,0.765333333,0.598,0.162666667,0,0,0,0.032666667,0.378333333,0.687666667,0.569,0.170333333,0,0,0,0.021333333,0.306666667,0.611666667,0.514,0.148666667,0,0,0,0.020666667,0.349666667,0.671,0.544666667,0.146666667,0,0,0,0.017666667,0.381,0.717,0.564,0.119,0,0,0,0.020333333,0.472333333,0.800333333,0.568666667,0.078,0,0,0,0.011,0.506666667,0.809,0.548666667,0.049666667,0,0,0,0.002333333,0.450333333,0.788666667,0.565,0.052333333,0
XZ,y18,0,0,0.001,0.394,0.795,0.593333333,0.075666667,0,0,0,0.003,0.41,0.819333333,0.640666667,0.123,0,0,0,0.011666667,0.462,0.843666667,0.665,0.154,0,0,0,0.025333333,0.468666667,0.827,0.644,0.159333333,0,0,0,0.037333333,0.459,0.796666667,0.638333333,0.179,0,0,0,0.033666667,0.39,0.699333333,0.576333333,0.175,0,0,0,0.023,0.324666667,0.633,0.527333333,0.157,0,0,0,0.018666667,0.327333333,0.641,0.526333333,0.137333333,0,0,0,0.018,0.382,0.712666667,0.559333333,0.119666667,0,0,0,0.020666667,0.481,0.8,0.559,0.076333333,0,0,0,0.011666667,0.518,0.817333333,0.557333333,0.051666667,0,0,0,0.002333333,0.450333333,0.785,0.547,0.050333333,0
XZ,y19,0,0,0.001,0.404,0.815666667,0.631,0.082666667,0,0,0,0.003,0.414666667,0.837,0.669666667,0.131666667,0,0,0,0.011666667,0.457,0.844333333,0.659,0.149666667,0,0,0,0.025666667,0.471666667,0.830333333,0.645666667,0.161,0,0,0,0.036666667,0.446333333,0.77,0.609333333,0.169333333,0,0,0,0.034,0.383666667,0.684666667,0.566666667,0.171,0,0,0,0.022333333,0.324666667,0.622,0.516,0.153,0,0,0,0.021666667,0.355666667,0.672333333,0.546333333,0.144333333,0,0,0,0.017666667,0.387666667,0.729666667,0.575333333,0.124,0,0,0,0.018666667,0.452,0.783,0.569,0.078666667,0,0,0,0.010666667,0.508,0.817666667,0.560666667,0.050666667,0,0,0,0.002333333,0.451333333,0.798333333,0.565333333,0.051666667,0
XZ,y20,0,0,0.000666667,0.393,0.799333333,0.612,0.079,0,0,0,0.003,0.414666667,0.829,0.659666667,0.127666667,0,0,0,0.011666667,0.458666667,0.842333333,0.649333333,0.147333333,0,0,0,0.027,0.478,0.824,0.635666667,0.158,0,0,0,0.036333333,0.446333333,0.762,0.594666667,0.163333333,0,0,0,0.035666667,0.4,0.706666667,0.578666667,0.176,0,0,0,0.023333333,0.324,0.62,0.507,0.148,0,0,0,0.017666667,0.324,0.646333333,0.531,0.141,0,0,0,0.017,0.383,0.723666667,0.566,0.12,0,0,0,0.020666667,0.476333333,0.807666667,0.579,0.079666667,0,0,0,0.011,0.517666667,0.82,0.568666667,0.053333333,0,0,0,0.002333333,0.448666667,0.786333333,0.558333333,0.051,0
XZ,y21,0,0,0.001,0.391333333,0.803333333,0.618666667,0.079666667,0,0,0,0.003,0.415333333,0.829333333,0.648,0.122666667,0,0,0,0.012,0.458,0.848666667,0.669666667,0.154333333,0,0,0,0.025333333,0.466333333,0.824,0.643666667,0.159666667,0,0,0,0.037,0.454333333,0.775666667,0.609666667,0.168333333,0,0,0,0.034,0.390666667,0.698333333,0.574666667,0.172666667,0,0,0,0.03,0.380333333,0.677333333,0.554666667,0.168,0,0,0,0.02,0.341333333,0.658,0.54,0.143333333,0,0,0,0.018666667,0.407666667,0.746666667,0.585666667,0.129,0,0,0,0.021666667,0.489333333,0.799666667,0.562333333,0.077333333,0,0,0,0.011333333,0.511,0.796,0.536666667,0.049,0,0,0,0.002,0.443333333,0.776333333,0.539,0.049333333,0
XZ,y22,0,0,0.000666667,0.391,0.796333333,0.607,0.077333333,0,0,0,0.003,0.412,0.831333333,0.673333333,0.131666667,0,0,0,0.011333333,0.450666667,0.831666667,0.648333333,0.146333333,0,0,0,0.025,0.459,0.799333333,0.614333333,0.15,0,0,0,0.036,0.444,0.759333333,0.591,0.16,0,0,0,0.031,0.368333333,0.678,0.556666667,0.163333333,0,0,0,0.022666667,0.317,0.611,0.512666667,0.149666667,0,0,0,0.018,0.315333333,0.639333333,0.518333333,0.129666667,0,0,0,0.017,0.376333333,0.713333333,0.561333333,0.121666667,0,0,0,0.019,0.463333333,0.786333333,0.565666667,0.080333333,0,0,0,0.011333333,0.514333333,0.803,0.539333333,0.049333333,0,0,0,0.002333333,0.444666667,0.774,0.552333333,0.051,0
XZ,y23,0,0,0.001,0.390333333,0.788333333,0.583666667,0.073333333,0,0,0,0.003,0.417333333,0.833333333,0.667333333,0.131666667,0,0,0,0.011666667,0.456,0.832666667,0.647333333,0.149,0,0,0,0.026333333,0.471666667,0.813333333,0.63,0.158333333,0,0,0,0.034666667,0.431666667,0.752,0.594,0.162,0,0,0,0.033,0.385,0.695,0.573333333,0.171666667,0,0,0,0.020666667,0.296,0.601,0.507333333,0.141,0,0,0,0.017666667,0.322666667,0.642333333,0.529333333,0.140333333,0,0,0,0.017,0.381333333,0.72,0.568,0.122,0,0,0,0.019666667,0.470666667,0.79,0.576333333,0.081333333,0,0,0,0.010666667,0.502,0.803666667,0.538,0.048,0,0,0,0.002333333,0.442,0.778,0.553333333,0.051333333,0
XZ,y24,0,0,0.001,0.397666667,0.795,0.622,0.083,0,0,0,0.003,0.408333333,0.806666667,0.628666667,0.121666667,0,0,0,0.011333333,0.449666667,0.831666667,0.649666667,0.147333333,0,0,0,0.026666667,0.471666667,0.818666667,0.630666667,0.154333333,0,0,0,0.037,0.451,0.769,0.597333333,0.163333333,0,0,0,0.033333333,0.387666667,0.695666667,0.565,0.168666667,0,0,0,0.022333333,0.308666667,0.602666667,0.501666667,0.145666667,0,0,0,0.015333333,0.292333333,0.603666667,0.502,0.128,0,0,0,0.016,0.368,0.706,0.553333333,0.116666667,0,0,0,0.019,0.472666667,0.809,0.570333333,0.077666667,0,0,0,0.011,0.513666667,0.815666667,0.550333333,0.051,0,0,0,0.002333333,0.444666667,0.787666667,0.551666667,0.05,0
XZ,y25,0,0,0.000666667,0.388333333,0.795,0.593,0.075,0,0,0,0.003,0.404666667,0.827666667,0.655666667,0.124,0,0,0,0.011666667,0.466666667,0.873666667,0.692,0.159,0,0,0,0.026333333,0.476333333,0.838,0.656333333,0.164,0,0,0,0.036,0.448,0.764666667,0.600666667,0.166333333,0,0,0,0.036666667,0.410333333,0.717333333,0.581333333,0.175333333,0,0,0,0.024,0.329,0.623333333,0.518,0.154666667,0,0,0,0.019,0.330666667,0.643333333,0.535333333,0.140333333,0,0,0,0.017666667,0.386666667,0.724333333,0.571666667,0.122666667,0,0,0,0.019333333,0.462,0.781666667,0.552,0.074666667,0,0,0,0.010666667,0.496,0.785666667,0.525333333,0.048,0,0,0,0.002333333,0.447333333,0.785333333,0.554666667,0.051333333,0
XZ,y26,0,0,0.000666667,0.387666667,0.794333333,0.596666667,0.075666667,0,0,0,0.002666667,0.415333333,0.848666667,0.673333333,0.129,0,0,0,0.011666667,0.453666667,0.845333333,0.66,0.149,0,0,0,0.025333333,0.465333333,0.813666667,0.630333333,0.155,0,0,0,0.036,0.443333333,0.763333333,0.596666667,0.164,0,0,0,0.032,0.377333333,0.687333333,0.566333333,0.17,0,0,0,0.024,0.333666667,0.635666667,0.527666667,0.157333333,0,0,0,0.019333333,0.338333333,0.65,0.540333333,0.145666667,0,0,0,0.018,0.390666667,0.722333333,0.570333333,0.124,0,0,0,0.021333333,0.488,0.803666667,0.598,0.087333333,0,0,0,0.011666667,0.512,0.792666667,0.535333333,0.049333333,0,0,0,0.002333333,0.452,0.788,0.551666667,0.050666667,0
YN,y1,0,0,0.036,0.344666667,0.512666667,0.308666667,0.012333333,0,0,0,0.032666667,0.341333333,0.502666667,0.312,0.022333333,0,0,0,0.056,0.453666667,0.620666667,0.379333333,0.032333333,0,0,0,0.073333333,0.46,0.597333333,0.37,0.034,0,0,0,0.061333333,0.345333333,0.456333333,0.275333333,0.028666667,0,0,0,0.051,0.287333333,0.393,0.251333333,0.029666667,0,0,0,0.042666667,0.278333333,0.415666667,0.256666667,0.029666667,0,0,0,0.043,0.291,0.431333333,0.253,0.025,0,0,0,0.044333333,0.314333333,0.426,0.247,0.017333333,0,0,0,0.054333333,0.343333333,0.441,0.236,0.007666667,0,0,0,0.062,0.334,0.388333333,0.186333333,0.002333333,0,0,0,0.052666667,0.353333333,0.474666667,0.247666667,0.003333333,0
YN,y2,0,0,0.043333333,0.399666667,0.560333333,0.327666667,0.013333333,0,0,0,0.034,0.344666667,0.514666667,0.341,0.023666667,0,0,0,0.055,0.436333333,0.592333333,0.368333333,0.030333333,0,0,0,0.057333333,0.389333333,0.533,0.331,0.030666667,0,0,0,0.058333333,0.343666667,0.468333333,0.288666667,0.03,0,0,0,0.056666667,0.329,0.455666667,0.282666667,0.033,0,0,0,0.039666667,0.256,0.375666667,0.240333333,0.027666667,0,0,0,0.046333333,0.313666667,0.443666667,0.272,0.027666667,0,0,0,0.054,0.357,0.460333333,0.265666667,0.018666667,0,0,0,0.059333333,0.357333333,0.433333333,0.235666667,0.008333333,0,0,0,0.057333333,0.336666667,0.413,0.205,0.002666667,0,0,0,0.047666667,0.328666667,0.432333333,0.220666667,0.003,0
YN,y3,0,0,0.039666667,0.369666667,0.526333333,0.307333333,0.012666667,0,0,0,0.033,0.347333333,0.517,0.324333333,0.023333333,0,0,0,0.050666667,0.430333333,0.605333333,0.373,0.030333333,0,0,0,0.069666667,0.452,0.590666667,0.351666667,0.031333333,0,0,0,0.078,0.427333333,0.531,0.305666667,0.032333333,0,0,0,0.059,0.325,0.442333333,0.263666667,0.030333333,0,0,0,0.032666667,0.219333333,0.336333333,0.207333333,0.023666667,0,0,0,0.052,0.339,0.463666667,0.276666667,0.028666667,0,0,0,0.047333333,0.324,0.435,0.249,0.017333333,0,0,0,0.058666667,0.371,0.483,0.259333333,0.008,0,0,0,0.064666667,0.378666667,0.465333333,0.225666667,0.002666667,0,0,0,0.053333333,0.359666667,0.485666667,0.252333333,0.003333333,0
YN,y4,0,0,0.041666667,0.386,0.559666667,0.334666667,0.013,0,0,0,0.038666667,0.395666667,0.577666667,0.361,0.024666667,0,0,0,0.056333333,0.452333333,0.632333333,0.392666667,0.031666667,0,0,0,0.072333333,0.457,0.587,0.345666667,0.030666667,0,0,0,0.069333333,0.385666667,0.495333333,0.296,0.03,0,0,0,0.043333333,0.257,0.372666667,0.239,0.028,0,0,0,0.036333333,0.234,0.35,0.227333333,0.025666667,0,0,0,0.044666667,0.307666667,0.447,0.265,0.026,0,0,0,0.055333333,0.358,0.471333333,0.273,0.019,0,0,0,0.070666667,0.403,0.488,0.250333333,0.009,0,0,0,0.079333333,0.419666667,0.482,0.226,0.002666667,0,0,0,0.061333333,0.394666667,0.512666667,0.256333333,0.003333333,0
YN,y5,0,0,0.038,0.357333333,0.527333333,0.317666667,0.013,0,0,0,0.036666667,0.381333333,0.582,0.383666667,0.026333333,0,0,0,0.059333333,0.475333333,0.661333333,0.420333333,0.035333333,0,0,0,0.058666667,0.391,0.530333333,0.327,0.030333333,0,0,0,0.050666667,0.296666667,0.399,0.239666667,0.025,0,0,0,0.051333333,0.307666667,0.440333333,0.278666667,0.031666667,0,0,0,0.043333333,0.281,0.412,0.246666667,0.028666667,0,0,0,0.039666667,0.283666667,0.414,0.231666667,0.022,0,0,0,0.048666667,0.332666667,0.452333333,0.257666667,0.016666667,0,0,0,0.057333333,0.365666667,0.468,0.246333333,0.008333333,0,0,0,0.058333333,0.339,0.422,0.208333333,0.002333333,0,0,0,0.056,0.371,0.488333333,0.249333333,0.003333333,0
YN,y6,0,0,0.041666667,0.378,0.554333333,0.322666667,0.012,0,0,0,0.033,0.353,0.528,0.331,0.023,0,0,0,0.048333333,0.404666667,0.554333333,0.34,0.029,0,0,0,0.060333333,0.399,0.530333333,0.327333333,0.030666667,0,0,0,0.059,0.344,0.443666667,0.264,0.027666667,0,0,0,0.046333333,0.275666667,0.394666667,0.248,0.028666667,0,0,0,0.046333333,0.301333333,0.434333333,0.261333333,0.03,0,0,0,0.044666667,0.320333333,0.458,0.262333333,0.025333333,0,0,0,0.048,0.321333333,0.431,0.247,0.016666667,0,0,0,0.049333333,0.329333333,0.436666667,0.234333333,0.007666667,0,0,0,0.077,0.424,0.491,0.234666667,0.002666667,0,0,0,0.057,0.377666667,0.504,0.266,0.003333333,0
YN,y7,0,0,0.04,0.379333333,0.562333333,0.340666667,0.014,0,0,0,0.034333333,0.36,0.535666667,0.34,0.024333333,0,0,0,0.050666667,0.416,0.587666667,0.371,0.031,0,0,0,0.070666667,0.454666667,0.607666667,0.372666667,0.034666667,0,0,0,0.048666667,0.300666667,0.400333333,0.228666667,0.023333333,0,0,0,0.051333333,0.294666667,0.405666667,0.249666667,0.028666667,0,0,0,0.047666667,0.312333333,0.44,0.268333333,0.031333333,0,0,0,0.045333333,0.317333333,0.455,0.278333333,0.028333333,0,0,0,0.050333333,0.335333333,0.453,0.267,0.018,0,0,0,0.052666667,0.32,0.399333333,0.216333333,0.007333333,0,0,0,0.061666667,0.346666667,0.414666667,0.197,0.002,0,0,0,0.063333333,0.408,0.543333333,0.287,0.003666667,0
YN,y8,0,0,0.040333333,0.364,0.52,0.300666667,0.012,0,0,0,0.037666667,0.391,0.589333333,0.382333333,0.027,0,0,0,0.056333333,0.447,0.599333333,0.367666667,0.030333333,0,0,0,0.076333333,0.473333333,0.604,0.362333333,0.032333333,0,0,0,0.056666667,0.337333333,0.452,0.27,0.027333333,0,0,0,0.058666667,0.332333333,0.463333333,0.285,0.032333333,0,0,0,0.044,0.279666667,0.397333333,0.245333333,0.028333333,0,0,0,0.044333333,0.31,0.423333333,0.244,0.024333333,0,0,0,0.068666667,0.420666667,0.506666667,0.291,0.021,0,0,0,0.068,0.393,0.485666667,0.251333333,0.008,0,0,0,0.065666667,0.377333333,0.452333333,0.218333333,0.002666667,0,0,0,0.051666667,0.351333333,0.487666667,0.257,0.003333333,0
YN,y9,0,0,0.037666667,0.355,0.528,0.314,0.013,0,0,0,0.042666667,0.424666667,0.621333333,0.396,0.027,0,0,0,0.051333333,0.424666667,0.597333333,0.377666667,0.030666667,0,0,0,0.076666667,0.480333333,0.625,0.376666667,0.033333333,0,0,0,0.067666667,0.376,0.488333333,0.294333333,0.032,0,0,0,0.051666667,0.296,0.408666667,0.243,0.028,0,0,0,0.051,0.313333333,0.446333333,0.288,0.036,0,0,0,0.054,0.350333333,0.479333333,0.297,0.031333333,0,0,0,0.051666667,0.353333333,0.470666667,0.269666667,0.018666667,0,0,0,0.051666667,0.33,0.409333333,0.221666667,0.007666667,0,0,0,0.077666667,0.433333333,0.53,0.261333333,0.003,0,0,0,0.051333333,0.344666667,0.461666667,0.243333333,0.003333333,0
YN,y10,0,0,0.04,0.373,0.548,0.325666667,0.012666667,0,0,0,0.04,0.408,0.592666667,0.362666667,0.025333333,0,0,0,0.051333333,0.419,0.566666667,0.354666667,0.03,0,0,0,0.058666667,0.385,0.514333333,0.314,0.028666667,0,0,0,0.064333333,0.363666667,0.477,0.290666667,0.030333333,0,0,0,0.048333333,0.288666667,0.400333333,0.24,0.027333333,0,0,0,0.049,0.299,0.417666667,0.266666667,0.032,0,0,0,0.048666667,0.344333333,0.489333333,0.29,0.028333333,0,0,0,0.047666667,0.333333333,0.454,0.253333333,0.017333333,0,0,0,0.056333333,0.346,0.426666667,0.231333333,0.008,0,0,0,0.076333333,0.422,0.504,0.245333333,0.003,0,0,0,0.067333333,0.428333333,0.543666667,0.272,0.003333333,0
YN,y11,0,0,0.036666667,0.351666667,0.525333333,0.319,0.013,0,0,0,0.044,0.444333333,0.644666667,0.404333333,0.027666667,0,0,0,0.049,0.4,0.544333333,0.322,0.026,0,0,0,0.070333333,0.443333333,0.576,0.342666667,0.031666667,0,0,0,0.085666667,0.458,0.579666667,0.345,0.036,0,0,0,0.051666667,0.310333333,0.444,0.265666667,0.03,0,0,0,0.048666667,0.309,0.455,0.278,0.032333333,0,0,0,0.037333333,0.277333333,0.413666667,0.253666667,0.025333333,0,0,0,0.059,0.377666667,0.501666667,0.289,0.02,0,0,0,0.058,0.353,0.451333333,0.241333333,0.007666667,0,0,0,0.061,0.349,0.436,0.214666667,0.002333333,0,0,0,0.048333333,0.326333333,0.459666667,0.251,0.003333333,0
YN,y12,0,0,0.042666667,0.391333333,0.586333333,0.364333333,0.014666667,0,0,0,0.033,0.355666667,0.542,0.350333333,0.024,0,0,0,0.054666667,0.448,0.631,0.398666667,0.033666667,0,0,0,0.072,0.447333333,0.578666667,0.347333333,0.032,0,0,0,0.072,0.385,0.490666667,0.300666667,0.031,0,0,0,0.053,0.307666667,0.45,0.276333333,0.031666667,0,0,0,0.05,0.322,0.453666667,0.273666667,0.032,0,0,0,0.051333333,0.349666667,0.474666667,0.285666667,0.029333333,0,0,0,0.056666667,0.367666667,0.478,0.271666667,0.019333333,0,0,0,0.055333333,0.347333333,0.449,0.235333333,0.007333333,0,0,0,0.077666667,0.43,0.518,0.249666667,0.002666667,0,0,0,0.059333333,0.38,0.497,0.257666667,0.003333333,0
YN,y13,0,0,0.033,0.303,0.451,0.274,0.011333333,0,0,0,0.044666667,0.44,0.618,0.39,0.026666667,0,0,0,0.058,0.461666667,0.638333333,0.409,0.035,0,0,0,0.059666667,0.39,0.535666667,0.325333333,0.028,0,0,0,0.065666667,0.359333333,0.468333333,0.285,0.029666667,0,0,0,0.06,0.345,0.488666667,0.297,0.035,0,0,0,0.042,0.261666667,0.389666667,0.256333333,0.030333333,0,0,0,0.048,0.321,0.451333333,0.268666667,0.027666667,0,0,0,0.053666667,0.332,0.443333333,0.260333333,0.018,0,0,0,0.058333333,0.357,0.442,0.233,0.007666667,0,0,0,0.076,0.409,0.464,0.217,0.002666667,0,0,0,0.062,0.388666667,0.492,0.257,0.003333333,0
YN,y14,0,0,0.042333333,0.381666667,0.560666667,0.338666667,0.012666667,0,0,0,0.026666667,0.289,0.446333333,0.285333333,0.020333333,0,0,0,0.049333333,0.405333333,0.561333333,0.346333333,0.028666667,0,0,0,0.069,0.442666667,0.584333333,0.352333333,0.032,0,0,0,0.065,0.357666667,0.448666667,0.265333333,0.028333333,0,0,0,0.049666667,0.289,0.400666667,0.255666667,0.029666667,0,0,0,0.047333333,0.297666667,0.422,0.266333333,0.031333333,0,0,0,0.046,0.315333333,0.450666667,0.274666667,0.027666667,0,0,0,0.058666667,0.380333333,0.500666667,0.288666667,0.019333333,0,0,0,0.061333333,0.363,0.449,0.244,0.008,0,0,0,0.064,0.359333333,0.463666667,0.231,0.002666667,0,0,0,0.058333333,0.376,0.479666667,0.243333333,0.003,0
YN,y15,0,0,0.035333333,0.331333333,0.481,0.282666667,0.011666667,0,0,0,0.047666667,0.463333333,0.667,0.425666667,0.029333333,0,0,0,0.059333333,0.460333333,0.63,0.385333333,0.032,0,0,0,0.059,0.395666667,0.528666667,0.320666667,0.029666667,0,0,0,0.064333333,0.374333333,0.489666667,0.298,0.031,0,0,0,0.053333333,0.306666667,0.438333333,0.267333333,0.031,0,0,0,0.041,0.268,0.396,0.262666667,0.031666667,0,0,0,0.051,0.342666667,0.476666667,0.291333333,0.029,0,0,0,0.060333333,0.39,0.506,0.293,0.020333333,0,0,0,0.059666667,0.366333333,0.47,0.253666667,0.008333333,0,0,0,0.08,0.425333333,0.523333333,0.259666667,0.003,0,0,0,0.060333333,0.395,0.532,0.285333333,0.003666667,0
YN,y16,0,0,0.043333333,0.401333333,0.593666667,0.361333333,0.014333333,0,0,0,0.050333333,0.479333333,0.687,0.438666667,0.029333333,0,0,0,0.061,0.472666667,0.639,0.389,0.031,0,0,0,0.065666667,0.423333333,0.556,0.330666667,0.029666667,0,0,0,0.067333333,0.389666667,0.519,0.310333333,0.032,0,0,0,0.047,0.269666667,0.392,0.246666667,0.028666667,0,0,0,0.045,0.285,0.410333333,0.261666667,0.031333333,0,0,0,0.051,0.341,0.479,0.288666667,0.029333333,0,0,0,0.054333333,0.359666667,0.478,0.275666667,0.019333333,0,0,0,0.057333333,0.34,0.417,0.210666667,0.006666667,0,0,0,0.072333333,0.387333333,0.458666667,0.217333333,0.002666667,0,0,0,0.046333333,0.320666667,0.443333333,0.238666667,0.003333333,0
YN,y17,0,0,0.027333333,0.271333333,0.42,0.261,0.011,0,0,0,0.041333333,0.422666667,0.630666667,0.406666667,0.028,0,0,0,0.039666667,0.341333333,0.482,0.297333333,0.025666667,0,0,0,0.059,0.396,0.529,0.315,0.028666667,0,0,0,0.064666667,0.368666667,0.492333333,0.305,0.031666667,0,0,0,0.051,0.302333333,0.435333333,0.267,0.030333333,0,0,0,0.055,0.331333333,0.455666667,0.288666667,0.036333333,0,0,0,0.059,0.374666667,0.494333333,0.293,0.031,0,0,0,0.049666667,0.339666667,0.469666667,0.268333333,0.018666667,0,0,0,0.055666667,0.336333333,0.409333333,0.209,0.007,0,0,0,0.081,0.452666667,0.539666667,0.263,0.003,0,0,0,0.047333333,0.313666667,0.413333333,0.214,0.003,0
YN,y18,0,0,0.036333333,0.356333333,0.544,0.329,0.013333333,0,0,0,0.039,0.412,0.621666667,0.401333333,0.027333333,0,0,0,0.054,0.438666667,0.607666667,0.378666667,0.031666667,0,0,0,0.075,0.468,0.612333333,0.37,0.033,0,0,0,0.065,0.369666667,0.500333333,0.299,0.030666667,0,0,0,0.043333333,0.261,0.369333333,0.236,0.026333333,0,0,0,0.040666667,0.267666667,0.398666667,0.257333333,0.029666667,0,0,0,0.052333333,0.351333333,0.481333333,0.286666667,0.029333333,0,0,0,0.045333333,0.309,0.431,0.253333333,0.017666667,0,0,0,0.062,0.378,0.485333333,0.262333333,0.008,0,0,0,0.070666667,0.401333333,0.506,0.258,0.003,0,0,0,0.058333333,0.383,0.522333333,0.279,0.003333333,0
YN,y19,0,0,0.034,0.327666667,0.499666667,0.31,0.013,0,0,0,0.041333333,0.426,0.636333333,0.408,0.027666667,0,0,0,0.061,0.469666667,0.644333333,0.399666667,0.032,0,0,0,0.070333333,0.448,0.585666667,0.351,0.031666667,0,0,0,0.065,0.370333333,0.502333333,0.298666667,0.031333333,0,0,0,0.064,0.35,0.483666667,0.299666667,0.035,0,0,0,0.046,0.298666667,0.437,0.270333333,0.032333333,0,0,0,0.049,0.337,0.474666667,0.288666667,0.028666667,0,0,0,0.049666667,0.337333333,0.439,0.248333333,0.016333333,0,0,0,0.067666667,0.378,0.455333333,0.235333333,0.008,0,0,0,0.067666667,0.39,0.5,0.258666667,0.003,0,0,0,0.054,0.354333333,0.467333333,0.245333333,0.003333333,0
YN,y20,0,0,0.043333333,0.396333333,0.58,0.357666667,0.014333333,0,0,0,0.042666667,0.432,0.622333333,0.388333333,0.027,0,0,0,0.056,0.456,0.626666667,0.382,0.030333333,0,0,0,0.070333333,0.452,0.607333333,0.378,0.034666667,0,0,0,0.071333333,0.404333333,0.528666667,0.315,0.032666667,0,0,0,0.048,0.283,0.412,0.259,0.029,0,0,0,0.042666667,0.288333333,0.423,0.256666667,0.029333333,0,0,0,0.043333333,0.308666667,0.436666667,0.264,0.026666667,0,0,0,0.049333333,0.345333333,0.470666667,0.28,0.019666667,0,0,0,0.067333333,0.399,0.496,0.266666667,0.008666667,0,0,0,0.052666667,0.317,0.420666667,0.214,0.002666667,0,0,0,0.055333333,0.364,0.493666667,0.261333333,0.003333333,0
YN,y21,0,0,0.04,0.369333333,0.532666667,0.316666667,0.012333333,0,0,0,0.040333333,0.408333333,0.596333333,0.376666667,0.026,0,0,0,0.055333333,0.452,0.635333333,0.398,0.033,0,0,0,0.065666667,0.413,0.545333333,0.328333333,0.029,0,0,0,0.075666667,0.421666667,0.539666667,0.323333333,0.034666667,0,0,0,0.058333333,0.326666667,0.457666667,0.287333333,0.034,0,0,0,0.052,0.306,0.387333333,0.242,0.029666667,0,0,0,0.039666667,0.283333333,0.415666667,0.244333333,0.024,0,0,0,0.042,0.294,0.414666667,0.243666667,0.016333333,0,0,0,0.063333333,0.393666667,0.487,0.251333333,0.008,0,0,0,0.073333333,0.413,0.511333333,0.255666667,0.002666667,0,0,0,0.042333333,0.293,0.393333333,0.207,0.002666667,0
YN,y22,0,0,0.038333333,0.369333333,0.54,0.318666667,0.012333333,0,0,0,0.032,0.326333333,0.474666667,0.292,0.020333333,0,0,0,0.057,0.455333333,0.607333333,0.366333333,0.030333333,0,0,0,0.072,0.455333333,0.580333333,0.344,0.030666667,0,0,0,0.067333333,0.379333333,0.492333333,0.291333333,0.029666667,0,0,0,0.055,0.317333333,0.446333333,0.272666667,0.031666667,0,0,0,0.048,0.297666667,0.433333333,0.270333333,0.031333333,0,0,0,0.049666667,0.344666667,0.481333333,0.288666667,0.029,0,0,0,0.048,0.320666667,0.422,0.253333333,0.017333333,0,0,0,0.064666667,0.386666667,0.475666667,0.252666667,0.008333333,0,0,0,0.064,0.366333333,0.471333333,0.24,0.002666667,0,0,0,0.052666667,0.355666667,0.468333333,0.236666667,0.003,0
YN,y23,0,0,0.035666667,0.337666667,0.511666667,0.315666667,0.013333333,0,0,0,0.034666667,0.362666667,0.542666667,0.348,0.024,0,0,0,0.048333333,0.401,0.567333333,0.358666667,0.029666667,0,0,0,0.056333333,0.370333333,0.496666667,0.300666667,0.028333333,0,0,0,0.071666667,0.402333333,0.509666667,0.295333333,0.030333333,0,0,0,0.054666667,0.308,0.436666667,0.271666667,0.030333333,0,0,0,0.04,0.261333333,0.378333333,0.231,0.027333333,0,0,0,0.044,0.309,0.443,0.27,0.026666667,0,0,0,0.043666667,0.328,0.461,0.270666667,0.018,0,0,0,0.044333333,0.294333333,0.383333333,0.209666667,0.007,0,0,0,0.071,0.389,0.478,0.234666667,0.002666667,0,0,0,0.052333333,0.348333333,0.474333333,0.255333333,0.003333333,0
YN,y24,0,0,0.034333333,0.330666667,0.487333333,0.299333333,0.012666667,0,0,0,0.037,0.377666667,0.559666667,0.354,0.025,0,0,0,0.056666667,0.455666667,0.631666667,0.388333333,0.031333333,0,0,0,0.067333333,0.435,0.574333333,0.339333333,0.030333333,0,0,0,0.070333333,0.391,0.502333333,0.306,0.032333333,0,0,0,0.044333333,0.259,0.378666667,0.236666667,0.027,0,0,0,0.050666667,0.324666667,0.450333333,0.276666667,0.032333333,0,0,0,0.047666667,0.334333333,0.471666667,0.270666667,0.026666667,0,0,0,0.049,0.337333333,0.449333333,0.262333333,0.017666667,0,0,0,0.044333333,0.290666667,0.388,0.211333333,0.006666667,0,0,0,0.075,0.425666667,0.538,0.266,0.003,0,0,0,0.054666667,0.360666667,0.49,0.258,0.003,0
YN,y25,0,0,0.036,0.347666667,0.528333333,0.322666667,0.013,0,0,0,0.046333333,0.462666667,0.658,0.412,0.027333333,0,0,0,0.053666667,0.432666667,0.599333333,0.378,0.032,0,0,0,0.078333333,0.481,0.621666667,0.375666667,0.033666667,0,0,0,0.07,0.397666667,0.521,0.308333333,0.032666667,0,0,0,0.056666667,0.321333333,0.455333333,0.281333333,0.033,0,0,0,0.042333333,0.267666667,0.391333333,0.248,0.028333333,0,0,0,0.056333333,0.371,0.509666667,0.304666667,0.031333333,0,0,0,0.053,0.352333333,0.466,0.268,0.018333333,0,0,0,0.059666667,0.364333333,0.475,0.254,0.008333333,0,0,0,0.064,0.359666667,0.46,0.231666667,0.002666667,0,0,0,0.065,0.409666667,0.533666667,0.277,0.003333333,0
YN,y26,0,0,0.039,0.369,0.544333333,0.323333333,0.012333333,0,0,0,0.035333333,0.365333333,0.53,0.332,0.023,0,0,0,0.054666667,0.444,0.611,0.382333333,0.032,0,0,0,0.061,0.395,0.527333333,0.323,0.029333333,0,0,0,0.076333333,0.421,0.538,0.325,0.033666667,0,0,0,0.062333333,0.342,0.476,0.298666667,0.034666667,0,0,0,0.044,0.274,0.392333333,0.255333333,0.031,0,0,0,0.043333333,0.304333333,0.443333333,0.270333333,0.026666667,0,0,0,0.043,0.299333333,0.417666667,0.236666667,0.016,0,0,0,0.051333333,0.323,0.427666667,0.222666667,0.007333333,0,0,0,0.074,0.409,0.5,0.246333333,0.002666667,0,0,0,0.053666667,0.357666667,0.486333333,0.262,0.003333333,0
ZJ,y1,0,0,0.121333333,0.413,0.411666667,0.113,0,0,0,0,0.131333333,0.459666667,0.448,0.150333333,0,0,0,0,0.139666667,0.430333333,0.418,0.146666667,0,0,0,0.000666667,0.115333333,0.346666667,0.330333333,0.113,0.000333333,0,0,0.005333333,0.146,0.373333333,0.370333333,0.156,0.001666667,0,0,0.005,0.102333333,0.276,0.27,0.115,0.002333333,0,0,0.005333333,0.159333333,0.423,0.420666667,0.175666667,0.003666667,0,0,0.002666667,0.181333333,0.492666667,0.473333333,0.179333333,0.002,0,0,0.000666667,0.188666667,0.495333333,0.454666667,0.152333333,0.000333333,0,0,0,0.17,0.417666667,0.366666667,0.096333333,0,0,0,0,0.227,0.555333333,0.48,0.101,0,0,0,0,0.174,0.497333333,0.465,0.103,0,0
ZJ,y2,0,0,0.108,0.379666667,0.390666667,0.106666667,0,0,0,0,0.121333333,0.44,0.456,0.151333333,0,0,0,0,0.102333333,0.336666667,0.351333333,0.122333333,0,0,0,0.001333333,0.149666667,0.406666667,0.385333333,0.145,0.000666667,0,0,0.006,0.160333333,0.424,0.416333333,0.169,0.002,0,0,0.005666667,0.120666667,0.326333333,0.325333333,0.131,0.002666667,0,0,0.005,0.149,0.402333333,0.401666667,0.162,0.003333333,0,0,0.002333333,0.173,0.473666667,0.469333333,0.186333333,0.002333333,0,0,0.000333333,0.168333333,0.456,0.435666667,0.148333333,0,0,0,0,0.165666667,0.414,0.372,0.104666667,0,0,0,0,0.162333333,0.420333333,0.354333333,0.073666667,0,0,0,0,0.175,0.501333333,0.472333333,0.106333333,0,0
ZJ,y3,0,0,0.120333333,0.427666667,0.432,0.124666667,0,0,0,0,0.108333333,0.407333333,0.422,0.138666667,0,0,0,0,0.099333333,0.338333333,0.343,0.126333333,0,0,0,0.001333333,0.140666667,0.410333333,0.407,0.152,0.000666667,0,0,0.006666667,0.176333333,0.457,0.43,0.173,0.002,0,0,0.007333333,0.149666667,0.388,0.379333333,0.153666667,0.003333333,0,0,0.004333333,0.135333333,0.371666667,0.377666667,0.156333333,0.003333333,0,0,0.002,0.133333333,0.377333333,0.368666667,0.145333333,0.001666667,0,0,0.000333333,0.153333333,0.411333333,0.393666667,0.134333333,0,0,0,0,0.181333333,0.476333333,0.427666667,0.111333333,0,0,0,0,0.18,0.463,0.396666667,0.083666667,0,0,0,0,0.096666667,0.285,0.256,0.054,0,0
ZJ,y4,0,0,0.101666667,0.366666667,0.362,0.097666667,0,0,0,0,0.105,0.374333333,0.375666667,0.123666667,0,0,0,0,0.097,0.313666667,0.309666667,0.104333333,0,0,0,0.001666667,0.164666667,0.455666667,0.437,0.163333333,0.000666667,0,0,0.004666667,0.129666667,0.361,0.359333333,0.142666667,0.001666667,0,0,0.005333333,0.108666667,0.284333333,0.278666667,0.113666667,0.002333333,0,0,0.005666667,0.163,0.422,0.412333333,0.172333333,0.003666667,0,0,0.002666667,0.187,0.505,0.483,0.179333333,0.002,0,0,0.000333333,0.155,0.422666667,0.405666667,0.138666667,0,0,0,0,0.17,0.439333333,0.389,0.106666667,0,0,0,0,0.185666667,0.474333333,0.407,0.085,0,0,0,0,0.146333333,0.418333333,0.372666667,0.077,0,0
ZJ,y5,0,0,0.115666667,0.415333333,0.421,0.115333333,0,0,0,0,0.140666667,0.494,0.512333333,0.178666667,0,0,0,0,0.085,0.285666667,0.280333333,0.095,0,0,0,0.001333333,0.146,0.414,0.394333333,0.141333333,0.000666667,0,0,0.005666667,0.157333333,0.416333333,0.395,0.157333333,0.002,0,0,0.005,0.101666667,0.281333333,0.289666667,0.121666667,0.002666667,0,0,0.003666667,0.111666667,0.309666667,0.317666667,0.132333333,0.003,0,0,0.002,0.142333333,0.408,0.394,0.143333333,0.001666667,0,0,0.000333333,0.165333333,0.447,0.420333333,0.139333333,0,0,0,0,0.172333333,0.442666667,0.387666667,0.099666667,0,0,0,0,0.170666667,0.426333333,0.36,0.075,0,0,0,0,0.179,0.509666667,0.465666667,0.104333333,0,0
ZJ,y6,0,0,0.097666667,0.351333333,0.351,0.095666667,0,0,0,0,0.1,0.364333333,0.367,0.114,0,0,0,0,0.124666667,0.389333333,0.392333333,0.132666667,0,0,0,0.001333333,0.142,0.413666667,0.392666667,0.139333333,0.000666667,0,0,0.006,0.173666667,0.460666667,0.447,0.18,0.002,0,0,0.006333333,0.134,0.347,0.348,0.142333333,0.003,0,0,0.005666667,0.170666667,0.466,0.467666667,0.192,0.004333333,0,0,0.002333333,0.148666667,0.402333333,0.394,0.157666667,0.002,0,0,0.000666667,0.172666667,0.458666667,0.430333333,0.145,0.000333333,0,0,0,0.129333333,0.343333333,0.282333333,0.071666667,0,0,0,0,0.138333333,0.355333333,0.306666667,0.062666667,0,0,0,0,0.124666667,0.354333333,0.311,0.065666667,0,0
ZJ,y7,0,0,0.101666667,0.366,0.373666667,0.105666667,0,0,0,0,0.098333333,0.357666667,0.378,0.125,0,0,0,0,0.153,0.481,0.483333333,0.172333333,0,0,0,0.001333333,0.148333333,0.407666667,0.394333333,0.140333333,0.000666667,0,0,0.005,0.145,0.385,0.371666667,0.147666667,0.001666667,0,0,0.005333333,0.117666667,0.324666667,0.317,0.13,0.002666667,0,0,0.006,0.171666667,0.458333333,0.458666667,0.193666667,0.004333333,0,0,0.002,0.141666667,0.392,0.384,0.146,0.001666667,0,0,0.000333333,0.145666667,0.393666667,0.364,0.124666667,0,0,0,0,0.185333333,0.469333333,0.428,0.117,0,0,0,0,0.202,0.499666667,0.435666667,0.092666667,0,0,0,0,0.119666667,0.343,0.310666667,0.067,0,0
ZJ,y8,0,0,0.137333333,0.472,0.470666667,0.134666667,0,0,0,0,0.114,0.424,0.437333333,0.144666667,0,0,0,0,0.133,0.409333333,0.389666667,0.138,0,0,0,0.001,0.114666667,0.341666667,0.336,0.124333333,0.000333333,0,0,0.004333333,0.12,0.316666667,0.306333333,0.119666667,0.001666667,0,0,0.007333333,0.156,0.411666667,0.403333333,0.164333333,0.003333333,0,0,0.004333333,0.138666667,0.38,0.388333333,0.168666667,0.003666667,0,0,0.002,0.141333333,0.387666667,0.395333333,0.153,0.001666667,0,0,0.000333333,0.15,0.424666667,0.406333333,0.142666667,0.000333333,0,0,0,0.191666667,0.491666667,0.435333333,0.119,0,0,0,0,0.165666667,0.412666667,0.354,0.073333333,0,0,0,0,0.117666667,0.337666667,0.307333333,0.065666667,0,0
ZJ,y9,0,0,0.146,0.499666667,0.502,0.144333333,0,0,0,0,0.102666667,0.381666667,0.392,0.127666667,0,0,0,0,0.129333333,0.414,0.426,0.156666667,0,0,0,0.001333333,0.132333333,0.387666667,0.383,0.140666667,0.000666667,0,0,0.005,0.141666667,0.384333333,0.373333333,0.153666667,0.002,0,0,0.007,0.148666667,0.388,0.384666667,0.165333333,0.003333333,0,0,0.006333333,0.188666667,0.512,0.501,0.205,0.004333333,0,0,0.002333333,0.169666667,0.456,0.443,0.175666667,0.002,0,0,0.000333333,0.179,0.48,0.456666667,0.154,0.000333333,0,0,0,0.200666667,0.501,0.444333333,0.116333333,0,0,0,0,0.192,0.476,0.418333333,0.09,0,0,0,0,0.176,0.493333333,0.469333333,0.106333333,0,0
ZJ,y10,0,0,0.111,0.394333333,0.389666667,0.110333333,0,0,0,0,0.137666667,0.507333333,0.522,0.178666667,0,0,0,0,0.132,0.404333333,0.401666667,0.149,0,0,0,0.001666667,0.166333333,0.468666667,0.459333333,0.177333333,0.000666667,0,0,0.005666667,0.166333333,0.448666667,0.437666667,0.171666667,0.002,0,0,0.007333333,0.142666667,0.361333333,0.352666667,0.151666667,0.003333333,0,0,0.006333333,0.186666667,0.491333333,0.489333333,0.206333333,0.004666667,0,0,0.002666667,0.172,0.476666667,0.470333333,0.186666667,0.002,0,0,0.000333333,0.136333333,0.369,0.355333333,0.119666667,0,0,0,0,0.234666667,0.572333333,0.513666667,0.143666667,0,0,0,0,0.194333333,0.489666667,0.432666667,0.096,0,0,0,0,0.15,0.421333333,0.377,0.079333333,0,0
ZJ,y11,0,0,0.116,0.399666667,0.391666667,0.108666667,0,0,0,0,0.09,0.329666667,0.336,0.105,0,0,0,0,0.144,0.449,0.448,0.163,0,0,0,0.001666667,0.178,0.511333333,0.491666667,0.183,0.000666667,0,0,0.004666667,0.124333333,0.322666667,0.314,0.134333333,0.001666667,0,0,0.008,0.163666667,0.431666667,0.435666667,0.183666667,0.004,0,0,0.006,0.174333333,0.459666667,0.456,0.185,0.004,0,0,0.002,0.146,0.413666667,0.411,0.158666667,0.002,0,0,0.000333333,0.176,0.478,0.447666667,0.152,0,0,0,0,0.188666667,0.472,0.422666667,0.113333333,0,0,0,0,0.158,0.403,0.333333333,0.069666667,0,0,0,0,0.169333333,0.467333333,0.428333333,0.092666667,0,0
ZJ,y12,0,0,0.099,0.347666667,0.349333333,0.098666667,0,0,0,0,0.097333333,0.361333333,0.380666667,0.123,0,0,0,0,0.150333333,0.475,0.467333333,0.165,0,0,0,0.001666667,0.159333333,0.459,0.456666667,0.170666667,0.000666667,0,0,0.005333333,0.141,0.381666667,0.356666667,0.136333333,0.001666667,0,0,0.007,0.146,0.385333333,0.365333333,0.14,0.003,0,0,0.005,0.152666667,0.422,0.427666667,0.173,0.003666667,0,0,0.002666667,0.188333333,0.505,0.492666667,0.196333333,0.002333333,0,0,0.000333333,0.156,0.410666667,0.379,0.126666667,0,0,0,0,0.186333333,0.473666667,0.434,0.115333333,0,0,0,0,0.182333333,0.443666667,0.377,0.080333333,0,0,0,0,0.144333333,0.427,0.394,0.084666667,0,0
ZJ,y13,0,0,0.111,0.381,0.382,0.11,0,0,0,0,0.128,0.468666667,0.485666667,0.165,0,0,0,0,0.144333333,0.454666667,0.433333333,0.148333333,0,0,0,0.001333333,0.158333333,0.434,0.421333333,0.157666667,0.000666667,0,0,0.006333333,0.179,0.471,0.453333333,0.177666667,0.002,0,0,0.006,0.124666667,0.335,0.344,0.141,0.003,0,0,0.006,0.183,0.486333333,0.482333333,0.192,0.004,0,0,0.002333333,0.164,0.452666667,0.450666667,0.174,0.002,0,0,0.000333333,0.142666667,0.396333333,0.374333333,0.128666667,0,0,0,0,0.200666667,0.500333333,0.45,0.123333333,0,0,0,0,0.182666667,0.460333333,0.400333333,0.086333333,0,0,0,0,0.141,0.396333333,0.367,0.079333333,0,0
ZJ,y14,0,0,0.097666667,0.340333333,0.335666667,0.088,0,0,0,0,0.145666667,0.514,0.529,0.181333333,0,0,0,0,0.159,0.494,0.500333333,0.183333333,0,0,0,0.001333333,0.139666667,0.408333333,0.386666667,0.141,0.000666667,0,0,0.006333333,0.176333333,0.470333333,0.458333333,0.183333333,0.002,0,0,0.006,0.124,0.333,0.331,0.133333333,0.002666667,0,0,0.006333333,0.179333333,0.483666667,0.474333333,0.195,0.004,0,0,0.002333333,0.160333333,0.445333333,0.427666667,0.163,0.001666667,0,0,0.000333333,0.155333333,0.422666667,0.402666667,0.133333333,0,0,0,0,0.170666667,0.43,0.385666667,0.103333333,0,0,0,0,0.156,0.401333333,0.346,0.071666667,0,0,0,0,0.185,0.512333333,0.471333333,0.100666667,0,0
ZJ,y15,0,0,0.128333333,0.449,0.461333333,0.128666667,0,0,0,0,0.092,0.345666667,0.358666667,0.115333333,0,0,0,0,0.129,0.406,0.405333333,0.141,0,0,0,0.001666667,0.173,0.484333333,0.497666667,0.196333333,0.000666667,0,0,0.006333333,0.179333333,0.476666667,0.477,0.191,0.002,0,0,0.008,0.168333333,0.433666667,0.41,0.167,0.003333333,0,0,0.005333333,0.152,0.398333333,0.398,0.164,0.003666667,0,0,0.001666667,0.148666667,0.42,0.414666667,0.153666667,0.001666667,0,0,0.000333333,0.159666667,0.429,0.402333333,0.134333333,0,0,0,0,0.185666667,0.463666667,0.425666667,0.116333333,0,0,0,0,0.152666667,0.395,0.354666667,0.077,0,0,0,0,0.155333333,0.432666667,0.384666667,0.081666667,0,0
ZJ,y16,0,0,0.118,0.423666667,0.419666667,0.115,0,0,0,0,0.09,0.335666667,0.361,0.121,0,0,0,0,0.139333333,0.428,0.437,0.162666667,0,0,0,0.001666667,0.147,0.403666667,0.367666667,0.136333333,0.000666667,0,0,0.004666667,0.135,0.367333333,0.363666667,0.144,0.001666667,0,0,0.006,0.12,0.317333333,0.318,0.137,0.003,0,0,0.004666667,0.138333333,0.380333333,0.383,0.153333333,0.003333333,0,0,0.002666667,0.187666667,0.513666667,0.493666667,0.193666667,0.002333333,0,0,0.000333333,0.147333333,0.414666667,0.399,0.134666667,0.000333333,0,0,0,0.146,0.370666667,0.324333333,0.086333333,0,0,0,0,0.204,0.513,0.450333333,0.095666667,0,0,0,0,0.167333333,0.474333333,0.441666667,0.097666667,0,0
ZJ,y17,0,0,0.125333333,0.448,0.438666667,0.121,0,0,0,0,0.126333333,0.447333333,0.467666667,0.163333333,0,0,0,0,0.161,0.508666667,0.512333333,0.181333333,0,0,0,0.001666667,0.168666667,0.484,0.487,0.188666667,0.001,0,0,0.005666667,0.148666667,0.407,0.394333333,0.156333333,0.002,0,0,0.005666667,0.123,0.338333333,0.332333333,0.129666667,0.002666667,0,0,0.005666667,0.167,0.443333333,0.449666667,0.179333333,0.003666667,0,0,0.002333333,0.157666667,0.446333333,0.440666667,0.165666667,0.002,0,0,0.000333333,0.16,0.448333333,0.433,0.149333333,0,0,0,0,0.16,0.41,0.367,0.096666667,0,0,0,0,0.16,0.402666667,0.343666667,0.072333333,0,0,0,0,0.159,0.457,0.411,0.089333333,0,0
ZJ,y18,0,0,0.083666667,0.307,0.297666667,0.079,0,0,0,0,0.103666667,0.371333333,0.356666667,0.109666667,0,0,0,0,0.124,0.383666667,0.386333333,0.139,0,0,0,0.001333333,0.158,0.467333333,0.455,0.164333333,0.000666667,0,0,0.005,0.141333333,0.375333333,0.362333333,0.147666667,0.001666667,0,0,0.005333333,0.108666667,0.288,0.292666667,0.125666667,0.002666667,0,0,0.006,0.173333333,0.455,0.457333333,0.188,0.004,0,0,0.002,0.15,0.423666667,0.420333333,0.165333333,0.002,0,0,0.000333333,0.153,0.409666667,0.384666667,0.128333333,0.000333333,0,0,0,0.225333333,0.57,0.528,0.145,0,0,0,0,0.171333333,0.431,0.381333333,0.077666667,0,0,0,0,0.131,0.368,0.339333333,0.072666667,0,0
ZJ,y19,0,0,0.122333333,0.433333333,0.442,0.127333333,0,0,0,0,0.077666667,0.296666667,0.307333333,0.095333333,0,0,0,0,0.156,0.485333333,0.491,0.181666667,0,0,0,0.001666667,0.166,0.470333333,0.473666667,0.183333333,0.000666667,0,0,0.005,0.145333333,0.379666667,0.382666667,0.152666667,0.001666667,0,0,0.005333333,0.11,0.296333333,0.298666667,0.123,0.002666667,0,0,0.006333333,0.185333333,0.498666667,0.493333333,0.207666667,0.004666667,0,0,0.002333333,0.173666667,0.478333333,0.461666667,0.180666667,0.002,0,0,0.000333333,0.17,0.456666667,0.428,0.143333333,0,0,0,0,0.19,0.468666667,0.415666667,0.112333333,0,0,0,0,0.187,0.47,0.409,0.086666667,0,0,0,0,0.191666667,0.532666667,0.484333333,0.106,0,0
ZJ,y20,0,0,0.150666667,0.520666667,0.526,0.153,0,0,0,0,0.090666667,0.339333333,0.344333333,0.110333333,0,0,0,0,0.143,0.449,0.458,0.165666667,0,0,0,0.001333333,0.142333333,0.408333333,0.395,0.143,0.000666667,0,0,0.005,0.150333333,0.392333333,0.382,0.153333333,0.001666667,0,0,0.006333333,0.130333333,0.342333333,0.335333333,0.141333333,0.003,0,0,0.004666667,0.140333333,0.390666667,0.388333333,0.155333333,0.003333333,0,0,0.001666667,0.118,0.35,0.352,0.127666667,0.001666667,0,0,0.000333333,0.127,0.361,0.343,0.114333333,0,0,0,0,0.216666667,0.541333333,0.484666667,0.132,0,0,0,0,0.153666667,0.403666667,0.353,0.072,0,0,0,0,0.184333333,0.512,0.466666667,0.102666667,0,0
ZJ,y21,0,0,0.125,0.443333333,0.448333333,0.125,0,0,0,0,0.108333333,0.404,0.422333333,0.139666667,0,0,0,0,0.121,0.396,0.398333333,0.139333333,0,0,0,0.001333333,0.156,0.465333333,0.459,0.167,0.000666667,0,0,0.005,0.136,0.369,0.356333333,0.136333333,0.001666667,0,0,0.005333333,0.111333333,0.305,0.306,0.121,0.002666667,0,0,0.003666667,0.118,0.331,0.334,0.138333333,0.003,0,0,0.002,0.144,0.405,0.406333333,0.159,0.001666667,0,0,0.000333333,0.149,0.399666667,0.378,0.135,0.000333333,0,0,0,0.161,0.411,0.372,0.099666667,0,0,0,0,0.091333333,0.252333333,0.219,0.046,0,0,0,0,0.121666667,0.359666667,0.334,0.07,0,0
ZJ,y22,0,0,0.093333333,0.332,0.327,0.086333333,0,0,0,0,0.140666667,0.501666667,0.515,0.175333333,0,0,0,0,0.143666667,0.450666667,0.448333333,0.156,0,0,0,0.001,0.115,0.350666667,0.351,0.124666667,0.000666667,0,0,0.004666667,0.137333333,0.367,0.360666667,0.138333333,0.001333333,0,0,0.006,0.122666667,0.325333333,0.321333333,0.131,0.002666667,0,0,0.005,0.161,0.44,0.427666667,0.169666667,0.003333333,0,0,0.002333333,0.172,0.464,0.456333333,0.189,0.002,0,0,0.000333333,0.152333333,0.417666667,0.393666667,0.139666667,0.000333333,0,0,0,0.1,0.272,0.244333333,0.060333333,0,0,0,0,0.124,0.318333333,0.272666667,0.056,0,0,0,0,0.142333333,0.413333333,0.388666667,0.085666667,0,0
ZJ,y23,0,0,0.101666667,0.382,0.390666667,0.110666667,0,0,0,0,0.131333333,0.477333333,0.498,0.172333333,0,0,0,0,0.114666667,0.373,0.37,0.127333333,0,0,0,0.001666667,0.171666667,0.478666667,0.466666667,0.178666667,0.000666667,0,0,0.006666667,0.175333333,0.460666667,0.437666667,0.173333333,0.002333333,0,0,0.004333333,0.091666667,0.262666667,0.258666667,0.105333333,0.002333333,0,0,0.006,0.189333333,0.505666667,0.496333333,0.199333333,0.004,0,0,0.002,0.163,0.451,0.443,0.173333333,0.002,0,0,0.000333333,0.151,0.407,0.382333333,0.127666667,0,0,0,0,0.138666667,0.364666667,0.323666667,0.082,0,0,0,0,0.157666667,0.405666667,0.356,0.074666667,0,0,0,0,0.161666667,0.451666667,0.405,0.086,0,0
ZJ,y24,0,0,0.099333333,0.349666667,0.345,0.095666667,0,0,0,0,0.129333333,0.457666667,0.47,0.16,0,0,0,0,0.129,0.425333333,0.437,0.159,0,0,0,0.001666667,0.176666667,0.491,0.474666667,0.172,0.000666667,0,0,0.005,0.141333333,0.396333333,0.404333333,0.155666667,0.001666667,0,0,0.006666667,0.136333333,0.366666667,0.367666667,0.154666667,0.003333333,0,0,0.005333333,0.159666667,0.431333333,0.435,0.183,0.004,0,0,0.002333333,0.158666667,0.443333333,0.449,0.179333333,0.002,0,0,0.000333333,0.148,0.401666667,0.378666667,0.130333333,0,0,0,0,0.184333333,0.459,0.399666667,0.110666667,0,0,0,0,0.144,0.372333333,0.322333333,0.068666667,0,0,0,0,0.104333333,0.304333333,0.279333333,0.058666667,0,0
ZJ,y25,0,0,0.089,0.322333333,0.331333333,0.097333333,0,0,0,0,0.059666667,0.219666667,0.216666667,0.065333333,0,0,0,0,0.129666667,0.414,0.411333333,0.141333333,0,0,0,0.001,0.134333333,0.393333333,0.394,0.148666667,0.000666667,0,0,0.006,0.166333333,0.44,0.425,0.168333333,0.002,0,0,0.005666667,0.116,0.323333333,0.334,0.144,0.003,0,0,0.004,0.124333333,0.333,0.338,0.144,0.003,0,0,0.002333333,0.176666667,0.477333333,0.469333333,0.190666667,0.002,0,0,0.000333333,0.173,0.467333333,0.451,0.161333333,0,0,0,0,0.181,0.464666667,0.406,0.104,0,0,0,0,0.197,0.497,0.435666667,0.092,0,0,0,0,0.138333333,0.387,0.354333333,0.074666667,0,0
ZJ,y26,0,0,0.084666667,0.305333333,0.295,0.079,0,0,0,0,0.117666667,0.419333333,0.420666667,0.137,0,0,0,0,0.113,0.357,0.353666667,0.121,0,0,0,0.001666667,0.178333333,0.493,0.486333333,0.182333333,0.000666667,0,0,0.005333333,0.147,0.404666667,0.397333333,0.154666667,0.001666667,0,0,0.005,0.106333333,0.296,0.302333333,0.128666667,0.002666667,0,0,0.003666667,0.113666667,0.324,0.325666667,0.13,0.002666667,0,0,0.002333333,0.171333333,0.472333333,0.471666667,0.193333333,0.002333333,0,0,0.000333333,0.129666667,0.352,0.338666667,0.119333333,0.000333333,0,0,0,0.171666667,0.434666667,0.372333333,0.096333333,0,0,0,0,0.167333333,0.431,0.385333333,0.086333333,0,0,0,0,0.135,0.394,0.346666667,0.069666667,0,0
